time,open,high,low,close,tick_volume,spread,real_volume
2011-03-24 00:00:00,0.83,0.9,0.82,0.87,14009,0,0
2011-03-25 00:00:00,0.87,0.89,0.86,0.89,4819,0,0
2011-03-26 00:00:00,0.88,0.9,0.84,0.85,11756,0,0
2011-03-27 00:00:00,0.83,0.87,0.82,0.82,5337,0,0
2011-03-28 00:00:00,0.82,0.85,0.76,0.8,12565,0,0
2011-03-29 00:00:00,0.8,0.8,0.77,0.79,4215,0,0
2011-03-30 00:00:00,0.79,0.79,0.76,0.79,3218,0,0
2011-03-31 00:00:00,0.79,0.8,0.77,0.78,6875,0,0
2011-04-01 00:00:00,0.79,0.8,0.78,0.78,3186,0,0
2011-04-02 00:00:00,0.77,0.8,0.77,0.78,2493,0,0
2011-04-03 00:00:00,0.78,0.79,0.77,0.78,3931,0,0
2011-04-04 00:00:00,0.78,0.79,0.56,0.68,31155,0,0
2011-04-05 00:00:00,0.68,0.75,0.58,0.71,9730,0,0
2011-04-06 00:00:00,0.71,0.75,0.69,0.74,8703,0,0
2011-04-07 00:00:00,0.74,0.79,0.72,0.75,10832,0,0
2011-04-08 00:00:00,0.75,0.8,0.73,0.75,18207,0,0
2011-04-09 00:00:00,0.75,0.77,0.72,0.73,12119,0,0
2011-04-10 00:00:00,0.73,0.76,0.71,0.74,5348,0,0
2011-04-11 00:00:00,0.74,0.8,0.71,0.77,14645,0,0
2011-04-12 00:00:00,0.77,0.9,0.77,0.86,48417,0,0
2011-04-13 00:00:00,0.86,1.0,0.86,0.92,43397,0,0
2011-04-14 00:00:00,0.92,1.0,0.91,1.0,31111,0,0
2011-04-15 00:00:00,1.0,1.09,0.91,0.99,50304,0,0
2011-04-16 00:00:00,0.98,1.09,0.95,1.05,28869,0,0
2011-04-17 00:00:00,1.05,1.1400000000000001,1.03,1.11,24225,0,0
2011-04-18 00:00:00,1.11,1.2,1.11,1.16,27478,0,0
2011-04-19 00:00:00,1.16,1.2,1.1400000000000001,1.2,12556,0,0
2011-04-20 00:00:00,1.18,1.2,1.13,1.1400000000000001,21344,0,0
2011-04-21 00:00:00,1.1400000000000001,1.21,1.1400000000000001,1.21,39295,0,0
2011-04-22 00:00:00,1.21,1.41,1.19,1.41,39415,0,0
2011-04-23 00:00:00,1.3900000000000001,1.95,1.32,1.7,66620,0,0
2011-04-24 00:00:00,1.7,1.95,1.6,1.63,21541,0,0
2011-04-25 00:00:00,1.63,1.7,1.52,1.56,13471,0,0
2011-04-26 00:00:00,1.56,1.8,1.53,1.8,24054,0,0
2011-04-27 00:00:00,1.78,1.95,1.72,1.9,33055,0,0
2011-04-28 00:00:00,1.8900000000000001,2.65,1.6600000000000001,2.21,100238,0,0
2011-04-29 00:00:00,2.21,2.95,2.21,2.88,57577,0,0
2011-04-30 00:00:00,2.88,4.15,2.75,3.5,65427,0,0
2011-05-01 00:00:00,3.5,3.87,2.5,3.03,45772,0,0
2011-05-02 00:00:00,3.03,3.49,3.03,3.2,18333,0,0
2011-05-03 00:00:00,3.2,3.49,3.11,3.41,16919,0,0
2011-05-04 00:00:00,3.41,3.58,3.25,3.41,17278,0,0
2011-05-05 00:00:00,3.4,3.45,3.33,3.33,15350,0,0
2011-05-06 00:00:00,3.33,3.61,3.29,3.45,23014,0,0
2011-05-07 00:00:00,3.45,3.7,3.42,3.64,17833,0,0
2011-05-08 00:00:00,3.64,3.94,3.63,3.87,21132,0,0
2011-05-09 00:00:00,3.87,3.9,3.69,3.8,11520,0,0
2011-05-10 00:00:00,3.8,5.99,3.8,5.8100000000000005,56217,0,0
2011-05-11 00:00:00,5.75,6.07,4.6,5.5,52569,0,0
2011-05-12 00:00:00,5.49,6.49,5.22,6.3,31722,0,0
2011-05-13 00:00:00,6.3,8.45,6.3,8.2,64003,0,0
2011-05-14 00:00:00,8.12,8.9,5.83,7.2,55390,0,0
2011-05-15 00:00:00,7.0,7.78,6.2,6.98,18294,0,0
2011-05-16 00:00:00,6.99,8.5,6.75,8.04,44141,0,0
2011-05-17 00:00:00,7.9,8.39,6.98,7.19,35345,0,0
2011-05-18 00:00:00,7.19,7.5,6.6,6.88,25403,0,0
2011-05-19 00:00:00,6.7,7.34,6.61,6.8100000000000005,24436,0,0
2011-05-20 00:00:00,6.8100000000000005,7.11,5.58,5.59,44460,0,0
2011-05-21 00:00:00,5.59,6.52,5.58,6.12,31111,0,0
2011-05-22 00:00:00,6.12,6.76,5.99,6.6899999999999995,23872,0,0
2011-05-23 00:00:00,6.6899999999999995,7.45,6.6899999999999995,7.15,35279,0,0
2011-05-24 00:00:00,7.15,7.51,6.96,7.42,29282,0,0
2011-05-25 00:00:00,7.42,9.33,7.22,8.4,64049,0,0
2011-05-26 00:00:00,8.25,8.99,8.01,8.8,28644,0,0
2011-05-27 00:00:00,8.7,8.83,8.5,8.5,14431,0,0
2011-05-28 00:00:00,8.5,8.7,8.11,8.3,12247,0,0
2011-05-29 00:00:00,8.3,8.49,8.1,8.43,7487,0,0
2011-05-30 00:00:00,8.43,9.0,8.25,8.8,17680,0,0
2011-05-31 00:00:00,8.8,9.5,8.1,8.74,45794,0,0
2011-06-01 00:00:00,8.74,9.7,8.3,9.57,43479,0,0
2011-06-02 00:00:00,9.57,10.89,9.5,10.6,41047,0,0
2011-06-03 00:00:00,10.6,14.5,10.57,14.29,72980,0,0
2011-06-04 00:00:00,14.27,18.89,14.04,18.89,44475,0,0
2011-06-05 00:00:00,18.89,19.0,16.2,16.7,24278,0,0
2011-06-06 00:00:00,16.7,19.23,16.45,18.55,55092,0,0
2011-06-07 00:00:00,18.26,24.32,18.26,23.92,53715,0,0
2011-06-08 00:00:00,23.92,31.91,22.21,29.6,104925,0,0
2011-06-09 00:00:00,29.6,31.5,26.15,28.92,62933,0,0
2011-06-10 00:00:00,28.92,29.4,20.01,23.95,92208,0,0
2011-06-11 00:00:00,23.93,23.99,13.0,14.65,121869,0,0
2011-06-12 00:00:00,14.65,24.99,10.25,18.55,151194,0,0
2011-06-13 00:00:00,18.55,24.5,16.0,19.84,73421,0,0
2011-06-14 00:00:00,19.8,20.5,18.0,19.28,36155,0,0
2011-06-15 00:00:00,19.28,20.0,19.02,19.49,27711,0,0
2011-06-16 00:00:00,19.49,19.89,17.0,17.0,49202,0,0
2011-06-17 00:00:00,17.0,18.34,13.0,15.68,108623,0,0
2011-06-18 00:00:00,15.68,16.95,15.05,16.89,35536,0,0
2011-06-19 00:00:00,16.85,18.88,16.85,17.51,30176,0,0
2011-06-26 00:00:00,17.51,17.51,14.01,16.45,15053,0,0
2011-06-27 00:00:00,16.45,18.0,15.0,16.75,31452,0,0
2011-06-28 00:00:00,16.75,17.52,16.5,16.95,24398,0,0
2011-06-29 00:00:00,16.95,17.2,16.67,16.84,21043,0,0
2011-06-30 00:00:00,16.85,17.01,15.73,16.11,34961,0,0
2011-07-01 00:00:00,16.1,16.74,15.26,15.4,33284,0,0
2011-07-02 00:00:00,15.37,15.8,15.27,15.4,19453,0,0
2011-07-03 00:00:00,15.4,15.69,15.31,15.44,16792,0,0
2011-07-04 00:00:00,15.44,15.49,13.14,13.86,52276,0,0
2011-07-05 00:00:00,13.86,15.0,11.0,12.91,84081,0,0
2011-07-06 00:00:00,12.91,16.5,12.67,14.79,111818,0,0
2011-07-07 00:00:00,14.78,15.9,14.5,14.77,54465,0,0
2011-07-08 00:00:00,14.78,15.65,13.9,14.32,34853,0,0
2011-07-09 00:00:00,14.31,14.7,14.02,14.38,11909,0,0
2011-07-10 00:00:00,14.38,15.69,14.35,14.91,45284,0,0
2011-07-11 00:00:00,14.9,15.2,13.8,14.21,49160,0,0
2011-07-12 00:00:00,14.21,14.64,13.9,14.01,26356,0,0
2011-07-13 00:00:00,14.03,14.15,13.91,13.95,10338,0,0
2011-07-14 00:00:00,13.95,14.07,13.7,13.99,17661,0,0
2011-07-15 00:00:00,14.0,14.09,13.5,13.81,24819,0,0
2011-07-16 00:00:00,13.81,13.81,13.5,13.72,17264,0,0
2011-07-17 00:00:00,13.72,13.75,13.02,13.16,34375,0,0
2011-07-18 00:00:00,13.16,13.92,12.51,13.48,75896,0,0
2011-07-19 00:00:00,13.48,14.7,13.44,13.85,67575,0,0
2011-07-20 00:00:00,13.85,14.0,13.4,13.69,23177,0,0
2011-07-21 00:00:00,13.72,13.78,13.4,13.61,25018,0,0
2011-07-22 00:00:00,13.61,13.81,13.45,13.7,15165,0,0
2011-07-23 00:00:00,13.7,13.77,13.51,13.68,22455,0,0
2011-07-24 00:00:00,13.69,14.1,13.6,13.98,26623,0,0
2011-07-25 00:00:00,13.98,14.72,13.76,14.05,31577,0,0
2011-07-26 00:00:00,14.03,14.05,13.77,13.88,16793,0,0
2011-07-27 00:00:00,13.88,14.13,13.85,13.94,11508,0,0
2011-07-28 00:00:00,13.89,13.94,13.31,13.49,32738,0,0
2011-07-29 00:00:00,13.49,13.7,13.33,13.5,7257,0,0
2011-07-30 00:00:00,13.5,13.63,13.45,13.53,6104,0,0
2011-07-31 00:00:00,13.53,14.9,12.83,13.35,45723,0,0
2011-08-01 00:00:00,13.35,13.55,12.85,13.09,21748,0,0
2011-08-02 00:00:00,13.1,13.11,11.5,12.05,57242,0,0
2011-08-03 00:00:00,12.05,12.16,8.7,9.26,90287,0,0
2011-08-04 00:00:00,9.26,11.15,9.26,10.75,50094,0,0
2011-08-05 00:00:00,10.71,10.99,9.5,9.8,30765,0,0
2011-08-06 00:00:00,9.74,9.95,5.74,6.55,102411,0,0
2011-08-07 00:00:00,6.53,9.47,6.01,7.9,89830,0,0
2011-08-08 00:00:00,7.9,8.16,7.05,7.8,34042,0,0
2011-08-09 00:00:00,7.8,12.1,7.67,9.99,114472,0,0
2011-08-10 00:00:00,9.99,10.4,9.5,9.98,24254,0,0
2011-08-11 00:00:00,9.98,10.5,8.45,9.46,58114,0,0
2011-08-12 00:00:00,9.46,9.8,8.91,9.46,41592,0,0
2011-08-13 00:00:00,9.47,10.25,9.28,10.13,29759,0,0
2011-08-14 00:00:00,10.13,11.24,9.62,10.8,44125,0,0
2011-08-15 00:00:00,10.8,11.89,10.73,11.15,38155,0,0
2011-08-16 00:00:00,11.16,11.33,10.82,10.97,15325,0,0
2011-08-17 00:00:00,10.96,11.1,10.66,10.94,22898,0,0
2011-08-18 00:00:00,10.98,11.05,10.81,10.83,8210,0,0
2011-08-19 00:00:00,10.83,11.81,10.83,11.65,33721,0,0
2011-08-20 00:00:00,11.65,11.69,11.4,11.45,9915,0,0
2011-08-21 00:00:00,11.45,11.51,11.31,11.31,8720,0,0
2011-08-22 00:00:00,11.31,11.5,10.51,10.89,36996,0,0
2011-08-23 00:00:00,10.91,11.3,10.81,10.94,12780,0,0
2011-08-24 00:00:00,10.94,11.08,10.83,10.85,7815,0,0
2011-08-25 00:00:00,10.85,10.89,9.1,9.66,55485,0,0
2011-08-26 00:00:00,9.66,9.89,7.64,8.18,83004,0,0
2011-08-27 00:00:00,8.18,9.11,8.12,8.59,21998,0,0
2011-08-28 00:00:00,8.59,9.48,8.45,9.07,24155,0,0
2011-08-29 00:00:00,9.07,9.27,8.65,8.97,21651,0,0
2011-08-30 00:00:00,8.97,9.0,8.55,8.79,11773,0,0
2011-08-31 00:00:00,8.79,8.79,8.01,8.2,19648,0,0
2011-09-01 00:00:00,8.2,8.36,8.1,8.21,11903,0,0
2011-09-02 00:00:00,8.25,8.71,8.23,8.64,16814,0,0
2011-09-03 00:00:00,8.6,8.69,8.36,8.48,6944,0,0
2011-09-04 00:00:00,8.48,8.49,7.85,8.18,19673,0,0
2011-09-05 00:00:00,8.18,8.19,7.25,7.61,30798,0,0
2011-09-06 00:00:00,7.61,7.66,6.12,6.86,82496,0,0
2011-09-07 00:00:00,6.86,7.6,6.53,7.18,49642,0,0
2011-09-08 00:00:00,7.2,7.2,6.51,6.53,31886,0,0
2011-09-09 00:00:00,6.53,6.58,4.18,5.03,217433,0,0
2011-09-10 00:00:00,5.03,5.49,4.63,4.77,44484,0,0
2011-09-11 00:00:00,4.77,7.4,4.6,5.86,143792,0,0
2011-09-12 00:00:00,5.9399999999999995,6.58,5.41,6.08,63864,0,0
2011-09-13 00:00:00,6.08,6.09,5.7,5.8,23759,0,0
2011-09-14 00:00:00,5.8,5.85,5.32,5.62,43768,0,0
2011-09-15 00:00:00,5.62,5.62,4.44,4.84,86220,0,0
2011-09-16 00:00:00,4.84,4.99,4.61,4.82,31651,0,0
2011-09-17 00:00:00,4.82,4.93,4.7,4.77,20303,0,0
2011-09-18 00:00:00,4.76,5.6,4.72,5.2,44623,0,0
2011-09-19 00:00:00,5.2,5.64,4.9,5.46,49836,0,0
2011-09-20 00:00:00,5.46,6.79,5.45,6.11,116750,0,0
2011-09-21 00:00:00,6.11,6.29,5.06,5.61,68164,0,0
2011-09-22 00:00:00,5.61,5.83,5.29,5.43,31651,0,0
2011-09-23 00:00:00,5.43,5.71,5.41,5.55,55667,0,0
2011-09-24 00:00:00,5.55,5.65,5.32,5.47,17944,0,0
2011-09-25 00:00:00,5.47,5.49,5.32,5.33,9487,0,0
2011-09-26 00:00:00,5.33,5.4,4.72,4.87,56072,0,0
2011-09-27 00:00:00,4.87,5.13,4.78,4.92,24645,0,0
2011-09-28 00:00:00,4.92,4.97,4.63,4.78,30625,0,0
2011-09-29 00:00:00,4.77,4.8,4.67,4.78,14092,0,0
2011-09-30 00:00:00,4.76,5.35,4.75,5.14,41459,0,0
2011-10-01 00:00:00,5.14,5.25,4.86,5.03,23460,0,0
2011-10-02 00:00:00,5.03,5.1,4.91,5.02,10457,0,0
2011-10-03 00:00:00,5.03,5.04,4.89,5.03,17289,0,0
2011-10-04 00:00:00,5.02,5.02,4.91,4.96,15793,0,0
2011-10-05 00:00:00,4.96,5.03,4.83,4.87,17586,0,0
2011-10-06 00:00:00,4.87,4.9,4.5,4.73,54773,0,0
2011-10-07 00:00:00,4.75,4.8,3.7800000000000002,4.28,97547,0,0
2011-10-08 00:00:00,4.3,4.34,3.82,4.0,39611,0,0
2011-10-09 00:00:00,4.01,4.39,4.01,4.11,37920,0,0
2011-10-10 00:00:00,4.1,4.2,4.01,4.1,16858,0,0
2011-10-11 00:00:00,4.1,4.1,3.85,3.93,41104,0,0
2011-10-12 00:00:00,3.93,4.45,3.9,4.15,69399,0,0
2011-10-13 00:00:00,4.16,4.2,4.0,4.05,19706,0,0
2011-10-14 00:00:00,4.06,4.12,3.95,3.99,20054,0,0
2011-10-15 00:00:00,3.99,4.05,3.71,3.84,42092,0,0
2011-10-16 00:00:00,3.84,3.9,3.4,3.55,36200,0,0
2011-10-17 00:00:00,3.56,3.74,2.26,2.56,207426,0,0
2011-10-18 00:00:00,2.54,2.9,2.31,2.42,87859,0,0
2011-10-19 00:00:00,2.42,2.54,2.04,2.27,101864,0,0
2011-10-20 00:00:00,2.27,2.39,2.22,2.35,48859,0,0
2011-10-21 00:00:00,2.35,2.7199999999999998,2.33,2.57,72971,0,0
2011-10-22 00:00:00,2.57,3.3,2.55,3.16,120163,0,0
2011-10-23 00:00:00,3.16,3.2,2.95,3.17,37044,0,0
2011-10-24 00:00:00,3.13,3.2,2.48,2.55,92232,0,0
2011-10-25 00:00:00,2.52,3.04,2.44,2.77,101412,0,0
2011-10-26 00:00:00,2.77,2.85,2.65,2.77,29400,0,0
2011-10-27 00:00:00,2.77,3.09,2.73,3.04,58696,0,0
2011-10-28 00:00:00,3.04,3.26,2.9,3.19,52365,0,0
2011-10-29 00:00:00,3.19,3.83,3.14,3.58,79542,0,0
2011-10-30 00:00:00,3.58,3.65,3.2,3.27,50686,0,0
2011-10-31 00:00:00,3.27,3.32,3.07,3.25,30980,0,0
2011-11-01 00:00:00,3.26,3.35,3.07,3.15,37893,0,0
2011-11-02 00:00:00,3.15,3.44,3.14,3.25,32311,0,0
2011-11-03 00:00:00,3.25,3.2800000000000002,3.1,3.15,24520,0,0
2011-11-04 00:00:00,3.17,3.21,3.01,3.11,39513,0,0
2011-11-05 00:00:00,3.11,3.15,2.85,2.9699999999999998,52964,0,0
2011-11-06 00:00:00,2.9699999999999998,3.0,2.92,2.96,17232,0,0
2011-11-07 00:00:00,2.96,3.03,2.95,3.01,23992,0,0
2011-11-08 00:00:00,3.01,3.21,3.01,3.04,60336,0,0
2011-11-09 00:00:00,3.04,3.12,2.89,2.95,52195,0,0
2011-11-10 00:00:00,2.95,2.9699999999999998,2.8,2.84,33928,0,0
2011-11-11 00:00:00,2.84,3.11,2.82,3.08,44853,0,0
2011-11-12 00:00:00,3.08,3.11,3.01,3.03,20383,0,0
2011-11-13 00:00:00,3.03,3.05,2.95,3.0,9624,0,0
2011-11-14 00:00:00,3.0,3.0,2.1,2.22,382186,0,0
2011-11-15 00:00:00,2.22,2.49,2.11,2.33,76420,0,0
2011-11-16 00:00:00,2.33,2.6,2.3,2.56,44208,0,0
2011-11-17 00:00:00,2.56,2.59,1.99,2.25,117276,0,0
2011-11-18 00:00:00,2.25,2.39,2.0,2.05,98135,0,0
2011-11-19 00:00:00,2.05,2.26,2.0,2.2,78301,0,0
2011-11-20 00:00:00,2.2,2.5,2.15,2.2,79731,0,0
2011-11-21 00:00:00,2.2,2.31,2.17,2.29,41727,0,0
2011-11-22 00:00:00,2.29,2.35,2.25,2.33,34208,0,0
2011-11-23 00:00:00,2.33,2.38,2.27,2.33,39998,0,0
2011-11-24 00:00:00,2.33,2.56,2.3,2.43,87264,0,0
2011-11-25 00:00:00,2.43,2.5300000000000002,2.37,2.5,44404,0,0
2011-11-26 00:00:00,2.4699999999999998,2.54,2.41,2.4699999999999998,36118,0,0
2011-11-27 00:00:00,2.4699999999999998,2.49,2.42,2.48,22727,0,0
2011-11-28 00:00:00,2.48,2.55,2.44,2.55,41261,0,0
2011-11-29 00:00:00,2.55,2.98,2.54,2.75,180531,0,0
2011-11-30 00:00:00,2.75,3.09,2.73,2.9699999999999998,120145,0,0
2011-12-01 00:00:00,2.9699999999999998,3.14,2.93,3.06,63864,0,0
2011-12-02 00:00:00,3.06,3.14,3.04,3.12,57494,0,0
2011-12-03 00:00:00,3.12,3.13,2.75,2.8,123022,0,0
2011-12-04 00:00:00,2.79,2.9,2.61,2.83,95222,0,0
2011-12-05 00:00:00,2.83,2.93,2.7800000000000002,2.88,30884,0,0
2011-12-06 00:00:00,2.88,3.05,2.87,3.03,55599,0,0
2011-12-07 00:00:00,3.03,3.09,2.93,2.99,58122,0,0
2011-12-08 00:00:00,2.99,3.01,2.88,2.98,39933,0,0
2011-12-09 00:00:00,2.98,3.04,2.93,2.9699999999999998,34385,0,0
2011-12-10 00:00:00,2.9699999999999998,3.13,2.93,3.05,74305,0,0
2011-12-11 00:00:00,3.06,3.38,2.99,3.25,108223,0,0
2011-12-12 00:00:00,3.25,3.29,3.08,3.13,39899,0,0
2011-12-13 00:00:00,3.17,3.25,3.14,3.25,32658,0,0
2011-12-14 00:00:00,3.25,3.25,2.99,3.15,72477,0,0
2011-12-15 00:00:00,3.15,3.21,3.11,3.2,30094,0,0
2011-12-16 00:00:00,3.2,3.22,3.15,3.2,29868,0,0
2011-12-17 00:00:00,3.2,3.23,3.15,3.2,16479,0,0
2011-12-18 00:00:00,3.18,3.22,3.17,3.19,10793,0,0
2011-12-19 00:00:00,3.19,3.7,3.19,3.52,139986,0,0
2011-12-20 00:00:00,3.52,4.5,3.48,3.95,186409,0,0
2011-12-21 00:00:00,3.92,4.04,3.81,3.89,48793,0,0
2011-12-22 00:00:00,3.89,3.99,3.51,3.89,57206,0,0
2011-12-23 00:00:00,3.89,3.95,3.81,3.95,20496,0,0
2011-12-24 00:00:00,3.95,3.9699999999999998,3.86,3.94,14933,0,0
2011-12-25 00:00:00,3.94,4.39,3.7800000000000002,4.23,80800,0,0
2011-12-26 00:00:00,4.23,4.32,3.81,4.02,88825,0,0
2011-12-27 00:00:00,4.02,4.1,3.96,4.07,30159,0,0
2011-12-28 00:00:00,4.07,4.25,3.99,4.19,33837,0,0
2011-12-29 00:00:00,4.19,4.33,4.12,4.17,53069,0,0
2011-12-30 00:00:00,4.17,4.3,4.07,4.25,41068,0,0
2011-12-31 00:00:00,4.25,5.0,4.2,4.72,129730,0,0
2012-01-01 00:00:00,4.71,5.5,4.62,5.27,108509,0,0
2012-01-02 00:00:00,5.26,5.47,4.8,5.21,69150,0,0
2012-01-03 00:00:00,5.22,5.29,4.65,4.88,125170,0,0
2012-01-04 00:00:00,4.88,5.7,4.75,5.57,131170,0,0
2012-01-05 00:00:00,5.57,7.22,5.57,6.9399999999999995,182328,0,0
2012-01-06 00:00:00,6.95,7.21,6.13,6.7,218077,0,0
2012-01-07 00:00:00,6.7,7.02,6.38,6.8100000000000005,48387,0,0
2012-01-08 00:00:00,6.8100000000000005,7.2,6.73,7.11,57193,0,0
2012-01-09 00:00:00,7.11,7.19,5.8100000000000005,6.32,148406,0,0
2012-01-10 00:00:00,6.33,6.89,6.0,6.36,110210,0,0
2012-01-11 00:00:00,6.45,7.14,6.41,6.9,99442,0,0
2012-01-12 00:00:00,6.9,7.0,6.34,6.8,140116,0,0
2012-01-13 00:00:00,6.8,6.8,6.4,6.41,60228,0,0
2012-01-14 00:00:00,6.42,6.95,6.22,6.75,141896,0,0
2012-01-15 00:00:00,6.75,7.08,6.74,7.0,62233,0,0
2012-01-16 00:00:00,7.0,7.19,6.51,6.68,122666,0,0
2012-01-17 00:00:00,6.68,6.96,4.64,5.6,213409,0,0
2012-01-18 00:00:00,5.6,6.95,5.1,5.92,226680,0,0
2012-01-19 00:00:00,5.92,6.36,5.87,6.36,114820,0,0
2012-01-20 00:00:00,6.36,6.58,6.26,6.49,66786,0,0
2012-01-21 00:00:00,6.5,6.55,6.1,6.18,64761,0,0
2012-01-22 00:00:00,6.18,6.46,6.1,6.31,44890,0,0
2012-01-23 00:00:00,6.31,6.39,6.21,6.36,17693,0,0
2012-01-24 00:00:00,6.36,6.4,6.22,6.29,35663,0,0
2012-01-25 00:00:00,6.29,6.32,5.5,5.75,133115,0,0
2012-01-26 00:00:00,5.8,5.92,5.3,5.34,123954,0,0
2012-01-27 00:00:00,5.34,5.51,5.05,5.29,115567,0,0
2012-01-28 00:00:00,5.29,5.76,5.26,5.63,89708,0,0
2012-01-29 00:00:00,5.63,5.7,5.33,5.38,46430,0,0
2012-01-30 00:00:00,5.38,5.6,5.37,5.49,42303,0,0
2012-01-31 00:00:00,5.49,5.65,5.43,5.48,48296,0,0
2012-02-01 00:00:00,5.53,6.2,5.46,6.07,115523,0,0
2012-02-02 00:00:00,6.07,6.2,5.82,6.1,54546,0,0
2012-02-03 00:00:00,6.1,6.14,5.72,5.96,59279,0,0
2012-02-04 00:00:00,5.96,5.99,5.84,5.87,20619,0,0
2012-02-05 00:00:00,5.87,5.88,5.45,5.68,120336,0,0
2012-02-06 00:00:00,5.6899999999999995,5.72,5.45,5.45,90258,0,0
2012-02-07 00:00:00,5.48,5.78,5.45,5.6899999999999995,72748,0,0
2012-02-08 00:00:00,5.6899999999999995,5.85,5.3,5.6,237943,0,0
2012-02-09 00:00:00,5.6,5.92,5.5,5.83,89946,0,0
2012-02-10 00:00:00,5.83,5.99,5.8,5.91,39304,0,0
2012-02-11 00:00:00,5.91,6.0,5.54,5.6,69711,0,0
2012-02-12 00:00:00,5.6,5.85,5.43,5.51,81913,0,0
2012-02-13 00:00:00,5.52,5.73,5.2,5.26,170208,0,0
2012-02-14 00:00:00,5.26,5.45,4.21,4.46,297569,0,0
2012-02-15 00:00:00,4.46,4.88,4.2,4.32,161797,0,0
2012-02-16 00:00:00,4.33,4.45,3.88,4.28,166592,0,0
2012-02-17 00:00:00,4.27,4.77,4.22,4.41,135948,0,0
2012-02-18 00:00:00,4.39,4.5,4.12,4.22,70403,0,0
2012-02-19 00:00:00,4.22,4.52,4.18,4.39,62362,0,0
2012-02-20 00:00:00,4.39,4.47,4.29,4.36,37296,0,0
2012-02-21 00:00:00,4.38,4.4,4.21,4.27,51786,0,0
2012-02-22 00:00:00,4.27,4.54,4.27,4.42,103834,0,0
2012-02-23 00:00:00,4.46,5.2,4.42,5.02,164305,0,0
2012-02-24 00:00:00,5.02,5.11,4.83,5.03,89825,0,0
2012-02-25 00:00:00,5.03,5.07,4.65,4.77,86161,0,0
2012-02-26 00:00:00,4.77,5.1,4.77,4.92,70032,0,0
2012-02-27 00:00:00,4.92,4.99,4.89,4.95,29368,0,0
2012-02-28 00:00:00,4.95,5.0,4.73,4.87,62688,0,0
2012-02-29 00:00:00,4.87,4.9,4.8,4.86,26536,0,0
2012-03-01 00:00:00,4.86,4.99,4.86,4.92,44180,0,0
2012-03-02 00:00:00,4.92,4.95,4.51,4.7,130761,0,0
2012-03-03 00:00:00,4.71,4.79,4.51,4.62,40071,0,0
2012-03-04 00:00:00,4.61,4.95,4.61,4.82,58823,0,0
2012-03-05 00:00:00,4.82,5.05,4.82,4.98,65826,0,0
2012-03-06 00:00:00,4.98,5.07,4.9,4.99,44530,0,0
2012-03-07 00:00:00,4.99,5.05,4.84,4.9399999999999995,46164,0,0
2012-03-08 00:00:00,4.9399999999999995,5.0,4.76,4.93,58086,0,0
2012-03-09 00:00:00,4.93,4.95,4.82,4.86,32720,0,0
2012-03-10 00:00:00,4.86,4.91,4.75,4.83,28067,0,0
2012-03-11 00:00:00,4.83,4.99,4.8100000000000005,4.91,42441,0,0
2012-03-12 00:00:00,4.91,4.95,4.86,4.89,22046,0,0
2012-03-13 00:00:00,4.89,5.41,4.86,5.27,127322,0,0
2012-03-14 00:00:00,5.27,5.45,5.25,5.38,62886,0,0
2012-03-15 00:00:00,5.39,5.44,5.25,5.32,41075,0,0
2012-03-16 00:00:00,5.35,5.4,5.3,5.35,32715,0,0
2012-03-17 00:00:00,5.34,5.4,5.21,5.21,39096,0,0
2012-03-18 00:00:00,5.22,5.34,5.21,5.28,22854,0,0
2012-03-19 00:00:00,5.26,5.32,4.5,4.7,188885,0,0
2012-03-20 00:00:00,4.6899999999999995,4.9,4.58,4.83,66341,0,0
2012-03-21 00:00:00,4.84,4.87,4.75,4.82,46433,0,0
2012-03-22 00:00:00,4.79,4.88,4.59,4.7,58066,0,0
2012-03-23 00:00:00,4.74,4.79,4.6,4.6899999999999995,54128,0,0
2012-03-24 00:00:00,4.6899999999999995,4.73,4.6,4.68,39065,0,0
2012-03-25 00:00:00,4.68,4.6899999999999995,4.3,4.55,71553,0,0
2012-03-26 00:00:00,4.55,4.74,4.52,4.62,69834,0,0
2012-03-27 00:00:00,4.62,4.85,4.49,4.8100000000000005,73429,0,0
2012-03-28 00:00:00,4.8100000000000005,4.84,4.72,4.79,38014,0,0
2012-03-29 00:00:00,4.79,4.86,4.71,4.8100000000000005,37972,0,0
2012-03-30 00:00:00,4.8100000000000005,4.88,4.72,4.86,39069,0,0
2012-03-31 00:00:00,4.85,4.95,4.82,4.91,35526,0,0
2012-04-01 00:00:00,4.91,4.92,4.73,4.83,35948,0,0
2012-04-02 00:00:00,4.83,5.08,4.76,4.98,80661,0,0
2012-04-03 00:00:00,4.97,4.99,4.8100000000000005,4.95,78479,0,0
2012-04-04 00:00:00,4.95,4.97,4.89,4.91,51038,0,0
2012-04-05 00:00:00,4.93,4.9399999999999995,4.87,4.92,33804,0,0
2012-04-06 00:00:00,4.92,4.98,4.88,4.95,58208,0,0
2012-04-07 00:00:00,4.95,4.95,4.6899999999999995,4.6899999999999995,80944,0,0
2012-04-08 00:00:00,4.6899999999999995,4.8,4.62,4.8,41970,0,0
2012-04-09 00:00:00,4.79,4.88,4.73,4.87,39240,0,0
2012-04-10 00:00:00,4.87,4.9,4.76,4.83,53099,0,0
2012-04-11 00:00:00,4.84,4.98,4.79,4.93,67033,0,0
2012-04-12 00:00:00,4.93,4.95,4.84,4.92,46365,0,0
2012-04-13 00:00:00,4.92,4.95,4.73,4.9399999999999995,93109,0,0
2012-04-14 00:00:00,4.9399999999999995,5.03,4.9,4.96,63885,0,0
2012-04-15 00:00:00,4.96,4.98,4.86,4.97,33341,0,0
2012-04-16 00:00:00,4.97,4.98,4.91,4.93,31156,0,0
2012-04-17 00:00:00,4.96,5.02,4.93,4.98,30643,0,0
2012-04-18 00:00:00,4.98,5.18,4.96,5.12,79127,0,0
2012-04-19 00:00:00,5.12,5.19,5.1,5.14,46672,0,0
2012-04-20 00:00:00,5.14,5.48,5.1,5.35,104067,0,0
2012-04-21 00:00:00,5.35,5.48,5.11,5.26,60920,0,0
2012-04-22 00:00:00,5.26,5.33,5.1,5.2,37106,0,0
2012-04-23 00:00:00,5.2,5.21,4.96,4.96,49365,0,0
2012-04-24 00:00:00,4.96,5.2,4.95,5.1,70986,0,0
2012-04-25 00:00:00,5.1,5.18,5.04,5.13,35639,0,0
2012-04-26 00:00:00,5.13,5.17,4.99,5.09,57358,0,0
2012-04-27 00:00:00,5.1,5.13,5.03,5.11,25866,0,0
2012-04-28 00:00:00,5.1,5.11,4.85,4.98,91588,0,0
2012-04-29 00:00:00,4.98,5.02,4.88,4.9,22224,0,0
2012-04-30 00:00:00,4.9,5.0,4.87,4.95,55764,0,0
2012-05-01 00:00:00,4.95,5.0,4.92,5.0,36677,0,0
2012-05-02 00:00:00,5.0,5.18,4.97,5.07,95961,0,0
2012-05-03 00:00:00,5.07,5.18,5.02,5.13,35419,0,0
2012-05-04 00:00:00,5.11,5.15,5.07,5.07,43625,0,0
2012-05-05 00:00:00,5.07,5.12,5.03,5.08,18839,0,0
2012-05-06 00:00:00,5.08,5.1,5.02,5.05,19297,0,0
2012-05-07 00:00:00,5.05,5.1,4.97,5.06,46180,0,0
2012-05-08 00:00:00,5.06,5.1,4.96,5.05,68200,0,0
2012-05-09 00:00:00,5.05,5.1,5.0,5.04,38918,0,0
2012-05-10 00:00:00,5.04,5.12,4.8,4.85,69980,0,0
2012-05-11 00:00:00,4.85,5.0,4.8,4.96,63127,0,0
2012-05-12 00:00:00,4.96,5.0,4.91,4.95,20871,0,0
2012-05-13 00:00:00,4.95,5.0,4.92,4.93,14043,0,0
2012-05-14 00:00:00,4.93,5.04,4.9,5.01,52843,0,0
2012-05-15 00:00:00,5.02,5.04,4.95,5.03,44142,0,0
2012-05-16 00:00:00,5.04,5.14,5.0,5.09,69367,0,0
2012-05-17 00:00:00,5.09,5.1,5.05,5.1,26620,0,0
2012-05-18 00:00:00,5.1,5.13,5.06,5.12,52576,0,0
2012-05-19 00:00:00,5.12,5.15,5.07,5.1,23152,0,0
2012-05-20 00:00:00,5.1,5.15,5.08,5.09,18688,0,0
2012-05-21 00:00:00,5.1,5.13,5.06,5.1,33620,0,0
2012-05-22 00:00:00,5.1,5.12,5.05,5.1,46678,0,0
2012-05-23 00:00:00,5.1,5.17,5.07,5.14,52956,0,0
2012-05-24 00:00:00,5.14,5.15,5.07,5.12,28915,0,0
2012-05-25 00:00:00,5.12,5.15,5.1,5.15,23072,0,0
2012-05-26 00:00:00,5.15,5.15,5.1,5.11,16590,0,0
2012-05-27 00:00:00,5.1,5.15,5.1,5.14,15748,0,0
2012-05-28 00:00:00,5.14,5.16,5.11,5.14,27557,0,0
2012-05-29 00:00:00,5.14,5.16,5.01,5.15,61265,0,0
2012-05-30 00:00:00,5.15,5.17,5.1,5.13,39941,0,0
2012-05-31 00:00:00,5.14,5.21,5.12,5.19,39473,0,0
2012-06-01 00:00:00,5.2,5.28,5.18,5.28,44686,0,0
2012-06-02 00:00:00,5.28,5.28,5.22,5.25,15166,0,0
2012-06-03 00:00:00,5.25,5.26,5.21,5.21,12677,0,0
2012-06-04 00:00:00,5.21,5.28,5.18,5.27,51237,0,0
2012-06-05 00:00:00,5.27,5.5,5.23,5.44,83930,0,0
2012-06-06 00:00:00,5.45,5.49,5.39,5.46,40675,0,0
2012-06-07 00:00:00,5.46,5.59,5.41,5.59,48064,0,0
2012-06-08 00:00:00,5.59,5.66,5.5600000000000005,5.63,53838,0,0
2012-06-09 00:00:00,5.63,5.7,5.46,5.5600000000000005,37119,0,0
2012-06-10 00:00:00,5.5600000000000005,5.58,5.43,5.47,24394,0,0
2012-06-11 00:00:00,5.47,5.6,5.43,5.58,40261,0,0
2012-06-12 00:00:00,5.6,5.76,5.5,5.71,78979,0,0
2012-06-13 00:00:00,5.73,5.96,5.66,5.93,57236,0,0
2012-06-14 00:00:00,5.93,5.98,5.8100000000000005,5.96,35037,0,0
2012-06-15 00:00:00,5.95,6.58,5.88,6.5,65635,0,0
2012-06-16 00:00:00,6.5,6.6,6.26,6.4,78194,0,0
2012-06-17 00:00:00,6.4,6.53,6.1,6.16,48798,0,0
2012-06-18 00:00:00,6.16,6.36,6.03,6.31,46830,0,0
2012-06-19 00:00:00,6.31,6.53,6.28,6.5,43881,0,0
2012-06-20 00:00:00,6.5,6.71,6.45,6.67,64066,0,0
2012-06-21 00:00:00,6.67,6.8,6.5600000000000005,6.68,51940,0,0
2012-06-22 00:00:00,6.68,6.8,6.43,6.55,56821,0,0
2012-06-23 00:00:00,6.55,6.65,6.4,6.43,23586,0,0
2012-06-24 00:00:00,6.43,6.47,6.35,6.35,33942,0,0
2012-06-25 00:00:00,6.35,6.45,6.22,6.3,62636,0,0
2012-06-26 00:00:00,6.31,6.48,6.29,6.42,48733,0,0
2012-06-27 00:00:00,6.42,6.65,6.4,6.65,41977,0,0
2012-06-28 00:00:00,6.65,6.67,6.49,6.61,42815,0,0
2012-06-29 00:00:00,6.61,6.68,6.55,6.65,26297,0,0
2012-06-30 00:00:00,6.65,6.6899999999999995,6.6,6.6899999999999995,20589,0,0
2012-07-01 00:00:00,6.6899999999999995,6.6899999999999995,6.53,6.63,20574,0,0
2012-07-02 00:00:00,6.6,6.77,6.58,6.76,32361,0,0
2012-07-03 00:00:00,6.76,6.76,6.4,6.45,71065,0,0
2012-07-04 00:00:00,6.45,6.55,6.45,6.51,33476,0,0
2012-07-05 00:00:00,6.51,6.77,6.48,6.67,45341,0,0
2012-07-06 00:00:00,6.67,6.72,6.55,6.65,43188,0,0
2012-07-07 00:00:00,6.65,6.87,6.63,6.76,37985,0,0
2012-07-08 00:00:00,6.76,6.86,6.72,6.8,25633,0,0
2012-07-09 00:00:00,6.8,7.1,6.74,7.02,61641,0,0
2012-07-10 00:00:00,7.02,7.25,6.96,7.2,70062,0,0
2012-07-11 00:00:00,7.2,7.26,7.02,7.15,41888,0,0
2012-07-12 00:00:00,7.17,7.9,7.1,7.76,64613,0,0
2012-07-13 00:00:00,7.6899999999999995,7.82,7.42,7.67,65462,0,0
2012-07-14 00:00:00,7.67,7.67,7.52,7.55,16004,0,0
2012-07-15 00:00:00,7.54,7.7,7.45,7.62,26975,0,0
2012-07-16 00:00:00,7.62,8.65,7.61,8.5,103396,0,0
2012-07-17 00:00:00,8.5,9.49,7.32,8.8,210802,0,0
2012-07-18 00:00:00,8.8,9.4,8.5,9.11,105943,0,0
2012-07-19 00:00:00,9.11,9.23,8.82,8.87,48246,0,0
2012-07-20 00:00:00,8.87,8.87,7.6,8.52,154658,0,0
2012-07-21 00:00:00,8.52,9.7,7.96,8.85,139917,0,0
2012-07-22 00:00:00,8.85,8.97,8.27,8.41,30068,0,0
2012-07-23 00:00:00,8.41,9.2,7.75,8.45,146393,0,0
2012-07-24 00:00:00,8.45,8.85,8.34,8.6,40944,0,0
2012-07-25 00:00:00,8.55,8.9,8.37,8.8,64719,0,0
2012-07-26 00:00:00,8.8,8.9,8.6,8.9,32377,0,0
2012-07-27 00:00:00,8.9,8.95,8.81,8.9,26671,0,0
2012-07-28 00:00:00,8.9,8.93,8.71,8.89,16161,0,0
2012-07-29 00:00:00,8.89,8.89,8.7,8.71,25246,0,0
2012-07-30 00:00:00,8.71,9.15,8.7,9.1,56303,0,0
2012-07-31 00:00:00,9.08,9.44,9.08,9.35,70171,0,0
2012-08-01 00:00:00,9.35,9.65,9.11,9.55,68693,0,0
2012-08-02 00:00:00,9.55,11.0,9.41,10.53,126682,0,0
2012-08-03 00:00:00,10.53,11.12,10.3,10.97,61639,0,0
2012-08-04 00:00:00,10.98,11.3,10.53,10.98,52317,0,0
2012-08-05 00:00:00,10.98,11.29,10.11,10.87,67277,0,0
2012-08-06 00:00:00,10.87,11.19,10.64,10.86,51636,0,0
2012-08-07 00:00:00,10.91,11.1,10.65,11.1,41651,0,0
2012-08-08 00:00:00,11.1,11.15,10.85,11.05,31319,0,0
2012-08-09 00:00:00,11.06,12.01,10.8,11.07,101876,0,0
2012-08-10 00:00:00,11.06,11.6,11.01,11.39,63594,0,0
2012-08-11 00:00:00,11.39,11.6,11.39,11.51,21789,0,0
2012-08-12 00:00:00,11.51,11.77,11.45,11.62,30339,0,0
2012-08-13 00:00:00,11.62,12.05,11.49,12.03,54033,0,0
2012-08-14 00:00:00,12.04,12.34,11.9,12.19,44011,0,0
2012-08-15 00:00:00,12.19,13.25,12.16,13.25,57560,0,0
2012-08-16 00:00:00,13.25,13.84,12.5,13.5,96601,0,0
2012-08-17 00:00:00,13.5,15.4,10.6,11.58,221031,0,0
2012-08-18 00:00:00,11.58,12.89,11.02,11.61,88045,0,0
2012-08-19 00:00:00,11.58,11.62,7.58,8.0,238858,0,0
2012-08-20 00:00:00,8.0,10.5,7.8100000000000005,10.1,192499,0,0
2012-08-21 00:00:00,10.1,10.3,9.7,9.91,72079,0,0
2012-08-22 00:00:00,9.92,10.11,9.58,9.81,67511,0,0
2012-08-23 00:00:00,9.72,10.25,9.7,10.1,56013,0,0
2012-08-24 00:00:00,10.1,10.62,9.85,10.6,92073,0,0
2012-08-25 00:00:00,10.6,10.63,10.2,10.52,40230,0,0
2012-08-26 00:00:00,10.6,10.62,10.45,10.61,26328,0,0
2012-08-27 00:00:00,10.59,12.15,10.54,10.95,175113,0,0
2012-08-28 00:00:00,10.95,11.21,10.5,10.94,54873,0,0
2012-08-29 00:00:00,10.94,11.13,10.55,10.92,53645,0,0
2012-08-30 00:00:00,10.92,10.94,10.6,10.78,30866,0,0
2012-08-31 00:00:00,10.78,10.83,9.66,10.16,67789,0,0
2012-09-01 00:00:00,10.15,10.3,9.78,9.97,23373,0,0
2012-09-02 00:00:00,9.97,10.36,9.72,10.21,25052,0,0
2012-09-03 00:00:00,10.21,10.59,10.09,10.53,22923,0,0
2012-09-04 00:00:00,10.53,10.53,10.15,10.38,34876,0,0
2012-09-05 00:00:00,10.39,11.18,10.27,11.01,60765,0,0
2012-09-06 00:00:00,11.0,11.29,10.64,11.18,67049,0,0
2012-09-07 00:00:00,11.2,11.21,10.96,11.0,35532,0,0
2012-09-08 00:00:00,11.1,11.14,10.77,11.04,24249,0,0
2012-09-09 00:00:00,11.04,11.15,10.93,11.02,14030,0,0
2012-09-10 00:00:00,11.02,11.19,10.87,11.17,42287,0,0
2012-09-11 00:00:00,11.15,11.35,10.88,11.33,64951,0,0
2012-09-12 00:00:00,11.33,11.39,10.78,11.36,58624,0,0
2012-09-13 00:00:00,11.23,11.4,11.22,11.4,20571,0,0
2012-09-14 00:00:00,11.4,11.8,11.32,11.67,43256,0,0
2012-09-15 00:00:00,11.67,11.79,11.6,11.75,16271,0,0
2012-09-16 00:00:00,11.75,11.99,11.72,11.87,30294,0,0
2012-09-17 00:00:00,11.87,11.96,11.76,11.89,26609,0,0
2012-09-18 00:00:00,11.89,12.35,11.84,12.25,40946,0,0
2012-09-19 00:00:00,12.25,12.69,12.15,12.57,41880,0,0
2012-09-20 00:00:00,12.57,12.66,12.25,12.28,32563,0,0
2012-09-21 00:00:00,12.28,12.5,12.01,12.37,35832,0,0
2012-09-22 00:00:00,12.37,12.4,12.14,12.24,14983,0,0
2012-09-23 00:00:00,12.24,12.27,11.63,12.19,39919,0,0
2012-09-24 00:00:00,12.19,12.3,11.95,12.1,27289,0,0
2012-09-25 00:00:00,12.1,12.23,12.01,12.2,21225,0,0
2012-09-26 00:00:00,12.2,12.46,12.02,12.27,23492,0,0
2012-09-27 00:00:00,12.27,12.4,12.21,12.31,19324,0,0
2012-09-28 00:00:00,12.31,12.45,12.12,12.39,26673,0,0
2012-09-29 00:00:00,12.44,12.49,12.21,12.36,17060,0,0
2012-09-30 00:00:00,12.36,12.45,12.3,12.4,7791,0,0
2012-10-01 00:00:00,12.35,12.48,12.32,12.4,24823,0,0
2012-10-02 00:00:00,12.4,12.88,12.34,12.84,50830,0,0
2012-10-03 00:00:00,12.84,12.99,12.68,12.89,32953,0,0
2012-10-04 00:00:00,12.88,13.09,12.6,12.85,37943,0,0
2012-10-05 00:00:00,12.8,12.97,12.51,12.69,31256,0,0
2012-10-06 00:00:00,12.79,12.86,12.35,12.5,24670,0,0
2012-10-07 00:00:00,12.51,12.62,11.7,11.8,63509,0,0
2012-10-08 00:00:00,11.8,11.95,10.62,11.78,97936,0,0
2012-10-09 00:00:00,11.74,12.35,11.57,11.9,46766,0,0
2012-10-10 00:00:00,11.9,12.2,11.77,12.13,27719,0,0
2012-10-11 00:00:00,12.12,12.15,11.86,12.03,19828,0,0
2012-10-12 00:00:00,12.03,12.15,11.92,12.0,21537,0,0
2012-10-13 00:00:00,12.0,12.11,11.85,11.86,11859,0,0
2012-10-14 00:00:00,11.86,12.03,11.49,11.74,22889,0,0
2012-10-15 00:00:00,11.58,11.99,11.43,11.84,27099,0,0
2012-10-16 00:00:00,11.84,11.99,11.5,11.85,41183,0,0
2012-10-17 00:00:00,11.85,11.96,11.7,11.81,23550,0,0
2012-10-18 00:00:00,11.81,11.96,11.75,11.94,21878,0,0
2012-10-19 00:00:00,11.94,11.97,11.62,11.75,23176,0,0
2012-10-20 00:00:00,11.74,11.85,11.56,11.74,22107,0,0
2012-10-21 00:00:00,11.74,11.77,11.61,11.63,9373,0,0
2012-10-22 00:00:00,11.63,11.81,11.47,11.71,37619,0,0
2012-10-23 00:00:00,11.71,12.0,11.41,11.65,54341,0,0
2012-10-24 00:00:00,11.65,11.79,11.59,11.65,21761,0,0
2012-10-25 00:00:00,11.65,11.7,10.52,10.86,84701,0,0
2012-10-26 00:00:00,10.85,10.95,9.74,10.17,98991,0,0
2012-10-27 00:00:00,10.17,10.84,9.82,10.26,47865,0,0
2012-10-28 00:00:00,10.26,10.95,10.25,10.7,22387,0,0
2012-10-29 00:00:00,10.7,10.94,10.32,10.6,37572,0,0
2012-10-30 00:00:00,10.59,10.89,10.58,10.89,26021,0,0
2012-10-31 00:00:00,10.89,11.21,10.71,11.2,40670,0,0
2012-11-01 00:00:00,11.2,11.28,10.4,10.57,50360,0,0
2012-11-02 00:00:00,10.57,10.8,10.33,10.47,24483,0,0
2012-11-03 00:00:00,10.47,10.65,10.4,10.64,16730,0,0
2012-11-04 00:00:00,10.64,10.9,10.51,10.8,16747,0,0
2012-11-05 00:00:00,10.8,10.88,10.61,10.75,21774,0,0
2012-11-06 00:00:00,10.75,10.9,10.67,10.9,26993,0,0
2012-11-07 00:00:00,10.9,11.22,10.8,10.92,31731,0,0
2012-11-08 00:00:00,10.92,11.07,10.75,10.93,26056,0,0
2012-11-09 00:00:00,10.93,10.99,10.79,10.82,14724,0,0
2012-11-10 00:00:00,10.82,10.96,10.75,10.9,18668,0,0
2012-11-11 00:00:00,10.89,10.94,10.7,10.87,12622,0,0
2012-11-12 00:00:00,10.87,11.18,10.77,11.01,39214,0,0
2012-11-13 00:00:00,11.01,11.13,10.92,10.95,16755,0,0
2012-11-14 00:00:00,11.0,11.05,10.82,10.95,24540,0,0
2012-11-15 00:00:00,10.99,11.3,10.86,11.2,31897,0,0
2012-11-16 00:00:00,11.2,11.8,11.17,11.75,58250,0,0
2012-11-17 00:00:00,11.75,11.8,11.52,11.79,19103,0,0
2012-11-18 00:00:00,11.79,11.83,11.62,11.65,15511,0,0
2012-11-19 00:00:00,11.67,11.85,11.6,11.81,25194,0,0
2012-11-20 00:00:00,11.8,11.8,11.57,11.73,27217,0,0
2012-11-21 00:00:00,11.7,11.78,11.64,11.77,19224,0,0
2012-11-22 00:00:00,11.75,12.43,11.67,12.42,58299,0,0
2012-11-23 00:00:00,12.42,12.42,12.13,12.34,18966,0,0
2012-11-24 00:00:00,12.35,12.48,12.25,12.42,19567,0,0
2012-11-25 00:00:00,12.41,12.6,12.31,12.48,24022,0,0
2012-11-26 00:00:00,12.48,12.65,11.89,12.24,35911,0,0
2012-11-27 00:00:00,12.25,12.34,11.9,12.2,33191,0,0
2012-11-28 00:00:00,12.2,12.41,12.1,12.35,30684,0,0
2012-11-29 00:00:00,12.35,12.6,12.15,12.45,26502,0,0
2012-11-30 00:00:00,12.45,12.65,12.42,12.57,24347,0,0
2012-12-01 00:00:00,12.57,12.69,12.47,12.57,14733,0,0
2012-12-02 00:00:00,12.56,12.68,12.43,12.5,14112,0,0
2012-12-03 00:00:00,12.5,12.68,12.47,12.68,47146,0,0
2012-12-04 00:00:00,12.65,13.5,12.62,13.41,63243,0,0
2012-12-05 00:00:00,13.41,13.42,13.15,13.38,29791,0,0
2012-12-06 00:00:00,13.3,13.69,12.9,13.3,46561,0,0
2012-12-07 00:00:00,13.3,13.55,12.98,13.5,32796,0,0
2012-12-08 00:00:00,13.5,13.55,13.35,13.42,13169,0,0
2012-12-09 00:00:00,13.42,13.53,13.02,13.39,28164,0,0
2012-12-10 00:00:00,13.39,13.55,13.27,13.44,24663,0,0
2012-12-11 00:00:00,13.5,13.67,13.3,13.56,28043,0,0
2012-12-12 00:00:00,13.56,13.8,13.3,13.7,37676,0,0
2012-12-13 00:00:00,13.7,13.8,13.47,13.7,24194,0,0
2012-12-14 00:00:00,13.71,13.91,13.0,13.6,70141,0,0
2012-12-15 00:00:00,13.6,13.64,13.44,13.49,16622,0,0
2012-12-16 00:00:00,13.49,13.67,13.13,13.3,42761,0,0
2012-12-17 00:00:00,13.3,13.49,12.75,13.25,63629,0,0
2012-12-18 00:00:00,13.25,13.4,13.11,13.3,23218,0,0
2012-12-19 00:00:00,13.3,13.6,13.2,13.6,38805,0,0
2012-12-20 00:00:00,13.6,13.72,13.33,13.53,32977,0,0
2012-12-21 00:00:00,13.53,13.61,13.42,13.5,25328,0,0
2012-12-22 00:00:00,13.5,13.59,13.32,13.37,14781,0,0
2012-12-23 00:00:00,13.37,13.47,13.01,13.31,31643,0,0
2012-12-24 00:00:00,13.31,13.45,13.21,13.38,16702,0,0
2012-12-25 00:00:00,13.38,13.43,13.14,13.35,19958,0,0
2012-12-26 00:00:00,13.35,13.47,13.2,13.47,15839,0,0
2012-12-27 00:00:00,13.46,13.47,13.25,13.42,19819,0,0
2012-12-28 00:00:00,13.44,13.65,13.34,13.42,23810,0,0
2012-12-29 00:00:00,13.42,13.67,13.27,13.4,32780,0,0
2012-12-30 00:00:00,13.41,13.59,13.35,13.45,15764,0,0
2012-12-31 00:00:00,13.45,13.56,13.37,13.51,16047,0,0
2013-01-01 00:00:00,13.51,13.56,13.16,13.3,30882,0,0
2013-01-02 00:00:00,13.36,13.4,13.17,13.28,17966,0,0
2013-01-03 00:00:00,13.28,13.46,13.25,13.4,18606,0,0
2013-01-04 00:00:00,13.43,13.52,13.28,13.5,29639,0,0
2013-01-05 00:00:00,13.5,13.55,13.31,13.44,25072,0,0
2013-01-06 00:00:00,13.44,13.52,13.36,13.45,24638,0,0
2013-01-07 00:00:00,13.45,13.59,13.4,13.58,34940,0,0
2013-01-08 00:00:00,13.55,13.88,13.5,13.74,42795,0,0
2013-01-09 00:00:00,13.74,13.86,13.62,13.77,28603,0,0
2013-01-10 00:00:00,13.77,14.32,13.77,14.14,51808,0,0
2013-01-11 00:00:00,14.13,14.35,13.91,14.14,40430,0,0
2013-01-12 00:00:00,14.26,14.34,13.98,14.24,26930,0,0
2013-01-13 00:00:00,14.24,14.32,13.95,14.12,44331,0,0
2013-01-14 00:00:00,14.19,14.35,14.11,14.3,22094,0,0
2013-01-15 00:00:00,14.35,14.48,13.99,14.25,51570,0,0
2013-01-16 00:00:00,14.3,14.73,14.21,14.73,45534,0,0
2013-01-17 00:00:00,14.73,15.7,14.63,15.5,65486,0,0
2013-01-18 00:00:00,15.5,15.99,15.41,15.71,56094,0,0
2013-01-19 00:00:00,15.71,15.78,15.25,15.62,34584,0,0
2013-01-20 00:00:00,15.62,15.9,15.51,15.71,25979,0,0
2013-01-21 00:00:00,15.7,16.98,15.63,16.8,61499,0,0
2013-01-22 00:00:00,16.8,17.59,16.65,17.26,60973,0,0
2013-01-23 00:00:00,17.26,17.59,16.8,17.5,49436,0,0
2013-01-24 00:00:00,17.53,19.19,15.61,16.9,172016,0,0
2013-01-25 00:00:00,16.9,17.8,15.39,17.4,98773,0,0
2013-01-26 00:00:00,17.45,17.88,16.54,17.88,63903,0,0
2013-01-27 00:00:00,17.88,18.0,17.21,17.82,129857,0,0
2013-01-28 00:00:00,17.82,18.88,17.75,18.72,73703,0,0
2013-01-29 00:00:00,18.72,19.8,18.7,19.52,107617,0,0
2013-01-30 00:00:00,19.53,19.8,19.15,19.71,105246,0,0
2013-01-31 00:00:00,19.7,21.43,19.51,20.41,104198,0,0
2013-02-01 00:00:00,20.51,21.13,20.3,20.5,58381,0,0
2013-02-02 00:00:00,20.5,20.5,18.0,19.63,126515,0,0
2013-02-03 00:00:00,19.7,20.9,19.42,20.59,98860,0,0
2013-02-04 00:00:00,20.6,21.05,19.85,20.43,90466,0,0
2013-02-05 00:00:00,20.43,20.79,20.2,20.6,134267,0,0
2013-02-06 00:00:00,20.66,21.33,20.6,21.18,153011,0,0
2013-02-07 00:00:00,21.11,22.22,20.77,22.15,202127,0,0
2013-02-08 00:00:00,22.15,22.77,22.0,22.66,50649,0,0
2013-02-09 00:00:00,22.66,23.99,22.57,23.65,58700,0,0
2013-02-10 00:00:00,23.8,24.11,22.67,23.97,234906,0,0
2013-02-11 00:00:00,23.97,24.68,23.65,24.65,125986,0,0
2013-02-12 00:00:00,24.65,25.83,24.3,25.17,101909,0,0
2013-02-13 00:00:00,25.19,26.3,24.19,24.2,144964,0,0
2013-02-14 00:00:00,24.2,27.6,21.72,27.22,160132,0,0
2013-02-15 00:00:00,27.25,27.51,26.1,27.1,104017,0,0
2013-02-16 00:00:00,27.1,27.5,26.81,27.22,113525,0,0
2013-02-17 00:00:00,27.22,27.4,25.0,26.82,103440,0,0
2013-02-18 00:00:00,26.9,27.15,26.36,26.95,82398,0,0
2013-02-19 00:00:00,26.95,29.65,26.8,29.42,174574,0,0
2013-02-20 00:00:00,29.42,29.87,28.99,29.65,112566,0,0
2013-02-21 00:00:00,29.65,29.98,29.32,29.75,108040,0,0
2013-02-22 00:00:00,29.75,31.3,29.67,30.25,108728,0,0
2013-02-23 00:00:00,30.25,30.7,28.0,29.8,198530,0,0
2013-02-24 00:00:00,29.8,30.4,29.2,29.89,52277,0,0
2013-02-25 00:00:00,29.89,30.4,29.55,30.4,76738,0,0
2013-02-26 00:00:00,30.4,31.7,30.12,31.1,68492,0,0
2013-02-27 00:00:00,31.2,31.65,30.79,30.9,88555,0,0
2013-02-28 00:00:00,31.26,34.52,30.9,33.38,126515,0,0
2013-03-01 00:00:00,33.38,34.9,32.92,34.5,51080,0,0
2013-03-02 00:00:00,34.5,34.81,33.15,34.25,231752,0,0
2013-03-03 00:00:00,34.25,34.5,33.8,34.5,162695,0,0
2013-03-04 00:00:00,34.5,36.7,34.19,36.15,107716,0,0
2013-03-05 00:00:00,36.15,40.64,36.15,40.33,85415,0,0
2013-03-06 00:00:00,40.23,49.1,40.14,41.02,126441,0,0
2013-03-07 00:00:00,41.02,45.5,33.3,42.0,157308,0,0
2013-03-08 00:00:00,42.0,44.5,41.02,44.18,119865,0,0
2013-03-09 00:00:00,44.18,46.99,43.41,46.85,92667,0,0
2013-03-10 00:00:00,46.61,47.95,45.47,46.0,41351,0,0
2013-03-11 00:00:00,46.0,48.47,45.54,48.4,131288,0,0
2013-03-12 00:00:00,48.4,48.4,36.65,44.29,183405,0,0
2013-03-13 00:00:00,44.33,47.3,43.75,46.92,56332,0,0
2013-03-14 00:00:00,46.92,47.99,46.05,47.17,141819,0,0
2013-03-15 00:00:00,47.03,47.45,46.4,46.95,74096,0,0
2013-03-16 00:00:00,46.86,47.36,46.27,47.0,338292,0,0
2013-03-17 00:00:00,47.0,47.74,46.8,47.4,243691,0,0
2013-03-18 00:00:00,47.4,52.88,47.12,51.6,167883,0,0
2013-03-19 00:00:00,51.6,62.0,50.0,59.14,142544,0,0
2013-03-20 00:00:00,59.14,66.0,57.7,64.49,120119,0,0
2013-03-21 00:00:00,64.49,74.9,63.1,70.85,143797,0,0
2013-03-22 00:00:00,70.84,73.75,65.0,69.86,76150,0,0
2013-03-23 00:00:00,70.28,70.5,52.35,64.35,150451,0,0
2013-03-24 00:00:00,64.35,72.5,62.7,71.5,159000,0,0
2013-03-25 00:00:00,71.5,78.0,69.52,73.6,80820,0,0
2013-03-26 00:00:00,73.6,79.72,73.11,78.5,263125,0,0
2013-03-27 00:00:00,78.75,89.5,78.4,88.92,72172,0,0
2013-03-28 00:00:00,88.8,95.7,75.0,86.18,140215,0,0
2013-03-29 00:00:00,86.18,93.06,83.01,90.5,83140,0,0
2013-03-30 00:00:00,90.5,94.98,87.0,92.19,199206,0,0
2013-03-31 00:00:00,92.19,93.8,91.0,93.03,486748,0,0
2013-04-01 00:00:00,93.03,106.0,92.24,104.0,156705,0,0
2013-04-02 00:00:00,104.0,118.36,99.0,117.98,2324939,0,0
2013-04-03 00:00:00,118.0,147.0,110.0,135.0,5334934,0,0
2013-04-04 00:00:00,135.0,142.12,116.39,132.12,4633821,0,0
2013-04-05 00:00:00,132.8,144.94,130.24,142.32,5875719,0,0
2013-04-06 00:00:00,142.05,143.9,139.54,142.63,9014347,0,0
2013-04-07 00:00:00,142.63,164.9,142.63,162.3,6638104,0,0
2013-04-08 00:00:00,162.3,194.9,162.3,187.5,3938818,0,0
2013-04-09 00:00:00,186.5,240.11,186.5,230.0,3860318,0,0
2013-04-10 00:00:00,230.0,266.0,105.0,165.0,6003290,0,0
2013-04-11 00:00:00,165.0,188.7,110.2,124.9,1564391,0,0
2013-04-12 00:00:00,124.9,140.0,54.25,117.0,2885211,0,0
2013-04-13 00:00:00,117.0,130.0,85.5,93.0,9111707,0,0
2013-04-14 00:00:00,93.0,110.0,84.44,90.0,4121380,0,0
2013-04-15 00:00:00,90.0,102.0,71.51,82.39,3168140,0,0
2013-04-16 00:00:00,82.39,84.5,50.01,68.36,702016,0,0
2013-04-17 00:00:00,68.36,98.78,63.3,93.07,1166093,0,0
2013-04-18 00:00:00,93.07,113.0,86.0,109.01,3212895,0,0
2013-04-19 00:00:00,109.01,136.43,105.54,118.48,1889101,0,0
2013-04-20 00:00:00,118.48,132.0,115.0,126.62,7652046,0,0
2013-04-21 00:00:00,126.62,130.5,110.0,119.2,5249886,0,0
2013-04-22 00:00:00,118.5,127.4,118.5,127.4,8580631,0,0
2013-04-23 00:00:00,127.4,144.02,124.97,143.48,3967873,0,0
2013-04-24 00:00:00,143.48,166.44,140.97,154.21,1533532,0,0
2013-04-25 00:00:00,154.2,162.0,120.09,141.71,5783103,0,0
2013-04-26 00:00:00,141.71,144.99,121.45,136.9,6827886,0,0
2013-04-27 00:00:00,136.89,139.88,122.71,128.0,13536032,0,0
2013-04-28 00:00:00,128.0,136.68,127.5,134.44,12315263,0,0
2013-04-29 00:00:00,134.4,149.08,133.0,144.0,10024115,0,0
2013-04-30 00:00:00,143.8,146.93,134.0,139.23,10245122,0,0
2013-05-01 00:00:00,139.0,140.06,104.0,116.38,3909129,0,0
2013-05-02 00:00:00,116.38,126.9,91.11,106.25,4022681,0,0
2013-05-03 00:00:00,106.25,109.0,79.0,98.1,2334699,0,0
2013-05-04 00:00:00,98.1,116.3,92.0,112.9,4789841,0,0
2013-05-05 00:00:00,112.9,118.85,107.0,115.98,9365867,0,0
2013-05-06 00:00:00,115.94,124.9,106.01,112.25,6970665,0,0
2013-05-07 00:00:00,112.25,114.01,97.52,109.6,4993329,0,0
2013-05-08 00:00:00,109.6,116.78,109.5,113.2,11035297,0,0
2013-05-09 00:00:00,113.2,113.72,108.8,112.8,8354162,0,0
2013-05-10 00:00:00,112.8,122.5,111.54,117.7,5503892,0,0
2013-05-11 00:00:00,117.59,118.74,113.0,115.64,8622632,0,0
2013-05-12 00:00:00,115.65,117.47,112.4,114.82,13007394,0,0
2013-05-13 00:00:00,114.82,118.88,114.5,117.98,9443054,0,0
2013-05-14 00:00:00,117.98,119.8,109.42,111.4,4905161,0,0
2013-05-15 00:00:00,111.3,116.44,103.02,114.22,6689685,0,0
2013-05-16 00:00:00,114.22,118.97,112.1,118.21,5576364,0,0
2013-05-17 00:00:00,118.21,125.56,116.57,123.5,4223898,0,0
2013-05-18 00:00:00,123.5,125.31,122.25,123.21,6816698,0,0
2013-05-19 00:00:00,123.21,124.5,119.5,122.5,7374703,0,0
2013-05-20 00:00:00,113.47,123.69,113.47,122.02,10798095,0,0
2013-05-21 00:00:00,122.0,123.08,121.1,122.89,20428343,0,0
2013-05-22 00:00:00,122.89,123.49,121.33,121.93,4237552,0,0
2013-05-23 00:00:00,121.93,126.85,121.7,125.13,4095,0,0
2013-05-24 00:00:00,125.2,133.89,125.2,130.5,4345,0,0
2013-05-25 00:00:00,130.5,133.1,128.22,130.75,2395,0,0
2013-05-26 00:00:00,130.75,136.0,130.01,135.19,5795,0,0
2013-05-27 00:00:00,135.19,135.49,124.0,128.14,7476,0,0
2013-05-28 00:00:00,128.14,130.64,125.6,129.0,4334,0,0
2013-05-29 00:00:00,129.0,132.0,127.6,131.89,5409,0,0
2013-05-30 00:00:00,131.89,132.67,127.0,127.5,4845,0,0
2013-05-31 00:00:00,127.81,130.54,126.4,127.0,4007,0,0
2013-06-01 00:00:00,127.0,129.84,126.6,128.3,3938,0,0
2013-06-02 00:00:00,128.3,130.0,116.63,119.01,1742,0,0
2013-06-03 00:00:00,119.02,122.47,115.97,120.26,5058,0,0
2013-06-04 00:00:00,120.26,123.84,118.79,121.01,4461,0,0
2013-06-05 00:00:00,121.0,123.4,119.55,120.47,5031,0,0
2013-06-06 00:00:00,120.51,123.09,119.21,119.51,5366,0,0
2013-06-07 00:00:00,119.51,120.5,106.25,111.62,6532,0,0
2013-06-08 00:00:00,111.63,112.01,107.21,109.07,4539,0,0
2013-06-09 00:00:00,109.08,109.8,88.0,100.52,7917,0,0
2013-06-10 00:00:00,100.52,110.1,98.0,105.8,5970,0,0
2013-06-11 00:00:00,105.18,109.32,104.44,107.83,4718,0,0
2013-06-12 00:00:00,107.83,111.74,106.7,107.89,5665,0,0
2013-06-13 00:00:00,107.99,110.16,107.74,107.88,4550,0,0
2013-06-14 00:00:00,107.89,108.1,97.71,99.55,5338,0,0
2013-06-15 00:00:00,99.55,103.7,97.51,100.0,4598,0,0
2013-06-16 00:00:00,100.0,101.9,98.9,99.22,4079,0,0
2013-06-17 00:00:00,99.7,102.32,98.9,101.15,2372,0,0
2013-06-18 00:00:00,101.17,112.78,100.24,105.0,3022,0,0
2013-06-19 00:00:00,105.33,110.6,104.53,106.9,3392,0,0
2013-06-20 00:00:00,106.9,114.0,106.61,112.3,3004,0,0
2013-06-21 00:00:00,112.3,115.0,107.57,109.27,3731,0,0
2013-06-22 00:00:00,109.28,110.01,107.52,108.75,1933,0,0
2013-06-23 00:00:00,108.8,109.06,106.23,106.8,1767,0,0
2013-06-24 00:00:00,106.8,108.25,100.8,102.92,2691,0,0
2013-06-25 00:00:00,102.92,107.14,100.95,101.86,2700,0,0
2013-06-26 00:00:00,101.86,105.47,101.5,104.3,2492,0,0
2013-06-27 00:00:00,104.3,104.76,102.0,102.59,2029,0,0
2013-06-28 00:00:00,102.59,102.88,92.25,95.29,2577,0,0
2013-06-29 00:00:00,95.29,100.0,93.0,95.39,2542,0,0
2013-06-30 00:00:00,95.39,98.12,93.86,96.65,2337,0,0
2013-07-01 00:00:00,96.72,97.68,88.95,89.13,2213,0,0
2013-07-02 00:00:00,89.13,92.3,86.2,89.56,2339,0,0
2013-07-03 00:00:00,89.56,91.15,81.88,82.15,2351,0,0
2013-07-04 00:00:00,82.15,83.66,72.15,81.57,3557,0,0
2013-07-05 00:00:00,81.58,81.58,65.51,70.64,3394,0,0
2013-07-06 00:00:00,70.64,74.98,66.82,68.9,3203,0,0
2013-07-07 00:00:00,68.9,71.94,66.62,71.65,2708,0,0
2013-07-08 00:00:00,71.65,79.99,70.74,77.06,3376,0,0
2013-07-09 00:00:00,77.08,78.29,72.55,76.78,3691,0,0
2013-07-10 00:00:00,76.78,84.36,75.65,84.24,3337,0,0
2013-07-11 00:00:00,84.24,102.1,82.83,87.56,3779,0,0
2013-07-12 00:00:00,87.8,98.0,86.55,97.5,1282,0,0
2013-07-14 00:00:00,98.32,99.0,92.86,94.42,16595164,0,0
2013-07-15 00:00:00,94.34,101.94,93.11,98.89,8933154,0,0
2013-07-16 00:00:00,98.89,100.73,96.0,97.1,15306864,0,0
2013-07-17 00:00:00,96.97,100.0,96.18,98.5,5678723,0,0
2013-07-18 00:00:00,98.5,98.8,86.2,90.07,3535604,0,0
2013-07-19 00:00:00,90.08,95.2,87.6,92.0,5019207,0,0
2013-07-20 00:00:00,92.0,93.1,89.27,89.82,5982463,0,0
2013-07-21 00:00:00,89.95,92.0,88.0,92.0,3335592,0,0
2013-07-22 00:00:00,91.98,92.0,89.8,91.6,2077943,0,0
2013-07-23 00:00:00,91.6,97.13,91.6,95.56,4205817,0,0
2013-07-24 00:00:00,95.61,95.99,92.3,95.09,6184225,0,0
2013-07-25 00:00:00,95.09,97.48,93.57,96.95,5368927,0,0
2013-07-26 00:00:00,97.0,97.48,96.0,96.02,2618748,0,0
2013-07-27 00:00:00,96.02,97.0,93.0,94.4,3389248,0,0
2013-07-28 00:00:00,94.2,100.58,94.0,98.78,2963243,0,0
2013-07-29 00:00:00,98.78,102.85,98.45,101.48,3143235,0,0
2013-07-30 00:00:00,101.21,107.99,100.47,107.96,5372730,0,0
2013-07-31 00:00:00,107.26,111.65,103.55,106.21,6626179,0,0
2013-08-01 00:00:00,106.23,108.0,103.0,104.0,7944516,0,0
2013-08-02 00:00:00,104.62,108.0,101.21,104.5,5633750,0,0
2013-08-03 00:00:00,104.6,105.89,102.0,104.95,5694112,0,0
2013-08-04 00:00:00,104.9,106.0,103.5,105.12,4633485,0,0
2013-08-05 00:00:00,105.12,107.77,105.0,106.72,11539385,0,0
2013-08-06 00:00:00,106.22,107.5,95.47,106.56,3540013,0,0
2013-08-07 00:00:00,106.56,106.96,96.12,105.99,3791499,0,0
2013-08-08 00:00:00,105.99,106.65,95.26,103.05,3154605,0,0
2013-08-09 00:00:00,103.07,105.79,94.5,102.8,4937921,0,0
2013-08-10 00:00:00,102.38,103.9,102.38,103.0,7377526,0,0
2013-08-11 00:00:00,103.0,105.19,102.7,105.0,8684398,0,0
2013-08-12 00:00:00,105.0,108.12,103.5,106.81,5440503,0,0
2013-08-13 00:00:00,106.99,108.85,93.97,94.5,10508407,0,0
2013-08-14 00:00:00,94.5,98.16,94.22,98.0,14985,0,0
2013-08-15 00:00:00,98.0,98.1,96.0,96.4,13602,0,0
2013-08-16 00:00:00,96.4,96.87,95.16,96.25,9988,0,0
2013-08-17 00:00:00,96.6,97.07,95.81,97.07,1353,0,0
2013-08-18 00:00:00,97.07,97.29,96.5,97.0,658,0,0
2013-08-19 00:00:00,97.0,100.62,96.72,98.8,2198,0,0
2013-08-20 00:00:00,98.81,100.34,97.71,100.34,4858,0,0
2013-08-21 00:00:00,100.33,108.99,100.25,107.47,10286,0,0
2013-08-22 00:00:00,107.47,108.97,106.0,107.46,7808,0,0
2013-08-23 00:00:00,107.46,107.8,102.12,105.1,6311,0,0
2013-08-24 00:00:00,105.11,106.99,104.1,106.14,2902,0,0
2013-08-25 00:00:00,106.14,110.0,106.02,109.65,2735,0,0
2013-08-26 00:00:00,109.65,110.2,106.2,107.52,3481,0,0
2013-08-27 00:00:00,107.6,116.5,107.05,115.4,5481,0,0
2013-08-28 00:00:00,115.4,116.25,114.01,115.84,3606,0,0
2013-08-29 00:00:00,115.78,116.29,114.8,115.52,2871,0,0
2013-08-30 00:00:00,115.51,121.94,115.51,120.58,3289,0,0
2013-08-31 00:00:00,120.58,125.83,119.99,125.7,3996,0,0
2013-09-01 00:00:00,125.7,126.55,119.0,125.5,3497,0,0
2013-09-02 00:00:00,125.5,126.56,123.05,125.42,3526,0,0
2013-09-03 00:00:00,125.43,125.96,123.5,124.95,2341,0,0
2013-09-04 00:00:00,124.96,125.0,114.01,119.0,5063,0,0
2013-09-05 00:00:00,118.49,119.49,111.61,117.2,7939,0,0
2013-09-06 00:00:00,117.2,119.29,113.41,114.4,4152,0,0
2013-09-07 00:00:00,114.4,118.99,112.12,116.99,5425,0,0
2013-09-08 00:00:00,116.7,118.35,114.4,114.54,6034,0,0
2013-09-09 00:00:00,114.53,121.88,114.5,119.54,3779,0,0
2013-09-10 00:00:00,119.99,121.9,118.26,119.59,3807,0,0
2013-09-11 00:00:00,119.5,123.75,117.0,122.0,3203,0,0
2013-09-12 00:00:00,122.0,124.9,121.78,123.72,3220,0,0
2013-09-13 00:00:00,123.72,125.0,122.0,124.34,2945,0,0
2013-09-14 00:00:00,124.34,124.99,122.51,123.1,3142,0,0
2013-09-15 00:00:00,122.71,124.03,120.95,123.1,5138,0,0
2013-09-16 00:00:00,123.1,124.78,122.38,123.9,2536,0,0
2013-09-17 00:00:00,123.9,125.0,123.6,124.6,2163,0,0
2013-09-18 00:00:00,124.5,126.0,124.35,125.6,1616,0,0
2013-09-19 00:00:00,125.6,125.64,120.2,122.63,3246,0,0
2013-09-20 00:00:00,122.63,123.99,119.5,121.51,7863,0,0
2013-09-21 00:00:00,121.52,122.26,120.8,121.2,2949,0,0
2013-09-22 00:00:00,121.2,122.01,120.5,121.03,4572,0,0
2013-09-23 00:00:00,121.02,122.19,120.52,120.52,2873,0,0
2013-09-24 00:00:00,120.53,121.45,119.6,121.02,1340,0,0
2013-09-25 00:00:00,121.45,123.67,120.91,122.57,2069,0,0
2013-09-26 00:00:00,122.57,123.13,121.35,122.56,1722,0,0
2013-09-27 00:00:00,122.56,123.49,121.71,122.6,2278,0,0
2013-09-28 00:00:00,122.64,123.69,122.06,123.3,1444,0,0
2013-09-29 00:00:00,123.64,124.73,122.9,123.5,1451,0,0
2013-09-30 00:00:00,123.5,123.99,121.58,123.5,2262,0,0
2013-10-01 00:00:00,123.25,124.5,122.69,123.81,2060,0,0
2013-10-02 00:00:00,123.95,124.66,75.2,107.0,4271,0,0
2013-10-03 00:00:00,107.0,116.48,94.08,115.9,5559,0,0
2013-10-04 00:00:00,115.8,120.8,114.41,118.88,3010,0,0
2013-10-05 00:00:00,119.47,119.5,118.05,119.02,477,0,0
2013-10-06 00:00:00,118.83,119.42,118.22,119.0,644,0,0
2013-10-07 00:00:00,119.0,122.69,119.0,121.93,2920,0,0
2013-10-08 00:00:00,121.8,122.64,121.1,121.8,3376,0,0
2013-10-09 00:00:00,121.8,124.0,121.41,123.2,3428,0,0
2013-10-10 00:00:00,123.2,124.93,123.0,123.34,5443,0,0
2013-10-11 00:00:00,123.34,124.92,123.16,123.73,4655,0,0
2013-10-12 00:00:00,123.73,124.94,123.6,124.67,1311,0,0
2013-10-13 00:00:00,124.93,127.5,124.44,127.02,2170,0,0
2013-10-14 00:00:00,127.03,133.85,127.03,129.76,6332,0,0
2013-10-15 00:00:00,129.75,137.66,129.75,135.93,4932,0,0
2013-10-16 00:00:00,135.93,144.65,131.37,134.2,7185,0,0
2013-10-17 00:00:00,134.2,140.99,133.13,140.89,5784,0,0
2013-10-18 00:00:00,140.91,147.5,140.11,147.18,6878,0,0
2013-10-19 00:00:00,146.43,160.0,145.14,153.4,7422,0,0
2013-10-20 00:00:00,153.53,158.5,152.1,158.5,3679,0,0
2013-10-21 00:00:00,158.5,172.0,158.46,170.25,6043,0,0
2013-10-22 00:00:00,170.25,187.0,169.4,180.9,9100,0,0
2013-10-23 00:00:00,180.9,198.5,180.1,195.24,8757,0,0
2013-10-24 00:00:00,195.2,203.98,152.4,180.42,13665,0,0
2013-10-25 00:00:00,180.42,185.2,156.0,171.45,16435,0,0
2013-10-26 00:00:00,172.01,179.9,166.4,169.5,12600,0,0
2013-10-27 00:00:00,169.3,185.73,168.2,183.5,8486,0,0
2013-10-28 00:00:00,184.0,192.43,181.2,188.39,6368,0,0
2013-10-29 00:00:00,188.35,197.0,185.0,195.66,5455,0,0
2013-10-30 00:00:00,195.66,198.49,191.01,193.99,7677,0,0
2013-10-31 00:00:00,193.9,198.0,191.17,196.8,6321,0,0
2013-11-01 00:00:00,196.51,198.6,195.55,198.0,3956,0,0
2013-11-02 00:00:00,198.0,200.9,197.6,199.16,21685,0,0
2013-11-03 00:00:00,199.16,209.84,198.0,207.4,32728,0,0
2013-11-04 00:00:00,207.41,219.98,205.87,218.1,6710,0,0
2013-11-05 00:00:00,218.45,244.85,216.0,237.9,9929,0,0
2013-11-06 00:00:00,237.9,253.78,233.1,252.52,10764,0,0
2013-11-07 00:00:00,253.03,292.0,249.11,281.95,12159,0,0
2013-11-08 00:00:00,281.95,314.9,280.0,309.75,9710,0,0
2013-11-09 00:00:00,310.23,349.11,301.56,342.1,14013,0,0
2013-11-10 00:00:00,343.89,343.89,254.99,297.65,19022,0,0
2013-11-11 00:00:00,297.65,329.7,290.0,323.55,12139,0,0
2013-11-12 00:00:00,323.55,345.5,319.35,332.51,9294,0,0
2013-11-13 00:00:00,332.51,400.0,332.51,392.0,12321,0,0
2013-11-14 00:00:00,392.0,410.8,376.0,403.0,13396,0,0
2013-11-15 00:00:00,403.03,425.4,394.08,394.08,9051,0,0
2013-11-16 00:00:00,394.1,428.9,380.5,423.3,10124,0,0
2013-11-17 00:00:00,423.2,479.87,420.14,478.37,10507,0,0
2013-11-18 00:00:00,478.37,619.99,460.0,614.0,17896,0,0
2013-11-19 00:00:00,610.0,820.0,376.7,568.0,22993,0,0
2013-11-20 00:00:00,568.1,568.1,387.93,500.69,24059,0,0
2013-11-21 00:00:00,500.69,642.01,495.0,641.3,16826,0,0
2013-11-22 00:00:00,637.02,699.99,615.04,696.76,14502,0,0
2013-11-23 00:00:00,696.5,773.19,693.25,722.67,12489,0,0
2013-11-24 00:00:00,722.67,743.0,630.0,707.8,13589,0,0
2013-11-25 00:00:00,708.2,737.88,690.25,705.59,10970,0,0
2013-11-26 00:00:00,705.0,876.0,705.0,860.0,10653,0,0
2013-11-27 00:00:00,860.49,950.0,843.0,935.0,14147,0,0
2013-11-28 00:00:00,931.0,999.99,850.0,950.01,14929,0,0
2013-11-29 00:00:00,945.99,1031.0,927.0,1016.1,17109,0,0
2013-11-30 00:00:00,1016.1,1090.0,1001.0,1047.22,15342,0,0
2013-12-01 00:00:00,1047.21,1055.5,677.0,849.22,19361,0,0
2013-12-02 00:00:00,848.16,987.49,819.19,945.57,18764,0,0
2013-12-03 00:00:00,954.15,1018.0,928.1,995.01,11640,0,0
2013-12-04 00:00:00,995.0,1077.23,990.3,1074.0,10233,0,0
2013-12-05 00:00:00,1074.0,1077.23,847.99,1000.11,17702,0,0
2013-12-06 00:00:00,1000.12,1006.0,825.0,904.0,14838,0,0
2013-12-07 00:00:00,906.5,909.0,551.0,720.01,25911,0,0
2013-12-08 00:00:00,720.0,795.88,665.1,759.0,14641,0,0
2013-12-09 00:00:00,759.0,899.0,757.85,868.0,15500,0,0
2013-12-10 00:00:00,868.0,966.6,863.03,958.0,11962,0,0
2013-12-11 00:00:00,958.0,970.9,804.98,860.01,15629,0,0
2013-12-12 00:00:00,860.01,889.16,825.0,850.19,9666,0,0
2013-12-13 00:00:00,850.19,907.0,835.0,857.46,10304,0,0
2013-12-14 00:00:00,855.1,874.2,837.0,848.61,7370,0,0
2013-12-15 00:00:00,850.0,869.0,801.1,853.6,7497,0,0
2013-12-16 00:00:00,855.0,870.0,634.0,710.75,15985,0,0
2013-12-17 00:00:00,715.0,748.5,610.0,663.54,19338,0,0
2013-12-18 00:00:00,663.2,666.0,420.0,526.8,27580,0,0
2013-12-19 00:00:00,516.9,674.72,483.78,662.2,30444,0,0
2013-12-20 00:00:00,660.1,709.89,591.0,625.0,24378,0,0
2013-12-21 00:00:00,624.1,642.8,560.11,594.57,23461,0,0
2013-12-22 00:00:00,594.57,657.0,573.01,615.0,20376,0,0
2013-12-23 00:00:00,614.0,642.9,592.0,638.0,14423,0,0
2013-12-24 00:00:00,638.0,668.0,629.0,649.85,11427,0,0
2013-12-25 00:00:00,646.88,672.98,640.0,662.1,10158,0,0
2013-12-26 00:00:00,663.0,757.0,662.0,742.66,15848,0,0
2013-12-27 00:00:00,743.0,761.0,681.0,695.15,15769,0,0
2013-12-28 00:00:00,697.08,735.6,689.91,712.8,13010,0,0
2013-12-29 00:00:00,713.0,730.98,695.0,725.65,9263,0,0
2013-12-30 00:00:00,725.65,737.0,716.65,731.0,8791,0,0
2013-12-31 00:00:00,730.19,734.4,711.0,726.38,7732,0,0
2014-01-01 00:00:00,726.38,748.5,726.33,741.32,8073,0,0
2014-01-02 00:00:00,741.0,799.89,740.17,792.53,10770,0,0
2014-01-03 00:00:00,792.53,818.47,765.0,785.0,14537,0,0
2014-01-04 00:00:00,785.0,827.33,780.5,819.82,10968,0,0
2014-01-05 00:00:00,820.0,919.01,819.13,905.34,12972,0,0
2014-01-06 00:00:00,905.34,990.0,888.0,935.21,17902,0,0
2014-01-07 00:00:00,935.21,944.0,780.0,797.3,17935,0,0
2014-01-08 00:00:00,797.3,850.0,720.1,814.21,19019,0,0
2014-01-09 00:00:00,813.0,843.89,778.0,833.89,13813,0,0
2014-01-10 00:00:00,833.0,837.0,794.23,836.59,10716,0,0
2014-01-11 00:00:00,837.0,888.0,831.05,881.1,18691,0,0
2014-01-12 00:00:00,881.1,898.75,815.0,850.0,21005,0,0
2014-01-13 00:00:00,850.0,850.0,791.51,819.0,15089,0,0
2014-01-14 00:00:00,818.81,840.0,805.88,823.63,11250,0,0
2014-01-15 00:00:00,823.63,848.61,813.0,840.0,13249,0,0
2014-01-16 00:00:00,839.0,845.17,818.0,826.81,10964,0,0
2014-01-17 00:00:00,824.99,826.79,782.98,784.0,13272,0,0
2014-01-18 00:00:00,783.93,819.0,783.1,811.02,11751,0,0
2014-01-19 00:00:00,810.8,835.0,804.0,825.78,10847,0,0
2014-01-20 00:00:00,827.88,841.5,815.03,831.73,10118,0,0
2014-01-21 00:00:00,831.73,837.0,819.94,829.98,9742,0,0
2014-01-22 00:00:00,829.98,834.92,815.01,822.1,9636,0,0
2014-01-23 00:00:00,822.11,828.89,801.0,812.5,9227,0,0
2014-01-24 00:00:00,812.5,815.5,753.1,776.0,14916,0,0
2014-01-25 00:00:00,773.54,818.0,768.75,815.0,13724,0,0
2014-01-26 00:00:00,815.0,830.0,790.72,822.88,12415,0,0
2014-01-27 00:00:00,822.88,829.57,750.4,763.04,13340,0,0
2014-01-28 00:00:00,763.03,806.29,727.11,783.05,16176,0,0
2014-01-29 00:00:00,783.05,797.88,771.05,787.4,10890,0,0
2014-01-30 00:00:00,787.4,808.41,757.0,793.5,12454,0,0
2014-01-31 00:00:00,793.5,802.1,785.0,793.0,7511,0,0
2014-02-01 00:00:00,793.01,817.46,792.11,809.0,5040,0,0
2014-02-02 00:00:00,809.5,815.03,792.0,796.9,4981,0,0
2014-02-03 00:00:00,796.9,808.8,783.04,800.0,4474,0,0
2014-02-04 00:00:00,800.0,809.8,793.18,802.01,4124,0,0
2014-02-05 00:00:00,802.2,804.54,786.85,795.5,7743,0,0
2014-02-06 00:00:00,795.5,799.98,760.51,761.28,10116,0,0
2014-02-07 00:00:00,762.0,766.68,676.1,725.07,15980,0,0
2014-02-08 00:00:00,725.0,728.3,690.0,701.24,9106,0,0
2014-02-09 00:00:00,701.24,729.0,671.0,705.95,9110,0,0
2014-02-10 00:00:00,705.95,719.8,300.0,661.01,14440,0,0
2014-02-11 00:00:00,661.01,709.99,622.2,634.87,12606,0,0
2014-02-12 00:00:00,635.32,673.0,632.98,650.0,8282,0,0
2014-02-13 00:00:00,650.0,654.0,581.97,588.9,8723,0,0
2014-02-14 00:00:00,588.8,688.89,514.38,631.06,20766,0,0
2014-02-15 00:00:00,631.06,658.3,616.0,638.01,9712,0,0
2014-02-16 00:00:00,638.0,648.0,554.02,573.0,12192,0,0
2014-02-17 00:00:00,572.57,645.41,565.0,612.1,13515,0,0
2014-02-18 00:00:00,612.53,633.9,603.02,608.25,8304,0,0
2014-02-19 00:00:00,608.25,617.89,604.57,614.0,5482,0,0
2014-02-20 00:00:00,614.0,616.25,554.46,554.46,12830,0,0
2014-02-21 00:00:00,554.34,575.89,514.15,545.66,16213,0,0
2014-02-22 00:00:00,545.63,609.5,543.77,587.06,12561,0,0
2014-02-23 00:00:00,587.05,629.81,582.8,605.0,12124,0,0
2014-02-24 00:00:00,604.64,609.73,551.9,552.1,15396,0,0
2014-02-25 00:00:00,552.1,563.0,430.12,517.21,24530,0,0
2014-02-26 00:00:00,517.0,590.99,517.0,556.0,19372,0,0
2014-02-27 00:00:00,555.51,578.49,540.0,567.02,11030,0,0
2014-02-28 00:00:00,567.02,572.0,533.0,546.0,10945,0,0
2014-03-01 00:00:00,546.0,565.2,530.96,564.85,7955,0,0
2014-03-02 00:00:00,563.47,565.89,546.0,550.6,5091,0,0
2014-03-03 00:00:00,550.54,687.0,546.02,641.43,15331,0,0
2014-03-04 00:00:00,641.43,698.01,637.0,650.0,16562,0,0
2014-03-05 00:00:00,650.0,668.1,633.92,647.87,11047,0,0
2014-03-06 00:00:00,648.0,658.0,634.03,644.0,7115,0,0
2014-03-07 00:00:00,644.0,648.0,604.09,620.0,10687,0,0
2014-03-08 00:00:00,619.0,628.36,594.99,606.6,7884,0,0
2014-03-09 00:00:00,606.56,640.04,604.43,628.99,7156,0,0
2014-03-10 00:00:00,628.97,641.48,609.95,613.6,6351,0,0
2014-03-11 00:00:00,613.59,628.51,611.4,620.8,5202,0,0
2014-03-12 00:00:00,620.81,637.0,620.8,627.6,6177,0,0
2014-03-13 00:00:00,627.6,635.0,622.1,629.99,6718,0,0
2014-03-14 00:00:00,629.99,630.0,620.46,625.0,4961,0,0
2014-03-15 00:00:00,625.8,633.67,620.01,629.01,3673,0,0
2014-03-16 00:00:00,629.0,630.0,618.81,622.0,6164,0,0
2014-03-17 00:00:00,622.0,627.71,608.0,615.21,10479,0,0
2014-03-18 00:00:00,615.22,619.0,598.0,616.1,13759,0,0
2014-03-19 00:00:00,616.1,624.84,607.0,608.27,15539,0,0
2014-03-20 00:00:00,607.62,612.38,582.08,590.43,15456,0,0
2014-03-21 00:00:00,590.5,605.84,561.09,580.0,12975,0,0
2014-03-22 00:00:00,580.0,583.57,555.73,565.87,12538,0,0
2014-03-23 00:00:00,565.71,576.05,562.45,567.46,7004,0,0
2014-03-24 00:00:00,566.6,581.3,555.23,581.3,13109,0,0
2014-03-25 00:00:00,581.3,590.13,569.11,580.12,11033,0,0
2014-03-26 00:00:00,580.12,588.9,571.11,583.76,6156,0,0
2014-03-27 00:00:00,582.77,584.02,509.9,516.0,17168,0,0
2014-03-28 00:00:00,516.98,529.37,472.0,492.52,15869,0,0
2014-03-29 00:00:00,492.8,506.92,492.52,500.0,4759,0,0
2014-03-30 00:00:00,498.1,500.34,450.01,456.3,22562,0,0
2014-03-31 00:00:00,456.31,487.5,446.2,455.26,14592,0,0
2014-04-01 00:00:00,455.26,500.0,454.5,482.07,15865,0,0
2014-04-02 00:00:00,481.93,498.5,422.37,432.06,21048,0,0
2014-04-03 00:00:00,432.07,453.0,410.0,445.1,21399,0,0
2014-04-04 00:00:00,445.1,456.81,423.19,445.53,13563,0,0
2014-04-05 00:00:00,445.52,458.0,441.98,453.6,14611,0,0
2014-04-06 00:00:00,453.6,471.23,449.08,458.97,12909,0,0
2014-04-07 00:00:00,458.97,464.0,438.13,442.03,13661,0,0
2014-04-08 00:00:00,442.03,454.7,441.25,443.19,10483,0,0
2014-04-09 00:00:00,443.04,451.0,435.5,437.93,9078,0,0
2014-04-10 00:00:00,437.98,439.7,375.0,377.99,18808,0,0
2014-04-11 00:00:00,377.5,435.0,342.8,417.55,25960,0,0
2014-04-12 00:00:00,417.24,439.99,408.66,419.01,17957,0,0
2014-04-13 00:00:00,419.01,425.52,382.42,400.86,13072,0,0
2014-04-14 00:00:00,400.83,468.0,396.57,455.0,15070,0,0
2014-04-15 00:00:00,448.46,528.53,444.1,515.0,8924,0,0
2014-04-16 00:00:00,516.16,540.7,480.17,523.99,8802,0,0
2014-04-17 00:00:00,523.27,531.88,462.89,482.01,7199,0,0
2014-04-18 00:00:00,482.0,486.88,453.69,467.93,4761,0,0
2014-04-20 00:00:00,484.29,490.99,480.18,486.53,503,0,0
2014-04-21 00:00:00,485.79,500.99,474.1,480.65,3790,0,0
2014-04-22 00:00:00,481.07,486.99,463.22,469.0,4028,0,0
2014-04-23 00:00:00,470.0,478.54,468.5,476.89,2732,0,0
2014-04-24 00:00:00,474.0,492.0,467.37,489.63,3512,0,0
2014-04-25 00:00:00,489.66,492.53,428.68,449.29,6714,0,0
2014-04-27 00:00:00,428.27,432.3,422.35,422.35,496,0,0
2014-04-28 00:00:00,422.33,434.48,409.94,425.06,5032,0,0
2014-04-29 00:00:00,425.06,439.68,420.0,434.6,4650,0,0
2014-04-30 00:00:00,434.6,440.0,424.96,435.01,4233,0,0
2014-05-01 00:00:00,434.86,450.55,434.5,444.19,4387,0,0
2014-05-02 00:00:00,444.19,445.99,426.0,432.36,3254,0,0
2014-05-04 00:00:00,423.28,425.89,422.19,423.91,130,0,0
2014-05-05 00:00:00,425.99,428.46,418.77,421.08,2823,0,0
2014-05-06 00:00:00,421.08,425.0,408.39,418.0,3962,0,0
2014-05-07 00:00:00,417.92,433.99,412.67,425.24,3727,0,0
2014-05-08 00:00:00,427.0,432.99,423.39,425.2,2720,0,0
2014-05-09 00:00:00,425.1,440.79,423.5,435.11,2556,0,0
2014-05-11 00:00:00,428.69,430.0,427.0,429.56,280,0,0
2014-05-12 00:00:00,429.71,434.03,425.0,430.95,2487,0,0
2014-05-13 00:00:00,430.93,434.97,427.12,429.82,2616,0,0
2014-05-14 00:00:00,429.83,436.41,428.13,432.69,2427,0,0
2014-05-15 00:00:00,432.54,438.9,431.01,435.65,2495,0,0
2014-05-16 00:00:00,436.8,437.99,432.0,437.75,2215,0,0
2014-05-18 00:00:00,436.81,437.55,436.0,436.43,198,0,0
2014-05-19 00:00:00,436.43,438.8,432.29,434.85,1802,0,0
2014-05-20 00:00:00,434.88,483.37,433.72,474.47,5843,0,0
2014-05-21 00:00:00,475.36,484.99,471.12,475.94,3169,0,0
2014-05-22 00:00:00,475.94,519.98,473.99,518.2,5353,0,0
2014-05-23 00:00:00,519.05,536.59,505.11,514.51,5969,0,0
2014-05-25 00:00:00,562.87,563.99,555.1,561.5,371,0,0
2014-05-26 00:00:00,561.5,588.0,555.45,573.0,5398,0,0
2014-05-27 00:00:00,571.76,581.75,537.01,556.6,6424,0,0
2014-05-28 00:00:00,558.5,566.2,546.0,559.58,4175,0,0
2014-05-29 00:00:00,559.55,561.0,540.22,552.26,3286,0,0
2014-05-30 00:00:00,553.48,604.02,552.01,598.85,5645,0,0
2014-06-01 00:00:00,638.97,648.49,618.82,624.43,1080,0,0
2014-06-02 00:00:00,623.55,651.8,598.0,644.0,7738,0,0
2014-06-03 00:00:00,644.0,664.0,632.45,651.89,5934,0,0
2014-06-04 00:00:00,651.89,656.64,602.0,623.07,6745,0,0
2014-06-05 00:00:00,622.5,653.0,622.1,643.31,4389,0,0
2014-06-06 00:00:00,643.31,645.89,632.01,634.0,3144,0,0
2014-06-08 00:00:00,638.83,645.09,638.82,641.54,421,0,0
2014-06-09 00:00:00,641.54,644.99,627.0,636.23,3257,0,0
2014-06-10 00:00:00,634.91,644.99,630.0,641.1,3090,0,0
2014-06-11 00:00:00,639.25,645.88,617.0,620.29,3799,0,0
2014-06-12 00:00:00,618.55,628.66,557.0,573.6,6476,0,0
2014-06-13 00:00:00,573.0,608.5,572.0,583.7,5922,0,0
2014-06-15 00:00:00,568.0,589.0,565.93,589.0,772,0,0
2014-06-16 00:00:00,588.78,600.0,575.0,582.16,5453,0,0
2014-06-17 00:00:00,582.16,601.1,580.02,599.33,3991,0,0
2014-06-18 00:00:00,600.0,606.98,585.54,595.07,3593,0,0
2014-06-19 00:00:00,596.49,601.48,582.16,584.25,3367,0,0
2014-06-20 00:00:00,583.01,589.0,575.96,581.04,3021,0,0
2014-06-22 00:00:00,588.33,593.0,588.33,591.09,159,0,0
2014-06-23 00:00:00,590.49,592.48,574.33,580.45,3318,0,0
2014-06-24 00:00:00,580.59,582.83,563.76,566.58,2700,0,0
2014-06-25 00:00:00,567.15,571.99,552.01,555.4,5133,0,0
2014-06-26 00:00:00,555.4,575.17,554.0,573.81,3283,0,0
2014-06-27 00:00:00,573.81,585.98,570.0,577.1,3229,0,0
2014-06-29 00:00:00,586.5,595.9,585.18,592.0,354,0,0
2014-06-30 00:00:00,592.0,643.89,590.01,634.57,6918,0,0
2014-07-01 00:00:00,634.57,651.1,619.34,626.33,5072,0,0
2014-07-02 00:00:00,624.64,644.79,622.0,638.1,5290,0,0
2014-07-03 00:00:00,638.1,640.7,625.04,631.59,3317,0,0
2014-07-04 00:00:00,631.45,636.6,619.27,623.7,3058,0,0
2014-07-06 00:00:00,627.71,628.04,625.04,627.0,249,0,0
2014-07-07 00:00:00,627.31,629.99,607.01,614.1,4161,0,0
2014-07-08 00:00:00,613.62,617.71,608.0,612.64,2858,0,0
2014-07-09 00:00:00,611.9,616.35,608.78,612.59,2890,0,0
2014-07-10 00:00:00,612.5,615.54,600.7,606.57,3695,0,0
2014-07-11 00:00:00,606.53,623.14,602.0,620.0,2695,0,0
2014-07-13 00:00:00,618.08,620.49,616.66,618.66,234,0,0
2014-07-14 00:00:00,618.0,619.89,608.0,612.4,2413,0,0
2014-07-15 00:00:00,612.4,616.12,609.46,611.66,2030,0,0
2014-07-16 00:00:00,611.98,614.99,606.5,608.19,2158,0,0
2014-07-17 00:00:00,607.96,619.99,602.0,613.9,2689,0,0
2014-07-18 00:00:00,613.93,617.5,608.02,613.46,1730,0,0
2014-07-20 00:00:00,609.52,612.52,609.52,610.54,127,0,0
2014-07-21 00:00:00,610.54,613.19,608.45,610.51,1684,0,0
2014-07-22 00:00:00,610.51,613.38,608.3,610.53,1846,0,0
2014-07-23 00:00:00,610.08,612.53,606.0,607.86,1446,0,0
2014-07-24 00:00:00,607.0,610.32,575.31,590.03,3962,0,0
2014-07-25 00:00:00,590.03,599.21,582.0,590.69,3028,0,0
2014-07-27 00:00:00,582.74,583.49,579.1,583.48,217,0,0
2014-07-28 00:00:00,581.5,583.48,558.99,575.31,3941,0,0
2014-07-29 00:00:00,574.51,578.83,569.16,572.51,3113,0,0
2014-07-30 00:00:00,572.52,576.88,552.0,556.87,4290,0,0
2014-07-31 00:00:00,559.0,581.78,552.13,573.44,4105,0,0
2014-08-01 00:00:00,573.37,594.99,572.0,585.0,2315,0,0
2014-08-03 00:00:00,577.0,579.39,575.55,576.0,226,0,0
2014-08-04 00:00:00,576.0,585.5,573.0,576.49,2678,0,0
2014-08-05 00:00:00,576.49,579.76,571.76,575.48,3489,0,0
2014-08-06 00:00:00,575.48,581.16,569.18,576.42,1990,0,0
2014-08-07 00:00:00,575.67,585.4,575.0,581.22,2521,0,0
2014-08-08 00:00:00,581.28,591.99,580.4,586.79,2828,0,0
2014-08-10 00:00:00,581.31,583.7,581.0,583.1,127,0,0
2014-08-11 00:00:00,583.1,584.71,563.31,569.0,3244,0,0
2014-08-12 00:00:00,568.26,571.96,557.94,562.83,3872,0,0
2014-08-13 00:00:00,562.84,567.0,520.0,534.4,7575,0,0
2014-08-14 00:00:00,535.41,536.21,488.13,502.87,8511,0,0
2014-08-15 00:00:00,502.87,513.99,480.6,485.88,6112,0,0
2014-08-17 00:00:00,477.2,489.59,476.95,484.1,1079,0,0
2014-08-18 00:00:00,484.0,494.0,319.96,437.03,11791,0,0
2014-08-19 00:00:00,436.0,483.0,424.13,475.06,9106,0,0
2014-08-20 00:00:00,475.07,515.66,452.55,503.72,8595,0,0
2014-08-21 00:00:00,503.72,525.92,499.0,505.32,7731,0,0
2014-08-22 00:00:00,505.32,516.09,488.11,509.02,5428,0,0
2014-08-24 00:00:00,501.37,504.99,499.8,500.5,273,0,0
2014-08-25 00:00:00,500.5,502.85,489.84,495.21,3738,0,0
2014-08-26 00:00:00,495.22,509.87,495.0,506.62,3641,0,0
2014-08-27 00:00:00,506.62,514.85,502.0,503.25,4627,0,0
2014-08-28 00:00:00,503.62,509.21,495.08,499.6,3724,0,0
2014-08-29 00:00:00,499.61,504.26,492.6,501.58,2981,0,0
2014-08-31 00:00:00,473.88,478.94,472.16,472.89,430,0,0
2014-09-01 00:00:00,472.9,485.0,466.47,469.65,4028,0,0
2014-09-02 00:00:00,469.42,478.87,461.95,469.0,3563,0,0
2014-09-03 00:00:00,469.0,472.99,466.01,466.35,2440,0,0
2014-09-04 00:00:00,466.35,490.62,458.13,484.1,3200,0,0
2014-09-05 00:00:00,484.1,484.1,474.23,475.52,1600,0,0
2014-09-07 00:00:00,473.57,476.99,472.27,474.85,237,0,0
2014-09-08 00:00:00,474.85,475.98,457.1,468.4,4833,0,0
2014-09-09 00:00:00,468.99,469.97,456.0,462.56,3431,0,0
2014-09-10 00:00:00,462.56,480.0,462.0,470.47,3476,0,0
2014-09-11 00:00:00,470.47,475.7,464.0,469.5,2673,0,0
2014-09-12 00:00:00,469.5,469.99,461.53,466.19,2647,0,0
2014-09-14 00:00:00,466.62,466.89,464.5,466.48,351,0,0
2014-09-15 00:00:00,466.54,466.99,461.54,462.37,2918,0,0
2014-09-16 00:00:00,462.01,464.54,449.25,452.0,3898,0,0
2014-09-17 00:00:00,453.34,456.06,431.07,442.94,4334,0,0
2014-09-18 00:00:00,441.97,444.99,387.32,412.1,8576,0,0
2014-09-19 00:00:00,412.16,418.48,367.0,380.71,7609,0,0
2014-09-21 00:00:00,377.89,382.26,373.26,381.1,599,0,0
2014-09-22 00:00:00,381.1,394.89,377.03,383.94,3887,0,0
2014-09-23 00:00:00,383.2,443.04,378.0,422.31,5595,0,0
2014-09-24 00:00:00,422.5,426.44,403.8,407.55,4208,0,0
2014-09-25 00:00:00,406.91,408.17,392.12,398.5,3379,0,0
2014-09-26 00:00:00,398.9,409.16,385.0,392.02,2929,0,0
2014-09-28 00:00:00,371.23,371.87,361.6,366.25,849,0,0
2014-09-29 00:00:00,366.18,382.41,357.74,365.81,5228,0,0
2014-09-30 00:00:00,365.81,385.8,361.04,377.3,4100,0,0
2014-10-01 00:00:00,377.29,381.98,369.1,371.69,3106,0,0
2014-10-02 00:00:00,371.34,375.63,360.01,363.06,2692,0,0
2014-10-03 00:00:00,364.0,366.03,339.0,340.0,3218,0,0
2014-10-05 00:00:00,301.05,320.6,292.3,312.88,1336,0,0
2014-10-06 00:00:00,312.88,339.99,296.44,322.0,8403,0,0
2014-10-07 00:00:00,321.94,334.49,310.11,327.0,5798,0,0
2014-10-08 00:00:00,327.0,350.0,320.59,348.22,5152,0,0
2014-10-09 00:00:00,348.0,378.75,340.02,357.9,7239,0,0
2014-10-10 00:00:00,357.71,367.77,343.11,347.93,4879,0,0
2014-10-12 00:00:00,363.25,375.11,363.06,372.42,1212,0,0
2014-10-13 00:00:00,372.0,389.61,359.11,382.0,7309,0,0
2014-10-14 00:00:00,382.02,405.0,380.47,394.12,7106,0,0
2014-10-15 00:00:00,394.0,394.37,377.2,384.04,5031,0,0
2014-10-16 00:00:00,384.04,388.49,359.0,373.33,6094,0,0
2014-10-17 00:00:00,373.33,378.0,364.76,374.6,3296,0,0
2014-10-19 00:00:00,380.0,382.74,378.61,379.38,448,0,0
2014-10-20 00:00:00,379.39,382.0,369.15,373.85,3821,0,0
2014-10-21 00:00:00,373.85,382.5,370.4,378.0,3786,0,0
2014-10-22 00:00:00,378.99,379.99,371.89,374.07,3260,0,0
2014-10-23 00:00:00,373.86,375.97,348.0,351.16,5365,0,0
2014-10-24 00:00:00,351.16,356.98,346.11,349.29,4059,0,0
2014-10-26 00:00:00,347.61,349.29,346.17,346.7,556,0,0
2014-10-27 00:00:00,346.7,351.92,339.2,344.87,5258,0,0
2014-10-28 00:00:00,345.01,352.87,343.7,346.6,3311,0,0
2014-10-29 00:00:00,346.6,347.36,325.71,326.66,4338,0,0
2014-10-30 00:00:00,326.67,349.0,324.8,337.77,4887,0,0
2014-10-31 00:00:00,337.77,342.19,329.0,334.07,3774,0,0
2014-11-02 00:00:00,321.86,322.66,320.51,320.84,245,0,0
2014-11-03 00:00:00,320.77,331.99,317.2,318.61,5180,0,0
2014-11-04 00:00:00,317.57,325.12,315.01,322.12,4512,0,0
2014-11-05 00:00:00,322.13,335.99,321.55,331.88,4549,0,0
2014-11-06 00:00:00,331.88,345.35,329.1,341.0,4172,0,0
2014-11-07 00:00:00,341.0,347.0,334.01,336.6,4234,0,0
2014-11-09 00:00:00,353.11,360.4,351.42,359.1,575,0,0
2014-11-10 00:00:00,359.1,371.6,353.1,360.02,5558,0,0
2014-11-11 00:00:00,360.01,369.67,355.0,360.44,4379,0,0
2014-11-12 00:00:00,360.45,426.0,360.44,418.0,9497,0,0
2014-11-13 00:00:00,419.1,451.1,382.1,409.99,11883,0,0
2014-11-14 00:00:00,409.44,411.0,374.98,387.91,8277,0,0
2014-11-16 00:00:00,378.24,382.0,376.24,381.05,540,0,0
2014-11-17 00:00:00,381.02,402.94,370.02,378.84,6674,0,0
2014-11-18 00:00:00,379.26,385.58,364.43,366.01,5796,0,0
2014-11-19 00:00:00,366.4,383.34,365.51,373.0,4567,0,0
2014-11-20 00:00:00,373.0,374.91,349.56,352.37,4952,0,0
2014-11-21 00:00:00,351.82,353.54,336.61,345.0,5835,0,0
2014-11-23 00:00:00,362.25,365.73,358.55,360.94,722,0,0
2014-11-24 00:00:00,360.54,382.81,359.66,370.29,5508,0,0
2014-11-25 00:00:00,370.48,385.99,364.92,368.1,5474,0,0
2014-11-26 00:00:00,368.1,371.79,358.05,360.91,4073,0,0
2014-11-27 00:00:00,360.9,366.99,359.0,362.98,3817,0,0
2014-11-28 00:00:00,362.66,377.91,351.0,373.0,4342,0,0
2014-11-30 00:00:00,370.98,372.29,369.0,371.29,289,0,0
2014-12-01 00:00:00,371.29,379.36,370.0,374.04,4283,0,0
2014-12-02 00:00:00,373.5,378.91,369.1,374.5,3832,0,0
2014-12-03 00:00:00,374.5,375.8,364.5,366.53,4383,0,0
2014-12-04 00:00:00,366.53,370.99,359.01,359.64,3792,0,0
2014-12-05 00:00:00,360.09,369.89,357.36,368.0,3162,0,0
2014-12-07 00:00:00,364.94,366.18,364.5,364.5,120,0,0
2014-12-08 00:00:00,364.5,365.99,352.34,352.9,4106,0,0
2014-12-09 00:00:00,352.34,354.99,334.29,342.92,6060,0,0
2014-12-10 00:00:00,342.91,344.87,336.97,336.97,3797,0,0
2014-12-11 00:00:00,336.17,353.0,329.51,337.06,6303,0,0
2014-12-12 00:00:00,337.08,346.65,337.05,344.24,3841,0,0
2014-12-14 00:00:00,341.34,341.89,338.34,339.79,671,0,0
2014-12-15 00:00:00,339.85,341.0,332.06,334.88,5071,0,0
2014-12-16 00:00:00,334.88,335.61,316.5,317.29,5670,0,0
2014-12-17 00:00:00,317.35,325.99,309.79,315.3,5848,0,0
2014-12-18 00:00:00,316.11,319.12,301.05,308.31,7648,0,0
2014-12-19 00:00:00,311.0,314.49,301.6,310.9,4633,0,0
2014-12-21 00:00:00,313.13,315.98,311.9,314.0,530,0,0
2014-12-22 00:00:00,314.0,329.03,312.99,325.55,4927,0,0
2014-12-23 00:00:00,325.99,331.45,323.0,327.0,4691,0,0
2014-12-24 00:00:00,327.0,327.9,321.0,321.55,2723,0,0
2014-12-26 00:00:00,314.04,325.7,311.7,322.71,4624,0,0
2014-12-28 00:00:00,308.61,311.18,308.61,310.66,399,0,0
2014-12-29 00:00:00,310.66,313.99,306.99,307.5,4851,0,0
2014-12-30 00:00:00,308.33,310.79,304.35,305.66,4066,0,0
2014-12-31 00:00:00,305.46,311.99,304.42,310.59,3693,0,0
2015-01-01 00:00:00,309.69,309.69,307.97,309.25,112,0,0
2015-01-02 00:00:00,308.0,312.39,307.97,309.72,2532,0,0
2015-01-04 00:00:00,263.23,263.92,259.0,262.38,776,0,0
2015-01-05 00:00:00,262.17,276.5,261.75,268.86,7693,0,0
2015-01-06 00:00:00,268.46,282.99,267.0,281.1,6321,0,0
2015-01-07 00:00:00,281.11,297.78,278.16,290.52,5445,0,0
2015-01-08 00:00:00,290.51,290.91,279.05,279.1,6186,0,0
2015-01-09 00:00:00,279.5,288.5,274.1,280.29,5016,0,0
2015-01-11 00:00:00,260.35,263.17,257.87,259.95,791,0,0
2015-01-12 00:00:00,259.5,266.34,254.2,260.93,7218,0,0
2015-01-13 00:00:00,260.88,262.0,208.99,217.68,14253,0,0
2015-01-14 00:00:00,217.66,217.67,159.68,166.99,18469,0,0
2015-01-15 00:00:00,166.43,223.21,164.94,204.32,17535,0,0
2015-01-16 00:00:00,204.34,216.76,193.0,201.87,11626,0,0
2015-01-18 00:00:00,201.3,203.8,200.84,203.18,661,0,0
2015-01-19 00:00:00,203.1,212.19,201.98,207.86,8199,0,0
2015-01-20 00:00:00,207.85,208.49,200.32,205.18,6024,0,0
2015-01-21 00:00:00,205.18,221.99,204.87,220.23,6588,0,0
2015-01-22 00:00:00,220.34,230.86,219.15,225.71,8334,0,0
2015-01-23 00:00:00,225.71,227.65,218.01,226.84,5228,0,0
2015-01-25 00:00:00,243.96,247.99,243.0,247.0,928,0,0
2015-01-26 00:00:00,246.99,301.0,246.44,258.3,13983,0,0
2015-01-27 00:00:00,260.25,262.68,238.0,251.58,10092,0,0
2015-01-28 00:00:00,250.92,254.37,211.0,221.29,9649,0,0
2015-01-29 00:00:00,221.41,232.52,212.07,225.41,9533,0,0
2015-01-30 00:00:00,225.41,233.99,217.36,220.81,7008,0,0
2015-02-01 00:00:00,224.3,225.79,219.06,220.57,815,0,0
2015-02-02 00:00:00,220.49,225.84,217.18,219.89,6631,0,0
2015-02-03 00:00:00,231.66,239.44,219.6,222.52,9911,0,0
2015-02-04 00:00:00,222.52,226.47,216.8,223.05,6948,0,0
2015-02-05 00:00:00,223.05,223.99,210.36,213.75,5682,0,0
2015-02-06 00:00:00,213.36,221.98,212.16,218.66,5510,0,0
2015-02-08 00:00:00,219.45,220.4,219.0,219.61,312,0,0
2015-02-09 00:00:00,219.61,221.29,212.57,217.7,5026,0,0
2015-02-10 00:00:00,218.0,219.8,212.0,216.48,6077,0,0
2015-02-11 00:00:00,216.48,219.98,213.74,215.7,4487,0,0
2015-02-12 00:00:00,215.72,217.99,213.39,217.25,3538,0,0
2015-02-13 00:00:00,216.76,234.94,215.61,230.25,6829,0,0
2015-02-15 00:00:00,228.2,231.1,226.56,230.53,530,0,0
2015-02-16 00:00:00,230.54,236.2,223.26,233.76,6688,0,0
2015-02-17 00:00:00,229.3,242.0,228.86,238.02,6272,0,0
2015-02-18 00:00:00,238.02,240.74,227.01,232.17,5302,0,0
2015-02-19 00:00:00,232.0,237.97,230.06,234.26,4276,0,0
2015-02-20 00:00:00,234.23,240.49,230.67,236.79,5764,0,0
2015-02-22 00:00:00,228.22,229.4,226.55,229.22,377,0,0
2015-02-23 00:00:00,229.22,232.94,223.98,232.06,4575,0,0
2015-02-24 00:00:00,231.9,232.98,226.77,231.1,4264,0,0
2015-02-25 00:00:00,231.1,231.75,227.78,229.98,3217,0,0
2015-02-26 00:00:00,230.02,231.14,227.08,229.69,3304,0,0
2015-02-27 00:00:00,229.8,251.19,229.54,248.06,7027,0,0
2015-03-01 00:00:00,250.0,254.18,248.39,251.68,1027,0,0
2015-03-02 00:00:00,250.72,267.51,246.93,266.6,6015,0,0
2015-03-03 00:00:00,267.48,281.99,261.0,276.26,8083,0,0
2015-03-04 00:00:00,276.3,279.44,260.49,267.0,7170,0,0
2015-03-05 00:00:00,267.0,275.03,257.99,270.48,7054,0,0
2015-03-06 00:00:00,270.48,274.31,265.01,269.56,4729,0,0
2015-03-08 00:00:00,270.14,271.7,269.3,270.62,161,0,0
2015-03-09 00:00:00,270.51,288.89,269.71,286.6,5465,0,0
2015-03-10 00:00:00,284.6,297.99,284.0,286.82,7043,0,0
2015-03-11 00:00:00,286.38,293.55,284.05,293.11,5723,0,0
2015-03-12 00:00:00,292.8,293.8,289.0,289.52,3471,0,0
2015-03-13 00:00:00,289.99,290.43,284.0,284.76,3861,0,0
2015-03-15 00:00:00,280.18,280.76,278.12,279.73,272,0,0
2015-03-16 00:00:00,279.73,289.96,279.37,285.16,4777,0,0
2015-03-17 00:00:00,285.83,288.29,278.77,280.38,3767,0,0
2015-03-18 00:00:00,280.0,281.36,243.0,250.33,8172,0,0
2015-03-19 00:00:00,250.34,259.0,242.0,255.15,7871,0,0
2015-03-20 00:00:00,255.01,259.9,253.0,255.41,4229,0,0
2015-03-22 00:00:00,265.1,267.99,264.1,265.13,721,0,0
2015-03-23 00:00:00,265.13,268.7,256.1,262.83,4131,0,0
2015-03-24 00:00:00,262.32,264.09,242.29,244.63,6389,0,0
2015-03-25 00:00:00,244.73,248.45,234.4,245.05,6388,0,0
2015-03-26 00:00:00,244.89,251.91,240.0,243.02,5668,0,0
2015-03-27 00:00:00,243.34,247.0,241.94,245.0,3278,0,0
2015-03-29 00:00:00,236.52,239.38,235.0,239.07,870,0,0
2015-03-30 00:00:00,239.07,246.32,233.08,244.06,5315,0,0
2015-03-31 00:00:00,243.95,246.78,237.18,240.01,5151,0,0
2015-04-01 00:00:00,240.01,243.72,236.1,242.18,4803,0,0
2015-04-02 00:00:00,243.3,252.25,237.97,247.61,5171,0,0
2015-04-03 00:00:00,247.61,251.83,247.0,250.54,3548,0,0
2015-04-05 00:00:00,252.05,256.44,252.05,255.25,510,0,0
2015-04-06 00:00:00,255.25,257.52,246.99,248.99,4204,0,0
2015-04-07 00:00:00,248.97,250.29,242.46,247.71,5257,0,0
2015-04-08 00:00:00,247.71,249.5,240.0,241.49,4741,0,0
2015-04-09 00:00:00,241.49,243.37,235.0,240.6,4044,0,0
2015-04-10 00:00:00,240.6,241.04,228.0,230.58,4730,0,0
2015-04-12 00:00:00,231.41,232.58,230.67,231.63,356,0,0
2015-04-13 00:00:00,231.54,233.4,218.28,219.36,4498,0,0
2015-04-14 00:00:00,219.33,221.74,212.98,215.85,5463,0,0
2015-04-15 00:00:00,215.85,221.85,215.07,221.68,4466,0,0
2015-04-16 00:00:00,221.54,227.04,221.25,225.57,4113,0,0
2015-04-17 00:00:00,225.1,226.03,218.43,220.41,3425,0,0
2015-04-19 00:00:00,219.33,220.54,218.46,219.38,447,0,0
2015-04-20 00:00:00,219.38,223.4,218.51,221.13,3142,0,0
2015-04-21 00:00:00,221.13,231.83,219.35,230.8,4042,0,0
2015-04-22 00:00:00,230.9,235.56,229.11,230.41,5086,0,0
2015-04-23 00:00:00,230.38,233.03,229.12,231.86,4011,0,0
2015-04-24 00:00:00,231.76,232.86,226.0,229.0,4171,0,0
2015-04-26 00:00:00,216.62,216.88,214.0,215.46,545,0,0
2015-04-27 00:00:00,215.46,241.5,214.36,230.2,10232,0,0
2015-04-28 00:00:00,232.62,232.99,223.0,227.64,6208,0,0
2015-04-29 00:00:00,227.64,229.01,224.04,226.33,3866,0,0
2015-04-30 00:00:00,226.39,242.82,225.22,236.46,5212,0,0
2015-05-01 00:00:00,236.46,239.55,232.92,234.0,3416,0,0
2015-05-03 00:00:00,240.18,240.63,238.7,239.7,501,0,0
2015-05-04 00:00:00,239.83,242.04,236.15,237.02,3802,0,0
2015-05-05 00:00:00,237.14,237.91,231.72,235.89,3088,0,0
2015-05-06 00:00:00,236.99,236.99,229.1,230.67,4043,0,0
2015-05-07 00:00:00,230.59,238.88,229.5,235.94,4539,0,0
2015-05-08 00:00:00,235.94,243.99,234.99,243.13,3352,0,0
2015-05-10 00:00:00,238.84,240.07,238.8,239.21,457,0,0
2015-05-11 00:00:00,239.21,242.84,238.7,240.99,4334,0,0
2015-05-12 00:00:00,241.01,242.35,237.99,239.51,3237,0,0
2015-05-13 00:00:00,239.33,242.5,234.13,235.84,4617,0,0
2015-05-14 00:00:00,235.93,238.0,232.35,235.51,3505,0,0
2015-05-15 00:00:00,235.66,238.11,235.15,236.19,2640,0,0
2015-05-17 00:00:00,234.33,235.7,234.04,235.26,302,0,0
2015-05-18 00:00:00,235.26,236.44,230.58,231.69,2882,0,0
2015-05-19 00:00:00,231.6,233.84,230.82,231.75,3342,0,0
2015-05-20 00:00:00,231.3,234.8,230.5,233.43,3001,0,0
2015-05-21 00:00:00,233.43,236.2,232.29,234.04,3084,0,0
2015-05-22 00:00:00,234.04,241.47,234.0,240.05,3844,0,0
2015-05-24 00:00:00,241.1,241.84,241.02,241.03,355,0,0
2015-05-25 00:00:00,241.03,242.01,235.82,237.29,3784,0,0
2015-05-26 00:00:00,237.29,239.32,235.21,236.99,3804,0,0
2015-05-27 00:00:00,237.03,239.0,236.52,237.91,3293,0,0
2015-05-28 00:00:00,237.94,238.99,236.68,238.0,2354,0,0
2015-05-29 00:00:00,238.0,238.83,236.1,236.83,2446,0,0
2015-05-31 00:00:00,230.7,231.59,229.0,230.04,869,0,0
2015-06-01 00:00:00,230.01,231.61,221.04,222.7,5058,0,0
2015-06-02 00:00:00,222.7,227.87,222.7,225.88,4256,0,0
2015-06-03 00:00:00,225.88,228.13,225.0,226.46,3181,0,0
2015-06-04 00:00:00,226.46,227.49,223.45,224.92,2703,0,0
2015-06-05 00:00:00,224.92,226.99,223.12,225.1,2524,0,0
2015-06-07 00:00:00,224.89,224.95,224.1,224.24,182,0,0
2015-06-08 00:00:00,224.1,229.65,223.66,227.53,3126,0,0
2015-06-09 00:00:00,227.8,231.53,226.59,228.72,3597,0,0
2015-06-10 00:00:00,229.0,231.06,228.19,229.19,2572,0,0
2015-06-11 00:00:00,229.04,230.8,228.79,229.79,2398,0,0
2015-06-12 00:00:00,229.79,232.1,229.3,230.83,2038,0,0
2015-06-14 00:00:00,233.3,233.75,232.5,233.48,334,0,0
2015-06-15 00:00:00,233.32,238.52,233.3,235.98,3677,0,0
2015-06-16 00:00:00,235.98,252.36,235.1,249.0,7532,0,0
2015-06-17 00:00:00,248.95,255.32,243.9,247.38,9314,0,0
2015-06-18 00:00:00,247.4,251.0,243.01,247.02,5492,0,0
2015-06-19 00:00:00,247.02,248.99,241.16,242.24,5168,0,0
2015-06-21 00:00:00,241.26,243.79,240.04,243.29,491,0,0
2015-06-22 00:00:00,243.29,248.23,242.3,246.69,4271,0,0
2015-06-23 00:00:00,246.17,246.84,241.51,243.05,3622,0,0
2015-06-24 00:00:00,243.03,245.0,239.1,239.57,5078,0,0
2015-06-25 00:00:00,239.5,244.3,239.2,242.69,4374,0,0
2015-06-26 00:00:00,242.26,243.53,240.0,241.27,2173,0,0
2015-06-28 00:00:00,245.0,245.99,244.79,245.76,208,0,0
2015-06-29 00:00:00,245.75,256.4,245.67,254.9,6629,0,0
2015-06-30 00:00:00,254.9,268.3,254.22,260.74,8386,0,0
2015-07-01 00:00:00,260.82,263.0,253.35,255.54,5516,0,0
2015-07-02 00:00:00,255.19,258.94,252.5,253.0,4841,0,0
2015-07-03 00:00:00,253.0,254.81,251.5,252.54,3599,0,0
2015-07-05 00:00:00,264.2,268.56,262.43,267.28,1356,0,0
2015-07-06 00:00:00,266.52,271.0,262.12,264.37,8865,0,0
2015-07-07 00:00:00,264.2,266.12,259.01,261.78,6724,0,0
2015-07-08 00:00:00,261.5,269.99,260.64,266.0,6812,0,0
2015-07-09 00:00:00,266.21,269.89,262.11,263.34,9052,0,0
2015-07-10 00:00:00,263.23,297.75,262.2,283.0,12813,0,0
2015-07-12 00:00:00,304.14,307.44,302.06,306.14,692,0,0
2015-07-13 00:00:00,306.16,306.16,269.0,285.63,11007,0,0
2015-07-14 00:00:00,285.75,291.96,281.0,282.06,5431,0,0
2015-07-15 00:00:00,282.2,288.02,276.03,278.0,5500,0,0
2015-07-16 00:00:00,278.0,285.8,270.0,274.33,8507,0,0
2015-07-17 00:00:00,274.33,278.25,268.08,273.0,6221,0,0
2015-07-19 00:00:00,267.88,267.91,263.2,265.16,761,0,0
2015-07-20 00:00:00,265.46,273.85,264.52,273.0,3485,0,0
2015-07-21 00:00:00,273.0,277.25,267.93,268.89,4567,0,0
2015-07-22 00:00:00,268.89,273.73,267.66,270.97,4217,0,0
2015-07-23 00:00:00,270.97,272.99,269.38,271.15,2637,0,0
2015-07-24 00:00:00,269.46,287.67,269.46,283.31,5252,0,0
2015-07-26 00:00:00,285.35,286.41,284.7,284.75,288,0,0
2015-07-27 00:00:00,285.09,287.3,279.5,284.84,4453,0,0
2015-07-28 00:00:00,284.77,288.99,283.6,286.72,3823,0,0
2015-07-29 00:00:00,286.72,287.49,281.12,282.16,4174,0,0
2015-07-30 00:00:00,282.16,284.97,280.4,281.17,3656,0,0
2015-07-31 00:00:00,281.18,283.14,275.9,279.4,4469,0,0
2015-08-02 00:00:00,278.27,278.89,277.06,277.99,322,0,0
2015-08-03 00:00:00,277.99,281.7,276.0,277.17,3295,0,0
2015-08-04 00:00:00,277.07,281.18,275.65,279.57,3268,0,0
2015-08-05 00:00:00,279.29,280.6,275.0,276.9,3071,0,0
2015-08-06 00:00:00,276.55,277.94,271.99,273.24,3507,0,0
2015-08-07 00:00:00,274.5,274.79,268.0,268.97,2918,0,0
2015-08-09 00:00:00,256.8,260.86,256.8,257.67,535,0,0
2015-08-10 00:00:00,257.82,262.36,255.65,257.3,3676,0,0
2015-08-11 00:00:00,257.47,267.89,256.22,267.86,3878,0,0
2015-08-12 00:00:00,267.86,268.29,258.5,258.6,5617,0,0
2015-08-13 00:00:00,258.6,261.43,256.47,258.06,4350,0,0
2015-08-14 00:00:00,258.03,263.99,257.0,262.0,4045,0,0
2015-08-16 00:00:00,254.0,255.54,252.94,254.42,327,0,0
2015-08-17 00:00:00,254.42,256.99,250.94,253.8,3835,0,0
2015-08-18 00:00:00,253.74,254.45,219.0,226.93,4652,0,0
2015-08-19 00:00:00,227.22,233.06,210.05,217.15,8262,0,0
2015-08-20 00:00:00,217.15,233.56,217.15,229.72,6966,0,0
2015-08-21 00:00:00,229.72,232.16,224.02,227.5,4607,0,0
2015-08-23 00:00:00,220.61,221.55,219.5,221.48,501,0,0
2015-08-24 00:00:00,221.58,223.02,199.02,200.9,9914,0,0
2015-08-25 00:00:00,201.0,221.89,191.0,218.09,13040,0,0
2015-08-26 00:00:00,218.09,226.33,216.78,221.69,9558,0,0
2015-08-27 00:00:00,221.43,224.16,216.0,218.2,6742,0,0
2015-08-28 00:00:00,218.29,229.96,215.12,227.09,6152,0,0
2015-08-30 00:00:00,223.3,223.75,222.57,223.62,453,0,0
2015-08-31 00:00:00,223.62,227.99,221.22,226.98,5062,0,0
2015-09-01 00:00:00,226.99,228.31,220.98,222.57,6637,0,0
2015-09-02 00:00:00,222.53,226.17,219.74,224.35,5893,0,0
2015-09-03 00:00:00,224.38,224.99,221.31,223.91,5027,0,0
2015-09-04 00:00:00,223.9,225.99,221.0,225.0,3241,0,0
2015-09-06 00:00:00,235.0,236.35,232.19,233.0,148,0,0
2015-09-07 00:00:00,233.0,241.5,233.0,236.65,6822,0,0
2015-09-08 00:00:00,236.65,244.76,236.1,240.96,6241,0,0
2015-09-09 00:00:00,240.52,242.37,232.01,234.99,6630,0,0
2015-09-10 00:00:00,234.92,238.0,229.26,236.0,5896,0,0
2015-09-11 00:00:00,236.0,237.95,234.55,236.29,3589,0,0
2015-09-13 00:00:00,226.26,227.9,225.11,227.61,766,0,0
2015-09-14 00:00:00,227.66,228.9,225.11,226.86,5056,0,0
2015-09-15 00:00:00,226.86,228.77,224.99,225.97,4329,0,0
2015-09-16 00:00:00,225.98,228.49,223.1,226.22,4207,0,0
2015-09-17 00:00:00,226.28,233.59,225.55,230.3,5244,0,0
2015-09-18 00:00:00,230.26,233.02,227.16,229.0,3766,0,0
2015-09-20 00:00:00,229.12,229.31,227.97,228.54,447,0,0
2015-09-21 00:00:00,228.56,228.99,223.05,223.76,5000,0,0
2015-09-22 00:00:00,223.67,229.48,223.0,227.2,5546,0,0
2015-09-23 00:00:00,227.2,229.32,225.1,227.72,5447,0,0
2015-09-24 00:00:00,227.69,233.23,227.69,231.37,4821,0,0
2015-09-25 00:00:00,231.39,235.0,229.27,231.5,4667,0,0
2015-09-27 00:00:00,230.3,231.0,229.82,230.61,730,0,0
2015-09-28 00:00:00,230.62,236.18,229.99,235.35,5722,0,0
2015-09-29 00:00:00,235.35,236.69,233.0,234.35,6815,0,0
2015-09-30 00:00:00,234.0,235.99,232.09,233.39,4819,0,0
2015-10-01 00:00:00,233.08,235.99,231.4,234.65,5579,0,0
2015-10-02 00:00:00,234.65,235.99,233.02,233.25,3509,0,0
2015-10-04 00:00:00,235.12,235.93,234.75,235.4,377,0,0
2015-10-05 00:00:00,235.42,238.44,233.9,237.01,4450,0,0
2015-10-06 00:00:00,237.01,244.0,236.09,242.97,6167,0,0
2015-10-07 00:00:00,242.97,243.93,238.5,239.68,5181,0,0
2015-10-08 00:00:00,239.69,242.65,239.0,239.09,5366,0,0
2015-10-09 00:00:00,239.1,241.49,238.24,240.53,3626,0,0
2015-10-11 00:00:00,242.5,243.95,241.87,243.45,1046,0,0
2015-10-12 00:00:00,243.43,243.89,240.26,241.25,5617,0,0
2015-10-13 00:00:00,241.26,247.03,239.21,244.71,6748,0,0
2015-10-14 00:00:00,244.7,251.78,244.49,249.25,7142,0,0
2015-10-15 00:00:00,249.25,254.95,248.35,252.56,6357,0,0
2015-10-16 00:00:00,252.56,263.56,251.29,257.86,7622,0,0
2015-10-18 00:00:00,257.52,258.0,255.97,257.6,577,0,0
2015-10-19 00:00:00,257.75,261.19,255.88,260.31,6385,0,0
2015-10-20 00:00:00,260.29,268.76,259.57,265.82,6695,0,0
2015-10-21 00:00:00,265.82,267.94,259.35,262.22,5608,0,0
2015-10-22 00:00:00,262.22,271.29,261.99,267.67,5130,0,0
2015-10-23 00:00:00,267.67,271.89,266.05,270.49,5009,0,0
2015-10-25 00:00:00,279.0,281.16,274.12,275.3,1613,0,0
2015-10-26 00:00:00,275.23,280.89,272.93,280.46,6947,0,0
2015-10-27 00:00:00,280.46,291.65,280.1,288.32,8468,0,0
2015-10-28 00:00:00,288.32,298.93,287.32,296.72,8609,0,0
2015-10-29 00:00:00,296.71,310.84,294.0,301.79,9854,0,0
2015-10-30 00:00:00,301.79,320.21,300.47,307.72,11459,0,0
2015-11-01 00:00:00,308.1,308.96,303.47,305.19,1233,0,0
2015-11-02 00:00:00,304.74,337.91,303.27,334.31,11592,0,0
2015-11-03 00:00:00,334.31,397.52,325.85,373.37,15378,0,0
2015-11-04 00:00:00,373.13,458.2,372.26,403.0,18025,0,0
2015-11-05 00:00:00,403.0,438.33,362.12,379.41,15472,0,0
2015-11-06 00:00:00,379.69,386.45,335.03,357.14,12548,0,0
2015-11-08 00:00:00,359.0,364.0,357.7,363.18,951,0,0
2015-11-09 00:00:00,363.18,374.89,353.1,371.13,8081,0,0
2015-11-10 00:00:00,371.2,373.99,326.98,336.68,9864,0,0
2015-11-11 00:00:00,336.68,342.24,294.32,307.9,10100,0,0
2015-11-12 00:00:00,309.0,338.65,308.9,333.07,11295,0,0
2015-11-13 00:00:00,333.05,336.77,323.0,329.3,6496,0,0
2015-11-15 00:00:00,314.66,316.12,310.99,313.88,793,0,0
2015-11-16 00:00:00,315.07,326.77,309.44,325.28,6031,0,0
2015-11-17 00:00:00,325.29,332.98,324.46,330.02,6343,0,0
2015-11-18 00:00:00,329.96,332.24,325.04,330.4,5078,0,0
2015-11-19 00:00:00,330.4,331.32,319.43,322.18,5842,0,0
2015-11-20 00:00:00,322.15,322.9,307.87,318.78,6320,0,0
2015-11-22 00:00:00,319.64,320.0,318.06,320.0,594,0,0
2015-11-23 00:00:00,320.01,320.99,317.11,318.7,4823,0,0
2015-11-24 00:00:00,318.69,319.02,314.0,316.94,4705,0,0
2015-11-25 00:00:00,316.94,327.73,314.31,325.68,6281,0,0
2015-11-26 00:00:00,325.79,365.5,325.72,341.0,10697,0,0
2015-11-27 00:00:00,341.0,357.88,338.46,351.32,8565,0,0
2015-11-29 00:00:00,362.91,369.55,362.69,367.64,951,0,0
2015-11-30 00:00:00,367.66,378.8,364.03,372.81,8658,0,0
2015-12-01 00:00:00,372.81,374.72,352.0,358.98,7430,0,0
2015-12-02 00:00:00,358.97,360.08,344.0,354.0,8119,0,0
2015-12-03 00:00:00,354.0,363.93,350.75,356.72,6895,0,0
2015-12-04 00:00:00,356.72,358.89,351.63,355.11,5151,0,0
2015-12-06 00:00:00,387.1,387.1,379.42,380.76,618,0,0
2015-12-07 00:00:00,380.42,389.67,378.2,386.35,7687,0,0
2015-12-08 00:00:00,386.35,413.94,382.76,412.5,8405,0,0
2015-12-09 00:00:00,412.34,420.95,399.0,410.57,9356,0,0
2015-12-10 00:00:00,410.3,416.08,404.81,411.79,6675,0,0
2015-12-11 00:00:00,411.78,444.0,410.97,439.24,8108,0,0
2015-12-13 00:00:00,430.88,431.06,425.12,426.6,589,0,0
2015-12-14 00:00:00,426.6,442.67,422.93,439.83,6925,0,0
2015-12-15 00:00:00,439.81,458.03,439.56,457.79,8840,0,0
2015-12-16 00:00:00,457.8,458.23,434.56,445.11,9526,0,0
2015-12-17 00:00:00,444.82,450.15,439.0,448.52,6608,0,0
2015-12-18 00:00:00,448.52,457.75,445.88,455.32,5986,0,0
2015-12-20 00:00:00,435.05,439.44,435.05,439.04,480,0,0
2015-12-21 00:00:00,439.0,439.65,424.33,435.5,7706,0,0
2015-12-22 00:00:00,435.5,442.0,431.62,434.66,7004,0,0
2015-12-23 00:00:00,434.65,442.58,433.33,439.35,5420,0,0
2015-12-24 00:00:00,439.35,455.34,439.35,448.69,4980,0,0
2015-12-27 00:00:00,420.92,422.97,419.0,420.8,756,0,0
2015-12-28 00:00:00,420.8,427.43,415.44,419.0,7222,0,0
2015-12-29 00:00:00,419.0,433.32,418.99,432.85,6844,0,0
2015-12-30 00:00:00,432.85,433.5,421.39,424.15,6188,0,0
2015-12-31 00:00:00,424.0,428.99,416.71,428.49,5957,0,0
2016-01-03 00:00:00,424.44,426.3,423.56,426.29,553,0,0
2016-01-04 00:00:00,426.3,431.83,424.49,430.76,5896,0,0
2016-01-05 00:00:00,430.76,433.15,428.49,428.92,4515,0,0
2016-01-06 00:00:00,428.87,429.71,424.97,428.17,4813,0,0
2016-01-07 00:00:00,428.17,451.08,427.83,451.02,5376,0,0
2016-01-08 00:00:00,452.3,453.98,442.0,447.38,3748,0,0
2016-01-10 00:00:00,442.37,444.93,442.02,444.5,625,0,0
2016-01-11 00:00:00,444.66,446.99,440.4,445.32,6880,0,0
2016-01-12 00:00:00,445.32,446.49,434.4,434.4,5286,0,0
2016-01-13 00:00:00,434.4,437.61,425.5,429.97,7147,0,0
2016-01-14 00:00:00,429.95,433.07,426.5,428.97,5456,0,0
2016-01-15 00:00:00,428.99,428.99,383.98,385.61,9191,0,0
2016-01-17 00:00:00,386.82,387.1,380.2,380.2,588,0,0
2016-01-18 00:00:00,380.2,386.99,373.75,384.24,7757,0,0
2016-01-19 00:00:00,384.24,386.83,378.0,379.0,6697,0,0
2016-01-20 00:00:00,379.0,424.5,374.36,418.89,9707,0,0
2016-01-21 00:00:00,418.73,422.0,401.85,410.16,9046,0,0
2016-01-22 00:00:00,409.91,410.37,379.0,383.52,7039,0,0
2016-01-24 00:00:00,399.2,400.99,396.81,400.22,514,0,0
2016-01-25 00:00:00,400.32,401.7,389.5,394.5,7313,0,0
2016-01-26 00:00:00,394.51,397.99,390.6,393.02,5805,0,0
2016-01-27 00:00:00,393.07,397.4,391.3,395.15,5954,0,0
2016-01-28 00:00:00,395.15,395.61,379.71,380.96,5177,0,0
2016-01-29 00:00:00,380.96,384.04,365.5,377.79,7169,0,0
2016-01-31 00:00:00,379.98,381.0,368.96,371.27,740,0,0
2016-02-01 00:00:00,371.27,379.75,370.03,376.7,6799,0,0
2016-02-02 00:00:00,376.49,380.21,374.02,377.47,5390,0,0
2016-02-03 00:00:00,377.32,378.5,364.15,368.0,6237,0,0
2016-02-04 00:00:00,368.0,390.7,367.0,389.04,7009,0,0
2016-02-05 00:00:00,389.04,391.45,384.9,385.37,5896,0,0
2016-02-07 00:00:00,377.0,377.33,375.18,376.1,331,0,0
2016-02-08 00:00:00,376.5,380.99,373.1,373.75,4445,0,0
2016-02-09 00:00:00,373.82,378.91,373.41,377.89,4858,0,0
2016-02-10 00:00:00,377.89,388.17,375.99,382.42,5723,0,0
2016-02-11 00:00:00,382.45,386.0,379.06,382.99,5653,0,0
2016-02-12 00:00:00,382.99,390.0,381.33,385.54,5531,0,0
2016-02-14 00:00:00,402.01,406.46,402.01,406.43,422,0,0
2016-02-15 00:00:00,406.43,408.93,396.0,399.56,6565,0,0
2016-02-16 00:00:00,399.5,408.49,397.97,405.14,6736,0,0
2016-02-17 00:00:00,405.14,420.33,404.0,414.64,6476,0,0
2016-02-18 00:00:00,414.45,423.99,412.46,418.41,5815,0,0
2016-02-19 00:00:00,418.41,420.21,413.8,417.42,4888,0,0
2016-02-21 00:00:00,434.4,434.82,432.55,432.96,320,0,0
2016-02-22 00:00:00,432.55,437.79,426.41,435.0,6838,0,0
2016-02-23 00:00:00,435.0,437.0,412.58,419.88,7113,0,0
2016-02-24 00:00:00,419.88,424.09,412.4,419.99,5643,0,0
2016-02-25 00:00:00,419.99,426.17,417.59,421.0,5438,0,0
2016-02-26 00:00:00,421.03,425.98,418.21,424.34,5137,0,0
2016-02-28 00:00:00,430.47,430.99,428.66,429.1,330,0,0
2016-02-29 00:00:00,429.13,436.9,427.88,432.72,5811,0,0
2016-03-01 00:00:00,432.79,436.47,429.0,434.18,6097,0,0
2016-03-02 00:00:00,434.16,435.13,422.66,423.09,5619,0,0
2016-03-03 00:00:00,422.66,425.67,417.54,418.96,6213,0,0
2016-03-04 00:00:00,419.25,424.78,409.0,410.55,5450,0,0
2016-03-06 00:00:00,409.56,409.63,405.61,406.97,373,0,0
2016-03-07 00:00:00,406.97,416.16,403.45,411.32,5868,0,0
2016-03-08 00:00:00,411.35,414.96,407.04,409.77,4749,0,0
2016-03-09 00:00:00,409.71,416.44,407.96,411.7,5582,0,0
2016-03-10 00:00:00,411.73,415.12,408.81,414.96,5223,0,0
2016-03-11 00:00:00,414.97,420.99,414.19,416.5,4855,0,0
2016-03-13 00:00:00,413.29,414.0,410.79,413.44,305,0,0
2016-03-14 00:00:00,413.44,415.45,408.8,413.5,4473,0,0
2016-03-15 00:00:00,413.49,415.4,409.9,414.09,5141,0,0
2016-03-16 00:00:00,413.91,415.65,411.78,414.06,4733,0,0
2016-03-17 00:00:00,414.26,416.99,413.27,416.43,4978,0,0
2016-03-18 00:00:00,416.43,416.8,403.0,404.1,5422,0,0
2016-03-20 00:00:00,411.62,412.23,410.01,410.77,307,0,0
2016-03-21 00:00:00,410.77,411.72,408.5,409.99,6394,0,0
2016-03-22 00:00:00,409.98,415.0,409.0,413.92,6766,0,0
2016-03-23 00:00:00,414.08,416.81,411.59,414.97,5979,0,0
2016-03-24 00:00:00,414.96,416.23,411.37,413.17,4892,0,0
2016-03-25 00:00:00,413.16,415.83,411.51,412.73,4228,0,0
2016-03-27 00:00:00,421.18,422.55,419.0,419.0,1202,0,0
2016-03-28 00:00:00,419.29,422.2,416.35,418.99,6317,0,0
2016-03-29 00:00:00,418.61,421.36,407.0,414.0,6409,0,0
2016-03-30 00:00:00,414.01,414.01,408.12,410.57,4681,0,0
2016-03-31 00:00:00,410.86,415.49,409.0,411.99,6292,0,0
2016-04-01 00:00:00,411.99,413.99,408.98,412.31,4658,0,0
2016-04-03 00:00:00,414.67,415.63,413.98,414.34,389,0,0
2016-04-04 00:00:00,414.34,416.38,410.85,414.7,5849,0,0
2016-04-05 00:00:00,414.69,419.95,414.5,417.83,5446,0,0
2016-04-06 00:00:00,417.83,418.99,415.0,416.57,5133,0,0
2016-04-07 00:00:00,416.54,417.7,414.01,416.07,4243,0,0
2016-04-08 00:00:00,416.08,417.75,413.5,415.13,5236,0,0
2016-04-10 00:00:00,416.0,416.52,414.1,415.27,689,0,0
2016-04-11 00:00:00,415.27,416.98,414.1,415.28,979,0,0
2016-04-22 00:00:00,439.5,440.77,434.98,435.0,1506,0,0
2016-04-24 00:00:00,446.3,447.8,444.0,444.87,300,0,0
2016-04-25 00:00:00,444.88,457.32,444.87,451.55,4683,0,0
2016-04-26 00:00:00,451.45,461.16,451.45,459.0,5008,0,0
2016-04-27 00:00:00,458.81,460.66,441.98,442.89,5251,0,0
2016-04-28 00:00:00,442.69,445.86,434.94,441.21,4560,0,0
2016-04-29 00:00:00,441.01,450.06,440.26,448.99,3821,0,0
2016-05-01 00:00:00,447.99,449.21,447.08,447.42,903,0,0
2016-05-02 00:00:00,447.22,449.1,439.0,440.9,4389,0,0
2016-05-03 00:00:00,441.59,446.99,438.8,444.71,4101,0,0
2016-05-04 00:00:00,444.72,447.73,440.01,441.0,3582,0,0
2016-05-05 00:00:00,441.0,444.49,440.01,442.34,4075,0,0
2016-05-06 00:00:00,442.33,452.65,441.52,452.65,3099,0,0
2016-05-08 00:00:00,451.0,451.27,449.91,451.07,256,0,0
2016-05-09 00:00:00,451.0,457.0,449.0,452.66,4157,0,0
2016-05-10 00:00:00,452.46,456.31,445.28,446.85,3974,0,0
2016-05-11 00:00:00,446.5,452.3,446.4,450.03,3430,0,0
2016-05-12 00:00:00,449.92,451.99,447.0,449.95,4083,0,0
2016-05-13 00:00:00,449.96,454.0,448.94,451.24,3317,0,0
2016-05-15 00:00:00,454.95,458.0,453.32,454.55,406,0,0
2016-05-16 00:00:00,454.0,456.49,450.1,451.69,4449,0,0
2016-05-17 00:00:00,451.69,453.91,450.01,451.0,4122,0,0
2016-05-18 00:00:00,451.0,455.63,450.27,452.5,3578,0,0
2016-05-19 00:00:00,452.51,453.99,433.86,436.0,3983,0,0
2016-05-20 00:00:00,436.0,444.3,434.76,438.02,4094,0,0
2016-05-22 00:00:00,437.9,439.39,436.9,436.9,361,0,0
2016-05-23 00:00:00,436.9,444.7,436.9,443.7,3548,0,0
2016-05-24 00:00:00,443.63,447.99,442.1,444.7,3178,0,0
2016-05-25 00:00:00,444.7,449.77,444.7,449.0,3350,0,0
2016-05-26 00:00:00,449.0,451.89,446.0,449.23,4044,0,0
2016-05-27 00:00:00,449.23,472.27,449.0,467.2,6009,0,0
2016-05-29 00:00:00,519.0,519.8,502.3,507.5,944,0,0
2016-05-30 00:00:00,507.6,534.42,506.6,524.2,5704,0,0
2016-05-31 00:00:00,524.2,537.0,507.11,511.92,6088,0,0
2016-06-01 00:00:00,511.92,526.69,510.14,522.03,5139,0,0
2016-06-02 00:00:00,522.03,527.9,520.0,524.4,4388,0,0
2016-06-03 00:00:00,525.0,553.88,524.0,553.4,4631,0,0
2016-06-05 00:00:00,562.93,563.64,557.0,561.1,498,0,0
2016-06-06 00:00:00,560.91,577.9,559.22,574.8,5728,0,0
2016-06-07 00:00:00,574.8,582.78,551.0,562.55,5838,0,0
2016-06-08 00:00:00,561.7,571.27,560.01,567.75,4500,0,0
2016-06-09 00:00:00,567.95,568.07,558.0,561.66,4288,0,0
2016-06-10 00:00:00,561.66,567.19,560.1,565.79,3602,0,0
2016-06-12 00:00:00,630.6,644.99,624.0,628.5,1140,0,0
2016-06-13 00:00:00,629.1,688.98,610.9,679.81,7322,0,0
2016-06-14 00:00:00,679.81,685.0,637.0,671.61,7081,0,0
2016-06-15 00:00:00,671.61,677.2,649.0,667.08,6070,0,0
2016-06-16 00:00:00,667.16,738.99,661.0,727.15,8100,0,0
2016-06-17 00:00:00,727.15,733.99,679.0,725.19,7865,0,0
2016-06-19 00:00:00,725.52,733.52,725.52,728.82,442,0,0
2016-06-20 00:00:00,728.62,731.0,697.95,701.44,5802,0,0
2016-06-21 00:00:00,701.45,702.0,606.99,635.57,10082,0,0
2016-06-22 00:00:00,635.57,665.39,537.0,543.49,12448,0,0
2016-06-23 00:00:00,541.27,605.0,521.41,595.9,12280,0,0
2016-06-24 00:00:00,597.9,667.89,595.78,628.89,8168,0,0
2016-06-26 00:00:00,610.0,612.61,604.0,606.3,752,0,0
2016-06-27 00:00:00,606.3,634.01,599.0,634.01,7238,0,0
2016-06-28 00:00:00,634.01,638.99,621.85,622.0,6159,0,0
2016-06-29 00:00:00,621.68,628.75,603.9,621.85,5201,0,0
2016-06-30 00:00:00,621.86,661.84,617.0,661.3,6077,0,0
2016-07-01 00:00:00,661.31,672.99,647.17,659.4,6233,0,0
2016-07-03 00:00:00,647.86,654.06,647.32,648.61,1048,0,0
2016-07-04 00:00:00,648.5,664.69,640.05,660.23,6818,0,0
2016-07-05 00:00:00,660.15,663.0,644.0,649.5,6039,0,0
2016-07-06 00:00:00,650.5,661.4,649.5,654.83,4234,0,0
2016-07-07 00:00:00,654.84,658.99,588.57,622.31,8107,0,0
2016-07-08 00:00:00,622.32,641.16,620.11,638.01,5064,0,0
2016-07-10 00:00:00,629.46,634.46,629.12,632.35,1204,0,0
2016-07-11 00:00:00,632.35,642.99,629.98,635.61,5544,0,0
2016-07-12 00:00:00,635.61,657.99,634.0,649.01,5296,0,0
2016-07-13 00:00:00,649.01,657.99,644.0,644.0,5126,0,0
2016-07-14 00:00:00,644.0,650.99,641.98,643.6,4772,0,0
2016-07-15 00:00:00,643.4,653.99,643.24,652.2,4683,0,0
2016-07-17 00:00:00,664.12,666.0,661.0,664.79,699,0,0
2016-07-18 00:00:00,664.8,667.5,653.97,655.35,4478,0,0
2016-07-19 00:00:00,655.35,662.69,654.0,660.21,4902,0,0
2016-07-20 00:00:00,660.22,661.99,651.39,654.6,4093,0,0
2016-07-21 00:00:00,652.18,660.0,649.5,658.83,4275,0,0
2016-07-22 00:00:00,658.83,659.0,645.0,649.6,3851,0,0
2016-07-24 00:00:00,651.21,654.2,650.5,652.41,536,0,0
2016-07-25 00:00:00,652.41,655.22,644.0,646.99,3844,0,0
2016-07-26 00:00:00,646.99,652.0,640.0,645.51,4876,0,0
2016-07-27 00:00:00,645.51,651.0,642.0,645.68,5023,0,0
2016-07-28 00:00:00,645.69,649.47,641.22,645.55,5347,0,0
2016-07-29 00:00:00,645.55,648.99,644.36,646.0,3517,0,0
2016-07-31 00:00:00,626.3,627.2,619.0,619.31,718,0,0
2016-08-01 00:00:00,619.3,623.0,600.01,606.27,5263,0,0
2016-08-02 00:00:00,605.92,611.89,459.3,544.49,7775,0,0
2016-08-03 00:00:00,544.29,570.99,524.0,564.0,8560,0,0
2016-08-04 00:00:00,564.0,577.5,562.5,574.94,6839,0,0
2016-08-05 00:00:00,575.09,575.77,566.48,570.88,4066,0,0
2016-08-07 00:00:00,587.37,589.49,585.64,588.79,716,0,0
2016-08-08 00:00:00,588.79,588.88,582.44,583.91,5341,0,0
2016-08-09 00:00:00,584.28,584.29,577.22,581.58,6239,0,0
2016-08-10 00:00:00,581.59,594.39,577.83,585.2,7778,0,0
2016-08-11 00:00:00,585.21,592.5,582.0,582.04,6740,0,0
2016-08-12 00:00:00,582.0,585.0,578.08,582.73,6160,0,0
2016-08-14 00:00:00,563.64,565.55,561.78,564.67,887,0,0
2016-08-15 00:00:00,564.65,570.0,557.11,564.0,7170,0,0
2016-08-16 00:00:00,564.0,580.48,560.37,574.87,7629,0,0
2016-08-17 00:00:00,575.3,577.3,565.5,567.54,6597,0,0
2016-08-18 00:00:00,567.54,576.17,566.32,570.81,6385,0,0
2016-08-19 00:00:00,570.81,573.88,565.11,572.16,5942,0,0
2016-08-21 00:00:00,578.95,579.07,577.22,577.9,773,0,0
2016-08-22 00:00:00,577.9,593.44,575.01,583.77,8903,0,0
2016-08-23 00:00:00,583.77,590.68,577.5,582.25,11345,0,0
2016-08-24 00:00:00,582.26,582.81,575.35,577.97,11916,0,0
2016-08-25 00:00:00,577.9,578.17,569.5,574.7,10928,0,0
2016-08-26 00:00:00,574.7,579.73,572.58,574.98,7414,0,0
2016-08-28 00:00:00,570.39,572.1,570.1,571.86,610,0,0
2016-08-29 00:00:00,571.86,577.57,570.1,573.03,7236,0,0
2016-08-30 00:00:00,572.58,579.72,572.57,577.25,6926,0,0
2016-08-31 00:00:00,577.25,579.1,573.8,577.74,4972,0,0
2016-09-01 00:00:00,577.4,579.18,570.55,572.51,5623,0,0
2016-09-02 00:00:00,572.54,576.56,569.14,575.95,5732,0,0
2016-09-04 00:00:00,602.36,607.08,602.35,607.08,421,0,0
2016-09-05 00:00:00,607.08,607.84,596.81,601.99,3570,0,0
2016-09-06 00:00:00,602.0,608.83,601.0,605.61,3389,0,0
2016-09-07 00:00:00,605.61,610.27,602.4,608.02,2973,0,0
2016-09-08 00:00:00,608.02,625.77,605.41,620.0,3401,0,0
2016-09-09 00:00:00,620.02,623.33,615.94,618.9,2797,0,0
2016-09-11 00:00:00,596.4,605.0,594.58,604.0,639,0,0
2016-09-12 00:00:00,604.0,609.25,602.59,605.28,3302,0,0
2016-09-13 00:00:00,605.28,612.37,600.75,604.76,2205,0,0
2016-09-14 00:00:00,604.75,610.97,602.17,607.0,2662,0,0
2016-09-15 00:00:00,607.0,609.89,605.0,606.06,3394,0,0
2016-09-16 00:00:00,606.06,609.5,605.53,607.0,4896,0,0
2016-09-18 00:00:00,607.8,609.65,607.71,609.0,406,0,0
2016-09-19 00:00:00,609.0,613.0,607.31,609.11,5242,0,0
2016-09-20 00:00:00,609.11,611.29,606.01,606.5,5088,0,0
2016-09-21 00:00:00,606.5,606.5,594.02,596.03,5727,0,0
2016-09-22 00:00:00,596.03,600.89,585.07,592.4,5194,0,0
2016-09-23 00:00:00,592.4,604.25,591.41,602.12,3906,0,0
2016-09-25 00:00:00,601.6,602.58,600.34,600.65,564,0,0
2016-09-26 00:00:00,600.65,608.81,600.34,607.05,4617,0,0
2016-09-27 00:00:00,607.05,609.88,601.68,606.48,5065,0,0
2016-09-28 00:00:00,606.48,607.1,601.0,603.11,3580,0,0
2016-09-29 00:00:00,603.11,605.53,599.52,602.5,5051,0,0
2016-09-30 00:00:00,602.5,603.98,597.37,602.0,3941,0,0
2016-10-02 00:00:00,608.29,610.19,607.02,607.24,739,0,0
2016-10-03 00:00:00,607.3,609.7,604.0,607.1,4504,0,0
2016-10-04 00:00:00,607.1,609.99,604.01,607.18,3666,0,0
2016-10-05 00:00:00,606.79,610.62,605.5,606.88,3338,0,0
2016-10-06 00:00:00,606.89,610.5,605.23,607.75,3264,0,0
2016-10-07 00:00:00,607.95,615.35,607.75,613.0,2981,0,0
2016-10-09 00:00:00,613.85,614.5,610.14,612.42,557,0,0
2016-10-10 00:00:00,614.08,619.0,609.58,615.62,4811,0,0
2016-10-11 00:00:00,614.99,641.02,614.8,636.0,5292,0,0
2016-10-12 00:00:00,636.02,640.08,629.0,633.88,4074,0,0
2016-10-13 00:00:00,633.68,636.45,630.33,633.77,3841,0,0
2016-10-14 00:00:00,633.77,636.99,631.48,633.12,3582,0,0
2016-10-16 00:00:00,637.26,638.22,633.5,634.21,682,0,0
2016-10-17 00:00:00,637.26,638.99,633.5,634.13,4748,0,0
2016-10-18 00:00:00,634.16,637.0,631.5,631.72,3980,0,0
2016-10-19 00:00:00,631.73,633.99,621.5,627.0,4312,0,0
2016-10-20 00:00:00,627.0,630.79,625.01,626.77,4163,0,0
2016-10-21 00:00:00,626.78,633.27,625.5,629.92,3985,0,0
2016-10-23 00:00:00,650.56,653.28,650.0,651.02,497,0,0
2016-10-24 00:00:00,650.56,653.5,647.0,649.2,4780,0,0
2016-10-25 00:00:00,649.2,664.96,649.0,657.53,3957,0,0
2016-10-26 00:00:00,657.14,676.99,653.43,673.01,5599,0,0
2016-10-27 00:00:00,673.0,685.89,671.0,679.21,5115,0,0
2016-10-28 00:00:00,679.22,682.89,675.0,678.33,3148,0,0
2016-10-30 00:00:00,692.0,694.4,685.36,689.22,857,0,0
2016-10-31 00:00:00,692.0,698.03,677.01,689.2,6300,0,0
2016-11-01 00:00:00,689.0,724.0,688.1,714.19,6216,0,0
2016-11-02 00:00:00,714.18,727.88,709.12,725.97,5385,0,0
2016-11-03 00:00:00,726.77,729.0,674.43,684.19,8046,0,0
2016-11-04 00:00:00,684.19,702.97,677.76,689.59,7503,0,0
2016-11-06 00:00:00,699.0,701.88,697.66,697.93,407,0,0
2016-11-07 00:00:00,699.0,701.88,689.0,692.0,5291,0,0
2016-11-08 00:00:00,692.0,705.83,690.13,695.01,4390,0,0
2016-11-09 00:00:00,695.02,728.0,694.74,708.54,5160,0,0
2016-11-10 00:00:00,708.54,711.26,699.0,708.19,4329,0,0
2016-11-11 00:00:00,707.0,713.0,705.0,706.01,3274,0,0
2016-11-13 00:00:00,695.93,697.11,694.26,695.49,496,0,0
2016-11-14 00:00:00,695.93,702.06,691.9,696.5,5377,0,0
2016-11-15 00:00:00,696.6,708.98,695.84,701.39,4832,0,0
2016-11-16 00:00:00,701.36,731.46,699.55,725.39,6117,0,0
2016-11-17 00:00:00,726.63,736.99,720.35,727.0,5049,0,0
2016-11-18 00:00:00,727.01,739.99,723.47,735.0,3978,0,0
2016-11-20 00:00:00,725.0,728.58,721.68,727.3,557,0,0
2016-11-21 00:00:00,725.0,738.94,721.68,734.45,6555,0,0
2016-11-22 00:00:00,734.4,743.99,731.69,741.29,4265,0,0
2016-11-23 00:00:00,741.29,743.5,734.1,739.8,5572,0,0
2016-11-24 00:00:00,739.8,742.64,734.1,734.97,6183,0,0
2016-11-25 00:00:00,734.97,738.1,731.0,736.61,4461,0,0
2016-11-27 00:00:00,728.48,731.49,725.11,728.1,531,0,0
2016-11-28 00:00:00,728.48,734.05,725.11,732.5,6533,0,0
2016-11-29 00:00:00,732.5,734.9,726.77,730.99,5877,0,0
2016-11-30 00:00:00,730.79,737.47,728.61,733.5,4923,0,0
2016-12-01 00:00:00,733.0,743.89,733.0,740.13,4601,0,0
2016-12-02 00:00:00,740.13,771.83,740.13,764.29,5339,0,0
2016-12-04 00:00:00,760.5,764.98,758.18,763.02,307,0,0
2016-12-05 00:00:00,760.5,766.59,742.0,749.0,8399,0,0
2016-12-06 00:00:00,749.41,755.97,745.34,752.03,6718,0,0
2016-12-07 00:00:00,752.03,761.76,748.47,757.7,6028,0,0
2016-12-08 00:00:00,757.7,767.99,754.01,759.95,4968,0,0
2016-12-09 00:00:00,759.95,764.54,756.73,759.1,4272,0,0
2016-12-11 00:00:00,758.34,760.99,757.3,759.54,326,0,0
2016-12-12 00:00:00,758.34,773.99,757.3,766.39,6070,0,0
2016-12-13 00:00:00,766.39,775.69,761.03,765.5,4315,0,0
2016-12-14 00:00:00,765.5,770.28,763.0,768.99,5374,0,0
2016-12-15 00:00:00,768.6,772.99,767.1,770.0,5340,0,0
2016-12-16 00:00:00,770.0,773.98,769.0,770.18,5088,0,0
2016-12-18 00:00:00,777.63,778.5,776.5,778.5,410,0,0
2016-12-19 00:00:00,777.63,782.6,774.4,778.0,5159,0,0
2016-12-20 00:00:00,778.0,788.41,776.19,785.57,4140,0,0
2016-12-21 00:00:00,785.52,824.7,783.6,820.62,5639,0,0
2016-12-22 00:00:00,820.62,855.01,816.71,841.39,6172,0,0
2016-12-23 00:00:00,845.39,889.14,841.79,881.51,6298,0,0
2016-12-25 00:00:00,865.0,869.19,864.95,866.3,381,0,0
2016-12-26 00:00:00,865.0,891.0,864.95,870.17,5504,0,0
2016-12-27 00:00:00,870.2,914.2,870.0,901.71,5489,0,0
2016-12-28 00:00:00,901.71,944.71,901.61,941.27,6666,0,0
2016-12-29 00:00:00,937.88,943.79,924.0,937.02,5840,0,0
2016-12-30 00:00:00,937.03,938.01,905.93,925.94,5595,0,0
2017-01-01 00:00:00,963.98,963.99,956.33,958.5,413,0,0
2017-01-02 00:00:00,963.98,996.5,954.0,983.91,6787,0,0
2017-01-03 00:00:00,983.91,993.99,972.01,992.96,4990,0,0
2017-01-04 00:00:00,992.96,1095.4,990.1,1083.41,7409,0,0
2017-01-05 00:00:00,1078.96,1088.99,868.99,966.71,10014,0,0
2017-01-06 00:00:00,966.51,981.99,823.12,857.15,8845,0,0
2017-01-08 00:00:00,867.61,871.0,858.0,867.71,482,0,0
2017-01-09 00:00:00,867.61,871.0,839.0,865.8,7039,0,0
2017-01-10 00:00:00,865.8,877.79,856.54,870.5,5831,0,0
2017-01-11 00:00:00,870.5,883.8,751.02,773.07,6477,0,0
2017-01-12 00:00:00,772.0,816.21,749.0,795.61,9152,0,0
2017-01-13 00:00:00,795.61,820.95,762.2,809.8,7717,0,0
2017-01-15 00:00:00,808.77,808.86,803.83,807.99,470,0,0
2017-01-16 00:00:00,808.77,820.88,803.83,815.22,6076,0,0
2017-01-17 00:00:00,815.2,895.0,813.54,887.0,8669,0,0
2017-01-18 00:00:00,887.05,896.0,844.53,874.0,8673,0,0
2017-01-19 00:00:00,873.97,888.04,864.0,877.82,8520,0,0
2017-01-20 00:00:00,877.43,887.99,870.06,885.0,6956,0,0
2017-01-22 00:00:00,906.43,910.15,904.0,910.0,731,0,0
2017-01-23 00:00:00,906.43,913.98,898.99,904.11,8062,0,0
2017-01-24 00:00:00,903.0,912.99,886.95,887.29,8902,0,0
2017-01-25 00:00:00,887.3,898.49,874.0,882.63,7124,0,0
2017-01-26 00:00:00,883.03,906.99,882.49,898.98,8008,0,0
2017-01-27 00:00:00,898.99,908.99,898.55,906.3,5731,0,0
2017-01-29 00:00:00,905.03,907.73,904.88,904.88,493,0,0
2017-01-30 00:00:00,905.03,913.99,902.0,909.1,5888,0,0
2017-01-31 00:00:00,909.1,950.07,909.0,945.32,6827,0,0
2017-02-01 00:00:00,945.2,970.21,945.2,967.99,7080,0,0
2017-02-02 00:00:00,967.79,993.41,958.22,985.23,6304,0,0
2017-02-03 00:00:00,984.46,998.85,969.9,993.0,6706,0,0
2017-02-05 00:00:00,990.52,992.73,984.0,989.5,590,0,0
2017-02-06 00:00:00,990.52,1008.99,984.0,1002.96,4964,0,0
2017-02-07 00:00:00,1003.99,1038.21,1001.99,1027.87,5191,0,0
2017-02-08 00:00:00,1027.94,1049.24,1010.03,1028.0,5884,0,0
2017-02-09 00:00:00,1028.01,1048.99,913.0,956.99,9196,0,0
2017-02-10 00:00:00,956.99,995.93,934.0,989.02,7032,0,0
2017-02-12 00:00:00,983.53,988.0,982.5,983.82,636,0,0
2017-02-13 00:00:00,983.53,992.3,962.04,981.21,7125,0,0
2017-02-14 00:00:00,981.2,996.96,977.8,991.9,6546,0,0
2017-02-15 00:00:00,995.0,996.99,988.34,994.4,6183,0,0
2017-02-16 00:00:00,994.4,1030.02,994.0,1018.0,5958,0,0
2017-02-17 00:00:00,1018.0,1038.99,1014.5,1034.01,5713,0,0
2017-02-19 00:00:00,1032.2,1034.89,1029.32,1032.59,411,0,0
2017-02-20 00:00:00,1032.2,1058.99,1024.5,1054.85,5129,0,0
2017-02-21 00:00:00,1054.82,1094.06,1054.17,1089.1,5140,0,0
2017-02-22 00:00:00,1089.1,1098.99,1071.1,1089.0,5450,0,0
2017-02-23 00:00:00,1088.61,1148.8,1086.88,1136.94,6116,0,0
2017-02-24 00:00:00,1140.0,1184.59,1098.99,1143.5,7814,0,0
2017-02-26 00:00:00,1137.5,1145.9,1137.5,1140.7,484,0,0
2017-02-27 00:00:00,1137.5,1183.5,1137.5,1170.5,4072,0,0
2017-02-28 00:00:00,1170.5,1187.49,1169.0,1174.5,3380,0,0
2017-03-01 00:00:00,1174.5,1202.27,1169.1,1195.0,5315,0,0
2017-03-02 00:00:00,1196.04,1259.9,1193.5,1225.5,8765,0,0
2017-03-03 00:00:00,1225.5,1268.16,1222.5,1250.62,6948,0,0
2017-03-05 00:00:00,1246.95,1255.4,1246.5,1250.13,526,0,0
2017-03-06 00:00:00,1246.95,1257.0,1246.5,1253.95,6074,0,0
2017-03-07 00:00:00,1253.85,1256.54,1163.77,1221.85,7148,0,0
2017-03-08 00:00:00,1221.36,1227.75,1118.75,1127.95,9085,0,0
2017-03-09 00:00:00,1127.75,1187.77,1118.25,1177.75,7883,0,0
2017-03-10 00:00:00,1177.75,1266.46,1037.75,1117.75,8630,0,0
2017-03-12 00:00:00,1207.75,1208.54,1204.05,1204.05,443,0,0
2017-03-13 00:00:00,1207.75,1236.64,1199.05,1222.75,8702,0,0
2017-03-14 00:00:00,1222.75,1236.75,1207.25,1228.45,6900,0,0
2017-03-15 00:00:00,1228.25,1237.75,1221.2,1231.74,7127,0,0
2017-03-16 00:00:00,1231.94,1237.74,1137.75,1167.96,11199,0,0
2017-03-17 00:00:00,1167.96,1176.5,1106.76,1119.75,10478,0,0
2017-03-19 00:00:00,1049.62,1049.73,1027.14,1030.66,908,0,0
2017-03-20 00:00:00,1049.62,1073.23,1027.14,1065.08,7944,0,0
2017-03-21 00:00:00,1065.07,1144.75,1060.86,1143.35,7612,0,0
2017-03-22 00:00:00,1143.2,1143.65,1032.87,1068.75,8046,0,0
2017-03-23 00:00:00,1069.47,1081.89,1047.75,1051.26,6334,0,0
2017-03-24 00:00:00,1051.25,1051.75,977.75,981.52,7251,0,0
2017-03-26 00:00:00,961.31,977.64,961.31,970.45,495,0,0
2017-03-27 00:00:00,961.31,1056.74,961.31,1046.89,8731,0,0
2017-03-28 00:00:00,1046.49,1069.64,1012.45,1040.51,6826,0,0
2017-03-29 00:00:00,1041.08,1054.2,1006.79,1041.35,6868,0,0
2017-03-30 00:00:00,1042.63,1050.21,1022.75,1034.74,9463,0,0
2017-03-31 00:00:00,1031.14,1084.73,1029.75,1057.85,7338,0,0
2017-04-02 00:00:00,1087.75,1093.64,1084.35,1087.75,706,0,0
2017-04-03 00:00:00,1087.75,1147.74,1083.75,1138.6,9057,0,0
2017-04-04 00:00:00,1138.61,1151.52,1113.75,1130.75,8465,0,0
2017-04-05 00:00:00,1130.76,1132.67,1100.06,1115.46,8577,0,0
2017-04-06 00:00:00,1115.45,1184.75,1112.83,1171.06,7521,0,0
2017-04-07 00:00:00,1173.07,1187.74,1163.75,1185.85,6280,0,0
2017-04-09 00:00:00,1194.85,1196.03,1184.66,1185.46,544,0,0
2017-04-10 00:00:00,1194.85,1197.74,1178.15,1188.77,6289,0,0
2017-04-11 00:00:00,1188.75,1219.74,1181.05,1212.75,5901,0,0
2017-04-12 00:00:00,1212.75,1217.64,1196.98,1200.27,6480,0,0
2017-04-13 00:00:00,1200.25,1207.74,1153.75,1173.22,8293,0,0
2017-04-14 00:00:00,1173.23,1192.75,1170.22,1185.45,5542,0,0
2017-04-16 00:00:00,1183.66,1183.76,1178.77,1181.63,312,0,0
2017-04-17 00:00:00,1183.66,1207.74,1172.75,1193.97,6903,0,0
2017-04-18 00:00:00,1193.97,1219.76,1192.77,1209.75,5905,0,0
2017-04-19 00:00:00,1209.75,1217.64,1196.75,1213.85,6311,0,0
2017-04-20 00:00:00,1213.09,1246.65,1207.75,1231.74,5784,0,0
2017-04-21 00:00:00,1232.75,1241.75,1223.05,1232.7,5790,0,0
2017-04-23 00:00:00,1236.31,1238.94,1232.43,1236.78,508,0,0
2017-04-24 00:00:00,1236.31,1245.74,1222.94,1240.34,5639,0,0
2017-04-25 00:00:00,1240.34,1261.84,1236.86,1247.1,7019,0,0
2017-04-26 00:00:00,1246.4,1275.74,1240.83,1271.34,6816,0,0
2017-04-27 00:00:00,1271.34,1312.75,1267.71,1299.84,6477,0,0
2017-04-28 00:00:00,1300.57,1307.52,1269.75,1280.75,5656,0,0
2017-04-30 00:00:00,1288.95,1311.95,1285.27,1302.98,848,0,0
2017-05-01 00:00:00,1288.95,1391.16,1285.27,1368.75,8456,0,0
2017-05-02 00:00:00,1368.74,1422.74,1352.82,1396.45,7390,0,0
2017-05-03 00:00:00,1396.34,1406.74,1358.97,1379.75,9178,0,0
2017-05-04 00:00:00,1379.76,1516.34,1343.55,1419.17,12902,0,0
2017-05-05 00:00:00,1419.18,1482.75,1403.52,1427.76,10364,0,0
2017-05-07 00:00:00,1475.74,1517.64,1472.78,1508.36,1372,0,0
2017-05-08 00:00:00,1475.74,1637.75,1472.78,1627.77,10777,0,0
2017-05-09 00:00:00,1627.78,1703.54,1591.22,1608.95,11110,0,0
2017-05-10 00:00:00,1608.75,1704.74,1605.16,1694.27,11189,0,0
2017-05-11 00:00:00,1694.28,1797.74,1678.23,1771.75,9591,0,0
2017-05-12 00:00:00,1771.3,1787.74,1599.87,1636.75,8091,0,0
2017-05-14 00:00:00,1700.15,1713.75,1687.86,1710.76,926,0,0
2017-05-15 00:00:00,1700.15,1720.75,1626.55,1662.0,11611,0,0
2017-05-16 00:00:00,1666.98,1716.99,1597.3,1686.92,12324,0,0
2017-05-17 00:00:00,1686.92,1775.3,1678.2,1754.2,12496,0,0
2017-05-18 00:00:00,1754.2,1836.85,1754.0,1810.36,12234,0,0
2017-05-19 00:00:00,1810.35,1898.4,1810.35,1882.4,11084,0,0
2017-05-21 00:00:00,2003.45,2015.99,1994.8,2014.98,1014,0,0
2017-05-22 00:00:00,2003.45,2221.99,1994.8,2127.99,16412,0,0
2017-05-23 00:00:00,2128.0,2243.99,2096.0,2216.4,15526,0,0
2017-05-24 00:00:00,2216.39,2452.49,2216.39,2395.87,16340,0,0
2017-05-25 00:00:00,2395.87,2727.57,2124.0,2196.21,17603,0,0
2017-05-26 00:00:00,2197.34,2516.0,1981.0,2141.09,14820,0,0
2017-05-28 00:00:00,1979.0,2084.45,1971.0,2064.7,1531,0,0
2017-05-29 00:00:00,1979.0,2244.0,1971.0,2182.0,14805,0,0
2017-05-30 00:00:00,2182.0,2286.79,2085.0,2128.8,13433,0,0
2017-05-31 00:00:00,2128.35,2248.5,2099.0,2208.23,13141,0,0
2017-06-01 00:00:00,2208.23,2375.71,2203.99,2309.0,13108,0,0
2017-06-02 00:00:00,2309.0,2422.49,2292.1,2417.0,12187,0,0
2017-06-03 00:00:00,2412.0,2490.0,2349.0,2466.0,11367,0,0
2017-06-04 00:00:00,2466.01,2495.99,2401.99,2452.03,12164,0,0
2017-06-05 00:00:00,2452.04,2629.62,2452.04,2629.62,12641,0,0
2017-06-06 00:00:00,2628.92,2839.88,2601.0,2748.11,15458,0,0
2017-06-07 00:00:00,2749.0,2765.77,2571.1,2630.55,13197,0,0
2017-06-08 00:00:00,2628.0,2709.19,2571.0,2706.0,12293,0,0
2017-06-09 00:00:00,2706.0,2753.34,2676.0,2716.0,11749,0,0
2017-06-10 00:00:00,2716.0,2850.91,2712.37,2801.89,12261,0,0
2017-06-11 00:00:00,2798.0,2874.54,2781.0,2852.0,13418,0,0
2017-06-12 00:00:00,2852.0,2879.0,2430.0,2590.0,13888,0,0
2017-06-13 00:00:00,2590.0,2714.0,2590.0,2665.37,11872,0,0
2017-06-14 00:00:00,2665.37,2715.0,2375.54,2485.09,14582,0,0
2017-06-15 00:00:00,2485.09,2506.21,2240.58,2440.27,16232,0,0
2017-06-16 00:00:00,2440.27,2488.0,2366.75,2466.0,13976,0,0
2017-06-17 00:00:00,2466.0,2571.0,2415.38,2547.0,14460,0,0
2017-06-18 00:00:00,2546.55,2559.01,2397.12,2450.0,12133,0,0
2017-06-19 00:00:00,2461.66,2527.0,2447.33,2507.0,13092,0,0
2017-06-20 00:00:00,2503.5,2725.01,2503.36,2673.55,14231,0,0
2017-06-21 00:00:00,2673.55,2728.0,2605.0,2636.0,14419,0,0
2017-06-22 00:00:00,2635.3,2678.2,2591.99,2663.0,13254,0,0
2017-06-23 00:00:00,2663.0,2686.6,2638.0,2649.3,11912,0,0
2017-06-24 00:00:00,2648.6,2668.7,2503.0,2543.0,12042,0,0
2017-06-25 00:00:00,2543.0,2622.79,2479.74,2530.03,12489,0,0
2017-06-26 00:00:00,2530.03,2550.0,2311.0,2403.01,15494,0,0
2017-06-27 00:00:00,2403.01,2486.0,2304.0,2486.0,14192,0,0
2017-06-28 00:00:00,2486.3,2514.99,2411.15,2490.0,12533,0,0
2017-06-29 00:00:00,2493.64,2508.7,2436.55,2473.89,11194,0,0
2017-06-30 00:00:00,2473.89,2484.49,2374.3,2401.99,10355,0,0
2017-07-01 00:00:00,2406.49,2441.99,2342.0,2355.0,11362,0,0
2017-07-02 00:00:00,2355.0,2428.8,2318.75,2411.66,12074,0,0
2017-07-03 00:00:00,2411.66,2537.69,2387.85,2466.0,12047,0,0
2017-07-04 00:00:00,2465.99,2539.99,2465.6,2493.87,14076,0,0
2017-07-05 00:00:00,2492.15,2523.0,2450.0,2495.0,12360,0,0
2017-07-06 00:00:00,2495.4,2533.98,2490.59,2525.37,10994,0,0
2017-07-07 00:00:00,2525.37,2534.94,2408.0,2472.81,12482,0,0
2017-07-08 00:00:00,2464.96,2517.94,2440.71,2499.0,12119,0,0
2017-07-09 00:00:00,2498.12,2519.99,2460.0,2460.0,9963,0,0
2017-07-10 00:00:00,2460.0,2489.34,2273.62,2326.49,12630,0,0
2017-07-11 00:00:00,2325.14,2371.72,2235.1,2279.27,14313,0,0
2017-07-12 00:00:00,2278.88,2364.76,2238.0,2324.01,12274,0,0
2017-07-13 00:00:00,2324.0,2365.0,2268.97,2286.99,11261,0,0
2017-07-14 00:00:00,2293.37,2311.0,2097.0,2161.0,13548,0,0
2017-07-15 00:00:00,2161.0,2181.14,1965.0,1965.01,15305,0,0
2017-07-16 00:00:00,1965.09,2020.11,1802.0,1892.39,16133,0,0
2017-07-17 00:00:00,1892.02,2161.39,1883.13,2141.81,16309,0,0
2017-07-18 00:00:00,2141.81,2284.99,2099.64,2227.19,15107,0,0
2017-07-19 00:00:00,2227.19,2306.87,2182.1,2227.0,15149,0,0
2017-07-20 00:00:00,2227.0,2739.99,2227.0,2692.0,15443,0,0
2017-07-21 00:00:00,2692.0,2719.43,2515.82,2566.0,14601,0,0
2017-07-22 00:00:00,2566.0,2731.5,2566.0,2669.0,11918,0,0
2017-07-23 00:00:00,2669.0,2691.0,2540.0,2605.48,12414,0,0
2017-07-24 00:00:00,2605.99,2667.0,2590.69,2650.0,10346,0,0
2017-07-25 00:00:00,2650.0,2676.68,2532.0,2538.0,5616,0,0
2017-07-26 00:00:00,2506.25,2553.89,2392.0,2518.35,7039,0,0
2017-07-27 00:00:00,2518.35,2682.0,2498.44,2659.33,10373,0,0
2017-07-28 00:00:00,2660.33,2836.22,2652.0,2778.5,14437,0,0
2017-07-29 00:00:00,2775.21,2783.0,2649.0,2710.0,8969,0,0
2017-07-30 00:00:00,2709.0,2743.0,2609.96,2743.0,9058,0,0
2017-07-31 00:00:00,2743.0,2872.43,2682.17,2838.97,10163,0,0
2017-08-01 00:00:00,2838.97,2913.17,2659.28,2718.48,12439,0,0
2017-08-02 00:00:00,2719.0,2748.0,2655.66,2686.0,8603,0,0
2017-08-03 00:00:00,2686.0,2797.88,2686.0,2789.0,5663,0,0
2017-08-04 00:00:00,2792.0,2869.9,2752.0,2848.0,7808,0,0
2017-08-05 00:00:00,2848.0,3321.66,2842.82,3240.53,15508,0,0
2017-08-06 00:00:00,3240.53,3298.99,3133.0,3216.0,10452,0,0
2017-08-07 00:00:00,3215.82,3426.0,3181.0,3385.22,10535,0,0
2017-08-08 00:00:00,3385.22,3469.99,3340.0,3396.0,11896,0,0
2017-08-09 00:00:00,3395.56,3417.72,3219.18,3324.33,11589,0,0
2017-08-10 00:00:00,3331.05,3434.49,3296.19,3405.86,8099,0,0
2017-08-11 00:00:00,3405.86,3664.89,3390.88,3631.33,9182,0,0
2017-08-12 00:00:00,3635.0,3942.0,3581.56,3856.86,13226,0,0
2017-08-13 00:00:00,3853.38,4240.0,3823.0,4037.52,16305,0,0
2017-08-14 00:00:00,4037.52,4315.11,3955.0,4298.42,12577,0,0
2017-08-15 00:00:00,4302.63,4413.49,3749.2,4133.5,15806,0,0
2017-08-16 00:00:00,4133.5,4378.77,3913.5,4368.49,11819,0,0
2017-08-17 00:00:00,4375.49,4474.8,4167.5,4249.5,12825,0,0
2017-08-18 00:00:00,4249.5,4341.49,3947.5,4077.5,14012,0,0
2017-08-19 00:00:00,4077.5,4175.03,3901.35,4125.12,14826,0,0
2017-08-20 00:00:00,4125.12,4170.86,4022.83,4047.55,9679,0,0
2017-08-21 00:00:00,4047.5,4087.5,3943.51,3981.5,11858,0,0
2017-08-22 00:00:00,3982.5,4082.49,3589.5,4047.5,15908,0,0
2017-08-23 00:00:00,4047.5,4236.49,4007.5,4119.5,13185,0,0
2017-08-24 00:00:00,4119.5,4348.36,4092.5,4307.5,9965,0,0
2017-08-25 00:00:00,4308.6,4441.61,4252.5,4339.5,9570,0,0
2017-08-26 00:00:00,4339.5,4362.06,4236.11,4324.5,8135,0,0
2017-08-27 00:00:00,4324.5,4383.5,4237.0,4345.49,9809,0,0
2017-08-28 00:00:00,4347.5,4387.06,4157.5,4320.6,18967,0,0
2017-08-29 00:00:00,4320.5,4611.15,4320.5,4583.42,18071,0,0
2017-08-30 00:00:00,4583.42,4636.5,4479.5,4555.6,25373,0,0
2017-08-31 00:00:00,4558.8,4740.8,4534.8,4725.0,31492,0,0
2017-09-01 00:00:00,4725.0,4909.5,4651.0,4851.3,32868,0,0
2017-09-04 00:00:00,4514.9,4618.71,4050.0,4263.21,98722,0,0
2017-09-05 00:00:00,4251.85,4443.23,3995.94,4413.73,32302,0,0
2017-09-06 00:00:00,4410.13,4642.8,4351.71,4546.41,36109,0,0
2017-09-07 00:00:00,4546.26,4668.18,4469.38,4561.92,38353,0,0
2017-09-08 00:00:00,4561.75,4673.96,4139.24,4225.61,42314,0,0
2017-09-11 00:00:00,4253.44,4341.57,4091.01,4177.72,43250,0,0
2017-09-12 00:00:00,4177.63,4369.38,4072.51,4168.76,44542,0,0
2017-09-13 00:00:00,4167.01,4197.02,3714.8,3886.0,42901,0,0
2017-09-14 00:00:00,3882.76,3942.48,3244.15,3380.22,44403,0,0
2017-09-15 00:00:00,3386.28,3764.9,2966.0,3711.54,39592,0,0
2017-09-18 00:00:00,3686.69,4092.5,3638.81,3999.43,33791,0,0
2017-09-19 00:00:00,3998.71,4115.11,3840.86,3891.04,35255,0,0
2017-09-20 00:00:00,3904.83,4042.0,3813.07,3949.2,39186,0,0
2017-09-21 00:00:00,3947.94,3959.0,3565.68,3642.83,45676,0,0
2017-09-22 00:00:00,3635.89,3754.35,3506.52,3605.05,43484,0,0
2017-09-25 00:00:00,3661.41,3959.32,3650.89,3920.3,40727,0,0
2017-09-26 00:00:00,3920.09,3959.91,3848.24,3903.03,53969,0,0
2017-09-27 00:00:00,3903.47,4185.15,3870.93,4153.05,55005,0,0
2017-09-28 00:00:00,4153.53,4222.82,4121.39,4161.63,30398,0,0
2017-09-29 00:00:00,4164.84,4213.84,4018.25,4157.89,53400,0,0
2017-10-02 00:00:00,4325.37,4454.58,4324.34,4381.49,49882,0,0
2017-10-03 00:00:00,4382.07,4417.29,4229.77,4280.25,50464,0,0
2017-10-04 00:00:00,4280.07,4338.55,4178.77,4194.7,50694,0,0
2017-10-05 00:00:00,4195.85,4354.22,4142.2,4342.91,50724,0,0
2017-10-06 00:00:00,4342.31,4408.55,4290.38,4336.16,48875,0,0
2017-10-09 00:00:00,4573.08,4863.1,4547.06,4830.6,53438,0,0
2017-10-10 00:00:00,4832.58,4911.46,4734.08,4861.65,43707,0,0
2017-10-11 00:00:00,4861.89,4865.31,4703.98,4821.98,52422,0,0
2017-10-12 00:00:00,4822.17,5383.62,4784.88,5304.89,58599,0,0
2017-10-13 00:00:00,5305.36,5843.56,5270.31,5495.3,59827,0,0
2017-10-16 00:00:00,5506.19,5744.73,5490.31,5675.8,55743,0,0
2017-10-17 00:00:00,5677.42,5784.76,5518.04,5567.65,55889,0,0
2017-10-18 00:00:00,5553.11,5596.05,5101.34,5502.17,57653,0,0
2017-10-19 00:00:00,5511.12,5732.93,5488.99,5693.4,58353,0,0
2017-10-20 00:00:00,5682.19,6033.63,5604.52,6030.91,50963,0,0
2017-10-23 00:00:00,5864.91,6042.64,5641.76,5903.49,72300,0,0
2017-10-24 00:00:00,5896.65,5921.49,5547.71,5583.12,72129,0,0
2017-10-25 00:00:00,5563.59,5689.11,5372.53,5672.47,69236,0,0
2017-10-26 00:00:00,5658.56,5977.33,5637.34,5830.23,60747,0,0
2017-10-27 00:00:00,5834.7,5988.03,5691.93,5738.0,59868,0,0
2017-10-30 00:00:00,6164.01,6213.7,6020.37,6092.56,40294,0,0
2017-10-31 00:00:00,6083.44,6408.74,6076.18,6365.33,55463,0,0
2017-11-01 00:00:00,6348.22,6626.57,6345.67,6567.26,58846,0,0
2017-11-02 00:00:00,6544.49,7336.72,6543.41,7037.45,73959,0,0
2017-11-03 00:00:00,7037.45,7449.18,6937.08,7277.27,59958,0,0
2017-11-06 00:00:00,7346.44,7423.13,6941.13,7118.99,66199,0,0
2017-11-07 00:00:00,7118.41,7227.68,6939.63,7063.85,65849,0,0
2017-11-08 00:00:00,7060.98,7854.51,7034.42,7242.83,67823,0,0
2017-11-09 00:00:00,7242.83,7474.44,7067.1,7101.91,61489,0,0
2017-11-10 00:00:00,7064.48,7324.44,6406.77,6431.36,62176,0,0
2017-11-13 00:00:00,5883.34,6777.48,5614.21,6485.03,73901,0,0
2017-11-14 00:00:00,6477.47,6735.76,6418.46,6584.6,69372,0,0
2017-11-15 00:00:00,6578.18,7320.96,6534.67,7272.97,64949,0,0
2017-11-16 00:00:00,7279.59,7846.39,7109.48,7842.37,67954,0,0
2017-11-17 00:00:00,7845.58,7962.99,7525.51,7676.44,68478,0,0
2017-11-20 00:00:00,7993.2,8262.06,7916.12,8233.61,65214,0,0
2017-11-21 00:00:00,8235.73,8341.5,7796.05,8129.98,65987,0,0
2017-11-22 00:00:00,8069.11,8284.03,7970.74,8183.61,61199,0,0
2017-11-23 00:00:00,8186.68,8262.26,8071.63,8146.25,63190,0,0
2017-11-24 00:00:00,8145.37,8304.43,7869.08,8204.08,63293,0,0
2017-11-27 00:00:00,9300.05,9698.91,9212.97,9614.2,86646,0,0
2017-11-28 00:00:00,9614.2,9940.79,9563.86,9924.86,70163,0,0
2017-11-29 00:00:00,9924.86,11393.65,9213.67,10177.28,70525,0,0
2017-11-30 00:00:00,10207.88,10740.45,9014.92,9722.26,80246,0,0
2017-12-01 00:00:00,9688.66,10820.58,9399.59,10758.17,75796,0,0
2017-12-04 00:00:00,10956.41,11562.4,10552.64,11489.87,77429,0,0
2017-12-05 00:00:00,11503.24,11845.82,11461.11,11758.54,72707,0,0
2017-12-06 00:00:00,11760.01,13250.27,11669.25,13249.11,74442,0,0
2017-12-07 00:00:00,13246.87,16422.3,13229.97,16026.83,78426,0,0
2017-12-08 00:00:00,16050.18,17206.11,14073.03,15165.43,79088,0,0
2017-12-11 00:00:00,14461.99,17315.18,14418.36,17061.3,80944,0,0
2017-12-12 00:00:00,17039.11,17547.77,16197.87,17180.44,80155,0,0
2017-12-13 00:00:00,17171.24,17349.86,15685.77,16571.54,79169,0,0
2017-12-14 00:00:00,16586.47,16894.17,16009.77,16389.51,81188,0,0
2017-12-15 00:00:00,16387.88,17791.41,16378.15,17572.31,77528,0,0
2017-12-18 00:00:00,18892.85,19348.9,17905.49,18601.51,76871,0,0
2017-12-19 00:00:00,18609.56,18901.76,16710.79,16939.18,44675,0,0
2017-12-20 00:00:00,16935.05,17751.24,15652.88,16132.21,71649,0,0
2017-12-21 00:00:00,16133.93,17110.52,14929.44,15532.34,77164,0,0
2017-12-22 00:00:00,15529.92,15731.7,10892.97,14367.43,76896,0,0
2017-12-26 00:00:00,13759.57,16013.47,13647.39,15828.45,77555,0,0
2017-12-27 00:00:00,15831.58,16381.09,14455.9,15041.42,78559,0,0
2017-12-28 00:00:00,15082.21,15381.53,13493.16,13896.2,79986,0,0
2017-12-29 00:00:00,13922.83,15031.44,13898.07,14344.97,76512,0,0
2018-01-02 00:00:00,13482.64,15164.59,12894.94,14740.07,78596,0,0
2018-01-03 00:00:00,14758.69,15350.83,14563.63,15012.15,79943,0,0
2018-01-04 00:00:00,15002.44,15362.53,14167.43,14885.65,80383,0,0
2018-01-05 00:00:00,14878.79,16509.66,14783.52,16509.66,74657,0,0
2018-01-08 00:00:00,16116.58,16401.69,13877.42,14889.28,79953,0,0
2018-01-09 00:00:00,14901.01,15314.56,14152.16,14504.66,76942,0,0
2018-01-10 00:00:00,14502.09,14647.33,13451.23,14439.94,78887,0,0
2018-01-11 00:00:00,14450.64,14920.25,12800.42,13412.19,72858,0,0
2018-01-12 00:00:00,13431.17,14066.78,12817.73,13853.72,64955,0,0
2018-01-15 00:00:00,13363.78,14274.32,13363.72,13860.2,65614,0,0
2018-01-16 00:00:00,13868.15,13874.12,10307.43,10605.3,75689,0,0
2018-01-17 00:00:00,10650.07,11859.88,9120.83,11351.82,76062,0,0
2018-01-18 00:00:00,11309.39,12075.58,10643.95,11533.94,73453,0,0
2018-01-19 00:00:00,11542.67,11960.54,11005.84,11343.98,68173,0,0
2018-01-22 00:00:00,11325.97,11815.97,9993.61,10277.72,73966,0,0
2018-01-23 00:00:00,10311.34,11330.7,9898.85,10932.81,73599,0,0
2018-01-24 00:00:00,10945.16,11420.08,10435.67,11173.77,70305,0,0
2018-01-25 00:00:00,11151.71,11659.46,10820.4,11187.6,63103,0,0
2018-01-26 00:00:00,11188.38,11552.71,10258.74,10934.68,64135,0,0
2018-01-29 00:00:00,11618.49,11650.84,10902.15,11149.15,56258,0,0
2018-01-30 00:00:00,11148.01,11151.5,9693.97,10034.71,63767,0,0
2018-01-31 00:00:00,10036.11,10257.57,9508.8,9908.18,65620,0,0
2018-02-01 00:00:00,9907.22,10116.13,8382.58,9041.05,64599,0,0
2018-02-02 00:00:00,9038.14,9066.1,7552.36,8506.97,66154,0,0
2018-02-05 00:00:00,8021.73,8357.56,6487.68,7210.72,71559,0,0
2018-02-06 00:00:00,7210.97,7959.98,5862.05,7739.83,65848,0,0
2018-02-07 00:00:00,7778.04,8576.57,7166.62,8042.29,71326,0,0
2018-02-08 00:00:00,8033.99,8583.03,7490.91,8130.41,62732,0,0
2018-02-09 00:00:00,8108.22,8665.61,7704.68,8536.98,56061,0,0
2018-02-12 00:00:00,8250.91,8846.62,7977.88,8775.96,64305,0,0
2018-02-13 00:00:00,8776.21,8920.79,8329.38,8501.92,64738,0,0
2018-02-14 00:00:00,8509.24,9325.31,8430.28,9238.43,64580,0,0
2018-02-15 00:00:00,9242.49,10190.54,9201.14,9819.77,68433,0,0
2018-02-16 00:00:00,9843.07,10253.72,9670.07,9958.12,68623,0,0
2018-02-19 00:00:00,10729.68,11209.4,10265.39,11033.37,70210,0,0
2018-02-20 00:00:00,11036.48,11697.79,11004.0,11652.21,67675,0,0
2018-02-21 00:00:00,11660.2,11711.72,10203.72,10229.31,72500,0,0
2018-02-22 00:00:00,10252.96,10867.52,9678.14,9874.95,69092,0,0
2018-02-23 00:00:00,9872.4,10347.81,9541.92,9927.19,66756,0,0
2018-02-26 00:00:00,9545.94,10398.85,9343.75,10321.14,65879,0,0
2018-02-27 00:00:00,10322.66,10798.3,10090.42,10699.49,66532,0,0
2018-02-28 00:00:00,10703.31,10995.48,10331.94,10514.34,64801,0,0
2018-03-01 00:00:00,10480.99,11027.02,10170.05,10880.32,61590,0,0
2018-03-02 00:00:00,10888.49,11118.91,10730.11,11006.18,59640,0,0
2018-03-05 00:00:00,11347.53,11615.06,11271.2,11511.18,57620,0,0
2018-03-06 00:00:00,11516.08,11557.44,10521.63,10741.1,60744,0,0
2018-03-07 00:00:00,10729.31,10852.33,9387.38,9905.25,66034,0,0
2018-03-08 00:00:00,9896.75,10069.76,9027.74,9285.7,68330,0,0
2018-03-09 00:00:00,9264.62,9359.54,8320.79,8942.94,68712,0,0
2018-03-12 00:00:00,9583.14,9840.33,8710.71,8960.57,69744,0,0
2018-03-13 00:00:00,8960.37,9430.55,8815.91,8999.17,68653,0,0
2018-03-14 00:00:00,9012.27,9300.11,8160.32,8258.19,71302,0,0
2018-03-15 00:00:00,8255.76,8364.84,7625.75,8218.9,68162,0,0
2018-03-16 00:00:00,8208.55,8556.27,7865.94,8499.09,59500,0,0
2018-03-19 00:00:00,7596.78,8668.21,7594.19,8361.11,68540,0,0
2018-03-20 00:00:00,8370.31,8992.04,8269.46,8866.3,66403,0,0
2018-03-21 00:00:00,8864.21,9122.68,8713.51,8832.93,61348,0,0
2018-03-22 00:00:00,8839.12,9035.54,8449.95,8550.43,67050,0,0
2018-03-23 00:00:00,8544.96,8715.21,8235.06,8577.57,63293,0,0
2018-03-26 00:00:00,8554.39,8598.76,7800.89,7838.99,62376,0,0
2018-03-27 00:00:00,7839.37,8212.55,7702.51,7939.74,62894,0,0
2018-03-28 00:00:00,7939.61,8045.65,7685.97,7859.94,63101,0,0
2018-03-29 00:00:00,7860.3,7948.44,7047.05,7047.78,63458,0,0
2018-03-30 00:00:00,7047.4,7278.07,6548.22,6767.86,67319,0,0
2018-04-02 00:00:00,6840.22,7056.43,6706.7,6879.97,63653,0,0
2018-04-03 00:00:00,6880.43,7459.3,6870.72,7352.54,62587,0,0
2018-04-04 00:00:00,7352.41,7386.82,6681.15,6782.88,64975,0,0
2018-04-05 00:00:00,6782.93,6872.25,6529.04,6702.44,68316,0,0
2018-04-06 00:00:00,6702.45,6798.15,6464.48,6571.01,59478,0,0
2018-04-09 00:00:00,6903.24,7122.88,6568.03,6612.57,56512,0,0
2018-04-10 00:00:00,6613.4,6812.14,6606.83,6789.4,54608,0,0
2018-04-11 00:00:00,6789.62,6912.4,6734.89,6842.25,50944,0,0
2018-04-12 00:00:00,6842.19,8011.5,6717.27,7692.6,55371,0,0
2018-04-13 00:00:00,7693.35,8187.57,7673.7,8061.22,60696,0,0
2018-04-16 00:00:00,8254.67,8373.32,7870.73,7949.77,60659,0,0
2018-04-17 00:00:00,7950.73,8125.28,7786.39,7880.39,59384,0,0
2018-04-18 00:00:00,7880.55,8192.66,7831.44,8151.4,54954,0,0
2018-04-19 00:00:00,8151.25,8264.43,8065.73,8196.65,52783,0,0
2018-04-20 00:00:00,8196.63,8516.54,8181.53,8488.93,48273,0,0
2018-04-23 00:00:00,8856.38,8956.95,8721.47,8895.09,54030,0,0
2018-04-24 00:00:00,8895.1,9434.7,8885.33,9424.61,53739,0,0
2018-04-25 00:00:00,9423.96,9734.8,8666.81,9049.99,60982,0,0
2018-04-26 00:00:00,9050.26,9149.74,8630.08,9115.5,45872,0,0
2018-04-27 00:00:00,9116.0,9370.0,9013.12,9084.5,22467,0,0
2018-04-30 00:00:00,9240.86,9438.5,9112.5,9269.5,21515,0,0
2018-05-01 00:00:00,9217.8,9275.5,8819.0,9004.5,24355,0,0
2018-05-02 00:00:00,9006.0,9179.0,8955.71,9170.5,16428,0,0
2018-05-03 00:00:00,9115.91,9741.0,9115.47,9655.0,19960,0,0
2018-05-04 00:00:00,9581.24,9804.5,9510.5,9641.0,21271,0,0
2018-05-07 00:00:00,9451.51,9638.5,9171.5,9430.5,21148,0,0
2018-05-08 00:00:00,9375.84,9453.5,9039.5,9160.0,20828,0,0
2018-05-09 00:00:00,9089.39,9358.5,8966.5,9249.0,18831,0,0
2018-05-10 00:00:00,9178.88,9382.0,9044.0,9094.0,20896,0,0
2018-05-11 00:00:00,9096.0,9121.0,8501.5,8598.5,25211,0,0
2018-05-14 00:00:00,8647.65,8879.5,8278.0,8803.0,22619,0,0
2018-05-15 00:00:00,8731.15,8844.0,8421.5,8513.0,22166,0,0
2018-05-16 00:00:00,8444.71,8545.5,8097.5,8289.5,26007,0,0
2018-05-17 00:00:00,8226.51,8490.0,8118.0,8195.0,22531,0,0
2018-05-18 00:00:00,8132.61,8269.0,7919.0,8223.5,26027,0,0
2018-05-21 00:00:00,8481.61,8579.5,8298.5,8404.5,20289,0,0
2018-05-22 00:00:00,8335.83,8418.5,8077.0,8106.0,19408,0,0
2018-05-23 00:00:00,8038.02,8102.0,7426.0,7586.0,26794,0,0
2018-05-24 00:00:00,7516.05,7722.0,7260.5,7543.0,28087,0,0
2018-05-25 00:00:00,7481.44,7653.0,7320.5,7417.0,20308,0,0
2018-05-28 00:00:00,7246.93,7434.5,7163.5,7218.0,20808,0,0
2018-05-29 00:00:00,7144.43,7519.5,7049.5,7496.0,21579,0,0
2018-05-30 00:00:00,7433.64,7552.0,7264.5,7335.5,23586,0,0
2018-05-31 00:00:00,7273.09,7593.5,7259.5,7533.0,19119,0,0
2018-06-01 00:00:00,7471.43,7603.5,7344.5,7431.0,27854,0,0
2018-06-04 00:00:00,7658.61,7751.0,7441.0,7518.5,28770,0,0
2018-06-05 00:00:00,7458.81,7656.0,7351.0,7622.0,38232,0,0
2018-06-06 00:00:00,7561.09,7674.5,7473.0,7613.0,37888,0,0
2018-06-07 00:00:00,7548.9,7742.5,7544.8,7655.5,24542,0,0
2018-06-08 00:00:00,7595.33,7688.0,7536.0,7639.0,15650,0,0
2018-06-11 00:00:00,6659.97,6832.0,6639.0,6753.5,28508,0,0
2018-06-12 00:00:00,6700.59,6902.5,6438.0,6527.0,19905,0,0
2018-06-13 00:00:00,6477.88,6616.5,6115.0,6252.5,27261,0,0
2018-06-14 00:00:00,6198.96,6700.0,6190.12,6643.0,25119,0,0
2018-06-15 00:00:00,6601.1,6654.5,6461.5,6539.0,21218,0,0
2018-06-18 00:00:00,6437.27,6785.5,6379.0,6723.5,16050,0,0
2018-06-19 00:00:00,6667.11,6828.0,6648.33,6688.0,12472,0,0
2018-06-20 00:00:00,6637.51,6808.5,6550.0,6740.0,12634,0,0
2018-06-21 00:00:00,6689.43,6783.5,6656.23,6717.0,13140,0,0
2018-06-22 00:00:00,6661.71,6747.5,6065.5,6193.5,19481,0,0
2018-06-25 00:00:00,6126.93,6335.0,6072.44,6244.5,23398,0,0
2018-06-26 00:00:00,6189.27,6270.5,6123.5,6182.0,20209,0,0
2018-06-27 00:00:00,6122.5,6252.0,5984.0,6118.5,21228,0,0
2018-06-28 00:00:00,6065.14,6175.0,6020.5,6043.5,17991,0,0
2018-06-29 00:00:00,5984.96,6036.0,5779.0,5880.5,30111,0,0
2018-07-02 00:00:00,6283.91,6666.5,6235.28,6617.5,35916,0,0
2018-07-03 00:00:00,6564.01,6664.5,6532.0,6611.0,35181,0,0
2018-07-04 00:00:00,6558.17,6797.5,6407.5,6682.0,31656,0,0
2018-07-05 00:00:00,6627.35,6694.0,6443.5,6505.5,42664,0,0
2018-07-06 00:00:00,6448.05,6635.0,6419.5,6566.0,31619,0,0
2018-07-09 00:00:00,6681.55,6753.5,6658.0,6690.0,30117,0,0
2018-07-10 00:00:00,6639.11,6807.0,6315.5,6383.0,37296,0,0
2018-07-11 00:00:00,6328.36,6397.5,6266.5,6349.0,25819,0,0
2018-07-12 00:00:00,6293.66,6375.49,6127.0,6168.0,26929,0,0
2018-07-13 00:00:00,6114.3,6334.5,6066.0,6175.0,26161,0,0
2018-07-16 00:00:00,6318.43,6713.0,6316.06,6653.5,24955,0,0
2018-07-17 00:00:00,6603.38,7466.99,6594.24,7317.24,33178,0,0
2018-07-18 00:00:00,7256.16,7586.24,7237.25,7336.25,28953,0,0
2018-07-19 00:00:00,7276.83,7530.99,7243.39,7417.49,24939,0,0
2018-07-20 00:00:00,7354.43,7686.24,7274.74,7343.99,23721,0,0
2018-07-23 00:00:00,7460.21,7800.74,7287.19,7702.24,27023,0,0
2018-07-24 00:00:00,7644.67,8354.74,7641.35,8223.49,28987,0,0
2018-07-25 00:00:00,8169.87,8479.49,8057.99,8182.0,24620,0,0
2018-07-26 00:00:00,8116.0,8311.74,8105.24,8146.74,16413,0,0
2018-07-27 00:00:00,8080.5,8282.0,7797.99,8217.99,21489,0,0
2018-07-30 00:00:00,8135.31,8282.24,7853.99,8157.74,20892,0,0
2018-07-31 00:00:00,8085.45,8212.74,7653.0,7691.99,23498,0,0
2018-08-01 00:00:00,7630.06,7770.74,7461.24,7483.24,25245,0,0
2018-08-02 00:00:00,7421.22,7707.24,7421.17,7543.24,18894,0,0
2018-08-03 00:00:00,7489.96,7573.74,7283.74,7375.49,14895,0,0
2018-08-06 00:00:00,6990.94,7161.24,6873.74,6915.99,13481,0,0
2018-08-07 00:00:00,6860.25,7146.24,6812.77,6873.74,18018,0,0
2018-08-08 00:00:00,6815.99,6819.1,6119.74,6318.74,28601,0,0
2018-08-09 00:00:00,6260.58,6551.99,6188.49,6510.49,22785,0,0
2018-08-10 00:00:00,6449.7,6618.24,6300.99,6399.24,28650,0,0
2018-08-13 00:00:00,6281.91,6537.49,6147.49,6274.49,25278,0,0
2018-08-14 00:00:00,6214.31,6281.99,5872.49,6068.99,33509,0,0
2018-08-15 00:00:00,6013.97,6626.49,6011.6,6371.99,36081,0,0
2018-08-16 00:00:00,6313.1,6475.74,6204.49,6249.74,33445,0,0
2018-08-17 00:00:00,6195.54,6556.49,6174.67,6492.99,34726,0,0
2018-08-20 00:00:00,6474.9,6544.74,6380.99,6449.49,20009,0,0
2018-08-21 00:00:00,6391.4,6475.24,6223.49,6450.74,20571,0,0
2018-08-22 00:00:00,6386.6,6870.74,6283.49,6325.49,27891,0,0
2018-08-23 00:00:00,6271.04,6480.98,6236.19,6413.73,18875,0,0
2018-08-24 00:00:00,6360.24,6637.99,6355.59,6615.49,16126,0,0
2018-08-27 00:00:00,6616.69,6759.99,6615.55,6713.24,12806,0,0
2018-08-28 00:00:00,6659.58,7124.24,6652.6,7080.99,15776,0,0
2018-08-29 00:00:00,7021.91,7116.99,6892.49,7042.49,14370,0,0
2018-08-30 00:00:00,6981.83,7063.99,6789.0,6910.5,16520,0,0
2018-08-31 00:00:00,6851.38,7085.0,6850.27,7040.5,17056,0,0
2018-09-03 00:00:00,7218.44,7326.5,7185.0,7294.5,13126,0,0
2018-09-04 00:00:00,7229.25,7400.0,7227.25,7357.75,13814,0,0
2018-09-05 00:00:00,7302.04,7381.0,6850.0,6945.75,15609,0,0
2018-09-06 00:00:00,6889.15,6975.25,6218.0,6435.5,22821,0,0
2018-09-07 00:00:00,6381.14,6523.0,6322.0,6414.0,22468,0,0
2018-09-10 00:00:00,6327.93,6383.5,6181.0,6296.5,22841,0,0
2018-09-11 00:00:00,6239.78,6402.0,6166.5,6248.0,23680,0,0
2018-09-12 00:00:00,6190.75,6335.0,6185.59,6288.5,24762,0,0
2018-09-13 00:00:00,6244.68,6514.75,6238.53,6450.75,28298,0,0
2018-09-14 00:00:00,6402.48,6566.5,6364.75,6516.5,31457,0,0
2018-09-17 00:00:00,6485.75,6515.25,6190.0,6199.0,19715,0,0
2018-09-18 00:00:00,6228.25,6364.25,6202.75,6301.75,15239,0,0
2018-09-19 00:00:00,6295.75,6506.25,6088.12,6401.75,17491,0,0
2018-09-20 00:00:00,6412.25,6428.25,6323.5,6360.25,14976,0,0
2018-09-21 00:00:00,6353.25,6949.75,6343.25,6735.75,23323,0,0
2018-09-24 00:00:00,6659.75,6705.0,6555.26,6608.17,26902,0,0
2018-09-25 00:00:00,6609.42,6615.38,6310.14,6369.02,25611,0,0
2018-09-26 00:00:00,6371.52,6521.75,6350.52,6482.65,14706,0,0
2018-09-27 00:00:00,6481.25,6718.44,6412.54,6676.72,16496,0,0
2018-09-28 00:00:00,6689.22,6770.71,6500.84,6659.92,23518,0,0
2018-10-01 00:00:00,6536.11,6624.1,6468.01,6536.05,16434,0,0
2018-10-02 00:00:00,6535.55,6594.11,6433.15,6514.27,23518,0,0
2018-10-03 00:00:00,6516.52,6523.32,6385.1,6419.24,21318,0,0
2018-10-04 00:00:00,6424.24,6598.2,6395.74,6538.6,20530,0,0
2018-10-05 00:00:00,6536.1,6587.05,6510.94,6534.01,23570,0,0
2018-10-08 00:00:00,6520.01,6650.18,6516.49,6605.07,20657,0,0
2018-10-09 00:00:00,6607.82,6611.82,6537.82,6563.87,20910,0,0
2018-10-10 00:00:00,6556.87,6582.94,6436.33,6522.93,18672,0,0
2018-10-11 00:00:00,6513.68,6534.73,6046.41,6196.29,32609,0,0
2018-10-12 00:00:00,6201.09,6230.06,6103.41,6205.57,24431,0,0
2018-10-15 00:00:00,6198.76,6770.67,6143.11,6393.89,45606,0,0
2018-10-16 00:00:00,6407.19,6490.62,6377.24,6443.64,27472,0,0
2018-10-17 00:00:00,6438.64,6471.92,6390.3,6418.59,19915,0,0
2018-10-18 00:00:00,6420.84,6475.91,6332.32,6371.33,23486,0,0
2018-10-19 00:00:00,6368.33,6395.54,6338.69,6374.5,21954,0,0
2018-10-22 00:00:00,6417.25,6418.25,6365.79,6400.06,17536,0,0
2018-10-23 00:00:00,6402.81,6415.08,6350.16,6383.08,22563,0,0
2018-10-24 00:00:00,6395.66,6472.51,6377.65,6414.75,26126,0,0
2018-10-25 00:00:00,6428.25,6481.61,6362.02,6382.43,20614,0,0
2018-10-26 00:00:00,6380.69,6452.72,6359.1,6382.89,7171,0,0
2018-10-29 00:00:00,6375.24,6415.64,6186.93,6224.7,16912,0,0
2018-10-30 00:00:00,6226.7,6271.9,6216.96,6247.35,18018,0,0
2018-10-31 00:00:00,6249.86,6333.8,6184.15,6287.1,20355,0,0
2018-11-01 00:00:00,6287.58,6330.45,6277.33,6320.24,19183,0,0
2018-11-02 00:00:00,6320.75,6362.7,6314.23,6338.52,15461,0,0
2018-11-05 00:00:00,6397.56,6426.07,6354.69,6383.69,19621,0,0
2018-11-06 00:00:00,6382.43,6437.4,6368.69,6404.25,23937,0,0
2018-11-07 00:00:00,6404.5,6531.01,6404.01,6488.01,25429,0,0
2018-11-08 00:00:00,6485.24,6497.22,6372.71,6405.51,27238,0,0
2018-11-09 00:00:00,6403.75,6410.77,6297.01,6325.28,28208,0,0
2018-11-12 00:00:00,6296.49,6380.78,6295.9,6302.91,32141,0,0
2018-11-13 00:00:00,6292.01,6321.81,6230.36,6263.43,26814,0,0
2018-11-14 00:00:00,6260.43,6277.8,5255.44,5512.9,38173,0,0
2018-11-15 00:00:00,5499.9,5602.0,5187.78,5457.21,38066,0,0
2018-11-16 00:00:00,5457.46,5602.54,5436.21,5497.87,24515,0,0
2018-11-19 00:00:00,5535.64,5545.36,4647.72,4769.99,40635,0,0
2018-11-20 00:00:00,4742.44,4876.24,4018.49,4313.0,51652,0,0
2018-11-21 00:00:00,4323.25,4621.49,4166.0,4435.25,49414,0,0
2018-11-22 00:00:00,4441.25,4584.24,4347.75,4412.75,37199,0,0
2018-11-23 00:00:00,4414.74,4431.99,4070.5,4201.24,39339,0,0
2018-11-26 00:00:00,4005.24,4080.49,3502.0,3644.74,51881,0,0
2018-11-27 00:00:00,3613.74,3789.99,3544.49,3750.0,45633,0,0
2018-11-28 00:00:00,3735.25,4347.99,3724.0,4207.0,40057,0,0
2018-11-29 00:00:00,4190.24,4396.75,4067.74,4167.44,32184,0,0
2018-11-30 00:00:00,4167.24,4285.24,3847.98,3942.24,32762,0,0
2018-12-03 00:00:00,4126.46,4147.75,3721.23,3857.49,28361,0,0
2018-12-04 00:00:00,3858.9,4019.51,3714.72,3881.98,31918,0,0
2018-12-05 00:00:00,3859.76,3901.26,3641.69,3704.51,33463,0,0
2018-12-06 00:00:00,3688.26,3828.31,3523.08,3583.99,35411,0,0
2018-12-07 00:00:00,3575.74,3613.24,3189.74,3322.74,36190,0,0
2018-12-10 00:00:00,3484.74,3576.74,3339.25,3387.25,24250,0,0
2018-12-11 00:00:00,3375.5,3410.74,3278.99,3357.24,23956,0,0
2018-12-12 00:00:00,3347.24,3474.75,3311.75,3425.51,15822,0,0
2018-12-13 00:00:00,3422.25,3426.24,3207.24,3239.49,15845,0,0
2018-12-14 00:00:00,3247.99,3279.49,3137.99,3149.75,12473,0,0
2018-12-17 00:00:00,3175.94,3571.51,3165.75,3478.0,16496,0,0
2018-12-18 00:00:00,3477.5,3556.25,3419.76,3521.0,21678,0,0
2018-12-19 00:00:00,3521.0,3910.99,3506.25,3652.74,30765,0,0
2018-12-20 00:00:00,3652.49,4159.74,3629.24,3978.99,32929,0,0
2018-12-21 00:00:00,3979.49,4151.74,3761.68,3782.01,35619,0,0
2018-12-24 00:00:00,3913.82,4222.74,3887.5,4051.5,26358,0,0
2018-12-26 00:00:00,3769.24,3854.24,3668.74,3759.74,25566,0,0
2018-12-27 00:00:00,3766.25,3825.0,3551.74,3568.74,28380,0,0
2018-12-28 00:00:00,3562.14,3953.24,3543.25,3889.24,49231,0,0
2018-12-31 00:00:00,3769.4,3829.74,3612.74,3660.0,39172,0,0
2019-01-02 00:00:00,3750.2,3898.64,3706.14,3878.65,615601,0,0
2019-01-03 00:00:00,3860.59,3913.14,3735.28,3792.15,493556,0,0
2019-01-04 00:00:00,3770.95,3847.65,3706.99,3829.14,568760,0,0
2019-01-07 00:00:00,3981.95,4069.65,3945.24,4002.39,515050,0,0
2019-01-08 00:00:00,3982.08,4113.14,3926.25,3995.14,595442,0,0
2019-01-09 00:00:00,3976.09,4042.12,3941.16,4001.9,516903,0,0
2019-01-10 00:00:00,3980.26,4033.89,3547.23,3632.14,798162,0,0
2019-01-11 00:00:00,3606.57,3696.56,3564.58,3643.14,507606,0,0
2019-01-14 00:00:00,3465.35,3713.57,3464.79,3663.47,510266,0,0
2019-01-15 00:00:00,3641.59,3686.78,3521.46,3564.15,455159,0,0
2019-01-16 00:00:00,3543.93,3665.64,3543.93,3596.89,433447,0,0
2019-01-17 00:00:00,3579.2,3658.64,3521.3,3625.39,455388,0,0
2019-01-18 00:00:00,3601.2,3648.9,3554.42,3612.08,316037,0,0
2019-01-21 00:00:00,3489.21,3568.91,3482.49,3516.62,342020,0,0
2019-01-22 00:00:00,3497.0,3609.58,3402.36,3572.08,506305,0,0
2019-01-23 00:00:00,3549.77,3610.59,3498.51,3542.84,337875,0,0
2019-01-24 00:00:00,3521.21,3597.6,3504.88,3569.34,368818,0,0
2019-01-25 00:00:00,3547.16,3580.34,3490.64,3555.35,425363,0,0
2019-01-28 00:00:00,3491.38,3542.1,3348.39,3415.86,532945,0,0
2019-01-29 00:00:00,3393.19,3444.6,3317.93,3400.85,362341,0,0
2019-01-30 00:00:00,3377.49,3459.39,3349.37,3431.39,419877,0,0
2019-01-31 00:00:00,3409.03,3471.89,3372.38,3415.13,387333,0,0
2019-02-01 00:00:00,3393.57,3453.13,3350.26,3448.89,406389,0,0
2019-02-04 00:00:00,3345.0,3437.38,3344.92,3415.68,238897,0,0
2019-02-05 00:00:00,3393.05,3429.38,3375.81,3419.68,172460,0,0
2019-02-06 00:00:00,3399.11,3444.38,3313.96,3366.68,236225,0,0
2019-02-07 00:00:00,3342.64,3381.13,3318.94,3356.68,165420,0,0
2019-02-08 00:00:00,3335.12,3707.35,3308.68,3595.88,351863,0,0
2019-02-11 00:00:00,3555.73,3653.88,3545.66,3593.39,261585,0,0
2019-02-12 00:00:00,3568.08,3617.89,3526.25,3576.88,251525,0,0
2019-02-13 00:00:00,3552.5,3623.61,3533.51,3568.68,198293,0,0
2019-02-14 00:00:00,3547.96,3589.22,3511.31,3569.14,242999,0,0
2019-02-15 00:00:00,3546.52,3615.4,3522.45,3564.14,170850,0,0
2019-02-18 00:00:00,3535.75,3917.37,3535.75,3851.31,773725,0,0
2019-02-19 00:00:00,3828.53,3968.89,3806.75,3883.14,599763,0,0
2019-02-20 00:00:00,3863.75,3963.77,3841.92,3914.43,397032,0,0
2019-02-21 00:00:00,3889.9,3986.71,3844.71,3897.49,398386,0,0
2019-02-22 00:00:00,3874.03,3953.53,3862.15,3938.74,395123,0,0
2019-02-25 00:00:00,3763.32,3859.59,3706.0,3804.55,642268,0,0
2019-02-26 00:00:00,3781.97,3831.32,3741.29,3788.84,426019,0,0
2019-02-27 00:00:00,3766.04,3824.22,3633.55,3747.09,368494,0,0
2019-02-28 00:00:00,3725.89,3888.09,3719.17,3801.59,498906,0,0
2019-03-01 00:00:00,3778.79,3843.59,3762.55,3828.34,241018,0,0
2019-03-04 00:00:00,3739.98,3808.35,3648.3,3702.96,395085,0,0
2019-03-05 00:00:00,3676.35,3872.49,3657.98,3833.84,412749,0,0
2019-03-06 00:00:00,3810.35,3890.72,3786.32,3843.85,290809,0,0
2019-03-07 00:00:00,3821.52,3890.85,3805.79,3869.35,349569,0,0
2019-03-08 00:00:00,3847.25,3910.35,3826.25,3873.15,277173,0,0
2019-03-11 00:00:00,3844.61,3912.36,3793.0,3847.1,285392,0,0
2019-03-12 00:00:00,3828.79,3875.61,3776.24,3865.35,224179,0,0
2019-03-13 00:00:00,3840.6,3871.35,3802.29,3839.54,238042,0,0
2019-03-14 00:00:00,3821.37,3902.11,3763.65,3837.24,226611,0,0
2019-03-15 00:00:00,3837.24,3907.6,3837.24,3896.85,219018,0,0
2019-03-18 00:00:00,3927.55,4017.85,3911.9,3971.1,259914,0,0
2019-03-19 00:00:00,3949.85,4013.43,3926.7,3991.35,221134,0,0
2019-03-20 00:00:00,3965.03,4019.12,3940.1,4010.66,211059,0,0
2019-03-21 00:00:00,3985.21,4056.44,3891.38,3973.59,354797,0,0
2019-03-22 00:00:00,3955.62,3999.64,3927.17,3974.14,205060,0,0
2019-03-25 00:00:00,3914.88,3976.34,3834.79,3884.64,226559,0,0
2019-03-26 00:00:00,3861.05,3921.09,3836.26,3914.84,182300,0,0
2019-03-27 00:00:00,3885.75,4033.71,3882.49,4008.34,226257,0,0
2019-03-28 00:00:00,3985.7,4036.1,3970.44,4009.46,158607,0,0
2019-03-29 00:00:00,3986.9,4098.86,3984.03,4072.85,266089,0,0
2019-04-01 00:00:00,4068.96,4148.73,4029.95,4128.93,205355,0,0
2019-04-02 00:00:00,4103.9,5086.35,4103.45,4800.85,1467705,0,0
2019-04-03 00:00:00,4779.29,5315.96,4758.37,5289.76,1524666,0,0
2019-04-04 00:00:00,5272.13,5337.76,4735.52,4847.02,1807471,0,0
2019-04-05 00:00:00,4823.24,5065.87,4815.5,4998.81,1048784,0,0
2019-04-08 00:00:00,5119.0,5349.27,5109.27,5247.46,1262840,0,0
2019-04-09 00:00:00,5229.67,5309.44,5122.15,5218.27,886026,0,0
2019-04-10 00:00:00,5196.48,5460.22,5135.14,5304.23,660663,0,0
2019-04-11 00:00:00,5277.27,5344.77,4948.02,5053.77,949486,0,0
2019-04-12 00:00:00,5030.72,5119.48,4886.84,5040.73,691173,0,0
2019-04-15 00:00:00,5038.35,5189.73,4926.25,5025.23,650304,0,0
2019-04-16 00:00:00,4999.94,5230.23,4985.37,5182.72,480311,0,0
2019-04-17 00:00:00,5161.36,5269.98,5153.22,5216.03,517510,0,0
2019-04-18 00:00:00,5196.66,5310.73,5182.3,5305.73,475089,0,0
2019-04-19 00:00:00,5285.12,5354.73,5175.42,5266.48,449279,0,0
2019-04-22 00:00:00,5212.25,5441.98,5211.78,5368.23,552236,0,0
2019-04-23 00:00:00,5343.9,5635.68,5333.64,5580.98,675567,0,0
2019-04-24 00:00:00,5556.1,5620.48,5351.4,5435.44,849412,0,0
2019-04-25 00:00:00,5412.82,5512.23,5356.64,5496.99,431083,0,0
2019-04-26 00:00:00,5471.36,5503.73,4945.48,5092.23,1245661,0,0
2019-04-29 00:00:00,5101.64,5187.7,5048.45,5132.69,448854,0,0
2019-04-30 00:00:00,5105.25,5285.74,5077.55,5235.44,486370,0,0
2019-05-01 00:00:00,5213.37,5350.94,5212.76,5311.19,400949,0,0
2019-05-02 00:00:00,5284.26,5421.46,5265.24,5405.21,459143,0,0
2019-05-03 00:00:00,5381.52,5795.94,5341.83,5688.69,1160131,0,0
2019-05-06 00:00:00,5743.63,5780.96,5542.15,5693.38,1025029,0,0
2019-05-07 00:00:00,5670.35,5963.21,5652.7,5849.71,1117311,0,0
2019-05-08 00:00:00,5821.25,5912.84,5635.85,5899.62,991621,0,0
2019-05-09 00:00:00,5877.13,6089.46,5827.96,6079.46,1122668,0,0
2019-05-10 00:00:00,6056.9,6423.46,6054.25,6289.71,1268969,0,0
2019-05-13 00:00:00,7122.45,7976.67,6846.8,7849.92,2959042,0,0
2019-05-14 00:00:00,7842.2,8348.17,7561.92,7706.71,4260391,0,0
2019-05-15 00:00:00,7698.37,8264.96,7603.53,8166.11,2871305,0,0
2019-05-16 00:00:00,8146.07,8387.46,7648.77,7733.6,3149976,0,0
2019-05-17 00:00:00,7645.62,7962.45,6504.33,7107.45,4482699,0,0
2019-05-20 00:00:00,7976.0,8313.45,7553.95,8012.45,3541864,0,0
2019-05-21 00:00:00,7985.39,8150.7,7785.12,8079.45,2664509,0,0
2019-05-22 00:00:00,8067.0,8108.7,7667.0,7831.45,1966408,0,0
2019-05-23 00:00:00,7806.48,7876.95,7448.73,7862.2,2036966,0,0
2019-05-24 00:00:00,7858.49,8176.45,7774.79,8105.95,1855835,0,0
2019-05-27 00:00:00,8540.87,8948.2,8511.06,8748.54,2385832,0,0
2019-05-28 00:00:00,8724.82,8845.45,8516.53,8689.45,1797963,0,0
2019-05-29 00:00:00,8670.48,8758.12,8408.6,8647.87,1886683,0,0
2019-05-30 00:00:00,8623.07,9075.12,8353.63,8454.12,2118074,0,0
2019-05-31 00:00:00,8438.05,8515.12,7962.13,8505.12,2656234,0,0
2019-06-03 00:00:00,8664.48,8757.37,8306.13,8557.62,2090410,0,0
2019-06-04 00:00:00,8534.57,8563.37,7483.79,7651.37,3658262,0,0
2019-06-05 00:00:00,7629.34,7923.97,7419.12,7747.72,2346619,0,0
2019-06-06 00:00:00,7709.41,7872.12,7413.0,7687.99,1867505,0,0
2019-06-07 00:00:00,7664.93,8128.74,7661.46,7908.99,1439904,0,0
2019-06-10 00:00:00,7666.9,8082.99,7488.94,7944.74,1875333,0,0
2019-06-11 00:00:00,7921.65,8051.99,7689.75,7927.74,1389860,0,0
2019-06-12 00:00:00,7902.99,8273.74,7800.9,8113.24,1536892,0,0
2019-06-13 00:00:00,8098.09,8289.74,8024.99,8262.24,1185583,0,0
2019-06-14 00:00:00,8236.57,8468.34,8158.46,8451.74,1201153,0,0
2019-06-17 00:00:00,8909.0,9429.74,8842.26,9278.24,2211089,0,0
2019-06-18 00:00:00,9250.75,9471.24,8916.82,9123.49,2298072,0,0
2019-06-19 00:00:00,9101.62,9207.49,8926.01,9160.99,1349360,0,0
2019-06-20 00:00:00,9143.6,9599.74,9114.44,9557.49,1601848,0,0
2019-06-21 00:00:00,9540.11,9952.5,9438.62,9934.74,2353472,0,0
2019-06-24 00:00:00,10975.79,11247.49,10521.24,10867.07,3878350,0,0
2019-06-25 00:00:00,10830.58,11472.72,10829.25,11372.19,3121188,0,0
2019-06-26 00:00:00,11346.55,13849.59,11299.05,12340.68,9754428,0,0
2019-06-27 00:00:00,12714.63,13317.25,10229.1,10633.6,12613084,0,0
2019-06-28 00:00:00,10653.92,12394.56,10438.65,12216.1,7588750,0,0
2019-07-01 00:00:00,11338.25,11417.06,9899.36,10449.13,5888695,0,0
2019-07-02 00:00:00,10452.88,10913.35,9618.36,10753.89,5217575,0,0
2019-07-03 00:00:00,10678.62,11557.6,10562.91,11348.17,4555877,0,0
2019-07-04 00:00:00,11353.12,12050.61,11288.37,11721.6,3720250,0,0
2019-07-05 00:00:00,11696.71,11736.59,10732.1,11014.45,4019984,0,0
2019-07-08 00:00:00,11482.1,12285.43,11308.25,12211.36,2511603,0,0
2019-07-09 00:00:00,12183.5,12817.02,12043.86,12384.88,3447519,0,0
2019-07-10 00:00:00,12379.5,13183.53,11588.82,11795.97,4569667,0,0
2019-07-11 00:00:00,11757.4,12192.33,10915.17,11144.45,4918178,0,0
2019-07-12 00:00:00,11129.5,11904.92,11048.97,11891.44,3271102,0,0
2019-07-15 00:00:00,10589.02,10940.78,9842.85,10811.6,3930219,0,0
2019-07-16 00:00:00,10798.87,11069.42,9371.11,9586.07,4204337,0,0
2019-07-17 00:00:00,9572.22,9985.76,9026.89,9688.93,3954052,0,0
2019-07-18 00:00:00,9667.62,10735.45,9268.0,10617.59,4144274,0,0
2019-07-19 00:00:00,10594.59,10798.59,10054.89,10506.84,3904400,0,0
2019-07-22 00:00:00,10482.26,10670.84,10040.67,10317.84,2368010,0,0
2019-07-23 00:00:00,10298.96,10377.34,9839.99,10160.59,2551987,0,0
2019-07-24 00:00:00,10123.09,10141.34,9475.29,9678.09,2474648,0,0
2019-07-25 00:00:00,9646.5,10186.59,9638.24,9870.34,2037608,0,0
2019-07-26 00:00:00,9849.58,9946.84,9632.9,9829.84,1728829,0,0
2019-07-29 00:00:00,9461.27,9713.09,9095.09,9513.09,2128029,0,0
2019-07-30 00:00:00,9490.0,9758.34,9351.17,9527.08,1656686,0,0
2019-07-31 00:00:00,9516.1,10116.4,9446.01,10021.84,1726791,0,0
2019-08-01 00:00:00,10001.0,10480.59,9862.75,10403.34,1881260,0,0
2019-08-02 00:00:00,10386.25,10661.34,10311.54,10403.84,2211921,0,0
2019-08-05 00:00:00,10902.15,11946.34,10761.24,11721.09,3383349,0,0
2019-08-06 00:00:00,11703.31,12322.34,11509.8,11639.09,3185434,0,0
2019-08-07 00:00:00,11622.87,12131.59,11183.56,11843.09,3360903,0,0
2019-08-08 00:00:00,11837.65,12051.09,11438.84,11586.59,3394358,0,0
2019-08-09 00:00:00,11570.5,12044.54,11534.5,11859.84,3099084,0,0
2019-08-12 00:00:00,11359.99,11558.25,11201.59,11415.34,1915615,0,0
2019-08-13 00:00:00,11391.49,11441.11,10725.28,10879.09,2031750,0,0
2019-08-14 00:00:00,10852.59,10893.59,9997.84,10152.46,2609834,0,0
2019-08-15 00:00:00,10139.76,10388.48,9462.96,10359.26,3208024,0,0
2019-08-16 00:00:00,10346.37,10525.34,9702.63,10394.09,3150640,0,0
2019-08-19 00:00:00,10312.85,10830.85,10248.09,10669.34,2060700,0,0
2019-08-20 00:00:00,10652.19,10951.84,10541.1,10698.84,2156046,0,0
2019-08-21 00:00:00,10682.62,10840.59,9823.27,10144.59,2751126,0,0
2019-08-22 00:00:00,10125.92,10229.59,9736.61,10175.34,2621913,0,0
2019-08-23 00:00:00,10152.25,10469.34,10018.76,10353.84,2154752,0,0
2019-08-26 00:00:00,9947.17,10632.59,9887.32,10257.59,2868019,0,0
2019-08-27 00:00:00,10237.29,10391.09,10004.68,10132.14,2184034,0,0
2019-08-28 00:00:00,10117.33,10285.68,9465.32,9665.67,2199225,0,0
2019-08-29 00:00:00,9642.34,9745.06,9265.84,9511.87,2123589,0,0
2019-08-30 00:00:00,9501.72,9690.38,9330.61,9626.17,1943569,0,0
2019-09-02 00:00:00,9588.33,10455.36,9588.33,10381.57,1702793,0,0
2019-09-03 00:00:00,10384.81,10775.59,10265.06,10703.34,2108882,0,0
2019-09-04 00:00:00,10687.27,10825.09,10351.84,10618.34,2168965,0,0
2019-09-05 00:00:00,10600.39,10694.59,10435.16,10507.84,1925307,0,0
2019-09-06 00:00:00,10496.51,10939.34,10172.84,10350.09,2227107,0,0
2019-09-09 00:00:00,10331.59,10525.09,10042.74,10232.84,1970458,0,0
2019-09-10 00:00:00,10211.91,10387.59,9884.0,10043.59,1770976,0,0
2019-09-11 00:00:00,10026.55,10245.59,9848.57,10094.43,1770963,0,0
2019-09-12 00:00:00,10074.28,10367.09,10014.92,10322.5,1494626,0,0
2019-09-13 00:00:00,10307.7,10456.65,10137.02,10263.68,1432170,0,0
2019-09-16 00:00:00,10240.58,10375.84,10055.03,10199.23,1198933,0,0
2019-09-17 00:00:00,10189.72,10323.84,10113.93,10254.31,1093779,0,0
2019-09-18 00:00:00,10227.89,10261.59,10060.23,10189.84,940693,0,0
2019-09-19 00:00:00,10171.01,10361.3,9597.34,10255.34,1642741,0,0
2019-09-20 00:00:00,10237.68,10310.84,10043.47,10134.1,1201940,0,0
2019-09-23 00:00:00,9969.74,10070.09,9624.84,9775.88,1511173,0,0
2019-09-24 00:00:00,9741.13,9820.85,7773.24,8526.84,4181388,0,0
2019-09-25 00:00:00,8555.74,8791.37,8206.42,8512.14,3119628,0,0
2019-09-26 00:00:00,8486.47,8640.84,7704.84,8086.53,2686609,0,0
2019-09-27 00:00:00,8069.44,8132.2,7843.36,8057.84,1803278,0,0
2019-09-30 00:00:00,7973.42,8354.97,7689.53,8238.35,1923605,0,0
2019-10-01 00:00:00,8214.25,8515.02,8154.38,8378.03,1804888,0,0
2019-10-02 00:00:00,8351.44,8418.96,8152.77,8229.94,1279362,0,0
2019-10-03 00:00:00,8211.01,8411.9,8042.42,8141.5,1179219,0,0
2019-10-04 00:00:00,8122.47,8292.16,7986.89,8163.77,1187398,0,0
2019-10-07 00:00:00,7870.23,8302.44,7746.15,8206.46,1613540,0,0
2019-10-08 00:00:00,8192.22,8338.28,8089.43,8125.75,1245542,0,0
2019-10-09 00:00:00,8105.85,8703.36,8043.06,8582.75,1437806,0,0
2019-10-10 00:00:00,8565.44,8657.82,8434.23,8572.25,1259043,0,0
2019-10-11 00:00:00,8556.92,8806.94,8265.88,8335.82,1615251,0,0
2019-10-14 00:00:00,8237.51,8394.83,8136.29,8339.08,979669,0,0
2019-10-15 00:00:00,8318.5,8401.58,8050.12,8139.84,1082806,0,0
2019-10-16 00:00:00,8118.43,8174.32,7891.14,7983.57,1105219,0,0
2019-10-17 00:00:00,7962.84,8123.59,7905.96,8042.05,999471,0,0
2019-10-18 00:00:00,8022.22,8118.1,7786.1,7943.1,1231669,0,0
2019-10-21 00:00:00,8202.15,8341.01,8135.2,8201.06,909873,0,0
2019-10-22 00:00:00,8183.44,8306.55,8026.05,8126.57,978158,0,0
2019-10-23 00:00:00,8100.0,8118.08,7250.42,7495.51,1622571,0,0
2019-10-24 00:00:00,7466.88,7510.08,7334.63,7455.01,1230519,0,0
2019-10-25 00:00:00,7433.07,8764.26,7367.45,8576.59,2158683,0,0
2019-10-28 00:00:00,9608.53,9932.6,9245.21,9455.1,2926509,0,0
2019-10-29 00:00:00,9451.6,9544.44,9056.78,9445.1,2380502,0,0
2019-10-30 00:00:00,9398.85,9465.89,8969.6,9185.1,2277239,0,0
2019-10-31 00:00:00,9125.26,9405.26,8937.43,9168.1,2026987,0,0
2019-11-01 00:00:00,9115.93,9287.1,8976.29,9207.6,2108035,0,0
2019-11-04 00:00:00,9133.69,9557.03,9102.77,9439.1,1537813,0,0
2019-11-05 00:00:00,9416.52,9477.6,9109.6,9348.6,1753843,0,0
2019-11-06 00:00:00,9334.0,9438.6,9234.42,9314.6,1363212,0,0
2019-11-07 00:00:00,9292.57,9371.6,9064.46,9206.1,1276220,0,0
2019-11-08 00:00:00,9187.02,9248.1,8633.6,8859.1,1794153,0,0
2019-11-11 00:00:00,9004.95,9088.1,8552.6,8731.6,1498034,0,0
2019-11-12 00:00:00,8710.31,8855.1,8538.85,8758.6,1339534,0,0
2019-11-13 00:00:00,8741.44,8826.1,8684.37,8749.6,925793,0,0
2019-11-14 00:00:00,8729.28,8787.6,8538.63,8647.1,1079706,0,0
2019-11-15 00:00:00,8627.2,8766.6,8318.1,8449.1,1337186,0,0
2019-11-18 00:00:00,8529.94,8549.6,8001.1,8212.1,1257841,0,0
2019-11-19 00:00:00,8194.86,8215.1,7959.1,8103.1,1185243,0,0
2019-11-20 00:00:00,8084.26,8196.6,8005.32,8082.1,988602,0,0
2019-11-21 00:00:00,8063.06,8115.6,7331.6,7598.1,1376564,0,0
2019-11-22 00:00:00,7568.28,7689.6,6752.6,7333.1,2703237,0,0
2019-11-25 00:00:00,7009.01,7356.41,6504.25,7219.1,2784048,0,0
2019-11-26 00:00:00,7186.53,7337.6,7003.41,7113.1,1904614,0,0
2019-11-27 00:00:00,7089.33,7669.1,6829.43,7543.1,2080814,0,0
2019-11-28 00:00:00,7525.82,7656.1,7401.1,7560.6,1608315,0,0
2019-11-29 00:00:00,7540.73,7870.6,7345.1,7705.6,1849550,0,0
2019-12-02 00:00:00,7342.15,7449.44,7144.8,7311.71,1714007,0,0
2019-12-03 00:00:00,7295.42,7409.47,7211.47,7327.36,1148274,0,0
2019-12-04 00:00:00,7319.0,7730.11,7066.0,7179.22,2031336,0,0
2019-12-05 00:00:00,7163.25,7487.76,7131.95,7375.65,2009890,0,0
2019-12-06 00:00:00,7361.5,7599.88,7289.75,7464.64,1606020,0,0
2019-12-09 00:00:00,7527.25,7637.1,7256.58,7361.32,1316130,0,0
2019-12-10 00:00:00,7390.25,7401.63,7139.0,7217.69,1198777,0,0
2019-12-11 00:00:00,7193.33,7265.89,7109.25,7184.1,830783,0,0
2019-12-12 00:00:00,7177.75,7289.1,7040.75,7193.35,1111905,0,0
2019-12-13 00:00:00,7158.0,7299.6,7156.75,7238.6,686676,0,0
2019-12-16 00:00:00,7086.75,7138.6,6781.71,6870.04,1025357,0,0
2019-12-17 00:00:00,6855.25,6934.54,6555.0,6614.29,1175314,0,0
2019-12-18 00:00:00,6598.75,7215.54,6381.25,7127.54,2096651,0,0
2019-12-19 00:00:00,7121.14,7427.29,7014.89,7151.79,2544573,0,0
2019-12-20 00:00:00,7128.08,7217.79,7058.75,7195.79,1278323,0,0
2019-12-23 00:00:00,7360.0,7687.79,7261.25,7318.29,2078725,0,0
2019-12-24 00:00:00,7294.75,7424.79,7139.25,7192.29,1458287,0,0
2019-12-26 00:00:00,7163.5,7428.29,7150.25,7187.79,1375107,0,0
2019-12-27 00:00:00,7172.75,7251.29,7026.75,7217.29,1346390,0,0
2019-12-30 00:00:00,7350.5,7423.79,7181.25,7241.79,1161038,0,0
2019-12-31 00:00:00,7202.75,7297.79,7097.5,7140.79,923711,0,0
2020-01-02 00:00:00,7082.25,7207.29,6864.75,6959.04,1099401,0,0
2020-01-03 00:00:00,6938.0,7402.89,6837.5,7266.18,1634023,0,0
2020-01-06 00:00:00,7334.75,7606.54,7285.87,7569.66,1261876,0,0
2020-01-07 00:00:00,7577.08,8191.51,7486.63,8021.64,2120895,0,0
2020-01-08 00:00:00,8047.75,8452.4,7851.25,8001.19,2892120,0,0
2020-01-09 00:00:00,7991.25,8111.72,7719.75,7784.79,2068708,0,0
2020-01-10 00:00:00,7789.75,8132.79,7650.5,8057.29,2287625,0,0
2020-01-13 00:00:00,8087.25,8192.79,8024.75,8127.29,992239,0,0
2020-01-14 00:00:00,8120.75,8858.78,8082.75,8734.78,2689404,0,0
2020-01-15 00:00:00,8723.24,8899.28,8540.49,8820.78,2819258,0,0
2020-01-16 00:00:00,8800.24,8865.78,8565.74,8675.79,2138070,0,0
2020-01-17 00:00:00,8669.25,9010.28,8616.29,8902.78,2301530,0,0
2020-01-20 00:00:00,8715.25,8743.79,8418.75,8669.29,1798399,0,0
2020-01-21 00:00:00,8677.25,8764.79,8432.75,8715.79,1551168,0,0
2020-01-22 00:00:00,8704.75,8792.29,8551.75,8638.79,1333109,0,0
2020-01-23 00:00:00,8626.75,8667.89,8261.0,8377.29,1838667,0,0
2020-01-24 00:00:00,8384.75,8510.79,8198.0,8495.29,1671182,0,0
2020-01-27 00:00:00,8536.25,8988.79,8486.79,8945.29,1719724,0,0
2020-01-28 00:00:00,8900.97,9181.79,8854.75,9047.29,2227090,0,0
2020-01-29 00:00:00,9025.75,9430.28,8951.79,9356.78,2184588,0,0
2020-01-30 00:00:00,9344.74,9563.78,9128.25,9552.28,2151785,0,0
2020-01-31 00:00:00,9546.24,9566.78,9179.24,9348.89,1764853,0,0
2020-02-03 00:00:00,9347.25,9601.78,9200.25,9271.29,2111785,0,0
2020-02-04 00:00:00,9276.75,9339.79,9059.45,9136.29,1690832,0,0
2020-02-05 00:00:00,9107.31,9768.78,9037.79,9682.78,1953569,0,0
2020-02-06 00:00:00,9572.74,9856.28,9507.99,9734.78,2289791,0,0
2020-02-07 00:00:00,9730.49,9875.78,9628.24,9743.28,2016532,0,0
2020-02-10 00:00:00,10066.74,10194.78,9678.24,9870.28,2466672,0,0
2020-02-11 00:00:00,9818.24,10378.78,9692.74,10230.78,2632852,0,0
2020-02-12 00:00:00,10227.99,10481.28,10140.28,10392.28,2909380,0,0
2020-02-13 00:00:00,10375.74,10505.75,10057.24,10179.29,3292108,0,0
2020-02-14 00:00:00,10165.5,10393.29,10068.79,10348.29,2243809,0,0
2020-02-17 00:00:00,9685.75,10002.79,9453.25,9640.29,2923266,0,0
2020-02-18 00:00:00,9608.75,10279.79,9501.29,10143.29,2385435,0,0
2020-02-19 00:00:00,10149.75,10307.29,9266.29,9583.79,2500704,0,0
2020-02-20 00:00:00,9603.25,9721.26,9309.75,9606.29,2757475,0,0
2020-02-21 00:00:00,9611.25,9766.79,9491.75,9667.29,1968001,0,0
2020-02-24 00:00:00,9846.93,10026.29,9464.75,9604.29,3019667,0,0
2020-02-25 00:00:00,9570.4,9682.29,9214.25,9367.29,2291708,0,0
2020-02-26 00:00:00,9326.95,9423.29,8558.25,8751.79,3245135,0,0
2020-02-27 00:00:00,8744.75,8969.79,8504.75,8744.29,2410942,0,0
2020-02-28 00:00:00,8739.0,8898.79,8414.0,8667.29,3140427,0,0
2020-03-02 00:00:00,8490.86,8948.79,8469.75,8941.29,2539199,0,0
2020-03-03 00:00:00,8900.99,8968.29,8638.75,8740.79,1945414,0,0
2020-03-04 00:00:00,8694.24,8847.29,8652.0,8736.29,1435880,0,0
2020-03-05 00:00:00,8717.25,9169.29,8698.72,9113.79,2334952,0,0
2020-03-06 00:00:00,9075.38,9183.14,8981.46,9131.79,1822671,0,0
2020-03-09 00:00:00,8238.75,8288.29,7614.97,7843.29,4286096,0,0
2020-03-10 00:00:00,7816.5,8154.79,7682.71,7971.29,2646791,0,0
2020-03-11 00:00:00,7954.75,8038.18,7569.5,7858.29,2696910,0,0
2020-03-12 00:00:00,7797.75,7985.86,5384.79,5753.79,7628873,0,0
2020-03-13 00:00:00,5786.25,5983.29,3770.12,5430.79,15087925,0,0
2020-03-16 00:00:00,5888.36,5948.29,4409.25,4896.11,6487905,0,0
2020-03-17 00:00:00,4930.67,5551.0,4813.27,5471.27,4001774,0,0
2020-03-18 00:00:00,5443.25,5561.04,4996.73,5334.24,3312838,0,0
2020-03-19 00:00:00,5359.0,6394.01,5249.5,6244.75,3475999,0,0
2020-03-20 00:00:00,6245.25,6917.99,5581.25,5965.67,4728561,0,0
2020-03-23 00:00:00,6048.49,6620.45,5658.59,6400.19,3773954,0,0
2020-03-24 00:00:00,6454.75,6851.51,6335.67,6749.24,4105314,0,0
2020-03-25 00:00:00,6700.75,6980.47,6435.17,6596.74,3664870,0,0
2020-03-26 00:00:00,6588.5,6793.14,6493.77,6737.29,2360027,0,0
2020-03-27 00:00:00,6723.0,6867.97,6566.75,6678.79,1891031,0,0
2020-03-30 00:00:00,5892.12,6511.68,5722.29,6465.24,1989632,0,0
2020-03-31 00:00:00,6458.05,6611.73,6326.0,6480.26,1991300,0,0
2020-04-01 00:00:00,6450.02,6493.72,6138.0,6352.74,1622513,0,0
2020-04-02 00:00:00,6365.11,7253.42,6302.56,6751.77,2861117,0,0
2020-04-03 00:00:00,6685.72,7045.59,6591.5,6699.74,3232334,0,0
2020-04-06 00:00:00,6722.41,7324.17,6712.25,7233.27,2852776,0,0
2020-04-07 00:00:00,7218.78,7468.61,7057.0,7118.28,2894311,0,0
2020-04-08 00:00:00,7087.51,7429.2,7068.6,7316.73,2593900,0,0
2020-04-09 00:00:00,7313.79,7396.66,7088.25,7296.24,2520451,0,0
2020-04-10 00:00:00,7268.46,7324.69,6732.51,6917.77,2904255,0,0
2020-04-13 00:00:00,7076.54,7149.19,6551.87,6825.26,2549271,0,0
2020-04-14 00:00:00,6842.9,6988.08,6756.5,6869.27,2389943,0,0
2020-04-15 00:00:00,6829.87,6940.25,6671.75,6749.79,1825883,0,0
2020-04-16 00:00:00,6731.27,7149.82,6455.5,7037.11,3040220,0,0
2020-04-17 00:00:00,7009.13,7210.36,6978.89,7051.75,1857378,0,0
2020-04-20 00:00:00,7124.09,7226.0,6738.65,6861.28,1953620,0,0
2020-04-21 00:00:00,6846.91,6953.83,6754.0,6883.28,1777380,0,0
2020-04-22 00:00:00,6861.11,7167.16,6808.75,7119.74,1417559,0,0
2020-04-23 00:00:00,7088.53,7762.67,7013.75,7540.79,1929228,0,0
2020-04-24 00:00:00,7530.25,7617.19,7369.17,7528.77,1717989,0,0
2020-04-27 00:00:00,7625.93,7812.5,7575.0,7705.79,1471332,0,0
2020-04-28 00:00:00,7679.08,7794.24,7652.7,7737.28,1253327,0,0
2020-04-29 00:00:00,7713.0,8974.24,7698.26,8925.71,2745680,0,0
2020-04-30 00:00:00,8775.03,9470.07,8388.7,8815.64,4672064,0,0
2020-05-01 00:00:00,8761.71,9067.99,8571.55,8741.34,3360250,0,0
2020-05-04 00:00:00,8796.33,8965.19,8518.9,8932.84,2865900,0,0
2020-05-05 00:00:00,8900.32,9121.97,8738.5,8963.64,2418765,0,0
2020-05-06 00:00:00,8965.25,9396.54,8903.0,9252.74,2532345,0,0
2020-05-07 00:00:00,9221.81,9971.44,9004.5,9783.64,3021928,0,0
2020-05-08 00:00:00,9741.18,10066.89,9714.05,9997.92,2650377,0,0
2020-05-11 00:00:00,8709.3,9167.85,8133.75,8634.54,4302969,0,0
2020-05-12 00:00:00,8626.68,8973.49,8452.5,8830.79,2930167,0,0
2020-05-13 00:00:00,8786.56,9344.54,8725.0,9304.34,2266586,0,0
2020-05-14 00:00:00,9305.35,9916.24,9243.0,9648.64,3140479,0,0
2020-05-15 00:00:00,9603.04,9848.79,9063.0,9230.02,3802846,0,0
2020-05-18 00:00:00,9706.45,9950.8,9405.0,9681.64,2613133,0,0
2020-05-19 00:00:00,9663.25,9894.94,9440.15,9685.09,2520117,0,0
2020-05-20 00:00:00,9666.75,9836.99,9255.6,9585.54,2301481,0,0
2020-05-21 00:00:00,9552.16,9578.28,8777.15,9064.59,2876458,0,0
2020-05-22 00:00:00,9016.6,9265.79,8910.0,9190.74,2123369,0,0
2020-05-25 00:00:00,8984.77,9083.09,8614.45,8915.29,1930414,0,0
2020-05-26 00:00:00,8892.06,9010.39,8680.5,8863.79,1773932,0,0
2020-05-27 00:00:00,8830.03,9220.24,8788.25,9165.19,1667779,0,0
2020-05-28 00:00:00,9127.16,9525.0,9036.25,9449.17,1740425,0,0
2020-05-29 00:00:00,9419.5,9618.42,9305.45,9415.29,1965450,0,0
2020-06-01 00:00:00,9460.99,9700.14,9367.5,9684.49,1669534,0,0
2020-06-02 00:00:00,9628.3,10381.85,9214.55,9521.74,2787430,0,0
2020-06-03 00:00:00,9487.04,9636.05,9362.47,9580.19,1814842,0,0
2020-06-04 00:00:00,9561.25,9878.0,9438.3,9780.09,1944671,0,0
2020-06-05 00:00:00,9766.5,9862.04,9537.5,9709.17,1949893,0,0
2020-06-08 00:00:00,9678.25,9803.99,9628.0,9698.92,1324163,0,0
2020-06-09 00:00:00,9681.75,9880.34,9506.25,9751.67,1406650,0,0
2020-06-10 00:00:00,9742.0,9997.22,9607.75,9864.19,1484014,0,0
2020-06-11 00:00:00,9859.75,9971.44,8993.7,9330.69,2191591,0,0
2020-06-12 00:00:00,9309.06,9545.67,9213.75,9460.79,1550863,0,0
2020-06-15 00:00:00,9364.75,9486.99,8879.35,9479.14,1998862,0,0
2020-06-16 00:00:00,9480.25,9586.59,9365.0,9492.17,1447409,0,0
2020-06-17 00:00:00,9486.5,9550.84,9215.66,9376.17,1267683,0,0
2020-06-18 00:00:00,9344.43,9478.27,9280.5,9346.42,1123309,0,0
2020-06-19 00:00:00,9294.95,9418.39,9204.85,9308.29,1382990,0,0
2020-06-22 00:00:00,9297.75,9656.25,9253.75,9634.54,1114887,0,0
2020-06-23 00:00:00,9662.7,9766.8,9557.0,9626.92,964250,0,0
2020-06-24 00:00:00,9607.25,9666.17,9174.6,9283.92,1249767,0,0
2020-06-25 00:00:00,9267.75,9314.74,8968.3,9271.17,1252255,0,0
2020-06-26 00:00:00,9259.25,9331.39,9011.25,9191.17,1479923,0,0
2020-06-29 00:00:00,9088.0,9193.92,9000.25,9176.67,1055282,0,0
2020-06-30 00:00:00,9192.95,9234.67,9036.0,9145.42,995981,0,0
2020-07-01 00:00:00,9137.95,9299.17,9072.5,9240.42,908244,0,0
2020-07-02 00:00:00,9223.75,9265.92,8920.65,9080.67,1070883,0,0
2020-07-03 00:00:00,9067.75,9146.59,9027.25,9094.17,717759,0,0
2020-07-06 00:00:00,9007.09,9351.89,8884.4,9277.17,1064317,0,0
2020-07-07 00:00:00,9260.0,9383.64,9185.25,9256.67,873529,0,0
2020-07-08 00:00:00,9239.25,9474.59,9213.5,9428.17,1016919,0,0
2020-07-09 00:00:00,9417.5,9472.42,9142.0,9235.42,1075795,0,0
2020-07-10 00:00:00,9229.8,9257.67,9102.39,9226.79,804379,0,0
2020-07-13 00:00:00,9219.0,9342.39,9180.25,9246.92,905585,0,0
2020-07-14 00:00:00,9221.75,9276.67,9070.4,9271.92,868048,0,0
2020-07-15 00:00:00,9251.49,9278.29,9134.5,9211.42,731847,0,0
2020-07-16 00:00:00,9186.42,9229.99,9013.0,9102.29,896299,0,0
2020-07-17 00:00:00,9089.75,9182.09,9063.0,9155.42,651102,0,0
2020-07-20 00:00:00,9165.25,9234.34,9115.0,9172.89,618703,0,0
2020-07-21 00:00:00,9156.75,9440.59,9133.5,9376.67,859765,0,0
2020-07-22 00:00:00,9369.5,9400.67,9261.95,9372.54,657582,0,0
2020-07-23 00:00:00,9360.5,9676.14,9351.8,9592.34,1081886,0,0
2020-07-24 00:00:00,9569.7,9635.04,9460.5,9628.09,939903,0,0
2020-07-27 00:00:00,9868.0,10935.74,9838.39,10874.74,3080478,0,0
2020-07-28 00:00:00,10843.8,11408.69,10569.75,10982.38,4378550,0,0
2020-07-29 00:00:00,11012.51,11301.99,10837.0,11213.87,2653021,0,0
2020-07-30 00:00:00,11229.73,11352.64,10794.06,11155.67,2229960,0,0
2020-07-31 00:00:00,11167.81,11458.42,10960.13,11353.09,2350331,0,0
2020-08-03 00:00:00,11105.65,11484.92,10872.68,11385.59,2391958,0,0
2020-08-04 00:00:00,11340.56,11423.92,10969.33,11216.35,2510124,0,0
2020-08-05 00:00:00,11174.2,11732.43,11071.02,11696.52,2205041,0,0
2020-08-06 00:00:00,11673.05,11914.3,11457.43,11853.99,2426141,0,0
2020-08-07 00:00:00,11847.71,11917.81,11318.67,11575.96,2498721,0,0
2020-08-10 00:00:00,11658.5,12077.58,11425.52,11866.41,2708109,0,0
2020-08-11 00:00:00,11835.08,11942.09,11100.27,11223.43,3048860,0,0
2020-08-12 00:00:00,11170.39,11628.92,11102.39,11565.92,2769435,0,0
2020-08-13 00:00:00,11535.0,11664.67,11257.13,11641.04,2383172,0,0
2020-08-14 00:00:00,11679.69,11863.67,11572.18,11771.3,2155072,0,0
2020-08-17 00:00:00,11817.77,12480.55,11716.25,12322.5,2736923,0,0
2020-08-18 00:00:00,12308.84,12419.92,11800.69,12021.54,2747005,0,0
2020-08-19 00:00:00,12030.02,12096.39,11543.5,11711.66,3060489,0,0
2020-08-20 00:00:00,11703.29,11892.11,11660.74,11859.06,2031099,0,0
2020-08-21 00:00:00,11837.1,11891.25,11581.08,11621.62,1831066,0,0
2020-08-24 00:00:00,11633.18,11830.42,11573.75,11734.13,1469058,0,0
2020-08-25 00:00:00,11699.72,11789.13,11098.75,11260.79,2166843,0,0
2020-08-26 00:00:00,11247.07,11546.87,11233.75,11503.15,1847685,0,0
2020-08-27 00:00:00,11494.95,11595.41,11105.0,11260.62,2242250,0,0
2020-08-28 00:00:00,11228.79,11553.17,11182.26,11497.19,1627076,0,0
2020-08-31 00:00:00,11600.43,11778.44,11559.0,11676.03,1524124,0,0
2020-09-01 00:00:00,11638.12,12058.92,11502.5,12019.96,2036819,0,0
2020-09-02 00:00:00,11981.7,12061.3,11124.56,11374.92,2773056,0,0
2020-09-03 00:00:00,11329.3,11481.96,10442.15,10778.62,3423831,0,0
2020-09-04 00:00:00,10742.32,10800.92,9858.45,10592.8,4357286,0,0
2020-09-07 00:00:00,10209.07,10350.63,9861.25,10130.17,2874813,0,0
2020-09-08 00:00:00,10161.14,10445.06,9915.35,10017.17,2916344,0,0
2020-09-09 00:00:00,9995.0,10349.67,9827.78,10257.17,2198830,0,0
2020-09-10 00:00:00,10243.0,10488.17,10161.5,10298.92,2193496,0,0
2020-09-11 00:00:00,10283.64,10382.17,10190.76,10327.92,1600466,0,0
2020-09-14 00:00:00,10304.5,10758.13,10236.75,10691.42,1818471,0,0
2020-09-15 00:00:00,10682.5,10935.98,10605.15,10864.42,2119858,0,0
2020-09-16 00:00:00,10848.95,11098.92,10652.89,10989.42,2193804,0,0
2020-09-17 00:00:00,10980.27,11045.81,10733.61,10934.42,1930356,0,0
2020-09-18 00:00:00,10925.47,11043.68,10805.24,10887.42,1414903,0,0
2020-09-21 00:00:00,10845.0,10995.96,10274.84,10479.23,2272967,0,0
2020-09-22 00:00:00,10465.55,10533.88,10346.56,10513.67,1764099,0,0
2020-09-23 00:00:00,10500.37,10573.55,10122.5,10213.76,1587608,0,0
2020-09-24 00:00:00,10209.68,10713.27,10181.34,10637.17,1807690,0,0
2020-09-25 00:00:00,10616.18,10788.06,10542.22,10713.42,1544154,0,0
2020-09-28 00:00:00,10712.5,10950.83,10693.02,10869.17,1586322,0,0
2020-09-29 00:00:00,10856.0,10890.92,10613.57,10756.17,1615289,0,0
2020-09-30 00:00:00,10743.94,10863.36,10649.31,10706.92,1414044,0,0
2020-10-01 00:00:00,10692.75,10927.42,10430.25,10607.92,1725924,0,0
2020-10-02 00:00:00,10592.35,10662.67,10368.29,10543.92,1849692,0,0
2020-10-05 00:00:00,10635.52,10774.92,10612.81,10746.92,1217792,0,0
2020-10-06 00:00:00,10725.61,10803.42,10513.91,10542.28,1362422,0,0
2020-10-07 00:00:00,10535.5,10682.92,10499.0,10666.67,1002940,0,0
2020-10-08 00:00:00,10647.19,10957.42,10522.52,10892.42,1138887,0,0
2020-10-09 00:00:00,10882.83,11105.33,10793.09,11039.99,1037636,0,0
2020-10-12 00:00:00,11316.33,11591.17,11181.35,11567.17,1380974,0,0
2020-10-13 00:00:00,11551.42,11724.36,11297.25,11428.21,1845760,0,0
2020-10-14 00:00:00,11419.55,11556.01,11282.65,11387.81,1355693,0,0
2020-10-15 00:00:00,11378.81,11610.39,11205.68,11540.66,1234502,0,0
2020-10-16 00:00:00,11531.55,11548.31,11186.59,11311.05,1580538,0,0
2020-10-19 00:00:00,11431.85,11829.5,11398.92,11735.55,1411198,0,0
2020-10-20 00:00:00,11720.0,12061.4,11671.75,11903.55,2048944,0,0
2020-10-21 00:00:00,11891.25,12915.47,11873.65,12850.53,3020733,0,0
2020-10-22 00:00:00,12843.0,13252.92,12684.41,13130.68,3722400,0,0
2020-10-23 00:00:00,13110.96,13205.03,12719.52,12945.2,2562553,0,0
2020-10-26 00:00:00,13027.75,13251.53,12774.87,13020.27,2495110,0,0
2020-10-27 00:00:00,13022.06,13767.77,12985.0,13636.86,2783564,0,0
2020-10-28 00:00:00,13695.27,13867.27,12885.95,13209.52,4073529,0,0
2020-10-29 00:00:00,13190.57,13658.46,12972.39,13490.87,3249526,0,0
2020-10-30 00:00:00,13510.82,13677.66,13115.0,13641.41,3680491,0,0
2020-11-02 00:00:00,13812.25,13845.27,13207.12,13621.03,2925186,0,0
2020-11-03 00:00:00,13607.18,13806.03,13279.12,13740.52,2763963,0,0
2020-11-04 00:00:00,13727.02,14272.17,13525.67,13999.65,4271801,0,0
2020-11-05 00:00:00,13996.87,15300.98,13996.12,15260.27,5250815,0,0
2020-11-06 00:00:00,15232.31,15979.81,15180.73,15566.77,6129563,0,0
2020-11-09 00:00:00,15324.25,15843.23,14806.41,15391.77,4806476,0,0
2020-11-10 00:00:00,15372.79,15481.29,15080.68,15394.78,3868925,0,0
2020-11-11 00:00:00,15373.43,15992.95,15274.81,15810.94,484601,0,0
2020-11-12 00:00:00,15819.81,16217.59,15448.22,16161.41,521958,0,0
2020-11-13 00:00:00,16147.94,16498.53,15962.59,16295.52,468504,0,0
2020-11-16 00:00:00,15843.8,16894.64,15781.56,16735.98,462746,0,0
2020-11-17 00:00:00,16688.02,17877.22,16553.25,17633.55,425090,0,0
2020-11-18 00:00:00,17625.95,18472.93,17222.72,17794.49,601396,0,0
2020-11-19 00:00:00,17774.87,18180.91,17344.91,17932.97,504582,0,0
2020-11-20 00:00:00,17932.95,18827.84,17711.11,18594.76,530346,0,0
2020-11-23 00:00:00,18580.78,18790.82,17955.66,18426.58,506941,0,0
2020-11-24 00:00:00,18407.93,19444.49,18016.25,18963.61,505386,0,0
2020-11-25 00:00:00,18930.61,19507.32,18558.62,18855.72,474043,0,0
2020-11-26 00:00:00,18862.43,18929.13,16150.59,17090.13,726169,0,0
2020-11-27 00:00:00,17025.25,17463.78,16413.75,17020.31,732565,0,0
2020-11-30 00:00:00,18237.89,19837.15,18050.12,19372.58,452084,0,0
2020-12-01 00:00:00,19341.74,19908.33,18074.21,19072.33,484897,0,0
2020-12-02 00:00:00,19006.94,19342.93,18297.21,19157.63,429210,0,0
2020-12-03 00:00:00,19104.84,19625.43,18837.12,19464.18,420833,0,0
2020-12-04 00:00:00,19416.03,19559.42,18658.76,18831.62,368240,0,0
2020-12-07 00:00:00,19200.38,19436.27,18860.27,19080.42,369514,0,0
2020-12-08 00:00:00,19036.03,19310.45,18569.4,18771.98,395000,0,0
2020-12-09 00:00:00,18723.75,18825.12,17575.75,18508.2,428175,0,0
2020-12-10 00:00:00,18472.93,18641.96,17863.12,18344.33,416449,0,0
2020-12-11 00:00:00,18301.87,18392.28,17534.32,18101.3,512127,0,0
2020-12-14 00:00:00,19132.75,19341.74,18934.31,19192.43,401749,0,0
2020-12-15 00:00:00,19153.4,19565.84,19005.87,19427.68,353280,0,0
2020-12-16 00:00:00,19378.7,21303.79,19252.87,21233.56,399579,0,0
2020-12-17 00:00:00,21160.14,23744.17,21160.14,22769.63,508376,0,0
2020-12-18 00:00:00,22742.75,23288.07,22318.73,22920.68,427114,0,0
2020-12-21 00:00:00,23362.75,24122.14,21856.74,23131.92,431593,0,0
2020-12-22 00:00:00,23101.13,23623.1,22338.5,23432.19,454754,0,0
2020-12-23 00:00:00,23393.75,24073.99,22740.67,23294.78,444832,0,0
2020-12-24 00:00:00,23251.66,23476.62,22590.22,23321.08,414758,0,0
2020-12-28 00:00:00,26278.5,27454.94,25153.26,26625.21,440151,0,0
2020-12-29 00:00:00,26524.47,27186.88,25775.5,26871.89,419267,0,0
2020-12-30 00:00:00,26824.68,29010.5,26824.68,28894.7,453616,0,0
2020-12-31 00:00:00,28831.25,29312.12,27892.13,28908.02,376716,0,0
2021-01-04 00:00:00,33480.25,33669.27,27013.48,31044.46,603347,0,0
2021-01-05 00:00:00,30964.12,34275.5,29875.12,33807.28,633010,0,0
2021-01-06 00:00:00,33728.42,36514.46,33299.75,35848.66,424107,0,0
2021-01-07 00:00:00,35878.93,40427.2,35720.62,39586.64,432867,0,0
2021-01-08 00:00:00,39656.51,41976.74,36513.94,39934.2,543972,0,0
2021-01-11 00:00:00,37962.5,39018.18,30239.22,34032.88,586687,0,0
2021-01-12 00:00:00,33887.08,36636.25,32432.0,34723.8,411704,0,0
2021-01-13 00:00:00,34631.39,37417.5,32275.25,37217.13,389317,0,0
2021-01-14 00:00:00,37209.07,40087.59,36685.64,38825.42,307315,0,0
2021-01-15 00:00:00,38690.08,39682.58,34310.45,36177.27,354483,0,0
2021-01-16 00:00:00,36537.41,37890.05,35467.48,37169.81,82186,2580,0
2021-01-17 00:00:00,35853.59,36801.64,33815.13,36483.53,122898,1156,0
2021-01-18 00:00:00,36483.53,37405.04,34751.19,36167.78,106858,0,0
2021-01-19 00:00:00,36167.78,37811.63,36065.1,36402.04,167458,968,0
2021-01-20 00:00:00,36393.55,36717.98,33376.57,34846.1,148206,0,0
2021-01-21 00:00:00,34846.1,35614.83,30985.71,31174.33,145874,0,0
2021-01-22 00:00:00,31168.54,33857.66,28804.93,33281.1,175602,0,0
2021-01-23 00:00:00,32869.56,33492.92,31380.0,31705.05,118786,453,0
2021-01-24 00:00:00,32300.65,33079.63,30940.79,31873.57,152022,489,0
2021-01-25 00:00:00,31875.57,34879.84,31668.06,32663.3,246843,473,0
2021-01-26 00:00:00,32668.3,32832.38,30812.57,31975.99,331862,485,0
2021-01-27 00:00:00,31975.99,32924.16,29145.17,30958.74,342060,472,0
2021-01-28 00:00:00,30958.74,33340.69,29864.12,33197.9,275602,471,0
2021-01-29 00:00:00,33197.9,38622.25,31976.75,34570.28,309457,475,0
2021-01-30 00:00:00,34106.0,34921.89,32835.86,34262.11,189234,0,0
2021-01-31 00:00:00,34655.31,34792.34,32164.49,32586.19,335198,576,0
2021-02-01 00:00:00,32555.91,34702.59,32317.48,33659.47,366421,0,0
2021-02-02 00:00:00,33628.13,36003.72,33409.29,35658.17,334773,510,0
2021-02-03 00:00:00,35622.34,37461.07,35375.81,37281.71,260485,491,0
2021-02-04 00:00:00,37238.1,38752.83,36163.81,37656.08,191069,537,0
2021-02-05 00:00:00,37622.09,38348.3,36587.36,37849.27,200494,537,0
2021-02-06 00:00:00,37808.21,40619.5,37769.64,40323.44,123507,636,0
2021-02-07 00:00:00,40037.95,40511.58,37352.77,38581.44,215692,568,0
2021-02-08 00:00:00,38529.45,44830.24,38035.76,44658.11,229903,537,0
2021-02-09 00:00:00,44616.98,48218.29,44300.11,47320.9,230597,537,0
2021-02-10 00:00:00,47259.58,47389.9,43721.05,45015.64,166163,689,0
2021-02-11 00:00:00,44954.01,48675.32,43996.44,46905.29,164094,677,0
2021-02-12 00:00:00,46838.3,48951.78,46165.12,47909.27,170858,678,0
2021-02-13 00:00:00,47889.23,48204.23,46267.74,46613.64,79216,660,0
2021-02-14 00:00:00,47182.49,49711.39,46901.19,48869.91,134017,0,0
2021-02-15 00:00:00,48773.84,49317.43,45760.57,48171.8,163055,683,0
2021-02-16 00:00:00,48153.46,50596.74,47003.86,48569.06,212477,735,0
2021-02-17 00:00:00,48526.48,52648.43,48476.5,52402.09,196027,735,0
2021-02-18 00:00:00,52275.67,52553.97,50794.56,52011.38,147951,660,0
2021-02-19 00:00:00,51964.73,56354.54,50688.1,55501.95,174886,794,0
2021-02-20 00:00:00,55442.86,57545.15,55019.13,56330.28,241739,0,0
2021-02-21 00:00:00,56399.54,58314.2,53899.5,57305.01,163702,802,0
2021-02-22 00:00:00,57203.74,57630.74,46342.7,54940.36,224774,0,0
2021-02-23 00:00:00,54888.79,55024.68,44838.84,47936.85,300079,855,0
2021-02-24 00:00:00,47898.05,51392.89,46948.43,48685.57,294190,745,0
2021-02-25 00:00:00,48678.27,52068.31,47989.03,47989.13,315090,747,0
2021-02-26 00:00:00,48006.95,48798.36,44092.51,45940.75,345813,723,0
2021-02-27 00:00:00,45427.96,48351.02,45338.14,47087.45,244285,0,0
2021-02-28 00:00:00,46791.16,46825.27,42960.64,45229.6,251560,789,0
2021-03-01 00:00:00,45176.48,49538.16,44846.81,48846.66,294654,729,0
2021-03-02 00:00:00,48794.62,50237.26,46999.71,47422.67,254554,738,0
2021-03-03 00:00:00,47371.11,52613.0,47313.9,50891.62,228387,0,0
2021-03-04 00:00:00,50870.93,51778.78,47410.98,47895.65,242879,0,0
2021-03-05 00:00:00,47851.97,49450.53,46227.6,49103.99,210358,0,0
2021-03-06 00:00:00,49059.8,49166.0,47018.93,47572.88,133311,666,0
2021-03-07 00:00:00,48680.19,51336.34,48630.69,50048.59,146494,660,0
2021-03-08 00:00:00,50015.12,51991.94,49280.97,51866.77,203234,0,0
2021-03-09 00:00:00,51807.41,54798.11,51345.47,54296.01,206695,0,0
2021-03-10 00:00:00,54240.14,57393.01,52929.55,56912.95,194635,0,0
2021-03-11 00:00:00,56858.78,57934.29,54238.63,57683.25,190527,0,0
2021-03-12 00:00:00,57536.29,58131.87,54994.18,56814.47,208439,0,0
2021-03-13 00:00:00,57237.43,60401.06,56056.56,59683.76,365461,0,0
2021-03-14 00:00:00,61084.82,61671.49,59231.85,60288.06,139141,969,0
2021-03-15 00:00:00,60019.06,60743.07,54504.85,56366.65,225507,0,0
2021-03-16 00:00:00,56695.37,56958.29,53163.5,56336.53,240227,0,0
2021-03-17 00:00:00,56410.08,58309.53,54089.77,57835.48,234124,0,0
2021-03-18 00:00:00,58404.16,60070.31,56912.34,57499.79,205073,0,0
2021-03-19 00:00:00,57840.05,59447.08,56228.4,58233.14,209870,0,0
2021-03-20 00:00:00,58476.06,59854.55,57788.64,59004.52,123333,1000,0
2021-03-21 00:00:00,58415.48,58822.56,55427.15,57807.57,179650,999,0
2021-03-22 00:00:00,58056.5,58420.7,54131.98,54585.87,207103,0,0
2021-03-23 00:00:00,54523.56,55849.56,52929.6,54323.52,267423,0,0
2021-03-24 00:00:00,54579.45,57200.26,53167.86,54154.64,268247,0,0
2021-03-25 00:00:00,53648.72,54201.85,50369.3,51971.38,277715,0,0
2021-03-26 00:00:00,52354.83,54284.93,51203.61,54092.61,185547,0,0
2021-03-27 00:00:00,54562.76,55556.83,53919.06,54713.59,93313,936,0
2021-03-28 00:00:00,55804.2,56598.48,54661.37,54836.92,113879,962,0
2021-03-29 00:00:00,54771.73,58364.3,54736.09,57153.36,109924,0,0
2021-03-30 00:00:00,57165.41,59399.05,56995.57,58619.9,110982,0,0
2021-03-31 00:00:00,58589.62,59799.72,56790.13,58904.73,125068,0,0
2021-04-01 00:00:00,58892.0,59487.91,57870.96,58820.2,135820,0,0
2021-04-02 00:00:00,58782.55,60083.11,58415.56,58682.85,139784,0,0
2021-04-03 00:00:00,58721.76,59793.6,58607.58,59412.15,93266,1055,0
2021-04-04 00:00:00,58076.49,58501.66,56462.07,58039.4,145386,981,0
2021-04-05 00:00:00,57969.15,59260.39,56789.7,58792.64,165767,0,0
2021-04-06 00:00:00,58726.69,59474.85,57300.55,58238.15,172795,0,0
2021-04-07 00:00:00,58170.89,58648.47,55425.56,56152.38,169568,0,0
2021-04-08 00:00:00,56148.91,58156.6,55682.87,57661.9,142962,0,0
2021-04-09 00:00:00,57595.04,58891.3,57386.11,58289.1,122012,0,0
2021-04-10 00:00:00,58136.14,61094.12,57833.02,60456.9,44512,990,0
2021-04-11 00:00:00,58602.76,60678.3,58601.86,59630.9,101668,981,0
2021-04-12 00:00:00,59573.0,61198.85,59367.35,59970.39,124035,0,0
2021-04-13 00:00:00,59899.45,63728.76,59678.94,63192.9,157557,0,0
2021-04-14 00:00:00,63125.74,64890.26,61235.74,62315.15,232616,0,0
2021-04-15 00:00:00,62311.02,63655.44,62012.22,63369.15,197707,0,0
2021-04-16 00:00:00,63333.13,63829.86,60000.21,61928.25,219326,0,0
2021-04-17 00:00:00,61701.28,62565.58,60340.04,61120.15,111153,1168,0
2021-04-18 00:00:00,60785.45,61007.02,46794.76,56260.64,170779,1049,0
2021-04-19 00:00:00,56242.33,57603.57,54281.95,56171.15,181280,0,0
2021-04-20 00:00:00,56134.49,57083.79,53385.67,56798.65,161000,0,0
2021-04-21 00:00:00,56718.87,57090.79,54294.71,55037.67,161622,0,0
2021-04-22 00:00:00,54918.62,55479.15,51368.96,51796.0,192357,0,0
2021-04-23 00:00:00,51501.69,52236.67,47287.76,50599.61,207459,0,0
2021-04-24 00:00:00,50543.0,51238.4,48721.81,49590.58,106121,1322,0
2021-04-25 00:00:00,50878.32,51046.86,47892.37,47989.87,143115,1322,0
2021-04-26 00:00:00,48022.0,54393.65,46976.5,53270.65,198353,0,0
2021-04-27 00:00:00,53182.02,55385.65,52539.0,55111.59,165953,0,0
2021-04-28 00:00:00,55126.14,56452.06,53851.9,54391.54,164083,0,0
2021-04-29 00:00:00,54373.02,55225.98,52344.05,52977.9,160934,0,0
2021-04-30 00:00:00,52912.09,57405.92,52736.72,56764.65,144329,0,0
2021-05-01 00:00:00,56966.14,58528.67,56875.64,57670.58,71381,1007,0
2021-05-02 00:00:00,57549.89,58011.29,56003.49,57036.76,91781,919,0
2021-05-03 00:00:00,56989.0,58983.42,56224.4,56835.49,125919,0,0
2021-05-04 00:00:00,56736.8,57526.98,53214.2,54807.02,148643,0,0
2021-05-05 00:00:00,54691.8,57944.65,52886.65,56818.49,147685,0,0
2021-05-06 00:00:00,56821.5,58370.51,55207.76,55956.0,126682,0,0
2021-05-07 00:00:00,55885.72,58732.84,55262.01,57529.46,152053,0,0
2021-05-08 00:00:00,57440.42,59476.57,56776.03,58910.87,94072,1271,0
2021-05-09 00:00:00,58815.63,59283.13,56226.31,57929.36,122807,1013,0
2021-05-10 00:00:00,57882.5,59609.39,53452.4,55275.24,157450,0,0
2021-05-11 00:00:00,55237.13,56952.37,54457.41,56886.3,158593,0,0
2021-05-12 00:00:00,56832.2,58034.66,53529.76,54501.83,146955,0,0
2021-05-13 00:00:00,54404.07,54813.87,44990.15,49213.76,178494,0,0
2021-05-14 00:00:00,49234.31,51586.01,48404.09,49249.75,147860,0,0
2021-05-15 00:00:00,49710.71,50725.68,47809.36,49040.92,73047,1107,0
2021-05-16 00:00:00,48415.75,49804.8,43717.84,43870.61,120967,871,0
2021-05-17 00:00:00,44148.61,46631.09,41996.19,44845.11,190784,0,0
2021-05-18 00:00:00,44738.4,45832.19,42373.57,43286.58,192772,0,0
2021-05-19 00:00:00,43212.28,43574.33,28318.15,38378.83,198408,0,0
2021-05-20 00:00:00,38241.25,42533.97,34861.31,40032.35,194193,0,0
2021-05-21 00:00:00,39977.25,42304.33,35205.2,35284.81,174011,0,0
2021-05-22 00:00:00,36318.26,38871.45,35209.96,38367.23,119325,793,0
2021-05-23 00:00:00,37983.67,38385.87,31045.35,33624.43,189108,724,0
2021-05-24 00:00:00,33617.5,39926.32,33568.87,38993.87,196891,0,0
2021-05-25 00:00:00,38926.53,39850.45,36445.7,37635.71,191560,0,0
2021-05-26 00:00:00,37553.5,40917.08,37389.8,38721.08,184440,0,0
2021-05-27 00:00:00,38674.25,40411.09,37184.35,38458.33,185960,0,0
2021-05-28 00:00:00,38398.91,39182.43,35101.52,35273.99,208332,0,0
2021-05-29 00:00:00,35035.69,37322.19,34123.14,34884.42,116721,837,0
2021-05-30 00:00:00,34310.42,36494.05,33387.24,36096.7,150706,764,0
2021-05-31 00:00:00,35985.5,37467.6,34167.46,36656.58,172905,0,0
2021-06-01 00:00:00,36599.0,37909.83,35615.59,36308.09,185267,0,0
2021-06-02 00:00:00,36221.15,38236.24,35895.89,37756.83,156640,0,0
2021-06-03 00:00:00,37651.58,39486.33,37171.15,38666.83,157753,0,0
2021-06-04 00:00:00,38625.29,39287.08,35530.01,36982.58,161748,0,0
2021-06-05 00:00:00,37193.58,37923.82,35234.55,35744.83,80814,737,0
2021-06-06 00:00:00,35622.96,36469.31,34789.79,35941.82,106953,689,0
2021-06-07 00:00:00,35887.26,36808.03,33978.3,34396.63,148997,0,0
2021-06-08 00:00:00,34396.88,34579.26,30965.05,33577.44,187615,0,0
2021-06-09 00:00:00,33577.24,36971.08,32421.83,36339.52,189183,0,0
2021-06-10 00:00:00,36340.1,38410.85,35799.62,36428.55,181222,0,0
2021-06-11 00:00:00,36428.68,37683.27,35900.63,37124.79,166913,0,0
2021-06-12 00:00:00,36937.64,37494.79,34585.04,35997.39,99616,801,0
2021-06-13 00:00:00,35934.64,39336.48,34767.69,39336.48,122803,679,0
2021-06-14 00:00:00,39105.84,41043.39,38680.67,39781.05,173394,0,0
2021-06-15 00:00:00,39781.67,41317.89,39491.07,39901.46,173555,0,0
2021-06-16 00:00:00,39901.38,40506.01,38264.35,38479.59,163119,0,0
2021-06-17 00:00:00,38479.95,39564.84,37340.3,37695.0,141563,0,0
2021-06-18 00:00:00,37700.05,38204.0,35121.26,35438.09,110792,0,0
2021-06-19 00:00:00,35539.97,36434.09,34784.51,35749.47,55847,813,0
2021-06-20 00:00:00,36039.66,36137.25,33313.96,35807.7,86345,792,0
2021-06-21 00:00:00,35781.52,35846.62,31658.34,32542.78,146095,0,0
2021-06-22 00:00:00,32542.85,33300.7,28779.26,32856.89,165412,0,0
2021-06-23 00:00:00,32856.98,34826.8,31705.03,33007.46,159083,0,0
2021-06-24 00:00:00,33007.76,35246.09,32314.89,34814.34,147940,0,0
2021-06-25 00:00:00,34814.27,35493.48,31467.61,32213.78,153265,0,0
2021-06-26 00:00:00,31868.44,32708.36,30134.26,30793.34,86085,624,0
2021-06-27 00:00:00,31140.68,33597.1,30870.85,32621.79,117395,596,0
2021-06-28 00:00:00,32610.5,35285.81,32398.48,34624.26,130550,0,0
2021-06-29 00:00:00,34624.18,36630.45,34089.61,36134.5,140581,0,0
2021-06-30 00:00:00,36119.73,36310.65,34029.71,34543.35,131281,0,0
2021-07-01 00:00:00,34543.8,35217.09,32683.31,33377.45,132468,0,0
2021-07-02 00:00:00,33373.06,33973.14,32683.2,33088.66,154114,0,0
2021-07-03 00:00:00,33431.1,34809.04,33267.44,34707.51,70182,725,0
2021-07-04 00:00:00,34690.82,35687.86,34253.93,35535.33,82951,870,0
2021-07-05 00:00:00,35541.32,35942.2,33067.0,33813.3,114559,0,0
2021-07-06 00:00:00,33810.92,35112.84,33518.7,33913.14,114110,0,0
2021-07-07 00:00:00,33912.72,35063.28,33604.03,34501.44,102138,0,0
2021-07-08 00:00:00,34499.78,34539.41,32063.74,32767.12,336398,0,1954
2021-07-09 00:00:00,32770.1,33689.79,32242.93,33513.65,115226,0,0
2021-07-10 00:00:00,33903.73,34260.29,33451.07,33699.73,51387,844,0
2021-07-11 00:00:00,33286.32,34106.66,33263.33,33847.88,62561,729,0
2021-07-12 00:00:00,33801.86,34675.11,32644.12,32819.05,78035,0,0
2021-07-13 00:00:00,32812.26,33338.16,32183.72,32478.19,71479,0,0
2021-07-14 00:00:00,32465.07,33094.81,31578.23,32770.02,79437,0,0
2021-07-15 00:00:00,32767.84,33182.59,31120.15,31717.5,78741,0,0
2021-07-16 00:00:00,31716.52,32251.04,31015.29,31851.91,89362,0,0
2021-07-17 00:00:00,31767.09,31952.46,31155.34,31619.81,46040,599,0
2021-07-18 00:00:00,31681.27,32428.4,31092.65,31645.75,57050,844,0
2021-07-19 00:00:00,31607.64,31912.02,30401.16,30718.29,81798,0,0
2021-07-20 00:00:00,30736.48,31054.97,29261.61,29797.61,86341,0,0
2021-07-21 00:00:00,29819.21,32809.09,29483.53,31763.25,89602,0,0
2021-07-22 00:00:00,31767.04,32600.63,31627.63,32180.8,91706,0,0
2021-07-23 00:00:00,32174.0,32925.45,31966.42,32429.35,65313,0,0
2021-07-24 00:00:00,32593.92,34053.09,32593.92,33884.69,44801,564,0
2021-07-25 00:00:00,33908.31,34827.22,33794.77,34491.97,64341,709,0
2021-07-26 00:00:00,34412.96,40555.6,34386.22,37664.91,112980,0,0
2021-07-27 00:00:00,37673.85,38783.44,36390.18,37969.92,112941,0,0
2021-07-28 00:00:00,38000.96,40921.02,37923.25,39920.99,123087,0,0
2021-07-29 00:00:00,39916.63,40636.15,39245.75,39650.13,95060,0,0
2021-07-30 00:00:00,39692.24,41454.61,38303.7,40773.67,118876,0,0
2021-08-02 00:00:00,41175.42,41251.32,38642.1,38801.38,248610,8000,0
2021-08-03 00:00:00,38749.08,39727.43,37610.31,38049.75,250384,8000,0
2021-08-04 00:00:00,38048.26,39803.72,37478.2,39639.35,241191,8000,0
2021-08-05 00:00:00,39727.53,41321.74,37297.75,40838.57,244703,8000,0
2021-08-06 00:00:00,40890.19,43305.36,39849.21,42623.6,258451,8000,0
2021-08-09 00:00:00,43848.67,46441.16,42768.11,45387.49,272445,8000,0
2021-08-10 00:00:00,45509.89,46652.17,44619.71,45559.19,267045,8000,0
2021-08-11 00:00:00,45565.46,46721.75,45192.68,46279.39,257644,8000,0
2021-08-12 00:00:00,46276.84,46348.76,43760.97,44354.51,251759,8000,0
2021-08-13 00:00:00,44473.73,47818.06,43844.99,47465.73,238655,8820,0
2021-08-16 00:00:00,46716.64,48003.02,45634.93,45997.85,241868,8820,0
2021-08-17 00:00:00,46003.54,47116.4,44496.43,44943.78,242342,8820,0
2021-08-18 00:00:00,44931.95,45973.73,44178.22,44513.96,249436,8820,0
2021-08-19 00:00:00,44479.41,46856.88,43913.97,46542.68,216968,8820,0
2021-08-20 00:00:00,46524.04,49045.33,46312.73,48592.35,215334,8820,0
2021-08-23 00:00:00,48343.23,50439.8,48215.52,49464.98,266603,8820,0
2021-08-24 00:00:00,49461.62,49819.39,47718.96,48271.05,228946,8820,0
2021-08-25 00:00:00,48310.65,49107.44,47093.35,48660.8,234727,8820,0
2021-08-26 00:00:00,48657.23,49308.36,46281.21,46967.14,245899,8820,0
2021-08-27 00:00:00,46972.29,49067.4,46318.95,48864.75,239959,8820,0
2021-08-30 00:00:00,48884.15,49341.57,47347.68,48614.43,257330,8820,0
2021-08-31 00:00:00,48624.55,48627.24,46654.5,46952.06,240578,8820,0
2021-09-01 00:00:00,46911.9,49071.26,46496.09,48222.84,250769,8820,0
2021-09-02 00:00:00,48213.27,50328.17,48211.0,49498.86,262946,8820,0
2021-09-03 00:00:00,49509.67,50972.08,48316.59,50132.49,265286,8820,0
2021-09-06 00:00:00,51771.49,52164.95,50973.16,51876.73,249287,8820,0
2021-09-07 00:00:00,51914.3,52880.23,42951.19,46705.04,275533,8820,0
2021-09-08 00:00:00,46803.39,47286.93,44409.28,46052.64,303160,8820,0
2021-09-09 00:00:00,46086.86,47343.98,45496.56,46206.43,264845,8820,0
2021-09-10 00:00:00,46192.75,46985.66,44696.94,45030.42,231255,8820,0
2021-09-13 00:00:00,44883.34,46794.5,43384.15,45176.6,289357,8820,0
2021-09-14 00:00:00,45409.99,46904.16,44626.43,46764.16,269724,12820,0
2021-09-15 00:00:00,46742.9,48375.25,46340.15,47861.93,252147,12820,0
2021-09-16 00:00:00,47867.87,48429.24,46969.32,47023.66,251246,12820,0
2021-09-17 00:00:00,47106.46,48100.73,46692.44,46955.83,252221,12820,0
2021-09-20 00:00:00,47556.83,47594.31,42443.85,43509.22,262047,12820,0
2021-09-21 00:00:00,43608.2,43860.55,40143.85,40895.56,265840,12757,0
2021-09-22 00:00:00,41072.32,43949.76,39556.52,43387.86,263949,12820,0
2021-09-23 00:00:00,43362.38,44870.39,42965.23,44630.7,260113,12820,0
2021-09-24 00:00:00,44662.91,45085.2,40654.4,42916.17,288182,12820,0
2021-09-27 00:00:00,43526.93,44289.67,42546.0,42628.48,280546,12820,0
2021-09-28 00:00:00,42565.19,43341.26,41054.52,41724.83,264476,12820,0
2021-09-29 00:00:00,41729.87,42530.03,40701.56,41059.2,199533,12820,0
2021-09-30 00:00:00,41061.82,44039.78,40903.29,43357.41,193196,12820,0
2021-10-01 00:00:00,43343.99,48115.65,43228.9,48028.74,223987,12820,0
2021-10-04 00:00:00,48385.31,49425.91,46864.39,48950.19,245896,12820,0
2021-10-05 00:00:00,48963.79,51712.38,48516.2,51419.57,247021,12820,0
2021-10-06 00:00:00,51460.65,55355.9,50355.77,54854.65,250240,12820,0
2021-10-07 00:00:00,54894.85,55688.14,53340.1,54114.15,240447,12820,0
2021-10-08 00:00:00,54106.31,56027.83,53573.38,53889.41,241679,12820,0
2021-10-11 00:00:00,55319.56,57759.51,54320.9,57294.22,111911,12820,0
2021-10-12 00:00:00,57237.08,57590.52,53865.9,55327.73,232783,12820,0
2021-10-13 00:00:00,55298.23,57418.2,54204.18,56924.73,224080,12820,0
2021-10-14 00:00:00,56952.69,58448.78,56785.85,57385.81,213573,12820,0
2021-10-15 00:00:00,57410.43,62795.81,56817.15,62433.68,236324,11820,0
2021-10-18 00:00:00,59352.02,62615.9,59294.74,61346.07,118035,11820,0
2021-10-19 00:00:00,61240.57,64281.97,61069.16,64035.45,238162,12820,0
2021-10-20 00:00:00,63992.91,66914.86,63463.05,65895.4,243065,12820,0
2021-10-21 00:00:00,65875.86,66582.3,62020.96,62635.28,268042,12820,0
2021-10-22 00:00:00,62649.03,63668.11,59949.48,60686.6,243937,12820,0
2021-10-25 00:00:00,61131.52,63640.45,60570.9,62495.89,75803,11820,0
2021-10-26 00:00:00,62482.16,63219.48,61756.03,62014.12,206295,12820,0
2021-10-27 00:00:00,61933.28,61980.56,58030.72,58907.48,263265,12820,0
2021-10-28 00:00:00,58879.26,62391.07,57707.99,61386.07,273815,12820,0
2021-10-29 00:00:00,61299.89,62896.37,60137.64,62350.18,240591,12820,0
2021-11-01 00:00:00,60858.01,62419.16,59450.9,60582.96,121174,11820,0
2021-11-02 00:00:00,60579.1,64227.69,60386.56,63077.44,255199,12820,0
2021-11-03 00:00:00,63058.33,63489.36,60208.23,62708.43,239323,12820,0
2021-11-04 00:00:00,62709.57,63175.11,60665.29,61323.6,199835,12820,0
2021-11-05 00:00:00,61311.48,62558.46,60717.48,60870.09,198129,12820,0
2021-11-08 00:00:00,62918.55,66496.83,62710.75,66117.93,88435,11820,0
2021-11-09 00:00:00,66084.38,68474.6,66049.93,67733.07,204991,12820,0
2021-11-10 00:00:00,67644.63,68927.96,62863.17,64287.43,219901,12820,0
2021-11-11 00:00:00,64047.44,65530.4,63855.19,65006.31,202079,12820,0
2021-11-12 00:00:00,64992.54,65403.03,62242.91,63996.55,209350,12820,0
2021-11-15 00:00:00,64245.65,66293.48,63360.16,63865.55,95400,11820,0
2021-11-16 00:00:00,63801.91,63968.88,58585.45,60469.56,247962,12820,0
2021-11-17 00:00:00,60434.6,61101.36,58373.53,59996.68,241937,12820,0
2021-11-18 00:00:00,60016.61,60907.78,56575.09,57525.69,253254,12820,0
2021-11-19 00:00:00,57536.55,58338.56,55583.82,57821.44,239794,12820,0
2021-11-22 00:00:00,59411.91,59466.9,55585.91,56203.32,168000,11820,0
2021-11-23 00:00:00,56240.4,57815.02,55347.53,57645.61,256906,12820,0
2021-11-24 00:00:00,57649.49,57688.83,55839.52,57262.14,216279,12820,0
2021-11-25 00:00:00,57280.04,59377.83,56811.59,58810.7,205949,12820,0
2021-11-26 00:00:00,58808.46,59289.55,53474.44,53992.68,241317,12820,0
2021-11-29 00:00:00,56412.41,58862.55,55993.41,58265.35,114870,11820,0
2021-11-30 00:00:00,58245.31,59173.53,55867.06,57088.65,248131,12820,0
2021-12-01 00:00:00,57021.56,59042.34,56421.06,56981.8,256833,12820,0
2021-12-02 00:00:00,56964.54,57352.63,55791.56,56826.96,250415,12820,0
2021-12-03 00:00:00,56811.63,57593.61,51691.16,53593.11,241418,12820,0
2021-12-06 00:00:00,49136.55,50530.44,47172.41,50034.81,213995,10958,0
2021-12-07 00:00:00,50135.6,51919.25,50062.35,50473.93,243774,12820,0
2021-12-08 00:00:00,50475.7,51182.16,48612.69,50562.48,222766,12820,0
2021-12-09 00:00:00,50565.04,50787.55,47273.51,47953.9,247082,12820,0
2021-12-10 00:00:00,47954.64,50037.8,47226.56,47921.02,250122,2391,0
2021-12-13 00:00:00,49911.56,50352.99,45706.88,46799.74,252044,12820,0
2021-12-14 00:00:00,46753.1,48608.85,46254.13,48247.98,237741,11820,0
2021-12-15 00:00:00,48248.85,49478.5,46516.41,49134.35,164112,2671,0
2021-12-16 00:00:00,49161.56,49411.74,47628.42,48098.54,70968,4166,0
2021-12-17 00:00:00,48076.27,48098.34,45396.97,46893.15,81831,4003,0
2021-12-20 00:00:00,46614.06,47529.46,45529.16,46950.87,87178,5285,0
2021-12-21 00:00:00,46949.8,49309.85,46618.67,49061.82,70704,4964,0
2021-12-22 00:00:00,49014.37,49545.21,48407.76,49011.42,62079,5131,0
2021-12-23 00:00:00,49008.09,51350.48,47963.95,50796.79,65985,0,0
2021-12-24 00:00:00,50796.2,51652.03,50386.22,51607.04,55702,4591,0
2021-12-27 00:00:00,50942.51,52083.69,50424.6,50917.56,55882,4265,0
2021-12-28 00:00:00,50914.62,51201.96,47269.71,47524.93,87070,3919,0
2021-12-29 00:00:00,47492.83,48124.73,46550.45,47190.2,72011,5017,0
2021-12-30 00:00:00,47125.66,47896.76,45837.41,47194.26,68170,0,0
2021-12-31 00:00:00,47203.85,48570.06,46374.7,46627.81,61622,5069,0
2022-01-03 00:00:00,47202.88,47553.11,45643.51,45981.79,70699,1549,0
2022-01-04 00:00:00,45927.75,47495.6,45477.7,46208.07,69939,4613,0
2022-01-05 00:00:00,46086.72,47037.57,43334.31,43578.57,75988,0,0
2022-01-06 00:00:00,43624.3,43756.78,42371.96,43081.37,97333,2618,0
2022-01-07 00:00:00,43068.72,43208.05,40636.11,41878.38,97738,0,0
2022-01-10 00:00:00,42250.99,42466.95,39610.45,41660.54,92977,0,0
2022-01-11 00:00:00,41691.53,43084.22,41225.5,42617.86,81746,5140,0
2022-01-12 00:00:00,42626.22,44320.13,42431.2,43763.42,70361,4397,0
2022-01-13 00:00:00,43726.74,44424.88,42278.29,42782.32,72044,4807,0
2022-01-14 00:00:00,42757.1,43440.99,41736.99,43284.8,72263,3793,0
2022-01-17 00:00:00,42954.63,43266.42,41580.19,41713.71,61970,3523,0
2022-01-18 00:00:00,41647.54,42475.9,41245.7,42364.24,78380,419,0
2022-01-19 00:00:00,42334.9,42662.2,41122.97,41690.01,76637,1539,0
2022-01-20 00:00:00,41666.53,43488.87,41269.89,41273.92,66216,3689,0
2022-01-21 00:00:00,41182.88,41497.72,36090.03,36625.66,132196,0,0
2022-01-24 00:00:00,35272.86,37547.85,32888.52,36777.07,140786,0,0
2022-01-25 00:00:00,36722.23,37540.86,35681.72,36523.01,112413,3217,0
2022-01-26 00:00:00,36549.35,38902.67,36302.44,36395.49,104843,2309,0
2022-01-27 00:00:00,36255.75,37204.17,35478.73,36168.78,99402,2993,0
2022-01-28 00:00:00,36093.04,37999.6,35892.5,37780.36,101049,2634,0
2022-01-31 00:00:00,37718.7,38741.4,36618.08,38407.43,76952,1787,0
2022-02-01 00:00:00,38371.25,39271.42,37965.44,38737.27,86373,0,0
2022-02-02 00:00:00,38776.24,38895.29,36557.15,36842.3,84596,0,0
2022-02-03 00:00:00,36876.5,37225.92,36246.89,36905.87,86428,3807,0
2022-02-04 00:00:00,36887.33,40898.61,36780.47,40606.38,82994,0,0
2022-02-07 00:00:00,41649.67,44528.96,41470.43,44020.49,85226,1493,0
2022-02-08 00:00:00,44055.86,45503.62,42678.72,44222.57,85445,1469,0
2022-02-09 00:00:00,44187.55,44840.48,43118.96,44497.47,66701,1772,0
2022-02-10 00:00:00,44455.3,45828.21,43171.46,43707.65,90123,0,0
2022-02-11 00:00:00,43758.27,44072.52,42094.08,42571.12,94840,0,0
2022-02-14 00:00:00,42180.63,42850.52,41530.5,42229.08,77063,1391,0
2022-02-15 00:00:00,42217.98,44532.26,42193.82,43972.32,69721,0,0
2022-02-16 00:00:00,43951.55,44767.07,43313.01,44061.91,70807,479,0
2022-02-17 00:00:00,44031.7,44200.06,40055.02,40665.69,85563,405,0
2022-02-18 00:00:00,40585.06,40980.86,39421.38,39981.69,85422,0,0
2022-02-21 00:00:00,38242.92,39492.25,37016.65,37016.65,107062,0,0
2022-02-22 00:00:00,36922.63,38302.33,36334.0,37855.77,118465,0,0
2022-02-23 00:00:00,37816.7,39251.77,37383.85,37506.09,82840,1064,0
2022-02-24 00:00:00,37468.89,39752.02,34312.12,38359.32,143141,0,0
2022-02-25 00:00:00,38397.63,39689.98,37739.87,38994.5,104735,0,0
2022-02-28 00:00:00,37365.39,41954.67,37299.49,41623.1,110031,157,0
2022-03-01 00:00:00,41647.25,44978.33,41602.72,43831.15,103738,0,0
2022-03-02 00:00:00,43837.63,45282.1,43322.67,43973.17,94069,0,0
2022-03-03 00:00:00,44080.25,44337.6,41804.41,42097.2,81800,0,0
2022-03-04 00:00:00,42106.13,42688.07,39053.83,39382.81,96786,0,0
2022-03-07 00:00:00,38976.79,39536.43,37145.26,37838.69,100435,0,0
2022-03-08 00:00:00,37737.63,39367.54,37731.7,38482.83,106564,561,0
2022-03-09 00:00:00,38465.11,42578.29,38461.54,41859.55,79673,0,0
2022-03-10 00:00:00,41819.99,42138.95,38511.8,39288.91,91197,0,0
2022-03-11 00:00:00,39269.3,40250.01,38216.95,38846.87,82722,453,0
2022-03-14 00:00:00,38618.7,39296.05,37512.92,38695.92,73104,0,0
2022-03-15 00:00:00,38679.59,39903.51,38074.12,39427.01,73168,391,0
2022-03-16 00:00:00,39339.39,41681.4,38784.64,41240.57,95248,0,0
2022-03-17 00:00:00,41222.86,41471.89,40494.22,40698.53,59051,0,0
2022-03-18 00:00:00,40667.47,42335.52,40144.71,41829.58,59294,0,0
2022-03-21 00:00:00,41209.83,41543.75,40495.17,41125.1,61450,0,0
2022-03-22 00:00:00,41084.6,43355.96,40862.77,42596.81,59492,0,0
2022-03-23 00:00:00,42558.94,42895.08,41724.58,42340.79,57484,0,0
2022-03-24 00:00:00,42302.46,44236.03,42233.26,43881.88,60489,0,0
2022-03-25 00:00:00,43833.32,45127.16,43562.04,44590.95,64882,0,0
2022-03-28 00:00:00,46081.5,48223.71,45833.71,47942.63,64441,0,0
2022-03-29 00:00:00,47919.57,48145.74,46884.17,47451.18,59513,0,0
2022-03-30 00:00:00,47403.77,47711.55,46510.92,47258.95,57089,565,0
2022-03-31 00:00:00,47222.75,47616.13,45492.0,45740.27,66501,0,0
2022-04-01 00:00:00,45703.79,46732.92,44202.86,46164.25,73786,0,0
2022-04-04 00:00:00,46337.11,47438.73,45103.75,46295.63,77868,0,0
2022-04-05 00:00:00,46268.45,47191.05,45457.96,45727.67,62679,0,0
2022-04-06 00:00:00,45793.86,46049.29,43162.08,43857.66,88384,0,0
2022-04-07 00:00:00,43803.27,44014.26,42706.07,43546.89,78136,0,0
2022-04-08 00:00:00,43516.92,43977.34,42388.63,42714.9,84201,501,0
2022-04-11 00:00:00,43069.59,43190.04,39470.73,39825.61,100481,0,0
2022-04-12 00:00:00,39807.85,40699.45,39179.56,39493.81,85473,0,0
2022-04-13 00:00:00,39459.57,41556.22,39457.1,41238.73,74340,0,0
2022-04-14 00:00:00,41201.79,41497.26,39523.82,39880.05,90728,0,0
2022-04-15 00:00:00,39869.02,40823.82,39755.7,40381.17,44252,431,0
2022-04-16 00:00:00,40371.69,40696.26,39981.46,40291.37,34411,1700,0
2022-04-17 00:00:00,40272.88,40672.26,39802.36,40248.2,40528,0,0
2022-04-18 00:00:00,40241.66,41012.75,38519.72,40650.81,67684,1700,0
2022-04-19 00:00:00,40614.89,41756.41,40570.42,41279.14,58824,922,0
2022-04-20 00:00:00,41236.88,42199.39,40846.83,41404.54,55585,1700,0
2022-04-21 00:00:00,41371.43,42983.29,40513.85,40586.17,71533,1700,0
2022-04-22 00:00:00,40519.81,40833.94,39137.13,39593.03,74531,156,0
2022-04-23 00:00:00,39576.53,39965.99,39266.73,39764.61,37740,991,0
2022-04-24 00:00:00,39770.3,39935.04,38871.91,39483.69,47479,0,0
2022-04-25 00:00:00,39468.96,40356.54,38162.19,40146.95,85353,0,0
2022-04-26 00:00:00,40109.3,40790.42,37669.43,38095.75,81986,1700,0
2022-04-27 00:00:00,38031.89,39459.05,37670.39,39055.3,74512,1140,0
2022-04-28 00:00:00,39039.29,40372.83,38859.62,39874.49,79465,0,0
2022-04-29 00:00:00,39788.07,39982.01,38147.7,38526.01,81990,1131,0
2022-04-30 00:00:00,38454.33,38787.32,38138.54,38304.7,39427,0,0
2022-05-01 00:00:00,38290.41,38684.26,37363.72,38133.62,50502,0,0
2022-05-02 00:00:00,38244.38,39152.25,38030.57,38299.77,107152,0,0
2022-05-03 00:00:00,38250.3,38898.37,37488.39,37628.89,75094,0,0
2022-05-04 00:00:00,37709.9,40014.5,37600.41,39787.96,88946,0,0
2022-05-05 00:00:00,39737.36,39874.47,35517.9,36399.6,80909,0,0
2022-05-06 00:00:00,36362.07,36643.35,35252.09,36053.35,112760,0,0
2022-05-07 00:00:00,36047.36,36108.13,35687.65,35733.93,47803,601,0
2022-05-08 00:00:00,35729.92,35779.76,33609.83,34206.74,83386,0,0
2022-05-09 00:00:00,34207.8,34446.47,30282.66,30924.45,130083,0,0
2022-05-10 00:00:00,30998.07,32632.25,29702.84,30961.91,142343,0,0
2022-05-11 00:00:00,30952.33,32112.3,28152.2,28259.8,161682,0,0
2022-05-12 00:00:00,28410.98,30062.42,25248.7,28525.1,183510,0,0
2022-05-13 00:00:00,28431.18,30973.62,27916.14,29739.98,141003,0,0
2022-05-14 00:00:00,29762.48,30064.49,28549.2,29318.29,69961,0,0
2022-05-15 00:00:00,29313.42,31066.34,29310.03,31006.72,70419,0,0
2022-05-16 00:00:00,30996.16,31381.62,29018.6,29891.55,104164,0,0
2022-05-17 00:00:00,29840.03,30734.26,29376.54,30056.34,88787,0,0
2022-05-18 00:00:00,30021.88,30673.56,28689.86,29194.12,98583,0,0
2022-05-19 00:00:00,29156.57,30505.51,28592.54,30190.38,95703,0,0
2022-05-20 00:00:00,30160.88,30721.47,28688.14,29108.91,96723,0,0
2022-05-21 00:00:00,29141.41,29612.92,28892.99,29376.32,53878,0,0
2022-05-22 00:00:00,29335.12,30277.61,29206.88,29887.96,51385,0,0
2022-05-23 00:00:00,29848.13,30634.89,28998.36,29286.63,92071,0,0
2022-05-24 00:00:00,29257.11,29590.88,28593.89,29395.85,87555,0,0
2022-05-25 00:00:00,29408.25,30183.04,29289.24,29730.94,85132,0,0
2022-05-26 00:00:00,29715.53,29844.38,27939.34,29426.71,87182,0,0
2022-05-27 00:00:00,29399.88,29653.5,28234.61,28706.85,94745,0,0
2022-05-28 00:00:00,28755.03,29212.0,28724.94,28984.58,23735,0,0
2022-05-29 00:00:00,28942.31,29436.47,28801.62,29143.67,53821,0,0
2022-05-30 00:00:00,29089.33,31305.59,29077.61,31235.33,60343,0,0
2022-05-31 00:00:00,31178.23,32368.37,31161.58,31763.75,78535,0,0
2022-06-01 00:00:00,31709.54,31948.97,29246.98,29630.6,83827,0,0
2022-06-02 00:00:00,29597.69,30374.52,29477.1,30207.68,75401,0,0
2022-06-03 00:00:00,30169.53,30669.24,29214.77,29615.48,76179,0,0
2022-06-04 00:00:00,29613.48,29932.68,29444.34,29713.55,50322,0,0
2022-06-05 00:00:00,29673.45,30118.26,29496.01,29900.37,55673,0,0
2022-06-06 00:00:00,29853.66,31731.28,29776.34,31405.79,79532,0,0
2022-06-07 00:00:00,31358.51,31558.58,29152.37,31301.93,96235,0,0
2022-06-08 00:00:00,31304.78,31502.63,29812.01,30168.69,96332,0,0
2022-06-09 00:00:00,30147.07,30676.01,29905.35,30145.97,78298,0,0
2022-06-10 00:00:00,30113.83,30340.76,28803.71,29177.64,85974,0,0
2022-06-11 00:00:00,29160.14,29408.76,28048.19,28359.11,76818,0,0
2022-06-12 00:00:00,28323.61,28647.92,26812.02,27350.26,83668,0,0
2022-06-13 00:00:00,27331.15,27489.78,22511.15,23169.47,173856,0,0
2022-06-14 00:00:00,23183.45,23303.94,20791.5,21938.28,167574,0,0
2022-06-15 00:00:00,22010.63,22340.82,20034.56,21632.88,158455,0,0
2022-06-16 00:00:00,21661.19,22951.25,20433.66,20640.23,166336,0,0
2022-06-17 00:00:00,20613.38,21322.61,20180.33,20599.39,151881,0,0
2022-06-18 00:00:00,20424.4,20742.51,17567.37,17774.05,133388,0,0
2022-06-19 00:00:00,17783.14,20669.42,17744.08,20537.85,121408,0,0
2022-06-20 00:00:00,20497.36,21027.82,19604.83,20408.81,147755,0,0
2022-06-21 00:00:00,20381.18,21675.17,20230.0,20814.78,120666,0,0
2022-06-22 00:00:00,20815.6,21009.42,19740.5,19851.42,123648,0,0
2022-06-23 00:00:00,19834.75,21082.41,19808.26,20780.4,118523,0,0
2022-06-24 00:00:00,20775.37,21434.64,20640.61,21133.08,117011,0,0
2022-06-25 00:00:00,21201.28,21600.64,20872.27,21198.66,99809,0,0
2022-06-26 00:00:00,21180.34,21831.32,21105.06,21365.79,82183,0,0
2022-06-27 00:00:00,21329.2,21504.01,20464.79,20875.46,105109,0,0
2022-06-28 00:00:00,20856.91,21173.69,20172.9,20222.75,102004,0,0
2022-06-29 00:00:00,20223.39,20427.71,19810.03,20170.17,112900,0,0
2022-06-30 00:00:00,20166.81,20323.51,18572.82,18705.17,121841,0,0
2022-07-01 00:00:00,18706.87,20851.18,18666.19,19392.84,133604,0,0
2022-07-02 00:00:00,19119.84,19444.23,18941.23,19219.07,73692,0,0
2022-07-03 00:00:00,19205.08,19616.71,18736.91,19413.02,85706,0,0
2022-07-04 00:00:00,19382.99,20079.76,19016.84,19728.43,115253,0,0
2022-07-05 00:00:00,19736.96,20687.7,19266.63,20439.76,136042,0,0
2022-07-06 00:00:00,20413.21,20461.26,19730.14,20368.45,129736,0,0
2022-07-07 00:00:00,20356.11,21821.81,20215.62,21595.62,117933,1400,0
2022-07-08 00:00:00,21585.27,22473.88,21160.14,21830.25,139671,400,0
2022-07-09 00:00:00,21867.25,21990.24,21294.13,21665.86,126286,501,0
2022-07-10 00:00:00,21630.39,21727.25,20623.34,20953.8,125798,0,0
2022-07-11 00:00:00,20924.72,21162.25,20232.91,20384.55,144672,1400,0
2022-07-12 00:00:00,20366.12,20403.75,19243.61,19428.38,151823,1209,0
2022-07-13 00:00:00,19389.0,20060.32,18871.79,19645.51,153121,0,0
2022-07-14 00:00:00,19619.75,20872.67,19587.84,20653.41,154276,781,0
2022-07-15 00:00:00,20614.84,21182.65,20360.5,20914.9,156175,1400,0
2022-07-16 00:00:00,20870.9,21569.91,20468.07,21166.39,98228,0,0
2022-07-17 00:00:00,21160.32,21668.64,20798.7,20916.38,97505,0,0
2022-07-18 00:00:00,20880.35,22743.98,20734.22,21472.21,170296,0,0
2022-07-19 00:00:00,21465.11,23698.71,21429.41,23300.57,161948,0,0
2022-07-20 00:00:00,23270.69,24274.5,22892.68,23268.46,158570,0,0
2022-07-21 00:00:00,23259.52,23778.31,22328.06,23109.76,153949,1400,0
2022-07-22 00:00:00,23088.17,23751.01,22490.76,22588.03,138665,1400,0
2022-07-23 00:00:00,22568.49,22999.76,21932.37,22302.29,100563,1400,0
2022-07-24 00:00:00,22280.73,22898.7,22211.92,22730.23,101193,0,0
2022-07-25 00:00:00,22692.42,23007.75,21546.49,22150.42,129913,1400,0
2022-07-26 00:00:00,22115.85,22162.75,20704.32,20968.59,124136,1400,0
2022-07-27 00:00:00,20942.43,23099.26,20806.68,22780.22,123633,1251,0
2022-07-28 00:00:00,22749.94,24201.83,22571.54,24018.41,129547,0,0
2022-07-29 00:00:00,24008.56,24429.16,23423.25,23967.75,129954,0,0
2022-07-30 00:00:00,23808.91,24656.64,23504.51,23963.13,99701,1350,0
2022-07-31 00:00:00,23939.05,24176.57,23370.96,23797.96,103937,1400,0
2022-08-01 00:00:00,23761.63,23817.7,22843.51,23022.2,136368,1400,0
2022-08-02 00:00:00,23079.92,23455.64,22632.83,23030.1,148356,1367,0
2022-08-03 00:00:00,22978.74,23636.88,22684.5,23330.56,126447,1400,0
2022-08-04 00:00:00,23283.59,23359.9,22374.44,22512.5,138062,1400,0
2022-08-05 00:00:00,22480.04,23450.0,22435.64,22983.38,124303,1400,0
2022-08-06 00:00:00,23043.38,23354.25,22979.5,23157.55,80896,1279,0
2022-08-07 00:00:00,23138.36,23277.5,22850.08,23243.57,64964,1400,0
2022-08-08 00:00:00,23231.01,24240.25,23051.25,24091.75,134007,1325,0
2022-08-09 00:00:00,24002.75,24015.86,22856.66,23130.89,118102,1376,0
2022-08-10 00:00:00,23102.32,24186.11,22651.03,23885.43,118746,1400,0
2022-08-11 00:00:00,23815.45,24905.57,23769.24,24229.5,121791,1229,0
2022-08-12 00:00:00,24170.71,24318.29,23583.75,24242.09,116929,1246,0
2022-08-13 00:00:00,24202.25,24888.25,24198.75,24495.41,96108,1235,0
2022-08-14 00:00:00,24445.5,25031.98,24148.91,24311.19,95514,1225,0
2022-08-15 00:00:00,24284.49,25203.95,23873.8,24079.06,133393,1216,0
2022-08-16 00:00:00,24041.45,24245.75,23654.5,23998.65,169805,1275,0
2022-08-17 00:00:00,23937.1,24439.0,23168.75,23416.25,169482,1238,0
2022-08-18 00:00:00,23354.9,23589.5,23224.55,23405.07,169499,1400,0
2022-08-19 00:00:00,23376.01,23421.75,21134.06,21259.49,208840,1225,0
2022-08-20 00:00:00,21229.49,21359.66,20773.5,20826.98,171353,1400,0
2022-08-21 00:00:00,20811.47,21773.52,20729.35,21478.99,144543,1400,0
2022-08-22 00:00:00,21469.96,21699.42,20885.37,21113.29,151400,1300,0
2022-08-23 00:00:00,21081.7,21678.25,20885.0,21468.75,150838,1400,0
2022-08-24 00:00:00,21442.46,21884.93,21142.75,21683.25,142740,1400,0
2022-08-25 00:00:00,21661.99,21805.86,21300.75,21635.0,138875,1400,0
2022-08-26 00:00:00,21610.03,21869.51,20528.74,20637.08,130771,1210,0
2022-08-27 00:00:00,20622.29,20698.31,19789.56,19997.91,114201,1259,0
2022-08-28 00:00:00,19971.39,20152.25,19799.51,19980.55,89232,1224,0
2022-08-29 00:00:00,19951.65,20415.51,19508.84,20169.57,149994,1400,0
2022-08-30 00:00:00,20136.1,20570.01,19525.76,19946.96,160601,1400,0
2022-08-31 00:00:00,19929.49,20484.01,19741.76,20195.26,174016,1237,0
2022-09-01 00:00:00,20155.03,20284.34,19550.25,20072.99,208942,1400,0
2022-09-02 00:00:00,20037.09,20435.01,19748.51,19955.68,192149,1325,0
2022-09-03 00:00:00,19958.18,20048.51,19635.9,19731.26,132075,1400,0
2022-09-04 00:00:00,19704.94,19947.51,19579.26,19891.77,118811,1400,0
2022-09-05 00:00:00,19874.05,20055.43,19628.76,19736.75,110122,1400,0
2022-09-06 00:00:00,19708.94,20176.38,18649.62,18947.26,204797,1321,0
2022-09-07 00:00:00,18942.29,19451.5,18521.79,19376.74,128102,1249,0
2022-09-08 00:00:00,19373.69,19459.75,19008.25,19371.75,165106,1376,0
2022-09-09 00:00:00,19335.36,21432.2,19247.51,21294.76,163444,1400,0
2022-09-10 00:00:00,21157.3,21672.76,21126.51,21413.11,145454,1400,0
2022-09-11 00:00:00,21419.48,21864.2,21349.71,21634.04,143284,1400,0
2022-09-12 00:00:00,21619.26,22485.01,21444.7,22401.81,136355,1343,0
2022-09-13 00:00:00,22358.75,22783.89,20038.57,20227.26,229838,1229,0
2022-09-14 00:00:00,20198.56,20514.57,19603.59,19937.53,213416,1251,0
2022-09-15 00:00:00,19895.05,20386.15,19478.56,19835.76,221010,1376,0
2022-09-16 00:00:00,19797.49,19890.0,19319.08,19732.64,216285,1325,0
2022-09-17 00:00:00,19703.56,20178.51,19688.51,20070.24,154353,1400,0
2022-09-18 00:00:00,20042.84,20132.51,19551.92,19713.79,149501,1400,0
2022-09-19 00:00:00,19669.63,19689.29,18251.88,19525.51,216362,1400,0
2022-09-20 00:00:00,19497.17,19680.01,18707.63,18965.01,210633,1375,0
2022-09-21 00:00:00,18941.97,19884.21,18549.76,18916.0,213051,1400,0
2022-09-22 00:00:00,18851.37,19489.26,18130.29,19239.26,248161,1300,0
2022-09-23 00:00:00,19215.69,19514.1,18519.82,18849.18,234812,1250,0
2022-09-24 00:00:00,18948.67,19398.01,18919.76,19134.25,163006,1400,0
2022-09-25 00:00:00,19104.16,19177.25,18801.61,18901.3,134578,1400,0
2022-09-26 00:00:00,18855.05,19307.25,18617.76,19102.75,206157,1400,0
2022-09-27 00:00:00,19068.76,20374.99,18809.0,19053.0,250798,1325,0
2022-09-28 00:00:00,19020.17,19649.98,18460.84,19576.75,228319,1325,0
2022-09-29 00:00:00,19540.32,19765.98,18838.06,19505.65,222133,1400,0
2022-09-30 00:00:00,19468.27,20174.5,19132.17,19411.38,170376,1226,0
2022-10-01 00:00:00,19382.38,19433.5,19117.0,19253.1,79503,1215,0
2022-10-02 00:00:00,19213.8,19389.75,19008.6,19215.57,91241,1400,0
2022-10-03 00:00:00,19197.53,19645.26,18913.92,19588.76,197498,1400,0
2022-10-04 00:00:00,19544.99,20451.15,19490.01,20348.76,205278,1242,0
2022-10-05 00:00:00,20318.51,20400.76,19730.4,19991.01,180450,1274,0
2022-10-06 00:00:00,19964.56,20441.51,19860.0,20046.71,217782,1212,0
2022-10-07 00:00:00,20005.64,20059.25,19313.85,19541.26,165580,1260,0
2022-10-08 00:00:00,19550.47,19618.49,19410.25,19452.09,77481,1250,0
2022-10-09 00:00:00,19411.92,19553.76,19169.35,19485.63,88249,1400,0
2022-10-10 00:00:00,19439.45,19525.26,19082.86,19230.76,185443,1400,0
2022-10-11 00:00:00,19209.83,19263.82,18845.23,19013.01,172652,1251,0
2022-10-12 00:00:00,18983.49,19195.75,18963.93,19163.25,143983,1249,0
2022-10-13 00:00:00,19127.39,19502.21,18110.61,19372.26,109007,1400,0
2022-10-14 00:00:00,19349.76,19941.29,19106.13,19174.26,135023,1339,0
2022-10-15 00:00:00,19180.62,19224.26,19036.51,19089.3,71958,1219,0
2022-10-16 00:00:00,19055.92,19416.1,19029.27,19328.76,75753,1300,0
2022-10-17 00:00:00,19296.23,19671.76,19088.66,19520.18,141080,1400,0
2022-10-18 00:00:00,19486.17,19698.51,19078.51,19361.28,142781,1326,0
2022-10-19 00:00:00,19334.03,19369.01,19054.33,19188.76,137525,1316,0
2022-10-20 00:00:00,19154.67,19335.26,18888.31,19018.11,144524,1246,0
2022-10-21 00:00:00,18982.07,19246.76,18653.11,19174.26,123703,1400,0
2022-10-22 00:00:00,19143.74,19257.01,19104.0,19215.76,45688,1400,0
2022-10-23 00:00:00,19182.8,19517.75,19052.0,19483.0,53742,1400,0
2022-10-24 00:00:00,19466.21,19694.26,19149.75,19375.25,131411,1400,0
2022-10-25 00:00:00,19341.7,20413.51,19232.01,20183.51,127867,1400,0
2022-10-26 00:00:00,20158.27,21017.45,19992.02,20742.51,155285,1400,0
2022-10-27 00:00:00,20704.22,20906.01,20241.41,20396.51,138111,1400,0
2022-10-28 00:00:00,20358.21,20751.01,19946.09,20623.01,138111,1400,0
2022-10-29 00:00:00,20581.96,21068.93,20554.01,20860.22,102487,1231,0
2022-10-30 00:00:00,20819.22,20933.0,20547.0,20680.75,83631,1400,0
2022-10-31 00:00:00,20651.45,20829.5,20227.5,20414.75,137664,1400,0
2022-11-01 00:00:00,20363.87,20682.0,20316.25,20474.0,113033,1400,0
2022-11-02 00:00:00,20442.35,20802.75,20088.13,20174.0,119495,1400,0
2022-11-03 00:00:00,20118.59,20382.5,20025.73,20226.75,115278,1305,0
2022-11-04 00:00:00,20199.68,21296.68,20150.65,21136.25,113695,1309,0
2022-11-05 00:00:00,21151.76,21470.75,21075.25,21337.75,107871,1400,0
2022-11-06 00:00:00,21316.73,21361.1,20959.5,21116.91,86460,1258,0
2022-11-07 00:00:00,21082.62,21178.25,20580.75,20673.97,120430,1400,0
2022-11-08 00:00:00,20635.72,20669.0,16894.0,18652.76,191599,1211,0
2022-11-09 00:00:00,18613.33,18689.14,15566.03,15678.92,196931,1269,0
2022-11-10 00:00:00,15717.12,18113.52,15494.37,17771.04,164310,1201,0
2022-11-11 00:00:00,17762.83,17828.96,16316.77,16740.95,144290,1400,0
2022-11-12 00:00:00,16745.95,17071.77,16582.3,16779.31,107831,1224,0
2022-11-13 00:00:00,16761.16,16919.01,16191.3,16352.28,70027,1260,0
2022-11-14 00:00:00,16310.08,17150.82,15778.56,16377.01,122316,1352,0
2022-11-15 00:00:00,16338.6,17089.55,16311.89,16864.16,233664,1400,0
2022-11-16 00:00:00,16830.48,16981.66,16349.1,16526.73,207443,1249,0
2022-11-17 00:00:00,16498.4,16738.8,16392.57,16674.48,170961,1282,0
2022-11-18 00:00:00,16646.4,16972.91,16527.38,16629.3,123247,1249,0
2022-11-19 00:00:00,16640.28,16699.76,16526.15,16655.68,78432,1400,0
2022-11-20 00:00:00,16655.77,16794.07,16179.83,16225.84,113120,1400,0
2022-11-21 00:00:00,16189.78,16326.31,15446.46,15599.25,165013,1222,0
2022-11-22 00:00:00,15585.98,16287.54,15566.28,16127.75,244704,1213,0
2022-11-23 00:00:00,16092.27,16677.51,16080.0,16462.5,230580,1203,0
2022-11-24 00:00:00,16437.73,16785.45,16430.44,16542.27,118303,1276,0
2022-11-25 00:00:00,16499.66,16613.26,16323.76,16485.75,96358,1224,0
2022-11-26 00:00:00,16476.79,16678.76,16405.01,16501.76,76778,1275,0
2022-11-27 00:00:00,16471.76,16581.0,16365.88,16561.51,61080,1400,0
2022-11-28 00:00:00,16532.96,16580.0,15987.75,16191.2,106599,1325,0
2022-11-29 00:00:00,16166.3,16533.01,16088.51,16448.01,107879,1224,0
2022-11-30 00:00:00,16422.03,17142.01,16410.26,17098.82,142917,1209,0
2022-12-01 00:00:00,17059.62,17285.36,16857.29,16924.43,109033,1225,0
2022-12-02 00:00:00,16890.34,17097.5,16771.11,17006.76,89706,1233,0
2022-12-03 00:00:00,17039.31,17136.71,16859.97,16942.25,67319,1203,0
2022-12-04 00:00:00,16915.4,17145.76,16862.12,17109.21,74645,1299,0
2022-12-05 00:00:00,17076.3,17419.09,16856.01,16962.82,131607,1224,0
2022-12-06 00:00:00,16932.66,17093.51,16899.51,16986.78,99562,1400,0
2022-12-07 00:00:00,16953.63,17130.01,16678.5,16828.31,116089,1225,0
2022-12-08 00:00:00,16791.01,17296.51,16718.21,17178.54,102336,1213,0
2022-12-09 00:00:00,17145.94,17339.01,17038.25,17109.43,84891,1400,0
2022-12-10 00:00:00,17105.64,17220.75,17101.25,17121.01,31073,1210,0
2022-12-11 00:00:00,17090.22,17254.26,17072.26,17108.64,36366,1400,0
2022-12-12 00:00:00,17075.88,17213.01,16870.51,17167.7,69777,1400,0
2022-12-13 00:00:00,17143.06,17957.51,17077.75,17765.39,122018,1344,0
2022-12-14 00:00:00,17720.36,18369.52,17657.28,17824.73,137247,1202,0
2022-12-15 00:00:00,17788.41,17865.76,17310.51,17384.0,122252,1310,0
2022-12-16 00:00:00,17355.03,17531.26,16731.02,16823.4,129887,1205,0
2022-12-17 00:00:00,16719.04,16772.5,16519.31,16716.11,128016,1400,0
2022-12-18 00:00:00,16674.55,16793.5,16660.51,16743.38,87167,1400,0
2022-12-19 00:00:00,16715.04,16840.63,16499.26,16575.95,113839,1323,0
2022-12-20 00:00:00,16545.82,17051.26,16212.41,16874.97,126392,1325,0
2022-12-21 00:00:00,16838.96,16921.25,16723.67,16783.53,152342,1206,0
2022-12-22 00:00:00,16754.2,16861.06,16551.01,16780.9,145617,1400,0
2022-12-23 00:00:00,16757.05,16925.93,16711.29,16802.66,102753,1400,0
2022-12-24 00:00:00,16791.38,16853.76,16752.01,16820.75,29611,1400,0
2022-12-25 00:00:00,16812.91,16847.76,16702.16,16815.74,39345,1287,0
2022-12-26 00:00:00,16824.95,16913.76,16769.51,16823.75,52011,1400,0
2022-12-27 00:00:00,16794.51,16965.51,16579.51,16685.26,110789,1300,0
2022-12-28 00:00:00,16655.38,16767.26,16443.76,16509.75,85430,1400,0
2022-12-29 00:00:00,16483.13,16646.37,16458.76,16585.0,102220,1400,0
2022-12-30 00:00:00,16556.39,16652.79,16313.44,16567.25,90167,1400,0
2022-12-31 00:00:00,16578.96,16624.76,16520.75,16531.87,59912,1225,0
2023-01-01 00:00:00,16530.0,16614.5,16453.82,16593.87,46028,1344,0
2023-01-02 00:00:00,16566.26,16782.01,16540.25,16742.76,50378,1400,0
2023-01-03 00:00:00,16718.63,16764.75,16592.13,16653.65,77893,1400,0
2023-01-04 00:00:00,16625.73,16982.26,16625.47,16811.86,126871,1400,0
2023-01-05 00:00:00,16783.21,16871.03,16742.01,16834.75,90113,1400,0
2023-01-06 00:00:00,16808.89,17026.01,16633.51,16922.75,95203,1400,0
2023-01-07 00:00:00,16865.55,16976.28,16865.55,16931.75,18574,1400,0
2023-01-08 00:00:00,16899.26,17012.51,16894.86,16952.04,44602,1400,0
2023-01-09 00:00:00,16917.91,17395.38,16915.17,17170.38,102740,1225,0
2023-01-10 00:00:00,17133.62,17489.06,17122.76,17469.5,96013,1212,0
2023-01-11 00:00:00,17419.02,17580.92,17309.09,17559.25,113681,1205,0
2023-01-12 00:00:00,17518.6,19113.45,17513.0,18829.76,171832,1203,0
2023-01-13 00:00:00,18795.34,19901.15,18700.5,19807.06,119378,1223,0
2023-01-14 00:00:00,19913.67,21373.27,19879.75,20894.46,144876,1201,0
2023-01-15 00:00:00,20862.13,21052.89,20551.26,20898.59,109781,1201,0
2023-01-16 00:00:00,20860.92,21450.22,20601.36,21127.76,125379,1275,0
2023-01-17 00:00:00,21096.72,21619.65,20840.67,21315.51,118596,1300,0
2023-01-18 00:00:00,21279.26,21647.17,20390.25,20771.64,121721,1300,0
2023-01-19 00:00:00,20728.63,21185.01,20617.51,20933.63,116683,1300,0
2023-01-20 00:00:00,20897.6,22440.14,20857.76,22317.39,126297,1253,0
2023-01-21 00:00:00,22341.39,23357.77,22323.8,23184.19,152455,1276,0
2023-01-22 00:00:00,23159.68,23185.76,22276.62,22596.7,118757,1201,0
2023-01-23 00:00:00,22578.48,23171.01,22488.45,22987.77,111882,1300,0
2023-01-24 00:00:00,22951.94,23163.01,22699.87,22896.23,102951,1224,0
2023-01-25 00:00:00,22834.73,23705.44,22319.9,23573.0,120840,1226,0
2023-01-26 00:00:00,23644.36,23810.62,22805.93,23066.01,122137,1300,0
2023-01-27 00:00:00,23037.39,23496.78,22525.27,23095.51,109289,1300,0
2023-01-28 00:00:00,22997.29,23191.26,22881.76,22999.31,71316,1300,0
2023-01-29 00:00:00,22961.58,23961.26,22957.97,23801.51,112734,1202,0
2023-01-30 00:00:00,23753.09,23878.76,22441.0,22745.51,125942,1275,0
2023-01-31 00:00:00,22698.14,23213.01,22464.89,22936.26,111913,1216,0
2023-02-01 00:00:00,22902.71,23793.26,22740.61,23678.26,109061,1201,0
2023-02-02 00:00:00,23652.03,24244.81,23509.01,23509.01,123540,1244,0
2023-02-03 00:00:00,23455.04,23714.46,23202.26,23382.26,114540,1300,0
2023-02-04 00:00:00,23380.1,23582.01,23252.5,23409.34,45516,1224,0
2023-02-05 00:00:00,23377.7,23447.75,22746.26,22897.72,55613,1300,0
2023-02-06 00:00:00,22862.01,23143.76,22625.0,22911.5,90189,1217,0
2023-02-07 00:00:00,22873.13,23341.81,22630.96,23189.16,107192,1300,0
2023-02-08 00:00:00,23168.71,23441.26,22665.76,22947.76,103250,1300,0
2023-02-09 00:00:00,22918.88,23009.76,21648.76,21849.83,119692,1231,0
2023-02-10 00:00:00,21819.68,21950.47,21452.24,21539.91,105854,1300,0
2023-02-11 00:00:00,21487.42,21835.83,21387.0,21819.69,59740,1050,0
2023-02-12 00:00:00,21778.62,22072.39,21693.55,21721.76,61315,1237,0
2023-02-13 00:00:00,21696.96,21895.0,21345.01,21622.26,125646,1212,0
2023-02-14 00:00:00,21584.12,22324.61,21513.67,22248.51,126618,1300,0
2023-02-15 00:00:00,22210.48,24316.04,22044.42,24168.74,112893,1263,0
2023-02-16 00:00:00,24147.82,25235.66,24114.73,24522.21,137421,1255,0
2023-02-17 00:00:00,24493.37,25025.09,23326.66,24522.36,147150,1300,0
2023-02-18 00:00:00,24317.51,24861.03,24048.7,24611.64,87779,1247,0
2023-02-19 00:00:00,24581.34,25156.26,24241.34,24537.36,105750,1273,0
2023-02-20 00:00:00,24495.87,25088.68,23828.45,24770.38,185569,1255,0
2023-02-21 00:00:00,24727.82,25249.62,24140.54,24174.71,137284,1291,0
2023-02-22 00:00:00,24153.09,24476.36,23572.71,23789.76,216403,1300,0
2023-02-23 00:00:00,23767.51,24595.51,23607.16,23864.71,197173,1300,0
2023-02-24 00:00:00,23857.04,24126.0,22827.12,23110.01,177884,1250,0
2023-02-25 00:00:00,23086.16,23212.76,22736.41,22939.84,113661,1226,0
2023-02-26 00:00:00,22903.12,23681.41,22887.61,23548.76,131184,1228,0
2023-02-27 00:00:00,23527.08,23889.26,23111.22,23375.26,176958,1294,0
2023-02-28 00:00:00,23343.85,23589.0,23016.51,23141.26,163348,1242,0
2023-03-01 00:00:00,23080.88,23992.5,23018.26,23543.51,166204,1250,0
2023-03-02 00:00:00,23523.39,23791.76,23183.99,23415.17,167793,1300,0
2023-03-03 00:00:00,23379.75,23546.46,21962.97,22230.66,116468,1275,0
2023-03-04 00:00:00,22234.66,22404.25,22151.76,22206.6,59548,1300,0
2023-03-05 00:00:00,22181.09,22648.26,22175.2,22474.26,71953,1275,0
2023-03-06 00:00:00,22437.33,22595.76,22252.96,22403.01,85830,1300,0
2023-03-07 00:00:00,22372.02,22546.0,21918.63,22044.26,106042,1249,0
2023-03-08 00:00:00,22014.98,22273.51,21824.92,21995.5,132437,1310,0
2023-03-09 00:00:00,21967.75,21995.26,20017.58,20225.46,136032,1437,0
2023-03-10 00:00:00,20222.5,20484.51,19543.52,20079.35,125520,1301,0
2023-03-11 00:00:00,20070.35,20868.51,19923.58,20509.83,110829,1238,0
2023-03-12 00:00:00,20397.21,21548.08,20391.81,21518.41,81463,1428,0
2023-03-13 00:00:00,21405.85,24613.59,21208.16,24213.13,129719,1271,0
2023-03-14 00:00:00,24190.49,26526.97,23967.92,24631.89,114471,1220,0
2023-03-15 00:00:00,24607.64,25292.94,23907.96,24392.82,141636,1236,0
2023-03-16 00:00:00,24328.27,25222.57,24187.57,24723.57,116275,1235,0
2023-03-17 00:00:00,24717.28,27027.84,24667.61,26809.89,117499,1450,0
2023-03-18 00:00:00,26818.37,27823.34,26629.57,27405.73,104924,1326,0
2023-03-19 00:00:00,27351.68,28463.86,26892.53,27962.0,91701,1340,0
2023-03-20 00:00:00,27867.49,28554.7,27210.21,28070.17,123908,1321,0
2023-03-21 00:00:00,28068.59,28513.76,27392.34,28151.39,112833,1264,0
2023-03-22 00:00:00,28106.48,28926.57,26641.57,27337.9,77623,1265,0
2023-03-23 00:00:00,27331.75,28815.16,27031.55,28328.13,78751,1201,0
2023-03-24 00:00:00,28268.86,28496.42,27351.25,27605.12,96620,957,0
2023-03-25 00:00:00,27331.12,27813.19,27166.56,27372.25,59097,1287,0
2023-03-26 00:00:00,27344.07,28234.11,27339.2,27797.04,48240,1358,0
2023-03-27 00:00:00,27764.5,28164.99,26469.33,27030.77,66065,1206,0
2023-03-28 00:00:00,26985.53,27519.59,26617.14,27314.54,67176,1251,0
2023-03-29 00:00:00,27274.72,28657.04,27093.01,28384.9,68583,1415,0
2023-03-30 00:00:00,28350.92,29166.7,27676.36,28155.28,69542,1277,0
2023-03-31 00:00:00,28146.78,28646.63,27469.07,28376.98,68077,1450,0
2023-04-01 00:00:00,28372.98,28811.84,28225.61,28444.75,51796,1201,0
2023-04-02 00:00:00,28413.87,28564.86,27859.83,28071.52,49979,1450,0
2023-04-03 00:00:00,28036.64,28509.64,27429.03,27536.18,75961,1248,0
2023-04-04 00:00:00,27316.32,28445.61,27197.99,28241.24,61450,1246,0
2023-04-05 00:00:00,28212.93,28785.99,27777.06,28127.65,61706,1450,0
2023-04-06 00:00:00,28126.69,28235.16,27671.02,27974.85,54061,1342,0
2023-04-07 00:00:00,27935.93,28098.91,27772.96,27880.92,43520,1280,0
2023-04-08 00:00:00,27881.42,28161.77,27868.65,27932.29,37434,1450,0
2023-04-09 00:00:00,27898.65,28276.32,27788.44,28126.24,42983,1450,0
2023-04-10 00:00:00,28095.27,29322.83,28095.14,29148.1,50663,1450,0
2023-04-11 00:00:00,29123.48,30574.41,29102.13,30171.41,73140,1277,0
2023-04-12 00:00:00,30147.45,30505.72,29557.52,29956.12,67644,1241,0
2023-04-13 00:00:00,29925.15,30619.16,29813.11,30289.08,84239,1248,0
2023-04-14 00:00:00,30248.04,31039.84,29926.05,30451.12,94019,1450,0
2023-04-15 00:00:00,30459.12,30604.35,30135.77,30307.42,64846,1450,0
2023-04-16 00:00:00,30274.57,30575.71,30125.76,30344.02,58119,1450,0
2023-04-17 00:00:00,30320.43,30430.65,29219.07,29452.47,73389,1373,0
2023-04-18 00:00:00,29424.5,30492.56,29094.28,30398.9,80929,1378,0
2023-04-19 00:00:00,30372.76,30415.39,28919.42,29233.04,98933,1301,0
2023-04-20 00:00:00,29212.26,29242.2,27978.01,28199.51,126827,1276,0
2023-04-21 00:00:00,28154.71,28347.65,27155.52,27265.05,90340,1332,0
2023-04-22 00:00:00,27244.05,27769.2,27127.01,27632.48,87789,1220,0
2023-04-23 00:00:00,27602.05,27867.07,27307.22,27488.55,79297,1317,0
2023-04-24 00:00:00,27483.96,27989.3,26896.01,27439.82,83316,1450,0
2023-04-25 00:00:00,27413.09,28045.76,27162.31,27980.59,102055,1264,0
2023-04-26 00:00:00,27993.14,30011.38,27195.01,28314.79,124268,1450,0
2023-04-27 00:00:00,28250.87,29886.34,28083.28,29616.87,122739,1268,0
2023-04-28 00:00:00,29611.35,29774.68,28885.69,29335.25,126902,1324,0
2023-04-29 00:00:00,29334.25,29450.61,29018.58,29238.05,44368,1450,0
2023-04-30 00:00:00,29210.82,29957.73,29098.98,29339.35,49585,1450,0
2023-05-01 00:00:00,29323.44,29497.99,27647.54,27683.01,93291,1450,0
2023-05-02 00:00:00,27685.6,28893.0,27676.22,28683.87,82691,1450,0
2023-05-03 00:00:00,28655.1,28824.09,28114.36,28521.34,102501,1450,0
2023-05-04 00:00:00,28514.02,29378.49,28495.04,28871.39,107421,1450,0
2023-05-05 00:00:00,28857.13,29700.27,28668.34,29533.88,85892,1450,0
2023-05-06 00:00:00,29481.41,29846.51,28259.21,28839.95,91642,1227,0
2023-05-07 00:00:00,28816.79,29178.43,28666.24,28936.92,77024,1238,0
2023-05-08 00:00:00,28899.82,28989.07,27253.08,27542.78,97092,1244,0
2023-05-09 00:00:00,27512.78,27823.23,27360.92,27652.89,89391,1450,0
2023-05-10 00:00:00,27619.21,28325.72,26744.19,27865.99,88729,1450,0
2023-05-11 00:00:00,27807.1,27835.2,26691.96,26997.78,102995,1435,0
2023-05-12 00:00:00,26968.11,27090.66,25777.05,26434.54,81218,1225,0
2023-05-13 00:00:00,26600.54,27049.9,26580.58,26908.36,67020,1301,0
2023-05-14 00:00:00,26925.86,27195.65,26551.84,26938.98,65377,1450,0
2023-05-15 00:00:00,26886.02,27677.34,26695.48,27343.19,78828,1273,0
2023-05-16 00:00:00,27312.63,27390.8,26833.1,26952.51,93521,1299,0
2023-05-17 00:00:00,26918.14,27462.45,26521.97,27323.12,67777,1249,0
2023-05-18 00:00:00,27310.26,27489.09,26340.96,26707.11,69420,1450,0
2023-05-19 00:00:00,26700.14,27177.99,26622.57,26828.27,76771,1315,0
2023-05-20 00:00:00,26830.27,27156.65,26830.27,27020.65,61026,1450,0
2023-05-21 00:00:00,26981.32,27280.6,26780.71,26841.86,59431,1332,0
2023-05-22 00:00:00,26803.74,27089.27,26521.27,26892.78,71983,1450,0
2023-05-23 00:00:00,26863.01,27482.08,26795.9,27207.39,72036,1450,0
2023-05-24 00:00:00,27167.87,27251.4,25951.0,26395.06,84139,1235,0
2023-05-25 00:00:00,26380.46,26611.79,25841.8,26479.24,88173,1243,0
2023-05-26 00:00:00,26445.5,26931.71,26321.97,26753.76,74962,1450,0
2023-05-27 00:00:00,26712.39,26836.31,26436.14,26752.31,77925,1450,0
2023-05-28 00:00:00,26737.44,27745.77,26717.73,27549.76,69943,1450,0
2023-05-29 00:00:00,27549.79,28454.53,27526.74,27691.91,84986,1450,0
2023-05-30 00:00:00,27645.46,28052.01,27541.59,27769.08,91641,1236,0
2023-05-31 00:00:00,27771.43,27850.93,26815.85,27112.16,90657,1201,0
2023-06-01 00:00:00,27081.21,27350.91,26605.22,26864.22,111168,1200,0
2023-06-02 00:00:00,26848.88,27299.82,26484.48,27171.97,111967,1200,0
2023-06-03 00:00:00,27183.68,27328.45,27028.78,27061.12,76076,1200,0
2023-06-04 00:00:00,27033.45,27308.5,26915.53,27248.6,71195,1200,0
2023-06-05 00:00:00,27211.11,27456.43,25384.29,25628.73,131672,1200,0
2023-06-06 00:00:00,25603.27,27226.23,25333.79,26946.33,106420,1200,0
2023-06-07 00:00:00,26947.72,27390.71,26245.85,26353.47,136531,1200,0
2023-06-08 00:00:00,26332.0,26818.83,26116.67,26640.87,107772,1200,0
2023-06-09 00:00:00,26608.39,26780.75,26273.11,26431.77,127405,1200,0
2023-06-10 00:00:00,26453.27,26526.36,25342.89,25763.51,153303,1200,0
2023-06-11 00:00:00,25743.86,26209.79,25646.31,26129.51,128779,1200,0
2023-06-12 00:00:00,26091.48,26132.57,25592.49,25881.95,145702,1200,0
2023-06-13 00:00:00,25856.61,26417.75,25699.34,25835.0,149121,1200,0
2023-06-14 00:00:00,25814.55,26079.36,24781.85,24897.51,174550,1300,0
2023-06-15 00:00:00,24913.1,25570.4,24740.08,25532.5,181153,1243,0
2023-06-16 00:00:00,25481.55,26456.84,25082.8,26393.5,176348,1450,0
2023-06-17 00:00:00,26377.83,26783.5,26152.06,26533.0,166529,1229,0
2023-06-18 00:00:00,26508.25,26680.28,26333.8,26465.28,166546,1238,0
2023-06-19 00:00:00,26443.48,27009.43,26235.74,26706.0,179622,1368,0
2023-06-20 00:00:00,26709.09,28246.5,26629.79,28143.75,168171,1450,0
2023-06-21 00:00:00,28129.99,30774.34,28060.02,29985.0,209473,1214,0
2023-06-22 00:00:00,29931.69,30499.0,29505.76,30122.54,216426,1201,0
2023-06-23 00:00:00,30125.02,31413.86,29786.4,30925.28,193595,1221,0
2023-06-24 00:00:00,30627.09,30809.0,30255.6,30508.5,202007,1450,0
2023-06-25 00:00:00,30492.38,31048.5,30273.33,30372.33,229939,1450,0
2023-06-26 00:00:00,30348.12,30660.49,29912.38,30147.12,233976,1450,0
2023-06-27 00:00:00,30149.16,30995.11,30039.7,30648.81,239320,1450,0
2023-06-28 00:00:00,30623.34,30737.71,29822.52,30084.43,203913,1451,0
2023-06-29 00:00:00,30078.39,30819.18,30003.86,30394.35,183660,1451,0
2023-06-30 00:00:00,30396.89,31259.24,29422.25,30378.19,235150,1451,0
2023-07-01 00:00:00,30315.39,30658.98,30305.47,30583.02,210491,1451,0
2023-07-02 00:00:00,30561.9,30665.81,30109.42,30584.58,219073,1451,0
2023-07-03 00:00:00,30567.05,31394.95,30407.16,31124.68,248147,1451,0
2023-07-04 00:00:00,31094.19,31329.99,30607.3,30794.22,229984,1451,0
2023-07-05 00:00:00,30776.31,30878.19,30181.9,30458.49,229625,1451,0
2023-07-06 00:00:00,30447.14,31511.24,29820.92,30309.66,256276,1451,0
2023-07-07 00:00:00,30294.2,30448.87,29687.75,30260.78,239561,1356,0
2023-07-08 00:00:00,30252.64,30388.71,29997.94,30154.05,201898,1253,0
2023-07-09 00:00:00,30132.77,30448.64,30065.88,30192.27,162653,1237,0
2023-07-10 00:00:00,30170.04,31056.23,29944.5,30769.9,213391,1219,0
2023-07-11 00:00:00,30746.95,30815.08,30169.46,30570.84,213854,1551,0
2023-07-12 00:00:00,30552.02,30976.85,30191.01,30334.12,216742,1551,0
2023-07-13 00:00:00,30315.15,31847.39,30233.6,31349.78,207459,1212,0
2023-07-14 00:00:00,31344.51,31636.19,29897.71,30198.05,249211,1347,0
2023-07-15 00:00:00,30226.37,30394.52,30143.01,30296.56,166677,1551,0
2023-07-16 00:00:00,30278.83,30441.85,30061.0,30272.65,205675,1551,0
2023-07-17 00:00:00,30251.77,30369.42,29653.21,29923.53,213683,1228,0
2023-07-18 00:00:00,29902.08,30281.02,29451.49,29769.45,205040,1269,0
2023-07-19 00:00:00,29754.14,30184.22,29726.2,29961.32,176065,1551,0
2023-07-20 00:00:00,29936.52,30418.21,29489.69,29725.86,200874,1222,0
2023-07-21 00:00:00,29702.51,30058.32,29702.26,29872.94,182151,1551,0
2023-07-22 00:00:00,29877.81,29997.69,29789.17,29826.75,128895,1287,0
2023-07-23 00:00:00,29799.69,30344.31,29726.21,30141.62,182324,1551,0
2023-07-24 00:00:00,30111.44,30139.15,28836.55,29132.92,197184,1473,0
2023-07-25 00:00:00,29115.82,29362.49,29040.16,29216.75,155125,1210,0
2023-07-26 00:00:00,29200.15,29674.75,29078.7,29579.47,175341,1241,0
2023-07-27 00:00:00,29568.06,29656.27,29061.16,29131.01,177930,1420,0
2023-07-28 00:00:00,29102.92,29532.95,29076.8,29328.71,156893,1245,0
2023-07-29 00:00:00,29262.66,29396.03,29244.79,29347.11,172296,1551,0
2023-07-30 00:00:00,29331.79,29444.86,28981.49,29258.0,150515,1406,0
2023-07-31 00:00:00,29215.09,29521.91,29096.16,29203.55,145587,1551,0
2023-08-01 00:00:00,29165.88,29337.74,28520.3,29206.16,151234,1311,0
2023-08-02 00:00:00,29194.4,30029.16,28889.13,29107.77,191209,1551,0
2023-08-03 00:00:00,29093.07,29390.79,28929.31,29272.95,143865,1253,0
2023-08-04 00:00:00,29258.87,29309.8,28704.54,28936.21,165134,1528,0
2023-08-05 00:00:00,28993.73,29104.63,28943.58,29034.75,143704,1375,0
2023-08-06 00:00:00,29011.89,29121.31,28949.84,29081.17,157803,1285,0
2023-08-07 00:00:00,29101.89,29177.67,28648.53,29155.73,109472,1274,0
2023-08-08 00:00:00,29152.86,29994.74,29091.63,29983.53,176364,1356,0
2023-08-09 00:00:00,29956.31,30223.0,29337.01,29467.0,161434,1551,0
2023-08-10 00:00:00,29449.5,29707.61,29299.79,29401.92,92269,1551,0
2023-08-11 00:00:00,29396.93,29531.36,29140.53,29383.14,129994,1551,0
2023-08-12 00:00:00,29317.94,29468.46,29317.94,29393.55,80840,1551,0
2023-08-13 00:00:00,29372.97,29442.11,29265.89,29401.46,72573,1551,0
2023-08-14 00:00:00,29383.4,29663.57,29042.53,29353.37,161946,1551,0
2023-08-15 00:00:00,29326.5,29455.69,29034.16,29156.75,132078,1551,0
2023-08-16 00:00:00,29123.5,29219.67,28803.26,28922.85,160697,1551,0
2023-08-17 00:00:00,28878.0,28945.47,27447.02,27594.0,196422,1537,0
2023-08-18 00:00:00,27629.35,27677.0,25547.05,26057.8,226304,0,0
2023-08-19 00:00:00,26044.5,26253.34,25784.63,26043.05,154071,1219,0
2023-08-20 00:00:00,26018.28,26287.77,25957.78,26217.48,142055,1246,0
2023-08-21 00:00:00,26206.01,26218.17,25804.77,26108.24,185305,1551,0
2023-08-22 00:00:00,26077.86,26245.78,25707.37,25849.83,163551,1551,0
2023-08-23 00:00:00,25843.35,26804.62,25298.17,26580.33,177173,1551,0
2023-08-24 00:00:00,26548.88,26609.21,25808.68,25984.7,165983,1551,0
2023-08-25 00:00:00,26010.33,26284.49,25710.46,26042.62,157873,1551,0
2023-08-26 00:00:00,25950.35,26102.19,25950.35,26013.92,85375,1551,0
2023-08-27 00:00:00,25989.7,26164.32,25938.38,26076.23,102786,1551,0
2023-08-28 00:00:00,26053.87,26232.42,25832.51,25969.99,124139,1551,0
2023-08-29 00:00:00,25960.22,28137.92,25894.44,27595.22,141588,1250,0
2023-08-30 00:00:00,27551.78,27775.2,26959.23,27250.77,173253,1225,0
2023-08-31 00:00:00,27223.58,27552.91,25846.97,25978.45,152678,1248,0
2023-09-01 00:00:00,25958.3,26130.7,25306.42,25761.87,167540,1551,0
2023-09-02 00:00:00,25722.38,25977.94,25657.79,25838.11,116534,1551,0
2023-09-03 00:00:00,25800.65,26122.73,25774.81,26032.83,132952,1551,0
2023-09-04 00:00:00,26022.59,26086.71,25689.86,25816.09,115242,1298,0
2023-09-05 00:00:00,25792.2,25875.69,25533.15,25701.94,150444,1227,0
2023-09-06 00:00:00,25676.8,26003.0,25326.23,25651.3,143112,1328,0
2023-09-07 00:00:00,25640.26,26008.2,25583.43,26006.34,112302,1551,0
2023-09-08 00:00:00,26022.01,26434.07,25582.55,25891.07,141056,1225,0
2023-09-09 00:00:00,25785.0,25930.86,25766.44,25851.0,85800,1551,0
2023-09-10 00:00:00,25821.96,25903.57,25503.02,25808.69,109772,1551,0
2023-09-11 00:00:00,25786.67,25998.63,24865.29,25083.56,175526,1300,0
2023-09-12 00:00:00,25049.84,26548.49,25038.98,26062.0,185361,1214,0
2023-09-13 00:00:00,26036.3,26401.39,25752.91,26224.94,161947,1250,0
2023-09-14 00:00:00,26177.38,26841.79,26117.58,26575.0,128160,1551,0
2023-09-15 00:00:00,26533.61,26686.49,26213.6,26409.99,155470,1495,0
2023-09-16 00:00:00,26456.08,26878.54,26389.0,26531.01,130540,1551,0
2023-09-17 00:00:00,26502.97,26615.15,26388.02,26428.0,107966,1551,0
2023-09-18 00:00:00,26388.24,27417.86,26356.3,26765.01,184662,1252,0
2023-09-19 00:00:00,26730.92,27486.97,26666.32,27177.55,166493,1551,0
2023-09-20 00:00:00,27148.8,27383.35,26785.39,27077.88,187456,1248,0
2023-09-21 00:00:00,27036.16,27238.86,26344.51,26575.32,203586,1551,0
2023-09-22 00:00:00,26560.58,26736.39,26455.26,26523.0,141732,1290,0
2023-09-23 00:00:00,26469.19,26631.95,26469.19,26580.27,84585,1551,0
2023-09-24 00:00:00,26560.49,26731.66,26330.62,26492.77,57747,1551,0
2023-09-25 00:00:00,26459.59,26516.76,25971.84,26286.0,156860,1262,0
2023-09-26 00:00:00,26259.14,26389.96,26070.21,26130.82,115315,1551,0
2023-09-27 00:00:00,26110.91,26825.91,26068.56,26220.57,139789,1551,0
2023-09-28 00:00:00,26207.98,27299.1,26159.36,27083.48,155817,1551,0
2023-09-29 00:00:00,27058.4,27235.8,26607.04,26891.63,161889,1551,0
2023-09-30 00:00:00,26800.26,27090.44,26800.26,27058.9,115046,1551,0
2023-10-01 00:00:00,27032.48,27282.58,26925.2,27102.73,107703,1551,0
2023-10-02 00:00:00,27071.11,28596.28,27061.28,27831.97,196313,1311,0
2023-10-03 00:00:00,27789.82,27869.39,27146.38,27382.24,157703,1221,0
2023-10-04 00:00:00,27357.26,27830.31,27187.19,27662.49,154560,1551,0
2023-10-05 00:00:00,27618.69,28116.16,27347.22,27466.75,153597,1551,0
2023-10-06 00:00:00,27438.92,28051.9,27162.59,27987.64,154389,1551,0
2023-10-07 00:00:00,27926.55,28259.0,27843.23,27924.36,105129,1551,0
2023-10-08 00:00:00,27884.67,28103.23,27696.59,27913.87,127938,1551,0
2023-10-09 00:00:00,27873.99,27998.89,27256.19,27575.38,163294,1551,0
2023-10-10 00:00:00,27539.64,27734.91,27284.28,27388.88,171502,1551,0
2023-10-11 00:00:00,27367.09,27474.65,26510.04,26704.91,177792,1238,0
2023-10-12 00:00:00,26678.6,26932.94,26533.41,26724.12,184307,1551,0
2023-10-13 00:00:00,26702.07,27047.58,26662.78,26967.22,147556,1551,0
2023-10-14 00:00:00,26977.07,27072.49,26745.51,26842.5,104952,1551,0
2023-10-15 00:00:00,26824.47,27235.37,26784.95,27196.95,111365,1551,0
2023-10-16 00:00:00,27164.83,30416.62,27034.27,28374.3,191961,1251,0
2023-10-17 00:00:00,28355.14,28627.51,28067.18,28446.0,191084,1551,0
2023-10-18 00:00:00,28409.45,28992.38,28138.41,28243.3,164794,1551,0
2023-10-19 00:00:00,28213.99,28926.93,28095.44,28706.83,131854,1248,0
2023-10-20 00:00:00,28672.76,30252.0,28587.62,29575.78,201547,1226,0
2023-10-21 00:00:00,29548.95,30375.68,29466.89,30034.0,125378,1352,0
2023-10-22 00:00:00,29976.49,30274.37,29621.25,29854.5,127966,1551,0
2023-10-23 00:00:00,29811.9,31828.87,29700.56,31524.7,202139,1243,0
2023-10-24 00:00:00,31503.38,35449.34,31430.59,33603.0,182629,0,0
2023-10-25 00:00:00,33566.42,35128.81,33453.18,34669.88,223598,1228,0
2023-10-26 00:00:00,34602.33,34840.9,33725.94,34185.29,224250,1305,0
2023-10-27 00:00:00,34136.07,34293.5,33330.08,33833.84,221651,1551,0
2023-10-28 00:00:00,33775.26,34526.0,33775.26,34130.39,136471,1551,0
2023-10-29 00:00:00,34090.9,34771.75,33933.38,34593.15,163389,1321,0
2023-10-30 00:00:00,34541.96,34872.6,34014.8,34435.85,185731,1551,0
2023-10-31 00:00:00,34396.02,34730.79,34032.1,34640.0,187544,1219,0
2023-11-01 00:00:00,34603.42,35479.12,34074.0,35385.63,176861,1551,0
2023-11-02 00:00:00,35484.37,35975.66,34305.78,34909.3,237602,1252,0
2023-11-03 00:00:00,34867.83,34978.02,34110.64,34597.36,186043,1551,0
2023-11-04 00:00:00,34635.94,34888.93,34557.02,34762.57,129288,1551,0
2023-11-05 00:00:00,34731.52,35330.53,34399.92,34657.39,155765,1551,0
2023-11-06 00:00:00,34657.12,35363.79,34646.11,35004.0,183704,1231,0
2023-11-07 00:00:00,34984.49,35914.84,34519.12,35479.32,180064,1208,0
2023-11-08 00:00:00,35427.15,35926.59,35070.54,35587.65,177443,1551,0
2023-11-09 00:00:00,35566.58,37994.18,35525.5,36522.03,235282,0,0
2023-11-10 00:00:00,36509.38,37464.25,36322.52,37307.5,210101,1230,0
2023-11-11 00:00:00,37348.5,37519.22,36911.34,36982.8,161129,1551,0
2023-11-12 00:00:00,36923.32,37238.46,36620.7,37173.99,175495,1348,0
2023-11-13 00:00:00,37138.71,37434.28,36330.89,36488.86,194136,1551,0
2023-11-14 00:00:00,36474.12,36756.63,34611.78,35577.31,211072,0,0
2023-11-15 00:00:00,35577.82,37855.55,35360.83,37646.44,217040,1452,0
2023-11-16 00:00:00,37622.72,37978.25,35491.98,35958.03,212508,1280,0
2023-11-17 00:00:00,35911.05,36803.78,35849.97,36411.72,180555,1551,0
2023-11-18 00:00:00,36361.35,36849.5,36264.39,36547.76,96651,1551,0
2023-11-19 00:00:00,36514.85,37085.5,36401.95,36992.61,102256,1340,0
2023-11-20 00:00:00,36978.08,37774.9,36621.26,37420.03,145943,1551,0
2023-11-21 00:00:00,37389.92,37667.58,36242.74,36814.47,182417,1232,0
2023-11-22 00:00:00,36775.65,37864.44,35596.58,37628.26,190949,1205,0
2023-11-23 00:00:00,37606.3,37756.46,36859.19,37252.0,171804,1279,0
2023-11-24 00:00:00,37210.53,38437.84,37184.6,37840.31,176037,1551,0
2023-11-25 00:00:00,37580.0,37909.23,37579.9,37821.49,117751,1254,0
2023-11-26 00:00:00,37761.58,37843.98,37122.72,37627.5,111108,1551,0
2023-11-27 00:00:00,37604.36,37777.25,36709.08,37018.28,171439,1262,0
2023-11-28 00:00:00,36988.64,38409.5,36872.8,37974.99,181315,1224,0
2023-11-29 00:00:00,37925.26,38497.0,37566.1,37705.5,164401,1551,0
2023-11-30 00:00:00,37707.56,38145.2,37466.18,37732.36,133364,1551,0
2023-12-01 00:00:00,37688.11,38998.4,37600.58,38795.28,164417,1208,0
2023-12-02 00:00:00,38727.47,39752.57,38653.25,39568.22,126954,1551,0
2023-12-03 00:00:00,39562.19,39850.0,39279.5,39705.79,124037,1551,0
2023-12-04 00:00:00,39675.24,42158.25,39662.88,42027.55,208428,1250,0
2023-12-05 00:00:00,41927.51,44220.6,41368.14,43935.65,207726,1222,0
2023-12-06 00:00:00,43787.71,44501.03,43331.11,43795.06,208273,1225,0
2023-12-07 00:00:00,43803.25,44048.54,42817.58,43391.77,207792,1225,0
2023-12-08 00:00:00,43354.87,44741.75,43072.79,44442.37,202408,1208,0
2023-12-09 00:00:00,44253.42,44379.21,43724.0,43975.0,143404,1534,0
2023-12-10 00:00:00,43934.48,44054.75,43575.93,43790.41,152176,1303,0
2023-12-11 00:00:00,43765.76,43892.52,40150.4,41077.3,218230,1215,0
2023-12-12 00:00:00,41145.15,42081.48,40628.72,41064.48,212628,1551,0
2023-12-13 00:00:00,41049.17,43181.16,40512.98,42969.05,193496,1200,0
2023-12-14 00:00:00,43012.25,43499.88,41467.72,42960.3,196341,1200,0
2023-12-15 00:00:00,42916.12,43193.7,41633.58,42168.95,167280,1200,0
2023-12-16 00:00:00,42220.32,42678.15,41605.1,42264.49,83864,1264,0
2023-12-17 00:00:00,42254.65,42359.47,41479.62,41874.76,147184,1551,0
2023-12-18 00:00:00,41861.53,42737.5,40487.89,42616.33,192857,1335,0
2023-12-19 00:00:00,42584.55,43455.3,41768.65,42453.56,182398,1551,0
2023-12-20 00:00:00,42453.57,44301.0,42166.3,43422.64,178448,1405,0
2023-12-21 00:00:00,43394.04,44259.39,43276.45,43995.0,202625,1517,0
2023-12-22 00:00:00,43925.51,44443.23,43411.84,43729.55,193911,1200,0
2023-12-23 00:00:00,43718.75,44078.75,43299.0,43777.81,150879,1492,0
2023-12-24 00:00:00,43735.32,43968.5,43425.21,43501.0,159920,1551,0
2023-12-25 00:00:00,43476.91,43782.8,42538.76,43521.32,177319,1200,0
2023-12-26 00:00:00,43498.2,43729.2,41510.79,42313.84,181922,1200,0
2023-12-27 00:00:00,42287.56,43552.08,42094.53,43344.49,167991,1211,0
2023-12-28 00:00:00,43344.01,43818.74,42267.06,42424.74,203982,1551,0
2023-12-29 00:00:00,42427.57,43146.58,41655.37,41897.27,186307,1551,0
2023-12-30 00:00:00,41837.22,42592.5,41217.36,42279.5,163311,1551,0
2023-12-31 00:00:00,42255.23,42861.25,41958.64,42478.2,152521,1551,0
2024-01-01 00:00:00,42466.51,43838.63,41997.57,43597.78,185952,1551,0
2024-01-02 00:00:00,43609.15,45945.5,43324.83,45107.91,225585,1200,0
2024-01-03 00:00:00,45051.94,45521.45,40712.44,42907.6,225578,0,0
2024-01-04 00:00:00,42875.66,44751.73,42589.37,44447.5,227350,1338,0
2024-01-05 00:00:00,44408.89,44792.69,42301.15,43921.57,210359,1200,0
2024-01-06 00:00:00,43980.27,44345.0,43467.1,43909.53,140025,1242,0
2024-01-07 00:00:00,43872.56,44491.4,43739.57,44244.0,132268,1250,0
2024-01-08 00:00:00,44184.25,47312.8,43174.9,47084.49,191380,1200,0
2024-01-09 00:00:00,47043.75,47930.0,44784.95,45502.0,195224,1203,0
2024-01-10 00:00:00,45310.52,46716.0,44304.51,45891.07,192742,1225,0
2024-01-11 00:00:00,45941.75,49044.6,45523.04,46133.31,159675,1551,0
2024-01-12 00:00:00,46117.35,46521.48,43130.54,43415.49,211967,1513,0
2024-01-13 00:00:00,42491.15,43230.87,41402.47,42953.83,199424,1551,0
2024-01-14 00:00:00,42906.11,43054.59,41907.19,42461.59,142644,1301,0
2024-01-15 00:00:00,42468.12,43318.83,41667.7,42700.09,193891,1203,0
2024-01-16 00:00:00,42660.93,43555.7,42017.95,43392.2,189441,1234,0
2024-01-17 00:00:00,43429.31,43451.86,42160.81,42625.49,156870,1353,0
2024-01-18 00:00:00,42640.26,42874.7,40590.02,41033.79,152584,1388,0
2024-01-19 00:00:00,41099.7,42147.39,40225.99,41586.41,165760,1217,0
2024-01-20 00:00:00,41591.26,41829.08,41405.79,41685.65,69858,1551,0
2024-01-21 00:00:00,41697.41,41846.83,41502.13,41726.38,48835,1551,0
2024-01-22 00:00:00,41746.01,41747.53,39366.31,39817.02,158660,1051,0
2024-01-23 00:00:00,39746.52,40143.93,38504.22,39200.55,171956,702,0
2024-01-24 00:00:00,39169.87,40524.75,39142.15,39733.87,149811,720,0
2024-01-25 00:00:00,39711.81,40284.88,39511.29,39899.27,143120,779,0
2024-01-26 00:00:00,39871.7,42227.61,39793.59,41987.74,129727,829,0
2024-01-27 00:00:00,41970.78,42162.63,41382.22,42134.32,71968,1051,0
2024-01-28 00:00:00,42115.09,42847.53,41676.31,41965.66,102281,1051,0
2024-01-29 00:00:00,41931.28,43313.2,41595.27,43206.21,128566,886,0
2024-01-30 00:00:00,43126.66,43856.18,43074.07,43531.17,145593,723,0
2024-01-31 00:00:00,43515.8,43743.14,42253.28,42404.2,173767,920,0
2024-02-01 00:00:00,42409.01,43274.24,41836.02,43085.23,168723,607,0
2024-02-02 00:00:00,43055.84,43466.89,42534.49,42964.58,148583,951,0
2024-02-03 00:00:00,43159.5,43354.46,42862.92,43023.97,108620,951,0
2024-02-04 00:00:00,42988.85,43091.84,42505.66,42748.36,107611,951,0
2024-02-05 00:00:00,42762.1,43510.9,42141.69,42340.6,137428,666,0
2024-02-06 00:00:00,42291.24,43361.56,42281.9,43168.82,122190,690,0
2024-02-07 00:00:00,43120.54,44404.14,42754.94,44190.41,128675,620,0
2024-02-08 00:00:00,44138.58,45623.52,44112.82,45334.7,150186,714,0
2024-02-09 00:00:00,45310.4,48216.24,45212.51,47539.89,185613,671,0
2024-02-10 00:00:00,47506.53,48190.45,46878.2,47952.06,109206,726,0
2024-02-11 00:00:00,47873.14,48606.94,47583.99,48098.21,148392,827,0
2024-02-12 00:00:00,48069.5,50375.04,47711.98,49865.44,167685,604,0
2024-02-13 00:00:00,49822.27,50417.2,48306.11,49528.15,164200,617,0
2024-02-14 00:00:00,49547.26,52092.73,49257.57,51764.16,173264,701,0
2024-02-15 00:00:00,51724.93,52867.32,51370.82,51384.88,177905,630,0
2024-02-16 00:00:00,51360.22,52601.3,51360.22,52031.86,141378,757,0
2024-02-17 00:00:00,51938.18,52254.05,50645.86,51824.75,91699,851,0
2024-02-18 00:00:00,51754.69,52093.5,51175.75,51883.58,97950,851,0
2024-02-19 00:00:00,51812.65,52498.68,51667.34,51914.82,143132,656,0
2024-02-20 00:00:00,51866.72,53012.29,50745.69,52041.17,153194,680,0
2024-02-21 00:00:00,51980.34,52546.4,50580.5,51387.65,157324,739,0
2024-02-22 00:00:00,51340.88,52058.65,50911.3,51633.67,140295,749,0
2024-02-23 00:00:00,51632.26,51685.9,50619.4,50977.87,139510,655,0
2024-02-24 00:00:00,50981.59,51689.36,50477.66,51558.07,78071,633,0
2024-02-25 00:00:00,51540.39,51967.87,51262.57,51775.68,86715,650,0
2024-02-26 00:00:00,51724.45,54969.25,50899.15,54634.28,138935,605,0
2024-02-27 00:00:00,54617.16,57622.13,54483.62,56712.36,185461,605,0
2024-02-28 00:00:00,56652.66,64182.2,56638.17,60547.78,205840,628,0
2024-02-29 00:00:00,60531.33,63674.5,60354.25,61447.5,219201,639,0
2024-03-01 00:00:00,61435.72,63239.78,60729.11,62591.99,159203,647,0
2024-03-02 00:00:00,62376.14,62511.09,61639.46,61973.38,109551,851,0
2024-03-03 00:00:00,61909.03,63043.4,61375.57,62843.25,114699,851,0
2024-03-04 00:00:00,62774.86,67916.78,62275.73,67444.0,205189,621,0
2024-03-05 00:00:00,67503.01,69324.06,59072.45,63335.0,234508,603,0
2024-03-06 00:00:00,63151.05,67657.96,62489.33,66492.93,235081,613,0
2024-03-07 00:00:00,66340.82,68079.8,65568.46,67345.14,237579,657,0
2024-03-08 00:00:00,67293.4,70200.8,66097.47,68365.57,204422,612,0
2024-03-09 00:00:00,68373.4,68699.0,68035.83,68545.21,94039,726,0
2024-03-10 00:00:00,68422.14,70027.5,68384.94,69439.88,102913,756,0
2024-03-11 00:00:00,69326.9,72861.41,67036.68,72093.01,202618,657,0
2024-03-12 00:00:00,72061.49,73092.8,68571.82,71022.0,182389,1013,0
2024-03-13 00:00:00,70984.64,73706.39,70591.2,73131.0,175593,1036,0
2024-03-14 00:00:00,73053.98,73845.0,68500.72,70674.03,210212,1129,0
2024-03-15 00:00:00,70686.17,72415.5,65529.56,67892.98,274046,1063,0
2024-03-16 00:00:00,68252.52,70049.03,66635.33,67101.69,152368,1058,0
2024-03-17 00:00:00,67092.83,68625.95,64488.48,68230.63,213636,1145,0
2024-03-18 00:00:00,68244.35,68923.5,66539.82,67344.58,223575,1100,0
2024-03-19 00:00:00,67305.16,68112.26,62293.43,63779.7,254801,1008,0
2024-03-20 00:00:00,63790.71,67781.02,60717.08,67078.35,248950,1015,0
2024-03-21 00:00:00,67048.91,68220.25,64491.54,65444.31,243212,1046,0
2024-03-22 00:00:00,65435.46,66631.9,62574.05,63494.52,251622,1018,0
2024-03-23 00:00:00,63356.94,66007.98,62283.9,64996.08,178885,1060,0
2024-03-24 00:00:00,64972.5,66442.41,63771.02,66137.33,203493,1251,0
2024-03-25 00:00:00,66175.18,71209.81,66148.06,70950.92,259947,1035,0
2024-03-26 00:00:00,70898.78,71586.94,69284.9,69821.35,248981,1069,0
2024-03-27 00:00:00,69807.7,71743.0,68350.36,68814.18,240901,1247,0
2024-03-28 00:00:00,68847.49,71580.3,68838.75,70701.89,231921,1124,0
2024-03-29 00:00:00,70645.62,71083.43,69033.08,69636.91,207563,1102,0
2024-03-30 00:00:00,69446.67,70379.02,69431.41,69856.72,149492,1180,0
2024-03-31 00:00:00,69792.49,71235.69,69565.84,70846.44,133541,1013,0
2024-04-01 00:00:00,70778.29,71412.66,68047.68,69741.5,227892,1181,0
2024-04-02 00:00:00,69657.86,69943.65,64556.4,65696.9,275134,1004,0
2024-04-03 00:00:00,65690.17,66933.0,64453.73,65735.42,246241,1007,0
2024-04-04 00:00:00,65645.24,69335.83,65061.23,67940.03,249593,1027,0
2024-04-05 00:00:00,67872.46,68766.78,65935.14,67689.76,256286,1251,0
2024-04-06 00:00:00,67582.27,68507.92,67477.54,68386.7,145856,1002,0
2024-04-07 00:00:00,68396.63,70314.61,68300.95,69323.79,154612,1251,0
2024-04-08 00:00:00,69285.4,72753.74,68896.24,71685.35,218257,1057,0
2024-04-09 00:00:00,71647.71,72007.06,68178.37,69080.35,252207,1025,0
2024-04-10 00:00:00,69087.63,70125.68,67416.01,69786.84,258863,1151,0
2024-04-11 00:00:00,69765.31,71300.15,69525.75,70511.36,246024,1251,0
2024-04-12 00:00:00,70439.75,71247.93,64951.99,67042.7,232451,1081,0
2024-04-13 00:00:00,66913.56,67968.65,60288.92,61785.33,197841,1118,0
2024-04-14 00:00:00,62208.58,64960.39,61731.0,63846.89,308254,1133,0
2024-04-15 00:00:00,63772.0,66926.43,62294.36,63145.92,320075,1048,0
2024-04-16 00:00:00,63166.98,63931.9,61630.89,63022.24,358935,1032,0
2024-04-17 00:00:00,62956.85,64515.68,59674.24,60859.2,319005,1044,0
2024-04-18 00:00:00,60896.06,64177.61,60802.13,63489.79,344487,1251,0
2024-04-19 00:00:00,63417.49,65499.2,59559.24,63994.21,368150,1085,0
2024-04-20 00:00:00,64110.93,65453.93,62954.14,64744.79,258445,1069,0
2024-04-21 00:00:00,64695.32,65729.35,64226.45,64631.54,206127,1251,0
2024-04-22 00:00:00,64656.15,66867.47,64503.2,66514.37,301005,1037,0
2024-04-23 00:00:00,66489.5,67275.23,65813.57,66272.76,269441,1056,0
2024-04-24 00:00:00,66298.61,67087.39,63532.2,64049.86,280753,1201,0
2024-04-25 00:00:00,64045.47,64971.74,62753.5,64822.84,303095,1016,0
2024-04-26 00:00:00,64778.48,65271.79,63281.93,63902.42,253941,1170,0
2024-04-27 00:00:00,63931.58,64006.65,62369.92,63227.9,174251,1054,0
2024-04-28 00:00:00,63228.91,64331.62,63117.64,63653.09,149251,1167,0
2024-04-29 00:00:00,63651.66,63705.41,61753.72,62935.67,262624,1223,0
2024-04-30 00:00:00,62943.51,64705.14,59064.32,59839.76,304073,1224,0
2024-05-01 00:00:00,59994.24,60993.37,56449.03,57329.0,352801,1023,0
2024-05-02 00:00:00,57239.11,59587.41,56890.0,58729.25,333440,1142,0
2024-05-03 00:00:00,58741.53,63226.03,58695.17,62867.81,280996,1070,0
2024-05-04 00:00:00,62734.86,64550.64,62388.86,63875.09,231749,1057,0
2024-05-05 00:00:00,63865.59,64666.69,62905.81,63738.19,191073,1019,0
2024-05-06 00:00:00,63729.45,65524.4,62685.48,63297.01,276315,1023,0
2024-05-07 00:00:00,63297.37,64407.17,62772.95,62962.91,277140,1251,0
2024-05-08 00:00:00,62975.64,63154.38,61419.48,61582.35,290225,1005,0
2024-05-09 00:00:00,61477.4,62669.57,60593.63,62642.13,275070,1251,0
2024-05-10 00:00:00,62633.72,63476.13,60154.62,60455.28,272656,1124,0
2024-05-11 00:00:00,60640.93,61491.57,60443.55,60999.1,149089,1251,0
2024-05-12 00:00:00,60936.76,61849.1,60580.37,61260.91,144687,1239,0
2024-05-13 00:00:00,61239.99,63449.08,60716.46,63067.78,281695,1001,0
2024-05-14 00:00:00,63059.8,63106.19,61083.93,61529.8,257659,1011,0
2024-05-15 00:00:00,61571.19,66462.45,61298.55,65975.7,281217,1087,0
2024-05-16 00:00:00,65970.15,66756.71,64562.65,65250.54,285538,1013,0
2024-05-17 00:00:00,65257.57,67495.84,65102.16,66906.39,239747,1097,0
2024-05-18 00:00:00,66855.37,67397.03,66596.35,66987.66,140831,1251,0
2024-05-19 00:00:00,66958.78,67701.47,65876.93,66153.58,139290,1038,0
2024-05-20 00:00:00,66125.29,70459.41,65983.91,69429.03,200624,1039,0
2024-05-21 00:00:00,69498.21,71949.46,68923.4,69722.23,253829,1064,0
2024-05-22 00:00:00,69685.36,70663.3,69194.08,69384.25,255867,1174,0
2024-05-23 00:00:00,69393.15,70057.89,66222.33,67758.0,273165,1049,0
2024-05-24 00:00:00,67788.61,69251.54,66569.21,68828.67,271535,1008,0
2024-05-25 00:00:00,68755.65,69594.01,68467.97,69087.51,124165,1251,0
2024-05-26 00:00:00,69066.45,69519.0,68616.82,68666.24,153762,1251,0
2024-05-27 00:00:00,68656.64,70595.73,68028.41,69593.73,148525,1147,0
2024-05-28 00:00:00,69614.26,69785.99,67150.43,68228.67,224347,1057,0
2024-05-29 00:00:00,68293.94,68841.88,67059.93,67392.3,198777,1251,0
2024-05-30 00:00:00,67434.97,69500.03,67077.68,68438.64,202202,1112,0
2024-05-31 00:00:00,68420.04,69022.02,66554.89,67617.09,179219,1251,0
2024-06-01 00:00:00,67515.03,67821.26,67149.4,67740.07,107218,1251,0
2024-06-02 00:00:00,67742.3,68422.0,67249.02,67799.25,138224,1251,0
2024-06-03 00:00:00,67777.6,70286.61,67554.06,69085.88,201848,1046,0
2024-06-04 00:00:00,69041.32,71090.46,68534.55,70430.18,210734,1086,0
2024-06-05 00:00:00,70361.39,71789.97,70298.15,71202.88,197060,1029,0
2024-06-06 00:00:00,71158.77,71659.55,70080.59,70703.65,176073,1250,0
2024-06-07 00:00:00,70686.15,71945.14,68222.15,69188.65,152800,1026,0
2024-06-08 00:00:00,69108.27,69569.52,69107.52,69361.03,87712,1018,0
2024-06-09 00:00:00,69308.96,69867.31,69108.2,69677.8,88776,1301,0
2024-06-10 00:00:00,69664.51,70163.96,69136.73,69618.4,128036,1182,0
2024-06-11 00:00:00,69585.51,69665.64,65954.77,67209.43,215574,1008,0
2024-06-12 00:00:00,67257.09,70016.02,66880.31,68102.12,190896,1010,0
2024-06-13 00:00:00,68075.21,68619.71,66200.58,66636.8,263896,1080,0
2024-06-14 00:00:00,66659.38,67327.79,64968.99,65687.9,258765,1178,0
2024-06-15 00:00:00,65767.81,66577.2,65678.28,66018.7,159696,1301,0
2024-06-16 00:00:00,66004.08,66762.23,65974.81,66448.63,124283,1119,0
2024-06-17 00:00:00,66442.06,67266.21,64993.96,66391.17,254996,1034,0
2024-06-18 00:00:00,66464.13,66712.46,63924.58,64915.47,255826,1040,0
2024-06-19 00:00:00,64863.44,65710.54,64608.74,64808.43,133869,1301,0
2024-06-20 00:00:00,64816.13,66456.17,64489.69,65029.89,162672,1081,0
2024-06-21 00:00:00,65052.48,65141.86,63275.54,64096.31,177909,1301,0
2024-06-22 00:00:00,63955.12,64494.73,63893.31,64253.35,57855,1301,0
2024-06-23 00:00:00,64256.12,64492.42,63548.94,63658.24,74739,1301,0
2024-06-24 00:00:00,63660.95,63817.55,58380.03,59447.95,200713,1028,0
2024-06-25 00:00:00,59472.03,62387.58,59338.91,61911.57,164246,1301,0
2024-06-26 00:00:00,61854.89,62475.21,60628.89,60929.11,159504,1301,0
2024-06-27 00:00:00,60946.64,62318.07,60557.81,61426.52,168906,1301,0
2024-06-28 00:00:00,61412.34,62162.02,59795.81,60068.1,154635,1128,0
2024-06-29 00:00:00,60082.89,61119.95,59974.29,60949.92,70142,1301,0
2024-06-30 00:00:00,60957.41,62276.1,60599.4,61886.35,126690,1301,0
2024-07-01 00:00:00,61893.15,63790.65,61726.29,63223.49,219261,1151,0
2024-07-02 00:00:00,63217.83,63242.89,61720.7,61907.8,241850,1301,0
2024-07-03 00:00:00,61926.83,62194.3,59318.58,59573.33,219878,1008,0
2024-07-04 00:00:00,59549.21,60407.36,56716.95,58269.26,285301,1022,0
2024-07-05 00:00:00,58296.14,58717.31,53296.78,56331.35,270521,0,0
2024-07-06 00:00:00,56571.43,58215.02,56018.91,57974.36,118342,1004,0
2024-07-07 00:00:00,57996.53,58439.15,56573.44,57249.37,124626,1282,0
2024-07-08 00:00:00,57238.81,58204.1,54270.75,56227.5,234450,1048,0
2024-07-09 00:00:00,56247.69,58286.75,56141.14,57890.05,197180,1097,0
2024-07-10 00:00:00,57859.51,59468.85,57118.47,57379.16,223868,1189,0
2024-07-11 00:00:00,57351.27,59524.0,57002.99,57524.45,224778,1301,0
2024-07-12 00:00:00,57499.71,58547.42,56521.58,57578.69,193355,1152,0
2024-07-13 00:00:00,57612.79,58966.8,57538.12,58628.27,84552,1045,0
2024-07-14 00:00:00,58575.03,60418.26,58292.74,60127.77,134021,1064,0
2024-07-15 00:00:00,60072.63,63871.79,60007.96,63791.08,216180,1104,0
2024-07-16 00:00:00,63711.39,65235.95,62415.22,64706.58,275070,1301,0
2024-07-17 00:00:00,64635.54,66138.22,63838.77,64526.28,254020,1081,0
2024-07-18 00:00:00,64375.86,65126.63,63226.24,63797.26,249303,1259,0
2024-07-19 00:00:00,63785.04,67458.6,63283.57,66977.38,223920,1209,0
2024-07-20 00:00:00,66935.98,67624.89,66213.78,67387.23,118229,1301,0
2024-07-21 00:00:00,67293.32,68237.86,65807.37,67720.13,191675,1284,0
2024-07-22 00:00:00,67751.81,68497.15,66554.23,68122.1,227200,1301,0
2024-07-23 00:00:00,68030.12,68053.64,65440.34,65886.21,268212,1191,0
2024-07-24 00:00:00,65758.9,67127.91,65463.88,66008.01,240872,1182,0
2024-07-25 00:00:00,66032.82,66032.99,63394.34,65113.8,287014,1005,0
2024-07-26 00:00:00,65200.02,68158.79,65169.53,67432.65,268248,1301,0
2024-07-27 00:00:00,67468.13,69422.77,66638.34,67691.2,159399,1301,0
2024-07-28 00:00:00,67574.01,69137.44,67048.33,67992.44,163126,1301,0
2024-07-29 00:00:00,67977.88,70033.59,66381.64,67388.45,247624,1201,0
2024-07-30 00:00:00,67356.21,67548.61,65263.01,66159.13,257104,1301,0
2024-07-31 00:00:00,66090.16,66827.01,64490.04,64538.59,177419,1289,0
2024-08-01 00:00:00,64515.19,65112.42,62209.49,64585.15,273473,1301,0
2024-08-02 00:00:00,64680.0,65599.75,61983.75,62490.4,262281,1013,0
2024-08-03 00:00:00,61843.72,62165.92,59867.78,60309.14,223707,1171,0
2024-08-04 00:00:00,60324.35,61079.18,57083.4,59099.17,284204,1012,0
2024-08-05 00:00:00,59088.1,59096.46,48734.14,54249.76,343198,1033,0
2024-08-06 00:00:00,54398.84,57073.75,53902.74,56527.88,308715,1113,0
2024-08-07 00:00:00,56510.09,57743.34,54636.69,55124.44,256840,1095,0
2024-08-08 00:00:00,55090.73,59887.15,54566.91,59539.97,215834,1045,0
2024-08-09 00:00:00,59503.56,62735.82,59422.05,60739.67,219070,1301,0
2024-08-10 00:00:00,60509.12,61493.05,59931.73,61025.99,102084,1077,0
2024-08-11 00:00:00,60987.96,61873.99,58248.56,58580.13,119670,1068,0
2024-08-12 00:00:00,58461.23,60718.86,57629.13,58850.23,227851,1155,0
2024-08-13 00:00:00,58785.35,61603.46,58427.42,60587.21,219072,1047,0
2024-08-14 00:00:00,60558.85,61808.66,58632.37,59127.32,183767,1301,0
2024-08-15 00:00:00,59060.53,59876.36,56062.76,56421.05,219890,0,0
2024-08-16 00:00:00,56696.49,59854.33,56601.0,59317.42,216214,1039,0
2024-08-17 00:00:00,59027.86,59712.61,58732.09,59399.14,101449,1301,0
2024-08-18 00:00:00,59373.43,60282.94,59154.34,59831.66,100889,1008,0
2024-08-19 00:00:00,59762.55,59797.35,57802.86,59111.89,174617,1300,0
2024-08-20 00:00:00,59050.62,61456.44,58528.93,59318.55,158207,1003,0
2024-08-21 00:00:00,59258.29,61842.53,58780.3,61243.12,192654,1026,0
2024-08-22 00:00:00,61153.13,61519.42,59739.7,60640.3,221808,1034,0
2024-08-23 00:00:00,60596.36,63863.25,60304.09,63671.01,199646,1051,0
2024-08-24 00:00:00,63708.27,64991.53,63652.08,64165.0,151003,1019,0
2024-08-25 00:00:00,64038.04,64585.31,63591.88,64213.97,126664,1301,0
2024-08-26 00:00:00,64190.45,65052.35,63078.48,63446.53,154861,1177,0
2024-08-27 00:00:00,63387.3,63395.1,61436.17,61842.76,192458,1229,0
2024-08-28 00:00:00,61824.62,61957.34,57833.41,59349.64,250867,1301,0
2024-08-29 00:00:00,59304.33,61196.46,58793.11,59498.19,242111,1002,0
2024-08-30 00:00:00,59471.9,59940.98,57678.04,59018.72,251183,1150,0
2024-08-31 00:00:00,58995.66,59439.36,58721.46,58933.41,78255,1301,0
2024-09-01 00:00:00,58908.48,59116.96,57111.53,58389.93,94552,1057,0
2024-09-02 00:00:00,58390.25,59220.13,57092.05,59016.32,159947,1301,0
2024-09-03 00:00:00,59070.9,59812.85,57521.42,58152.54,179064,1269,0
2024-09-04 00:00:00,58152.81,58535.63,55529.89,58059.65,219028,1301,0
2024-09-05 00:00:00,58037.85,58380.47,55751.18,56070.15,194124,1301,0
2024-09-06 00:00:00,56053.76,56995.82,52601.52,52837.4,241286,1259,0
2024-09-07 00:00:00,53037.87,54845.2,52973.99,54167.63,139840,1011,0
2024-09-08 00:00:00,54120.15,54707.89,53615.24,54361.94,115778,1301,0
2024-09-09 00:00:00,54348.14,57191.3,54300.59,57005.04,241193,1207,0
2024-09-10 00:00:00,56986.22,58049.25,56368.21,57594.2,188986,1101,0
2024-09-11 00:00:00,57538.9,57988.69,55525.94,57479.22,225203,1039,0
2024-09-12 00:00:00,57457.18,58555.23,57208.06,58183.9,177833,1301,0
2024-09-13 00:00:00,58150.54,60015.94,57614.71,59935.55,151328,1076,0
2024-09-14 00:00:00,60283.35,60648.23,59394.84,60026.82,88537,1301,0
2024-09-15 00:00:00,59996.09,60399.14,59676.4,59823.5,77590,1301,0
2024-09-16 00:00:00,59748.43,59748.5,57440.75,57637.84,204729,1011,0
2024-09-17 00:00:00,57636.92,61353.07,57571.9,60163.94,205412,1062,0
2024-09-18 00:00:00,60097.9,61337.51,59174.29,60222.18,213865,1012,0
2024-09-19 00:00:00,60251.91,63876.6,60170.34,63050.22,264537,1091,0
2024-09-20 00:00:00,63005.7,64139.94,62334.31,62825.05,221259,1008,0
2024-09-21 00:00:00,63066.85,63432.66,62735.99,63141.69,122186,1301,0
2024-09-22 00:00:00,63117.61,63468.84,62453.91,63158.63,107581,1087,0
2024-09-23 00:00:00,63165.68,64727.39,62335.19,63314.34,205554,1301,0
2024-09-24 00:00:00,63271.55,64605.46,62697.92,64218.62,217377,1169,0
2024-09-25 00:00:00,64219.31,64823.85,62981.6,63476.49,192279,1301,0
2024-09-26 00:00:00,63431.72,65848.12,62647.68,64732.32,197262,1301,0
2024-09-27 00:00:00,64628.84,66498.35,64628.84,65808.39,195757,1017,0
2024-09-28 00:00:00,65787.34,66259.28,65415.45,65653.4,114719,1301,0
2024-09-29 00:00:00,65629.62,66082.1,65422.87,65817.93,93705,1301,0
2024-09-30 00:00:00,65782.45,65978.96,63019.09,63795.37,165906,1259,0
2024-10-01 00:00:00,63737.78,64126.48,60113.15,60766.81,210323,1301,0
2024-10-02 00:00:00,60782.91,62377.79,59956.53,60884.67,227500,1301,0
2024-10-03 00:00:00,60839.61,61475.86,59810.16,60743.6,248610,1301,0
2024-10-04 00:00:00,60780.29,62473.73,60446.12,62419.39,175313,1300,0
2024-10-05 00:00:00,62353.88,62429.75,61627.07,61710.6,83975,1301,0
2024-10-06 00:00:00,61692.32,62967.87,61691.71,62641.63,81907,1002,0
2024-10-07 00:00:00,62575.62,64447.26,62273.56,62971.98,194416,1301,0
2024-10-08 00:00:00,62968.83,63353.39,61793.33,62334.71,174956,1009,0
2024-10-09 00:00:00,62319.68,62513.42,60223.66,60466.2,163574,1301,0
2024-10-10 00:00:00,60370.52,61256.89,58851.22,59691.21,177719,1004,0
2024-10-11 00:00:00,59706.82,63399.83,59614.59,63017.43,143678,1012,0
2024-10-12 00:00:00,62856.9,63470.89,62325.01,63047.81,83941,1301,0
2024-10-13 00:00:00,63010.3,63307.74,62025.97,62728.38,99321,1152,0
2024-10-14 00:00:00,62749.54,66277.05,62417.47,65899.87,202249,1009,0
2024-10-15 00:00:00,65884.1,67942.32,64704.34,66488.08,253176,1139,0
2024-10-16 00:00:00,66471.32,68403.61,66091.61,67644.86,249492,1301,0
2024-10-17 00:00:00,67581.09,67924.4,66629.83,66915.79,168957,1006,0
2024-10-18 00:00:00,66903.37,69026.59,66903.29,68428.96,141080,1006,0
2024-10-19 00:00:00,68450.18,68689.54,68009.71,68288.61,53690,1002,0
2024-10-20 00:00:00,68209.02,68906.95,68102.78,68748.87,67992,1301,0
2024-10-21 00:00:00,68779.0,69525.58,66781.0,67712.84,187244,1059,0
2024-10-22 00:00:00,67703.31,67901.87,66517.25,67498.0,170797,1068,0
2024-10-23 00:00:00,67485.12,67814.39,65123.86,66579.74,174893,1004,0
2024-10-24 00:00:00,66563.36,68300.45,66274.7,68105.1,171382,1301,0
2024-10-25 00:00:00,68164.04,68798.25,65794.03,66698.73,178314,1001,0
2024-10-26 00:00:00,67114.25,67346.29,65452.71,67164.31,109728,1085,0
2024-10-27 00:00:00,67206.01,67891.16,66836.43,67662.34,95899,1301,0
2024-10-28 00:00:00,67713.92,69882.46,67546.0,69585.11,189237,1023,0
2024-10-29 00:00:00,69567.45,73614.16,69466.79,72329.13,218797,1034,0
2024-10-30 00:00:00,72236.65,72963.14,71381.03,72798.96,208620,1301,0
2024-10-31 00:00:00,72768.25,72890.9,69467.77,69867.97,241593,1003,0
2024-11-01 00:00:00,69823.55,71602.9,68704.53,69189.27,240334,1080,0
2024-11-02 00:00:00,69172.53,69881.63,68812.05,69461.56,129706,572,0
2024-11-03 00:00:00,69522.03,69522.58,67418.98,69086.16,192755,1031,0
2024-11-04 00:00:00,69094.05,69476.68,66765.97,67102.14,239905,1013,0
2024-11-05 00:00:00,67140.82,70542.01,67138.67,69082.93,244245,1007,0
2024-11-06 00:00:00,69126.98,76522.45,68871.21,75953.06,355063,1003,0
2024-11-07 00:00:00,75961.45,76962.89,74473.76,75955.23,266408,1301,0
2024-11-08 00:00:00,75860.56,77305.95,75544.03,76551.85,224067,1069,0
2024-11-09 00:00:00,76425.1,76839.89,75804.2,76500.46,149749,0,0
2024-11-10 00:00:00,76408.74,81165.94,76389.06,80008.62,263235,0,0
2024-11-11 00:00:00,79922.44,88504.71,79771.86,88021.45,380991,1050,0
2024-11-12 00:00:00,87984.73,90074.83,85130.86,88332.27,419213,1014,0
2024-11-13 00:00:00,88207.02,93537.97,86283.67,88665.92,418392,1015,0
2024-11-14 00:00:00,88503.0,91855.58,87006.68,88278.29,403100,1077,0
2024-11-15 00:00:00,88279.5,91893.99,86539.7,91746.43,373120,1002,0
2024-11-16 00:00:00,91602.35,91839.22,90475.24,91088.15,296400,1301,0
2024-11-17 00:00:00,91014.5,91520.08,89012.1,89145.33,331458,1016,0
2024-11-18 00:00:00,89092.5,92680.38,88698.91,91349.34,363008,1013,0
2024-11-19 00:00:00,91380.5,94076.17,90271.42,92374.65,347956,1052,0
2024-11-20 00:00:00,92400.0,94956.81,91436.73,94464.98,283024,1009,0
2024-11-21 00:00:00,94413.5,99088.69,93850.52,98093.95,286301,1001,0
2024-11-22 00:00:00,98031.5,99810.97,97211.73,99409.16,265884,1022,0
2024-11-23 00:00:00,98830.11,99063.48,97245.68,98104.89,153979,1050,0
2024-11-24 00:00:00,98080.5,98718.73,95771.99,97061.26,249984,1003,0
2024-11-25 00:00:00,97041.5,99030.73,93529.24,93577.94,353311,1021,0
2024-11-26 00:00:00,93785.5,95075.31,90733.3,91741.51,337627,1237,0
2024-11-27 00:00:00,91517.0,97451.4,91479.5,96369.49,361506,1137,0
2024-11-28 00:00:00,96369.0,96704.9,94667.8,95161.3,258258,1191,0
2024-11-29 00:00:00,95057.0,98805.31,95045.0,97492.43,222476,1301,0
2024-11-30 00:00:00,97487.74,97615.11,96149.12,96881.51,127276,1301,0
2024-12-01 00:00:00,96778.0,97868.99,95738.98,97827.43,172798,1076,0
2024-12-02 00:00:00,97798.0,98282.62,94327.56,95451.02,257330,1301,0
2024-12-03 00:00:00,95423.0,96352.17,93574.98,96109.67,199331,1026,0
2024-12-04 00:00:00,95974.5,99251.08,94493.35,97871.23,277315,1137,0
2024-12-05 00:00:00,97776.0,104026.89,97700.5,99064.31,317394,1086,0
2024-12-06 00:00:00,99055.0,102119.6,92089.0,100629.12,276307,1207,0
2024-12-07 00:00:00,100677.82,100762.54,99004.0,100016.95,188008,1301,0
2024-12-08 00:00:00,99982.0,100617.3,98738.13,100134.98,195683,1001,0
2024-12-09 00:00:00,100002.0,101508.45,93966.95,97018.83,315047,1017,0
2024-12-10 00:00:00,97125.0,98332.17,94245.75,96822.23,336383,1301,0
2024-12-11 00:00:00,96967.0,101842.29,95698.92,101638.36,254754,1020,0
2024-12-12 00:00:00,101588.0,102658.53,99323.25,99831.46,234190,1131,0
2024-12-13 00:00:00,99766.0,101970.34,99201.83,101354.05,214674,1014,0
2024-12-14 00:00:00,101393.17,102718.31,100571.64,101081.42,166520,1026,0
2024-12-15 00:00:00,101043.0,103477.28,100859.23,102854.54,169044,1070,0
2024-12-16 00:00:00,102751.0,107891.52,102601.53,106167.73,266415,1040,0
2024-12-17 00:00:00,106132.0,108400.78,105479.44,106476.75,282141,1003,0
2024-12-18 00:00:00,106320.0,106519.02,100115.16,101119.38,255443,1300,0
2024-12-19 00:00:00,100945.0,102804.31,95495.64,97424.34,288634,1124,0
2024-12-20 00:00:00,97306.0,98307.12,92076.72,96546.11,361516,1017,0
2024-12-21 00:00:00,97305.93,99539.05,96351.3,96904.34,275601,1020,0
2024-12-22 00:00:00,96909.0,97367.87,94233.28,95069.57,262717,1301,0
2024-12-23 00:00:00,95035.0,96449.16,92300.11,93887.67,338701,1074,0
2024-12-24 00:00:00,93823.0,99437.36,93364.5,98280.89,247645,1004,0
2024-12-25 00:00:00,98514.94,99453.27,97546.36,98405.93,252298,1043,0
2024-12-26 00:00:00,98424.0,99888.65,95059.44,95679.83,285417,1006,0
2024-12-27 00:00:00,95689.0,97430.74,93206.88,94378.93,280763,1004,0
2024-12-28 00:00:00,94122.7,95146.6,93974.72,94995.57,171778,1301,0
2024-12-29 00:00:00,94989.0,95556.86,92957.75,93216.7,162984,1008,0
2024-12-30 00:00:00,93258.0,94869.12,91253.08,91984.76,276501,1127,0
2024-12-31 00:00:00,91876.0,96101.44,91772.0,93604.95,249872,1158,0
2025-01-01 00:00:00,93383.6,94816.59,92663.94,94567.58,154994,1301,0
2025-01-02 00:00:00,94729.0,97767.34,94074.67,97137.31,256598,1001,0
2025-01-03 00:00:00,97017.0,98968.77,96012.7,98219.62,254750,1058,0
2025-01-04 00:00:00,98126.68,98737.74,97480.25,98338.25,160814,1131,0
2025-01-05 00:00:00,98354.0,98658.82,97191.94,98451.07,152931,1301,0
2025-01-06 00:00:00,98456.0,102534.92,97874.8,101633.64,298737,1050,0
2025-01-07 00:00:00,101659.0,102764.28,96087.96,96580.72,247550,1301,0
2025-01-08 00:00:00,96455.0,97254.69,92441.13,94472.81,302067,1002,0
2025-01-09 00:00:00,94447.0,95341.0,91182.45,92107.42,326136,1025,0
2025-01-10 00:00:00,92140.0,95848.12,91613.98,94602.45,328085,1010,0
2025-01-11 00:00:00,94597.79,94975.27,93799.1,94897.33,168090,1135,0
2025-01-12 00:00:00,94874.0,95425.48,93649.81,94323.28,159667,1008,0
2025-01-13 00:00:00,94262.0,95889.06,89091.81,94119.26,345450,1033,0
2025-01-14 00:00:00,94250.0,97381.68,94121.07,96394.13,262730,1001,0
2025-01-15 00:00:00,96478.0,100705.27,96373.13,99663.88,246095,1017,0
2025-01-16 00:00:00,99647.0,100919.49,97258.59,100125.54,280385,1002,0
2025-01-17 00:00:00,100000.0,105985.23,99326.82,104661.59,251001,1025,0
2025-01-18 00:00:00,104511.42,104980.35,102216.01,103833.78,233718,1040,0
2025-01-19 00:00:00,103781.0,106388.95,103343.28,103672.1,235734,1058,0
2025-01-20 00:00:00,103373.0,109581.7,99378.0,102666.97,391870,1001,0
2025-01-21 00:00:00,102227.0,107247.18,100013.24,106817.33,335257,1032,0
2025-01-22 00:00:00,106731.0,106818.15,103311.26,104027.76,258046,196,0
2025-01-23 00:00:00,104071.0,106898.23,101213.04,103214.08,271604,1001,0
2025-01-24 00:00:00,103084.0,107197.58,102740.13,105077.75,278918,1003,0
2025-01-25 00:00:00,105098.45,105453.3,104141.11,105061.29,125019,1001,0
2025-01-26 00:00:00,105143.0,105546.1,104435.28,104659.93,119003,1007,0
2025-01-27 00:00:00,104522.0,104729.94,97633.29,101122.91,342806,0,0
2025-01-28 00:00:00,101504.0,103800.54,100221.95,100277.46,279395,1006,0
2025-01-29 00:00:00,100324.0,104810.47,100206.0,103742.83,295113,1003,0
2025-01-30 00:00:00,103640.0,106443.63,103295.88,105047.01,222121,1038,0
2025-01-31 00:00:00,105032.0,106070.07,101498.68,102138.65,235358,1001,0
2025-02-01 00:00:00,102163.5,102790.98,100919.73,101205.2,168143,1001,0
2025-02-02 00:00:00,101161.0,101441.22,96530.13,96966.36,237441,1015,0
2025-02-03 00:00:00,97208.0,102107.12,91071.54,101893.67,356846,1032,0
2025-02-04 00:00:00,101970.0,102588.31,96433.66,96628.95,314349,1022,0
2025-02-05 00:00:00,96521.0,99224.8,96189.93,96907.37,296664,1301,0
2025-02-06 00:00:00,96664.0,99186.61,95658.81,96716.43,276423,1151,0
2025-02-07 00:00:00,96617.0,100221.84,95647.46,96066.86,269351,1009,0
2025-02-08 00:00:00,95779.81,96943.73,95637.04,96475.5,187004,1301,0
2025-02-09 00:00:00,96561.0,97332.75,94684.96,95247.71,153172,1223,0
2025-02-10 00:00:00,94864.0,98384.82,94854.18,97420.68,169703,1071,0
2025-02-11 00:00:00,97387.0,98546.11,94807.44,96299.13,148434,0,0
2025-02-12 00:00:00,96400.0,97946.5,94026.19,97700.75,209213,1224,0
2025-02-13 00:00:00,97672.0,98168.34,95237.22,96487.47,275211,1173,0
2025-02-14 00:00:00,96496.0,98899.35,96249.47,97523.23,237629,1001,0
2025-02-15 00:00:00,97033.22,97969.34,97017.4,97677.83,155313,1301,0
2025-02-16 00:00:00,97711.28,97761.98,96660.28,97168.41,145297,1301,0
2025-02-17 00:00:00,97159.0,97209.15,95181.5,96394.84,168215,1078,0
2025-02-18 00:00:00,96306.0,96771.1,93296.43,94889.94,238327,1029,0
2025-02-19 00:00:00,94915.0,96700.18,94771.21,96228.37,201486,1301,0
2025-02-20 00:00:00,96352.0,98753.86,96304.45,98131.84,177016,627,0
2025-02-21 00:00:00,98110.0,99549.43,94723.33,95334.72,208379,1050,0
2025-02-22 00:00:00,95315.4,96995.48,95192.07,96658.32,169477,1059,0
2025-02-23 00:00:00,96667.46,96696.09,95228.82,95773.88,110003,1301,0
2025-02-24 00:00:00,95750.0,96547.27,93553.64,93953.69,322633,1003,0
2025-02-25 00:00:00,93841.0,93841.0,85933.01,88623.13,352118,1158,0
2025-02-26 00:00:00,88666.0,89385.16,82082.58,84397.01,350172,1301,0
2025-02-27 00:00:00,84636.0,87014.41,82554.42,84139.23,229601,1141,0
2025-02-28 00:00:00,84138.0,85090.88,78114.63,84139.61,278396,1066,0
2025-03-01 00:00:00,84084.3,86506.27,83769.71,85930.21,130557,1301,0
2025-03-02 00:00:00,85939.0,95018.56,84966.27,94195.73,159619,1301,0
2025-03-03 00:00:00,94079.0,94872.77,85071.39,85259.58,287147,1301,0
2025-03-04 00:00:00,85504.0,88933.42,81391.43,87435.33,322286,1301,0
2025-03-05 00:00:00,87432.0,90920.23,86276.51,90315.41,288980,1010,0
2025-03-06 00:00:00,90403.0,92808.17,87815.22,89411.36,254667,1008,0
2025-03-07 00:00:00,90229.0,91289.48,84553.36,86199.73,269928,1301,0
2025-03-08 00:00:00,85880.21,86854.41,85128.53,86180.51,129066,1003,0
2025-03-09 00:00:00,86193.0,86483.23,82181.57,83076.02,214882,200,0
2025-03-10 00:00:00,82994.0,84041.68,77326.33,79270.12,526342,1301,0
2025-03-11 00:00:00,79203.0,83610.77,76550.03,82845.66,524040,1301,0
2025-03-12 00:00:00,82775.0,84437.38,80586.13,83115.11,506548,1800,0
2025-03-13 00:00:00,83152.0,84322.79,79905.96,80291.67,348444,1800,0
2025-03-14 00:00:00,80322.0,85321.55,80222.0,84149.26,338800,1800,0
2025-03-15 00:00:00,84426.27,84685.49,83595.9,84353.0,226524,1800,0
2025-03-16 00:00:00,84370.84,85126.64,82372.26,83187.63,263076,1800,0
2025-03-17 00:00:00,83187.0,84755.02,81959.23,83925.24,371780,1800,0
2025-03-18 00:00:00,83928.0,84241.08,81103.39,81994.7,332708,1800,0
2025-03-19 00:00:00,81991.0,85980.89,81884.53,85364.03,396266,1800,0
2025-03-20 00:00:00,85393.0,87497.13,83604.93,84497.64,303989,1800,0
2025-03-21 00:00:00,84465.0,84816.17,83104.16,84180.07,318663,1800,0
2025-03-22 00:00:00,84100.74,84557.41,83927.61,83941.24,186397,1800,0
2025-03-23 00:00:00,83887.0,85424.82,83774.9,85081.98,179193,1603,0
2025-03-24 00:00:00,85067.0,88759.92,84885.03,87899.23,278875,1800,0
2025-03-25 00:00:00,87868.0,88585.78,86314.25,87912.36,383968,1800,0
2025-03-26 00:00:00,87911.0,88334.84,85864.37,87218.06,300646,1618,0
2025-03-27 00:00:00,87271.0,87782.14,85781.02,87294.38,375269,1800,0
2025-03-28 00:00:00,87288.0,87736.37,83546.63,83757.22,345281,1640,0
2025-03-29 00:00:00,84027.56,84604.02,81599.21,82454.76,295473,1641,0
2025-03-30 00:00:00,82449.0,83516.96,82001.71,82498.34,223521,1800,0
2025-03-31 00:00:00,82580.0,83927.28,81252.63,82437.35,425821,1800,0
2025-04-01 00:00:00,82430.0,85509.49,82246.19,85250.6,341075,1800,0
2025-04-02 00:00:00,85230.0,88555.97,83901.44,85621.47,396905,1800,0
2025-04-03 00:00:00,85596.0,85597.0,81182.71,82271.4,452052,1800,0
2025-04-04 00:00:00,82287.0,84710.77,81622.72,84125.77,512892,1800,0
2025-04-05 00:00:00,84002.52,84424.87,82332.11,83019.38,332503,1800,0
2025-04-06 00:00:00,83047.5,83753.48,78498.29,78759.57,384373,1792,0
2025-04-07 00:00:00,78838.0,81191.23,74399.34,78869.58,513347,1800,0
2025-04-08 00:00:00,78836.0,80826.68,76237.57,76999.82,470415,1800,0
2025-04-09 00:00:00,77070.0,83197.08,74512.43,83195.25,465242,1800,0
2025-04-10 00:00:00,83250.0,83563.55,78410.73,79823.32,465551,1800,0
2025-04-11 00:00:00,79879.0,84188.14,78892.72,83838.12,453222,1615,0
2025-04-12 00:00:00,83549.39,85937.6,82728.81,85552.85,310580,1800,0
2025-04-13 00:00:00,85517.5,86122.29,82957.43,83463.84,355157,1800,0
2025-04-14 00:00:00,83427.0,85800.41,82939.28,84823.71,393643,1800,0
2025-04-15 00:00:00,84841.0,86494.63,83799.6,84018.37,308090,1800,0
2025-04-16 00:00:00,83977.0,85535.55,83090.38,84282.65,340004,1800,0
2025-04-17 00:00:00,84345.0,85481.51,83703.58,85124.59,272893,1800,0
2025-04-18 00:00:00,85126.0,85126.0,84304.05,84454.55,144040,1800,0
2025-04-19 00:00:00,84485.81,85630.09,84297.05,85229.14,159283,1800,0
2025-04-20 00:00:00,85175.0,85364.12,83878.5,85033.48,180082,1800,0
2025-04-21 00:00:00,85127.0,88540.07,84651.3,87289.5,309782,1800,0
2025-04-22 00:00:00,87356.0,91804.48,86875.38,91261.03,332030,1800,0
2025-04-23 00:00:00,91111.0,94677.25,91111.0,93690.48,356192,1800,0
2025-04-24 00:00:00,93683.0,93915.08,91721.29,93530.89,279495,1800,0
2025-04-25 00:00:00,93493.0,95874.14,92736.63,95013.91,289324,1605,0
2025-04-26 00:00:00,94684.29,95270.03,93942.19,94127.33,208438,1800,0
2025-04-27 00:00:00,94151.0,95386.47,93657.44,94274.06,197712,1800,0
2025-04-28 00:00:00,94290.0,95657.17,92816.14,94480.68,255842,1800,0
2025-04-29 00:00:00,94483.0,95484.17,94200.93,94866.29,258517,1800,0
2025-04-30 00:00:00,94860.0,95261.12,92846.64,94533.64,251214,1800,0
2025-05-01 00:00:00,94597.0,97516.1,93981.3,96487.14,299829,1788,0
2025-05-02 00:00:00,96504.0,97955.85,96170.9,97072.81,235837,1800,0
2025-05-03 00:00:00,97055.02,97088.11,95848.06,96319.76,115226,1800,0
2025-05-04 00:00:00,96274.12,96441.63,95261.4,95686.51,134952,1800,0
2025-05-05 00:00:00,95726.0,95747.8,93420.42,94242.07,225361,1800,0
2025-05-06 00:00:00,94246.0,95228.58,93351.14,94681.44,405405,1800,0
2025-05-07 00:00:00,94677.0,97729.08,94388.82,96777.61,396626,1800,0
2025-05-08 00:00:00,96742.0,102838.5,96676.0,102607.32,420369,1800,0
2025-05-09 00:00:00,102525.0,104396.6,102099.96,103198.94,452233,1603,0
2025-05-10 00:00:00,102948.31,104132.27,102678.32,103188.03,323848,1800,0
2025-05-11 00:00:00,103204.0,104979.5,103155.46,104321.99,419588,1800,0
2025-05-12 00:00:00,104256.0,105846.24,100719.35,102724.95,436428,1800,0
2025-05-13 00:00:00,102656.0,105008.47,101437.24,104554.71,339695,1800,0
2025-05-14 00:00:00,104577.0,104620.0,102597.99,103549.65,351729,1800,0
2025-05-15 00:00:00,103581.0,104204.31,101395.16,103448.61,387527,1800,0
2025-05-16 00:00:00,103217.57,104596.96,102716.15,103761.32,363665,1618,0
2025-05-17 00:00:00,103615.91,103799.75,102609.23,103448.41,292966,1800,0
2025-05-18 00:00:00,103429.5,106036.38,102928.93,104201.81,315138,1800,0
2025-05-19 00:00:00,104139.0,107202.32,102100.83,105455.44,417569,1800,0
2025-05-20 00:00:00,105495.0,107366.45,104229.9,107003.9,402340,1800,0
2025-05-21 00:00:00,106975.0,109915.38,105946.99,108224.18,440471,1632,0
2025-05-22 00:00:00,108179.0,112020.62,107965.0,111091.32,451454,1800,0
2025-05-23 00:00:00,110991.0,111843.78,107306.56,108281.0,445207,1800,0
2025-05-24 00:00:00,108175.61,109545.7,106774.78,108881.74,356211,1800,0
2025-05-25 00:00:00,108880.5,108887.5,106600.09,107704.56,273713,1800,0
2025-05-26 00:00:00,107688.0,110493.65,107195.76,109612.22,357249,1800,0
2025-05-27 00:00:00,109640.0,110810.14,107533.4,109599.61,405750,1602,0
2025-05-28 00:00:00,109593.0,109712.35,106744.73,107289.15,344805,1800,0
2025-05-29 00:00:00,107269.0,108969.6,105618.25,106140.69,371755,1603,0
2025-05-30 00:00:00,106191.0,106475.63,103657.35,104526.01,388853,1300,0
2025-05-31 00:00:00,104639.8,104907.51,103125.33,104836.13,245743,1300,0
2025-06-01 00:00:00,104840.0,105396.28,103772.8,105009.77,171010,1300,0
2025-06-02 00:00:00,104999.0,105980.95,103679.94,104916.5,309980,1300,0
2025-06-03 00:00:00,104943.0,106911.5,104622.47,105804.94,319104,1300,0
2025-06-04 00:00:00,105808.0,106071.63,104197.77,104655.89,329074,1300,0
2025-06-05 00:00:00,104628.0,105977.11,100375.39,100448.29,343782,1300,0
2025-06-06 00:00:00,100614.0,105445.44,100433.0,104566.04,328018,1300,0
2025-06-07 00:00:00,104347.23,105948.08,103959.77,105890.99,211246,1300,0
2025-06-08 00:00:00,105889.0,106429.11,105050.12,106181.48,295301,1300,0
2025-06-09 00:00:00,106215.0,108857.42,105390.39,108746.35,305590,1300,0
2025-06-10 00:00:00,108774.0,110702.82,108359.24,109970.99,369437,1300,0
2025-06-11 00:00:00,109968.0,110454.67,108449.68,108884.61,352389,1300,0
2025-06-12 00:00:00,108949.0,109266.73,105775.7,105991.91,377065,1300,0
2025-06-13 00:00:00,105921.0,106474.64,102729.91,105466.49,458068,1300,0
2025-06-14 00:00:00,105234.32,106296.17,104315.07,104915.08,260747,1300,0
2025-06-15 00:00:00,104929.0,106202.83,104605.95,104715.93,252878,1300,0
2025-06-16 00:00:00,104672.0,108954.95,104473.55,108796.37,316342,1300,0
2025-06-17 00:00:00,108825.0,109016.55,103372.83,104386.78,369876,1300,0
2025-06-18 00:00:00,104385.0,105604.15,103498.9,104862.98,225027,1300,0
2025-06-19 00:00:00,104819.0,105272.1,103909.68,104260.0,301051,1300,0
2025-06-20 00:00:00,104279.0,106554.38,102309.8,103651.91,377566,1300,0
2025-06-21 00:00:00,103494.48,104009.46,102212.04,102803.9,159398,1300,0
2025-06-22 00:00:00,102837.0,103424.43,98145.42,99458.96,325498,1300,0
2025-06-23 00:00:00,99441.0,103976.13,99001.78,103743.78,293517,1300,0
2025-06-24 00:00:00,103880.0,106395.45,103671.27,106134.6,257187,1300,0
2025-06-25 00:00:00,106074.0,108205.3,105770.63,107854.58,212084,1300,0
2025-06-26 00:00:00,107876.0,108341.42,106608.97,107809.96,256477,1300,0
2025-06-27 00:00:00,107774.0,107840.0,106406.91,107155.15,258154,1300,0
2025-06-28 00:00:00,107166.34,107604.88,106874.56,107255.27,121400,1300,0
2025-06-29 00:00:00,107224.0,108546.43,107145.0,107433.91,136960,1300,0
2025-06-30 00:00:00,107311.0,108816.65,106763.37,107538.12,265745,1300,0
2025-07-01 00:00:00,107610.0,107610.0,105223.85,105917.91,287358,1300,0
2025-07-02 00:00:00,105885.0,109826.45,105108.6,109227.46,281854,1300,0
2025-07-03 00:00:00,109197.0,110616.57,108557.57,109974.07,258899,1300,0
2025-07-04 00:00:00,109988.0,110051.68,107276.33,107730.39,219523,1300,0
2025-07-05 00:00:00,107854.36,108448.9,107801.16,108137.31,124747,1300,0
2025-07-06 00:00:00,108129.5,109168.3,107849.96,108750.74,115237,1300,0
2025-07-07 00:00:00,108690.0,109762.68,107502.04,107898.61,262437,1300,0
2025-07-08 00:00:00,107870.0,109238.94,107427.1,108696.71,242909,301,0
2025-07-09 00:00:00,108644.0,112094.57,108330.58,110764.84,222243,18,0
2025-07-10 00:00:00,110717.0,113912.52,110550.81,113642.86,241983,301,0
2025-07-11 00:00:00,113506.0,118924.12,113506.0,117737.41,357057,178,0
2025-07-12 00:00:00,117651.22,118236.91,116947.48,117133.47,173815,301,0
2025-07-13 00:00:00,117051.5,119559.44,117051.5,119189.96,171777,301,0
2025-07-14 00:00:00,119076.0,123282.74,118248.22,120345.42,375452,301,0
2025-07-15 00:00:00,120111.0,120354.1,115731.5,116551.25,418308,14,0
2025-07-16 00:00:00,116343.0,120034.75,116342.0,119973.75,363978,325,0
2025-07-17 00:00:00,119980.0,120105.75,117461.25,119267.5,352896,325,0
2025-07-18 00:00:00,119539.0,121036.75,116854.25,117513.0,398614,325,0
2025-07-19 00:00:00,117669.25,118547.25,117444.25,117776.0,174874,25,0
2025-07-20 00:00:00,117768.5,118922.88,117340.13,118156.0,231782,325,0
2025-07-21 00:00:00,118087.0,119721.38,116524.75,117007.0,383098,25,0
2025-07-22 00:00:00,116931.0,120290.38,116147.5,119829.0,389501,325,0
2025-07-23 00:00:00,119807.0,120302.0,117334.63,118027.75,332592,325,0
2025-07-24 00:00:00,117984.0,119561.5,117165.63,118775.75,369928,325,0
2025-07-25 00:00:00,118742.0,118820.0,114726.88,117139.75,416068,325,0
2025-07-26 00:00:00,117189.5,118346.63,117002.25,118035.13,190528,325,0
2025-07-27 00:00:00,117944.5,119590.25,117858.5,118803.5,227735,325,0
2025-07-28 00:00:00,118800.0,119853.25,117374.88,117998.0,374950,325,0
2025-07-29 00:00:00,118012.0,119306.25,116890.63,117382.75,420669,325,0
2025-07-30 00:00:00,117417.0,118800.0,115722.88,117084.25,405601,325,0
2025-07-31 00:00:00,117182.0,118930.88,116408.0,116508.25,299389,325,0
2025-08-01 00:00:00,116440.0,116918.75,113072.25,113904.25,450778,325,0
2025-08-02 00:00:00,113963.75,114065.25,111941.5,112622.13,268014,325,0
2025-08-03 00:00:00,112792.5,114786.0,111889.25,114427.75,197388,325,0
2025-08-04 00:00:00,114387.0,115755.63,114047.25,114845.0,299859,82,0
2025-08-05 00:00:00,114849.0,115393.0,112620.0,113609.5,353934,25,0
2025-08-06 00:00:00,113672.0,115747.75,113277.5,115133.5,305891,25,0
2025-08-07 00:00:00,115070.0,117627.75,114264.38,117257.5,276072,325,0
2025-08-08 00:00:00,117233.0,117709.38,115869.38,116900.75,255489,325,0
2025-08-09 00:00:00,116805.75,117954.5,116346.38,116802.63,180870,1300,0
2025-08-10 00:00:00,116740.0,119121.63,116409.13,118404.5,228752,1300,0
2025-08-11 00:00:00,118219.0,122307.38,118083.0,118885.25,386936,1300,0
2025-08-12 00:00:00,118763.0,120317.0,118050.25,120197.75,308752,1300,0
2025-08-13 00:00:00,120103.0,123054.0,118924.5,122966.75,339880,1100,0
2025-08-14 00:00:00,122981.0,124566.0,117212.75,117951.75,399838,1175,0
2025-08-15 00:00:00,117954.0,119342.13,116838.0,117377.5,324737,1050,0
2025-08-16 00:00:00,117369.75,118006.0,117122.5,117733.75,139578,987,0
2025-08-17 00:00:00,117713.0,118619.25,117267.63,117689.75,140902,1300,0
2025-08-18 00:00:00,117674.0,118083.25,114690.0,116419.75,304752,1300,0
2025-08-19 00:00:00,116474.0,117043.0,112698.5,113513.75,311559,1300,0
2025-08-20 00:00:00,113491.0,114462.5,112331.01,114353.0,301612,1300,0
2025-08-21 00:00:00,114381.0,114815.13,111943.75,112416.5,291077,1050,0
2025-08-22 00:00:00,112324.0,117430.5,111644.25,116939.0,320136,1300,0
2025-08-23 00:00:00,116936.75,117177.0,114510.25,115283.5,136571,1400,0
2025-08-24 00:00:00,115235.5,115626.0,110653.0,112691.0,307326,1390,0
2025-08-25 00:00:00,112653.0,113696.88,109385.75,109704.25,494955,1400,0
2025-08-26 00:00:00,109705.0,111418.25,108691.5,111355.0,484188,1400,0
2025-08-27 00:00:00,111229.0,112666.13,110358.0,112415.0,406667,1400,0
2025-08-28 00:00:00,112377.0,113500.88,110861.75,111930.0,365908,1400,0
2025-08-29 00:00:00,111884.0,112662.88,107522.5,107847.25,439134,1400,0
2025-08-30 00:00:00,108258.25,108934.63,107354.25,108655.63,254078,1400,0
2025-08-31 00:00:00,108569.5,109497.88,108196.13,109116.0,221404,1400,0
2025-09-01 00:00:00,109089.0,109926.38,107256.25,108768.0,448916,1400,0
2025-09-02 00:00:00,108797.0,111799.0,107438.5,111408.5,461999,1400,0
2025-09-03 00:00:00,111379.0,112610.63,110536.63,112237.0,366403,1400,0
2025-09-04 00:00:00,112248.0,112307.5,109335.63,110375.5,432996,1400,0
2025-09-05 00:00:00,110409.0,113407.5,110184.88,111596.0,421368,1400,0
2025-09-06 00:00:00,111537.5,111537.5,109957.5,110140.88,184570,1058,0
2025-09-07 00:00:00,110187.5,111425.88,110085.5,111360.5,185606,1400,0
2025-09-08 00:00:00,111270.0,112954.88,110595.75,111962.75,257098,1400,0
2025-09-09 00:00:00,111914.0,113308.63,110752.63,111480.0,269365,1400,0
2025-09-10 00:00:00,111346.0,114377.13,110914.13,113669.5,291317,1400,0
2025-09-11 00:00:00,113631.0,114763.25,113445.13,114461.75,277304,1300,0
2025-09-12 00:00:00,114421.0,116812.0,114421.0,116219.5,294009,1300,0
2025-09-13 00:00:00,115961.5,116409.5,115185.7,115986.25,189267,1300,0
2025-09-14 00:00:00,115965.5,116225.25,115231.5,115858.0,151487,1300,0
2025-09-15 00:00:00,115855.0,116801.0,114416.5,115399.0,365163,1300,0
2025-09-16 00:00:00,115411.0,116979.5,114706.0,116923.0,295009,1000,0
2025-09-17 00:00:00,116866.0,117340.5,114717.0,115658.0,329985,1200,0
2025-09-18 00:00:00,115588.0,117980.0,115176.0,117598.0,314935,1200,0
2025-09-19 00:00:00,117527.0,117541.0,115113.0,115365.0,254380,1200,0
2025-09-20 00:00:00,115370.0,116197.5,115306.0,115828.0,94513,1200,0
2025-09-21 00:00:00,115782.0,116023.0,115276.5,115414.0,95100,1200,0
2025-09-22 00:00:00,115362.0,115620.0,111577.5,112820.0,317512,1200,0
2025-09-23 00:00:00,112791.0,113380.0,111459.0,111984.0,286536,1200,0
2025-09-24 00:00:00,111958.0,114023.0,111005.0,113577.0,229332,1200,0
2025-09-25 00:00:00,113501.0,113711.5,108644.5,109209.5,416118,1200,0
2025-09-26 00:00:00,109242.0,110372.0,108655.5,109374.0,421937,1200,0
2025-09-27 00:00:00,109390.0,109801.0,109114.0,109441.5,158530,1200,0
2025-09-28 00:00:00,109420.0,110996.0,109231.0,110864.0,196924,1200,0
2025-09-29 00:00:00,110854.0,114498.0,110664.0,114343.0,351158,1200,0
2025-09-30 00:00:00,114322.0,114874.5,112697.0,114646.0,385089,1200,0
2025-10-01 00:00:00,114715.0,118273.0,113763.0,117583.5,407495,1200,0
2025-10-02 00:00:00,117588.0,121118.5,117394.0,120725.0,378321,1200,0
2025-10-03 00:00:00,120658.0,123994.0,119330.0,122611.0,347518,1200,0
2025-10-04 00:00:00,122440.27,122910.5,121568.0,122005.0,209332,1200,0
2025-10-05 00:00:00,121924.0,125783.0,121924.0,122848.5,317706,1200,0
2025-10-06 00:00:00,122728.0,126300.0,122493.0,125297.0,436026,1200,0
2025-10-07 00:00:00,125307.0,125377.0,120639.0,122034.0,484176,1200,0
2025-10-08 00:00:00,121851.0,124243.5,121082.0,122881.0,536524,1200,0
2025-10-09 00:00:00,123008.0,123851.5,119711.6,121180.28,503227,1200,0
2025-10-10 00:00:00,121118.0,122597.58,112902.14,114215.82,460922,1200,0
2025-10-11 00:00:00,111322.0,114901.74,109804.0,110456.0,583440,1200,0
2025-10-12 00:00:00,110361.0,115561.3,109680.96,115016.81,611747,1200,0
2025-10-13 00:00:00,114899.0,116078.65,113684.67,115727.97,639837,1200,0
2025-10-14 00:00:00,115780.0,115941.96,109898.07,113003.26,693109,1200,0
2025-10-15 00:00:00,113031.0,113688.67,110192.3,111212.8,636539,1200,0
2025-10-16 00:00:00,111125.0,112026.41,107451.03,107813.67,660411,1200,0
2025-10-17 00:00:00,107946.0,109278.23,103473.03,107041.45,759668,1200,0
2025-10-18 00:00:00,107137.74,107550.75,106350.54,107086.98,371059,1200,0
2025-10-19 00:00:00,107009.0,109504.96,106100.5,108903.37,418488,1200,0
2025-10-20 00:00:00,108845.0,111762.84,107442.73,111034.94,581576,1200,0
2025-10-21 00:00:00,111035.0,114083.1,107481.45,110977.56,601218,1200,0
2025-10-22 00:00:00,110684.0,111177.57,106708.34,107667.05,640275,1200,0
2025-10-23 00:00:00,107700.0,111360.0,106673.71,109574.32,543083,1200,0
2025-10-24 00:00:00,109447.0,112143.5,109381.9,110862.95,416665,1200,0
2025-10-25 00:00:00,111035.7,111980.71,110685.99,111421.33,165112,1200,0
2025-10-26 00:00:00,111454.45,114048.75,111266.5,113406.6,273304,1200,0
2025-10-27 00:00:00,113357.0,116415.1,112795.39,114525.01,458861,1200,0
2025-10-28 00:00:00,114439.0,116122.05,112298.52,112850.98,460544,1200,0
2025-10-29 00:00:00,112755.0,113695.6,109148.6,111414.66,541093,1200,0
2025-10-30 00:00:00,111410.0,111823.71,106264.7,107483.15,737474,1200,0
2025-10-31 00:00:00,107461.0,111063.6,107289.3,109397.26,667856,1200,0
2025-11-01 00:00:00,109218.5,110511.48,109174.6,110382.92,402358,1200,0
2025-11-02 00:00:00,110401.0,111229.75,109703.38,109965.02,433184,1200,0
2025-11-03 00:00:00,109981.0,110748.1,105261.43,106839.1,763191,1200,0
2025-11-04 00:00:00,106781.0,107278.03,98879.99,100205.3,835471,1200,0
2025-11-05 00:00:00,100289.0,104541.05,98941.63,103651.39,763819,1200,0
2025-11-06 00:00:00,103613.0,104197.06,100243.42,101086.26,739807,1200,0
2025-11-07 00:00:00,101103.0,103890.24,99168.1,103817.4,756216,1200,0
2025-11-08 00:00:00,103590.48,103756.39,101417.26,102277.91,486683,1200,0
2025-11-09 00:00:00,102235.0,105075.73,101407.25,104464.62,429049,1200,0
2025-11-10 00:00:00,104575.0,106662.34,104038.67,105614.75,681831,1200,0
2025-11-11 00:00:00,105616.0,107510.74,102434.0,102621.0,568298,1200,0
2025-11-12 00:00:00,102510.0,105343.5,100714.5,101881.0,526841,1200,0
2025-11-13 00:00:00,101857.0,104054.5,97889.0,98744.5,628599,1200,0
2025-11-14 00:00:00,98847.0,100445.5,94094.0,94985.0,709452,1200,0
2025-11-15 00:00:00,95184.0,96757.5,93919.0,95206.0,474550,1200,0
2025-11-16 00:00:00,95189.0,96566.5,93259.0,93447.5,491806,1200,0
2025-11-17 00:00:00,93568.0,95963.0,91136.0,91823.0,694369,1200,0
2025-11-18 00:00:00,91976.0,93768.5,89013.5,92433.0,740567,1200,0
2025-11-19 00:00:00,92577.0,93380.0,88461.0,90534.5,726309,1200,0
2025-11-20 00:00:00,90467.0,93085.5,85961.5,87185.0,647785,1200,0
2025-11-21 00:00:00,87193.0,88155.0,80528.5,85090.0,811653,1200,0
2025-11-22 00:00:00,84255.0,85543.0,83435.0,84340.5,526276,1200,0
2025-11-23 00:00:00,84417.0,87993.0,83995.0,87982.0,526722,1200,0
2025-11-24 00:00:00,88045.0,89217.5,85204.0,88781.0,656214,1200,0
2025-11-25 00:00:00,88792.0,89090.0,86070.0,87049.0,503877,1200,0
2025-11-26 00:00:00,86856.0,90473.5,86240.5,90179.0,430097,1200,0
2025-11-27 00:00:00,90131.0,91951.7,90047.0,91427.0,373116,1200,0
2025-11-28 00:00:00,91364.0,93063.5,90218.0,90910.0,393070,1200,0
2025-11-29 00:00:00,90675.0,91222.5,90180.5,91022.5,257801,1200,0
2025-11-30 00:00:00,90983.0,91989.5,90484.5,91180.0,261797,1200,0
2025-12-01 00:00:00,91185.0,91371.0,83795.5,86440.0,565970,1200,0
2025-12-02 00:00:00,86523.0,92346.0,86199.5,91648.0,467482,1200,0
2025-12-03 00:00:00,91619.0,94010.5,91018.5,93782.0,486668,1200,0
2025-12-04 00:00:00,93724.0,94186.84,90881.5,92167.5,479882,1200,0
2025-12-05 00:00:00,92200.0,92739.5,88046.5,89163.5,467085,1200,0
2025-12-06 00:00:00,89249.0,90292.5,88933.0,89457.0,263674,1200,0
2025-12-07 00:00:00,89412.0,91802.92,87706.0,90242.0,344718,1200,0
2025-12-08 00:00:00,90124.0,92307.5,88930.0,91374.0,468810,1200,0
2025-12-09 00:00:00,91313.0,94628.5,89508.5,92656.5,354456,1200,0
2025-12-10 00:00:00,92892.0,94520.0,91565.5,92387.0,382094,1200,0
2025-12-11 00:00:00,92409.0,93595.5,89234.5,92973.0,406702,1200,0
2025-12-12 00:00:00,93088.0,93097.0,89483.0,90215.0,336465,1200,0
2025-12-13 00:00:00,90236.0,90654.13,89794.7,90197.5,124013,1200,0
2025-12-14 00:00:00,90144.0,90485.5,88046.5,88481.0,212902,1200,0
2025-12-15 00:00:00,88443.0,90045.5,85102.5,86216.5,403685,1200,0
2025-12-16 00:00:00,86179.0,88158.5,85239.0,87749.5,405924,1200,0
2025-12-17 00:00:00,87801.0,90343.5,85267.0,85926.0,377005,1200,0
2025-12-18 00:00:00,85972.0,89438.5,84368.0,85580.5,391652,1200,0
2025-12-19 00:00:00,85577.0,89364.5,85028.5,87756.0,390991,1200,0
2025-12-20 00:00:00,88152.0,88541.86,87767.5,88159.0,128505,1200,0
2025-12-21 00:00:00,88225.0,89044.5,87559.1,88136.5,189711,1200,0
2025-12-22 00:00:00,88105.0,90574.5,87820.5,88232.5,370749,1200,0
2025-12-23 00:00:00,88216.0,88909.0,86525.5,87662.5,340364,1200,0
2025-12-24 00:00:00,87666.0,87793.0,86331.0,87648.0,274117,1200,0
2025-12-25 00:00:00,87652.0,88531.5,87180.5,87846.5,167411,1200,0
2025-12-26 00:00:00,87876.0,89511.5,86530.5,87389.5,333550,1200,0
2025-12-27 00:00:00,87437.5,87653.0,87171.0,87612.0,111723,1200,0
2025-12-28 00:00:00,87638.0,88044.7,87325.0,87485.5,124499,1200,0
2025-12-29 00:00:00,87549.0,90299.0,86661.5,87226.5,303828,1200,0
2025-12-30 00:00:00,87245.0,89323.5,86701.5,88185.5,240002,1200,0
2025-12-31 00:00:00,88258.0,89108.0,87067.0,87644.5,202822,1200,0
2026-01-01 00:00:00,87563.0,88403.5,87331.5,88266.0,107273,1200,0
2026-01-02 00:00:00,88355.0,90956.5,88161.0,90017.5,296674,1200,0
2026-01-03 00:00:00,90057.0,90696.5,89281.5,90492.0,153157,1200,0
2026-01-04 00:00:00,90522.0,91769.5,90398.0,91233.0,193334,1200,0
2026-01-05 00:00:00,91230.0,94814.0,91068.0,94123.0,346935,1200,0
2026-01-06 00:00:00,94071.0,94446.5,91190.5,93271.0,324974,1200,0
2026-01-07 00:00:00,93293.0,93767.5,90568.5,91052.0,305971,1200,0
2026-01-08 00:00:00,90926.0,91576.5,89168.0,91205.0,322113,1200,0
2026-01-09 00:00:00,91240.0,91954.0,89594.0,90409.0,303650,1200,0
2026-01-10 00:00:00,90411.0,90710.0,90219.0,90378.5,96710,1200,0
2026-01-11 00:00:00,90462.0,91162.0,90254.0,90634.0,112488,1200,0
2026-01-12 00:00:00,90647.0,92427.0,89965.92,90986.0,300137,1200,0
2026-01-13 00:00:00,91172.0,94517.5,90914.0,94104.5,287629,1200,0
2026-01-14 00:00:00,94070.0,97961.5,94069.0,97513.5,304641,1200,0
2026-01-15 00:00:00,97497.0,97566.0,95105.0,95557.0,331521,1200,0
2026-01-16 00:00:00,95556.0,95852.0,94227.0,95459.0,235005,1200,0
2026-01-17 00:00:00,95468.0,95617.0,94971.0,95277.0,103692,1200,0
2026-01-18 00:00:00,95270.0,95501.5,94752.0,95409.5,110030,1200,0
2026-01-19 00:00:00,95386.0,95525.0,91799.0,92961.0,234702,1200,0
2026-01-20 00:00:00,92962.0,93023.0,89117.0,89391.0,340651,1200,0
2026-01-21 00:00:00,89405.0,90484.0,87128.0,90175.0,442021,1200,0
2026-01-22 00:00:00,90169.0,90324.0,88406.0,89175.5,307771,1200,0
2026-01-23 00:00:00,89190.0,91148.0,88456.5,89235.5,324983,1500,0
2026-01-24 00:00:00,89463.0,89814.5,88999.0,89252.5,71727,1500,0
2026-01-25 00:00:00,89304.0,89370.5,86034.0,86491.0,214476,1500,0
2026-01-26 00:00:00,86505.0,88789.0,85922.0,87969.5,354048,1500,0
2026-01-27 00:00:00,88011.0,89434.0,87174.5,88950.5,296557,1500,0
2026-01-28 00:00:00,89074.0,90469.5,88699.0,89274.0,355466,1500,0
2026-01-29 00:00:00,89342.0,89400.0,83229.0,84353.0,359443,1500,0
2026-01-30 00:00:00,84422.0,84601.0,80919.0,84207.0,507403,1500,0
2026-01-31 00:00:00,83918.0,84172.5,75597.0,78136.0,376649,1500,0
2026-02-01 00:00:00,78369.0,79163.0,76234.0,76365.0,403989,1500,0
2026-02-02 00:00:00,76444.0,79302.0,74502.0,78442.5,556332,1500,0
2026-02-03 00:00:00,78486.0,79142.0,72836.0,76152.0,485343,1500,0
2026-02-04 00:00:00,76196.0,76889.5,72016.0,72607.0,500778,1500,0
2026-02-05 00:00:00,72772.0,73527.0,62121.0,63165.0,738896,1500,0
2026-02-06 00:00:00,63170.0,71483.5,59813.0,70325.0,711415,1500,0
2026-02-07 00:00:00,70497.0,71692.0,67522.0,69416.0,443782,1500,0
2026-02-08 00:00:00,69455.0,71521.0,68733.0,70660.0,341312,1500,0
2026-02-09 00:00:00,70724.0,72207.0,68248.0,70395.0,531552,1500,0
2026-02-10 00:00:00,70369.0,70708.5,67828.0,68588.0,462281,1500,0
2026-02-11 00:00:00,68697.0,69261.0,65695.5,67770.0,533242,1500,0
2026-02-12 00:00:00,67832.0,68393.5,65061.0,65762.0,471548,1500,0
2026-02-13 00:00:00,65777.0,69415.0,65529.0,68787.0,450422,1500,0
2026-02-14 00:00:00,68934.0,70526.0,68683.0,69901.0,223634,1500,0
2026-02-15 00:00:00,69899.0,70952.5,68010.0,68865.0,284520,1500,0
2026-02-16 00:00:00,68882.0,70102.5,67224.0,68863.0,413123,1500,0
2026-02-17 00:00:00,68834.0,69217.0,66536.0,67637.5,499531,1500,0
2026-02-18 00:00:00,67628.0,68450.5,65807.0,66275.0,459172,1500,0
2026-02-19 00:00:00,66311.0,67310.0,65574.0,66894.5,359431,1500,0
2026-02-20 00:00:00,66880.0,68316.0,66413.0,67788.5,336849,1500,0
2026-02-21 00:00:00,67764.0,68691.5,67513.0,68359.0,142491,1500,0
2026-02-22 00:00:00,68369.0,68417.0,67108.0,67573.0,162512,1500,0
2026-02-23 00:00:00,67594.0,67720.0,63849.5,64550.0,382970,1500,0
2026-02-24 00:00:00,64551.0,65008.28,62467.0,64047.5,401135,1500,0
2026-02-25 00:00:00,63978.0,70019.0,63842.0,68913.0,424771,1500,0
2026-02-26 00:00:00,69024.0,69212.0,66477.0,67461.5,480140,1500,0
2026-02-27 00:00:00,67431.0,68238.0,65087.0,65529.0,440143,1500,0
2026-02-28 00:00:00,65617.0,67168.5,63005.0,66702.0,355610,1500,0
2026-03-01 00:00:00,66783.0,68212.0,65078.0,65727.5,364143,1500,0
2026-03-02 00:00:00,65630.0,70135.0,65006.0,69438.0,517064,1500,0
2026-03-03 00:00:00,69390.0,69532.5,66082.0,68056.0,528501,1500,0
2026-03-04 00:00:00,68046.0,74083.0,67361.0,73356.0,479181,1500,0
2026-03-05 00:00:00,73327.0,73595.0,70650.0,71160.0,431767,1500,0
2026-03-06 00:00:00,71144.0,71444.5,67739.5,68302.0,453117,1500,0
2026-03-07 00:00:00,68265.0,68557.0,66931.0,67455.0,193925,1500,0
2026-03-08 00:00:00,67411.0,68224.0,66528.0,67211.0,248726,1500,0
2026-03-09 00:00:00,67216.0,69537.0,65572.0,69006.0,473821,1500,0
2026-03-10 00:00:00,69004.0,71797.0,68367.0,70242.0,429604,1500,0
2026-03-11 00:00:00,70217.0,71375.0,68966.0,70675.0,405470,1500,0
2026-03-12 00:00:00,70759.0,70964.0,69188.0,70203.0,384848,1500,0
2026-03-13 00:00:00,70189.0,73936.0,70027.0,71374.5,426891,1500,0
2026-03-14 00:00:00,71055.0,71329.0,70335.0,70829.0,181177,1500,0
2026-03-15 00:00:00,70768.0,72003.0,70554.0,71743.0,204411,1500,0
2026-03-16 00:00:00,71718.0,74542.5,71518.0,74215.0,388797,1500,0
2026-03-17 00:00:00,74190.0,76001.0,73379.0,74563.0,395335,1500,0
2026-03-18 00:00:00,74502.0,74831.0,70466.0,71223.0,361013,1500,0
2026-03-19 00:00:00,71173.0,71622.5,68733.0,70488.5,375563,1500,0
2026-03-20 00:00:00,70479.0,71367.0,69352.0,70032.5,342829,1500,0
2026-03-21 00:00:00,69971.0,71069.0,69906.0,70431.0,153298,1500,0
2026-03-22 00:00:00,70430.0,70488.0,68055.0,68172.5,215039,1500,0
2026-03-23 00:00:00,68161.0,71814.0,67276.0,70884.5,481087,1500,0
2026-03-24 00:00:00,70919.0,71395.0,68839.0,70046.5,392596,1000,0
2026-03-25 00:00:00,70088.0,72032.5,69813.0,70972.5,321482,1000,0
2026-03-26 00:00:00,70975.0,71550.0,68064.0,68943.5,322198,1000,0
2026-03-27 00:00:00,68926.0,69144.0,65481.0,65975.5,343872,1000,0
2026-03-28 00:00:00,65970.0,67270.0,65852.0,66886.5,124932,1000,0
2026-03-29 00:00:00,66909.0,67071.5,66099.0,66544.5,168979,1000,0
2026-03-30 00:00:00,66633.0,68119.0,64922.0,66591.0,351122,1000,0
2026-03-31 00:00:00,66633.0,68528.0,65917.0,68213.5,354344,1000,0
2026-04-01 00:00:00,68172.0,69275.0,67499.0,68181.0,291692,1000,0
2026-04-02 00:00:00,68180.0,68656.5,65656.0,66940.0,331457,1000,0
2026-04-03 00:00:00,66993.0,67385.0,66258.0,66819.5,219627,1000,0
2026-04-04 00:00:00,66799.0,67554.5,66761.0,67258.0,103011,1000,0
2026-04-05 00:00:00,67268.0,67806.0,66562.0,67610.5,145140,1000,0
2026-04-06 00:00:00,67624.0,70371.0,67305.0,69834.5,307798,1000,0
2026-04-07 00:00:00,69794.0,69801.0,67676.0,69309.5,297865,1000,0
2026-04-08 00:00:00,69343.0,72862.5,69292.0,71382.5,358137,1000,0
2026-04-09 00:00:00,71345.0,72589.0,70464.0,72432.0,275049,1000,0
2026-04-10 00:00:00,72363.0,73469.0,71411.0,73399.5,254855,1000,0
2026-04-11 00:00:00,73031.0,73844.0,72534.0,73347.0,140620,1000,0
2026-04-12 00:00:00,73274.0,73618.0,70598.0,71372.5,174378,1000,0
2026-04-13 00:00:00,71334.0,73527.0,70493.0,73224.0,238342,1000,0
2026-04-14 00:00:00,73119.0,76113.0,73025.0,74120.5,266582,1000,0
2026-04-15 00:00:00,74094.0,75311.5,73515.0,74872.5,304189,1000,0
2026-04-16 00:00:00,74831.0,75537.0,73282.0,75231.0,309223,1000,0
2026-04-17 00:00:00,75249.0,78395.0,74521.0,77395.0,309145,1000,0
2026-04-18 00:00:00,77422.0,77559.5,75454.0,75815.0,190185,1000,0
2026-04-19 00:00:00,75752.0,76289.5,74426.0,74646.5,227650,1000,0
2026-04-20 00:00:00,74653.0,76597.0,73709.0,76310.0,305051,1000,0
2026-04-21 00:00:00,76263.0,76916.0,74803.0,75755.5,312817,1000,0
2026-04-22 00:00:00,75738.0,79514.0,75297.0,78446.5,480603,1000,0
2026-04-23 00:00:00,78462.0,78877.0,76950.0,77894.5,498744,1000,0
2026-04-24 00:00:00,77837.0,78592.0,77326.0,77725.5,427900,1000,0
2026-04-25 00:00:00,77509.0,77908.5,77132.0,77496.5,148169,1000,0
2026-04-26 00:00:00,77462.0,78535.0,77342.0,78219.5,188275,1000,0
2026-04-27 00:00:00,78192.0,79503.0,76443.0,76978.5,480500,1000,0
2026-04-28 00:00:00,76921.0,77483.0,75631.0,76454.5,388752,1000,0
2026-04-29 00:00:00,76463.0,77893.5,74882.0,75667.0,429050,1000,0
2026-04-30 00:00:00,75614.0,76648.5,75286.0,76458.5,429912,1000,0
2026-05-01 00:00:00,76484.0,78933.5,76157.0,77884.0,361291,1000,0
2026-05-02 00:00:00,77859.0,78597.5,77720.0,78453.5,118668,1000,0
2026-05-03 00:00:00,78467.0,79254.0,78065.0,78917.5,100076,1000,0
2026-05-04 00:00:00,78885.0,80767.0,78178.0,79921.5,487364,1000,0
2026-05-05 00:00:00,79942.0,81783.5,79693.0,81640.5,347678,1000,0
2026-05-06 00:00:00,81631.0,82826.0,80706.0,81404.5,437344,1000,0
2026-05-07 00:00:00,81434.0,81720.0,79450.0,79860.5,386338,1000,0
2026-05-08 00:00:00,79875.0,80512.0,79147.0,80121.5,326736,1000,0
2026-05-09 00:00:00,80139.0,81062.5,80100.0,80791.5,138969,1000,0
2026-05-10 00:00:00,80805.0,81569.0,80243.0,80695.0,123299,1000,0
2026-05-11 00:00:00,80812.0,82466.0,80401.0,81796.5,374951,1000,0
2026-05-12 00:00:00,81817.0,81962.0,79806.0,80674.5,327305,1000,0
2026-05-13 00:00:00,80706.0,81292.0,78675.0,79694.5,294385,1000,0
2026-05-14 00:00:00,79692.0,82055.5,78884.0,81372.0,303947,1000,0
2026-05-15 00:00:00,81421.0,81658.0,78575.0,79070.5,388422,1000,0
2026-05-16 00:00:00,79031.0,79192.0,77601.0,78246.5,131546,1000,0
2026-05-17 00:00:00,78246.0,78566.0,77680.5,78258.0,138589,1000,0
2026-05-18 00:00:00,78258.0,78457.5,75984.5,76865.5,410640,1000,0
2026-05-19 00:00:00,76923.0,77355.5,76055.0,76959.5,351046,1000,0
2026-05-20 00:00:00,76984.0,77797.0,76417.0,77660.5,305030,1000,0
2026-05-21 00:00:00,77682.0,78122.5,76620.0,77624.5,299477,1000,0
2026-05-22 00:00:00,77724.0,77839.5,75559.0,75900.0,266920,1000,0
2026-05-23 00:00:00,75883.0,77162.0,74133.0,77150.0,175688,1000,0
2026-05-24 00:00:00,77326.0,77482.0,76087.0,76511.0,165755,1000,0
2026-05-25 00:00:00,76640.0,77822.5,75892.0,77204.5,218213,1000,0
2026-05-26 00:00:00,77311.0,78016.5,75548.0,75985.5,323393,1000,0
2026-05-27 00:00:00,76094.0,76104.0,74513.0,75139.5,303188,1000,0
2026-05-28 00:00:00,75228.0,75241.0,72448.0,73462.5,374252,1000,0
2026-05-29 00:00:00,73587.0,74235.5,72357.0,73569.5,334248,1000,0
2026-05-30 00:00:00,73480.0,74031.0,73075.0,73853.5,129614,1000,0
2026-05-31 00:00:00,73965.0,74164.0,73251.0,73625.5,133177,1000,0
2026-06-01 00:00:00,73732.0,74098.5,70546.5,71351.5,370214,1000,0
2026-06-02 00:00:00,71402.0,71487.5,66252.0,67475.5,477825,1000,0
2026-06-03 00:00:00,67583.0,67817.5,64637.0,64896.5,517220,1000,0
2026-06-04 00:00:00,64956.0,65755.0,61276.0,63590.5,672100,1000,0
2026-06-05 00:00:00,63663.0,63916.5,59090.0,61625.0,754564,1000,0
2026-06-06 00:00:00,61772.0,61980.0,59460.0,60679.0,499683,1000,0
2026-06-07 00:00:00,60706.0,62934.5,60373.0,61868.5,452578,1000,0
2026-06-08 00:00:00,61872.0,64193.5,61615.0,63423.0,592102,1000,0
2026-06-09 00:00:00,63493.0,63836.0,60707.0,62090.5,541444,1000,0
2026-06-10 00:00:00,62167.0,62813.0,60641.0,61732.5,630100,1000,0
2026-06-11 00:00:00,61735.0,63846.0,61026.0,63334.0,515090,1000,0
2026-06-12 00:00:00,63396.0,64357.5,62750.5,63419.0,431575,1000,0
2026-06-13 00:00:00,63394.0,64312.5,63238.0,64247.5,181153,1000,0
2026-06-14 00:00:00,64270.0,64723.0,63636.5,63963.0,180001,1000,0
2026-06-15 00:00:00,63999.0,67256.5,63832.0,66459.0,499914,1000,0
2026-06-16 00:00:00,66485.0,66953.5,65282.0,65779.5,456468,1000,0
2026-06-17 00:00:00,65854.0,66394.0,63947.0,64348.0,474479,1000,0
2026-06-18 00:00:00,64421.0,64752.0,62161.0,62997.5,466555,1000,0
2026-06-19 00:00:00,63069.0,63363.5,62239.0,63197.0,358658,1000,0
2026-06-20 00:00:00,63148.0,64312.0,62970.5,63846.0,214278,1000,0
2026-06-21 00:00:00,63924.0,64511.0,63609.0,63759.0,237685,1000,0
2026-06-22 00:00:00,63842.0,65556.5,63190.0,64366.5,415795,1000,0
2026-06-23 00:00:00,64419.0,64466.0,61833.0,62363.0,369114,1000,0
2026-06-24 00:00:00,62467.0,63134.0,59003.0,60857.5,455903,1000,0
2026-06-25 00:00:00,60974.0,61869.0,57979.4,59328.0,469393,1000,0
2026-06-26 00:00:00,59458.0,60659.0,58220.0,59640.0,577183,1000,0
2026-06-27 00:00:00,59504.0,60833.0,59440.0,60179.5,179984,1000,0
2026-06-28 00:00:00,60311.0,60466.0,59145.0,59548.0,232682,1000,0
2026-06-29 00:00:00,59636.0,60695.0,58774.5,60200.0,564247,1000,0
2026-06-30 00:00:00,60291.0,60491.0,58070.0,58658.0,363616,1000,0
2026-07-01 00:00:00,58731.0,60462.5,57703.0,60055.5,386861,1000,0
2026-07-02 00:00:00,60123.0,62147.0,59499.5,61507.0,434524,1000,0
2026-07-03 00:00:00,61559.0,62834.0,61154.5,62724.5,284937,1000,0
2026-07-04 00:00:00,62618.0,63414.0,62273.5,63177.0,185811,1000,0
2026-07-05 00:00:00,63211.0,63401.5,62381.0,62686.5,163506,1000,0
2026-07-06 00:00:00,62692.0,63940.5,61247.0,63794.5,449141,1000,0
2026-07-07 00:00:00,63825.0,64654.0,62594.0,63653.5,428782,1000,0
2026-07-08 00:00:00,63775.0,63831.0,61455.0,62056.5,434516,760,0
2026-07-09 00:00:00,62077.0,63447.0,61619.0,63246.0,340935,1000,0
2026-07-10 00:00:00,63350.0,64670.5,62855.0,63792.5,305174,1000,0
2026-07-11 00:00:00,63844.0,64463.5,63685.0,64350.0,123620,1000,0
2026-07-12 00:00:00,64389.0,64415.0,63576.0,64157.5,142756,1000,0
2026-07-13 00:00:00,64190.0,64390.5,61701.0,62134.0,361971,1000,0
2026-07-14 00:00:00,62201.0,64891.0,61777.0,64528.5,360949,1000,0
2026-07-15 00:00:00,64573.0,65542.5,64428.0,64918.5,299689,1000,0
2026-07-16 00:00:00,64959.0,65006.0,63769.0,64092.5,313610,1000,0
2026-07-17 00:00:00,64111.0,64356.0,62455.0,64074.0,357723,1000,0
2026-07-18 00:00:00,64022.0,64692.5,63798.0,64658.0,85876,1000,0
2026-07-19 00:00:00,64676.0,64931.2,64189.0,64464.0,111027,1000,0
2026-07-20 00:00:00,64519.0,65752.5,63696.5,65309.5,359680,1000,0
2026-07-21 00:00:00,65315.0,66927.5,65079.0,66371.5,288511,1000,0
2026-07-22 00:00:00,66347.0,66695.0,65490.0,65873.5,302690,1000,0
2026-07-23 00:00:00,65909.0,66288.0,64565.0,65078.5,339820,1000,0
2026-07-24 00:00:00,65138.0,65760.0,63649.5,64091.0,348128,1000,0
2026-07-25 00:00:00,64067.0,64393.5,63718.0,64268.0,106965,1000,0
2026-07-26 00:00:00,64314.0,64875.0,64078.0,64590.5,124858,1000,0
2026-07-27 00:00:00,64650.0,65695.0,64336.0,64890.5,370014,1000,0
2026-07-28 00:00:00,64936.0,64938.0,62636.0,63831.5,405221,1000,0
2026-07-29 00:00:00,63919.0,64661.0,63288.0,63428.5,448369,1000,0
2026-07-30 00:00:00,63499.0,65104.5,63047.0,64708.0,380473,1000,0
2026-07-31 00:00:00,64785.0,65340.0,62348.0,62883.5,364030,1000,0
2026-08-01 00:00:00,62893.1,63143.0,62211.0,62601.5,125787,1000,0
2026-08-02 00:00:00,62684.0,63575.5,62551.0,63411.0,163251,1000,0
2026-08-03 00:00:00,63487.0,64031.5,62198.0,63734.5,337415,1000,0
2026-08-04 00:00:00,63806.0,64377.5,63249.5,64286.5,318973,1000,0
2026-08-05 00:00:00,64155.0,64969.0,63806.5,64778.5,292012,860,0
2026-08-06 00:00:00,64679.0,64945.5,64062.0,64383.5,276891,1000,0
2026-08-07 00:00:00,64397.5,65347.0,64097.0,64933.5,285947,1000,0
2026-08-08 00:00:00,64927.5,65144.5,64773.0,64986.5,74548,1000,0
