time,open,high,low,close,tick_volume,spread,real_volume
2000-12-25 00:00:00,0.9225,0.9285,0.9195,0.9257,149,50,0
2000-12-26 00:00:00,0.9256,0.9332,0.9232,0.93,157,50,0
2000-12-27 00:00:00,0.9306,0.9347,0.9271,0.9315,144,50,0
2000-12-28 00:00:00,0.9306,0.9325,0.9242,0.9301,162,50,0
2000-12-29 00:00:00,0.9291,0.9433,0.9275,0.9426,182,50,0
2001-01-01 00:00:00,0.9424,0.9426,0.9404,0.9411,501,50,0
2001-01-02 00:00:00,0.9421,0.9523,0.9365,0.9511,227,50,0
2001-01-03 00:00:00,0.9506,0.9578,0.926,0.9275,406,50,0
2001-01-04 00:00:00,0.9274,0.9525,0.9266,0.9502,291,50,0
2001-01-05 00:00:00,0.9506,0.9599,0.9461,0.9579,204,50,0
2001-01-08 00:00:00,0.9582,0.9595,0.9459,0.9478,169,50,0
2001-01-09 00:00:00,0.9472,0.9484,0.9381,0.9435,170,50,0
2001-01-10 00:00:00,0.9435,0.947,0.9357,0.9375,167,50,0
2001-01-11 00:00:00,0.9371,0.9564,0.936,0.9527,253,50,0
2001-01-12 00:00:00,0.9522,0.9585,0.9465,0.9522,241,50,0
2001-01-15 00:00:00,0.9522,0.9532,0.9407,0.9425,154,50,0
2001-01-16 00:00:00,0.9415,0.9449,0.9368,0.9417,161,50,0
2001-01-17 00:00:00,0.9422,0.9454,0.9284,0.9367,286,50,0
2001-01-18 00:00:00,0.9358,0.9475,0.935,0.9429,180,50,0
2001-01-19 00:00:00,0.9425,0.9513,0.9329,0.9348,292,50,0
2001-01-22 00:00:00,0.9345,0.941,0.9265,0.9391,245,50,0
2001-01-23 00:00:00,0.9384,0.9457,0.9341,0.9349,198,50,0
2001-01-24 00:00:00,0.9345,0.938,0.9207,0.9246,248,50,0
2001-01-25 00:00:00,0.9238,0.9257,0.9113,0.9247,280,50,0
2001-01-26 00:00:00,0.9246,0.9322,0.9195,0.9249,252,50,0
2001-01-29 00:00:00,0.9235,0.9266,0.9155,0.9175,163,50,0
2001-01-30 00:00:00,0.917,0.9286,0.9142,0.9266,193,50,0
2001-01-31 00:00:00,0.9263,0.9383,0.925,0.9379,151,50,0
2001-02-01 00:00:00,0.9375,0.9451,0.9361,0.9375,181,50,0
2001-02-02 00:00:00,0.9371,0.9428,0.9314,0.9365,223,50,0
2001-02-05 00:00:00,0.9351,0.9447,0.935,0.9383,163,50,0
2001-02-06 00:00:00,0.9379,0.9391,0.9278,0.9316,164,50,0
2001-02-07 00:00:00,0.9305,0.9354,0.9255,0.9297,191,50,0
2001-02-08 00:00:00,0.9284,0.931,0.9147,0.9184,227,50,0
2001-02-09 00:00:00,0.9185,0.9279,0.913,0.9246,238,50,0
2001-02-12 00:00:00,0.9253,0.9333,0.9244,0.9326,106,50,0
2001-02-13 00:00:00,0.932,0.9336,0.9165,0.9211,234,50,0
2001-02-14 00:00:00,0.9202,0.9228,0.9162,0.9182,113,50,0
2001-02-15 00:00:00,0.918,0.9205,0.9023,0.9059,244,50,0
2001-02-16 00:00:00,0.9049,0.9183,0.9043,0.9148,182,50,0
2001-02-19 00:00:00,0.9129,0.9225,0.9118,0.9217,127,50,0
2001-02-20 00:00:00,0.9207,0.9246,0.9047,0.911,302,50,0
2001-02-21 00:00:00,0.9106,0.9188,0.9054,0.9101,264,50,0
2001-02-22 00:00:00,0.9096,0.9134,0.9011,0.904,191,50,0
2001-02-23 00:00:00,0.9026,0.9212,0.9024,0.9197,206,50,0
2001-02-26 00:00:00,0.9172,0.9192,0.9076,0.9107,168,50,0
2001-02-27 00:00:00,0.9098,0.9213,0.9077,0.9178,193,50,0
2001-02-28 00:00:00,0.9184,0.9265,0.9156,0.9239,164,50,0
2001-03-01 00:00:00,0.9229,0.9325,0.9221,0.9299,139,50,0
2001-03-02 00:00:00,0.9306,0.9388,0.9285,0.9366,147,50,0
2001-03-05 00:00:00,0.9361,0.937,0.9259,0.9269,131,50,0
2001-03-06 00:00:00,0.9259,0.9354,0.9249,0.9343,127,50,0
2001-03-07 00:00:00,0.9339,0.9377,0.9258,0.9297,197,50,0
2001-03-08 00:00:00,0.9286,0.935,0.9269,0.9326,123,50,0
2001-03-09 00:00:00,0.932,0.938,0.9291,0.9337,162,50,0
2001-03-12 00:00:00,0.9316,0.935,0.9256,0.9298,171,50,0
2001-03-13 00:00:00,0.9293,0.9309,0.9124,0.9146,224,50,0
2001-03-14 00:00:00,0.9146,0.9219,0.9076,0.9117,258,50,0
2001-03-15 00:00:00,0.9114,0.9129,0.8947,0.8982,233,50,0
2001-03-16 00:00:00,0.8978,0.901,0.8912,0.8988,187,50,0
2001-03-19 00:00:00,0.8967,0.9026,0.893,0.8997,163,50,0
2001-03-20 00:00:00,0.899,0.9127,0.8983,0.9114,165,50,0
2001-03-21 00:00:00,0.9108,0.9132,0.8928,0.8964,265,50,0
2001-03-22 00:00:00,0.896,0.8973,0.883,0.8886,213,50,0
2001-03-23 00:00:00,0.8882,0.8974,0.885,0.8895,236,50,0
2001-03-26 00:00:00,0.8894,0.8978,0.8882,0.8971,116,50,0
2001-03-27 00:00:00,0.8966,0.8997,0.8892,0.8936,181,50,0
2001-03-28 00:00:00,0.893,0.8955,0.8842,0.8862,159,50,0
2001-03-29 00:00:00,0.8866,0.8892,0.8794,0.883,161,50,0
2001-03-30 00:00:00,0.8822,0.8882,0.8747,0.876,209,50,0
2001-04-02 00:00:00,0.874,0.8843,0.8731,0.8798,167,50,0
2001-04-03 00:00:00,0.8794,0.8989,0.8792,0.8973,216,50,0
2001-04-04 00:00:00,0.8973,0.9057,0.8931,0.9017,209,50,0
2001-04-05 00:00:00,0.9009,0.9096,0.8935,0.8974,288,50,0
2001-04-06 00:00:00,0.8966,0.9055,0.8921,0.9045,190,50,0
2001-04-09 00:00:00,0.9033,0.9055,0.8957,0.8969,133,50,0
2001-04-10 00:00:00,0.8962,0.8999,0.8864,0.8892,201,50,0
2001-04-11 00:00:00,0.8886,0.8922,0.8805,0.8883,232,50,0
2001-04-12 00:00:00,0.8878,0.8953,0.8833,0.893,189,50,0
2001-04-13 00:00:00,0.8924,0.8942,0.8876,0.8885,94,50,0
2001-04-16 00:00:00,0.8884,0.8909,0.8825,0.8891,162,50,0
2001-04-17 00:00:00,0.8887,0.8917,0.8772,0.8839,243,50,0
2001-04-18 00:00:00,0.883,0.8904,0.8694,0.8843,408,50,0
2001-04-19 00:00:00,0.8833,0.8991,0.8804,0.898,228,50,0
2001-04-20 00:00:00,0.8971,0.9054,0.8945,0.9031,159,50,0
2001-04-23 00:00:00,0.9013,0.9088,0.8944,0.8977,253,50,0
2001-04-24 00:00:00,0.897,0.9025,0.8928,0.8942,167,50,0
2001-04-25 00:00:00,0.8933,0.9009,0.8906,0.8978,162,50,0
2001-04-26 00:00:00,0.8978,0.9047,0.8943,0.9035,152,50,0
2001-04-27 00:00:00,0.9027,0.906,0.8881,0.8925,257,50,0
2001-04-30 00:00:00,0.8912,0.8933,0.8845,0.8885,150,50,0
2001-05-01 00:00:00,0.8891,0.8947,0.8854,0.8936,142,50,0
2001-05-02 00:00:00,0.8934,0.8956,0.888,0.8941,146,50,0
2001-05-03 00:00:00,0.8933,0.8983,0.8877,0.8899,179,50,0
2001-05-04 00:00:00,0.8894,0.9014,0.8885,0.8931,222,50,0
2001-05-07 00:00:00,0.8924,0.8942,0.8891,0.8907,86,50,0
2001-05-08 00:00:00,0.8903,0.8921,0.8818,0.8855,159,50,0
2001-05-09 00:00:00,0.8848,0.8873,0.8809,0.8866,111,50,0
2001-05-10 00:00:00,0.8858,0.8929,0.8778,0.8817,262,50,0
2001-05-11 00:00:00,0.8812,0.8826,0.8733,0.8756,131,50,0
2001-05-14 00:00:00,0.8755,0.8764,0.8724,0.8742,19377,50,0
2001-05-15 00:00:00,0.8741,0.8802,0.8729,0.8782,22183,50,0
2001-05-16 00:00:00,0.8781,0.8871,0.8744,0.883,28287,50,0
2001-05-17 00:00:00,0.8831,0.8883,0.8791,0.8827,28782,50,0
2001-05-18 00:00:00,0.8828,0.8835,0.8753,0.88,25858,50,0
2001-05-21 00:00:00,0.8799,0.8822,0.8739,0.8765,23350,50,0
2001-05-22 00:00:00,0.8766,0.8779,0.8626,0.8652,26288,50,0
2001-05-23 00:00:00,0.8653,0.8667,0.8547,0.8555,28789,50,0
2001-05-24 00:00:00,0.8556,0.8612,0.85,0.857,22154,50,0
2001-05-25 00:00:00,0.8572,0.8632,0.8535,0.8605,25065,50,0
2001-05-28 00:00:00,0.8605,0.8611,0.8576,0.8603,15739,50,0
2001-05-29 00:00:00,0.8604,0.8617,0.8527,0.8558,22809,50,0
2001-05-30 00:00:00,0.8559,0.8594,0.8534,0.8551,23042,50,0
2001-05-31 00:00:00,0.8552,0.8573,0.844,0.8444,26938,50,0
2001-06-01 00:00:00,0.845,0.85,0.8431,0.848,23823,50,0
2001-06-04 00:00:00,0.8472,0.8542,0.8438,0.8461,17365,50,0
2001-06-05 00:00:00,0.8464,0.8551,0.8423,0.8546,21472,50,0
2001-06-06 00:00:00,0.8545,0.8571,0.8444,0.847,22182,50,0
2001-06-07 00:00:00,0.8469,0.8523,0.8455,0.8514,21640,50,0
2001-06-08 00:00:00,0.8515,0.8521,0.8456,0.8506,19987,50,0
2001-06-11 00:00:00,0.8493,0.8544,0.841,0.8442,20713,50,0
2001-06-12 00:00:00,0.8441,0.8542,0.8413,0.8532,23737,50,0
2001-06-13 00:00:00,0.8531,0.857,0.8509,0.8552,21133,50,0
2001-06-14 00:00:00,0.8551,0.8638,0.8485,0.8628,23435,50,0
2001-06-15 00:00:00,0.8627,0.8676,0.8597,0.8616,25573,50,0
2001-06-18 00:00:00,0.8629,0.8648,0.8573,0.8605,21589,50,0
2001-06-19 00:00:00,0.8606,0.8611,0.8523,0.8539,22516,50,0
2001-06-20 00:00:00,0.8536,0.8561,0.8494,0.8547,21240,50,0
2001-06-21 00:00:00,0.8549,0.8586,0.8512,0.8547,22818,50,0
2001-06-22 00:00:00,0.8548,0.8581,0.8509,0.8568,19280,50,0
2001-06-25 00:00:00,0.8568,0.8628,0.8563,0.8591,21751,50,0
2001-06-26 00:00:00,0.8592,0.8656,0.8582,0.8638,23471,50,0
2001-06-27 00:00:00,0.8637,0.8665,0.858,0.8595,22567,50,0
2001-06-28 00:00:00,0.8596,0.8619,0.8429,0.8443,31910,50,0
2001-06-29 00:00:00,0.8442,0.8504,0.8434,0.8496,24636,50,0
2001-07-02 00:00:00,0.8503,0.8509,0.8439,0.8473,25538,50,0
2001-07-03 00:00:00,0.8482,0.8513,0.8453,0.8476,27565,50,0
2001-07-04 00:00:00,0.8477,0.8505,0.8427,0.8464,24713,50,0
2001-07-05 00:00:00,0.8461,0.8484,0.8353,0.8392,31655,50,0
2001-07-06 00:00:00,0.8391,0.8478,0.8347,0.8478,25463,50,0
2001-07-09 00:00:00,0.8473,0.8521,0.8443,0.8495,28768,50,0
2001-07-10 00:00:00,0.85,0.8578,0.8485,0.8552,27848,50,0
2001-07-11 00:00:00,0.8553,0.8645,0.853,0.858,28599,50,0
2001-07-12 00:00:00,0.8582,0.8588,0.8504,0.8538,24821,50,0
2001-07-13 00:00:00,0.8537,0.8565,0.8507,0.8545,22164,50,0
2001-07-16 00:00:00,0.854,0.8595,0.852,0.8523,20581,50,0
2001-07-17 00:00:00,0.8525,0.8613,0.8488,0.8594,24138,50,0
2001-07-18 00:00:00,0.8593,0.8747,0.8569,0.8738,29176,50,0
2001-07-19 00:00:00,0.8737,0.8783,0.8676,0.8719,28586,50,0
2001-07-20 00:00:00,0.8718,0.8789,0.8701,0.8716,26590,50,0
2001-07-23 00:00:00,0.8705,0.8721,0.8649,0.869,23982,50,0
2001-07-24 00:00:00,0.8691,0.8773,0.8685,0.8734,25298,50,0
2001-07-25 00:00:00,0.8733,0.8818,0.8713,0.8803,26730,50,0
2001-07-26 00:00:00,0.8802,0.8827,0.8745,0.8778,24161,50,0
2001-07-27 00:00:00,0.8779,0.881,0.8721,0.8769,22734,50,0
2001-07-30 00:00:00,0.8777,0.8781,0.8721,0.8742,23602,50,0
2001-07-31 00:00:00,0.8743,0.8771,0.873,0.8751,14026,50,0
2001-08-01 00:00:00,0.8806,0.8822,0.8797,0.8812,1967,50,0
2001-08-02 00:00:00,0.8811,0.8845,0.8783,0.8836,20728,50,0
2001-08-03 00:00:00,0.8835,0.8878,0.8775,0.8834,22360,50,0
2001-08-06 00:00:00,0.8835,0.8838,0.8783,0.8814,20322,50,0
2001-08-07 00:00:00,0.8813,0.8819,0.8751,0.8775,21379,50,0
2001-08-08 00:00:00,0.8774,0.8813,0.8738,0.8804,23608,50,0
2001-08-09 00:00:00,0.8805,0.8945,0.8798,0.8921,24894,50,0
2001-08-10 00:00:00,0.8922,0.8963,0.8908,0.8936,24275,50,0
2001-08-13 00:00:00,0.8938,0.9011,0.892,0.8971,24386,50,0
2001-08-14 00:00:00,0.897,0.9039,0.8935,0.9027,24681,50,0
2001-08-15 00:00:00,0.9026,0.9155,0.9017,0.9138,25146,50,0
2001-08-16 00:00:00,0.9139,0.9204,0.9092,0.9114,26923,50,0
2001-08-17 00:00:00,0.9115,0.9189,0.9099,0.918,28775,50,0
2001-08-20 00:00:00,0.9178,0.9207,0.9106,0.9139,46464,50,0
2001-08-21 00:00:00,0.9139,0.9187,0.9079,0.9178,43045,50,0
2001-08-22 00:00:00,0.9179,0.9246,0.9118,0.9132,18240,50,0
2001-08-23 00:00:00,0.9132,0.9174,0.9095,0.9147,22013,50,0
2001-08-24 00:00:00,0.9148,0.9172,0.9071,0.9134,30842,50,0
2001-08-27 00:00:00,0.9123,0.9136,0.9079,0.9117,23627,50,0
2001-08-28 00:00:00,0.9122,0.914,0.9022,0.9127,27747,50,0
2001-08-29 00:00:00,0.9127,0.9155,0.908,0.9084,28398,50,0
2001-08-30 00:00:00,0.9082,0.9189,0.9057,0.9163,28749,50,0
2001-08-31 00:00:00,0.9162,0.9204,0.9064,0.9112,26099,50,0
2001-09-03 00:00:00,0.9104,0.9107,0.9055,0.9078,17922,50,0
2001-09-04 00:00:00,0.9077,0.9082,0.8847,0.8884,26660,50,0
2001-09-05 00:00:00,0.8885,0.8915,0.8842,0.8865,26089,50,0
2001-09-06 00:00:00,0.8866,0.8973,0.8823,0.8954,28371,50,0
2001-09-07 00:00:00,0.8955,0.9074,0.8928,0.906,23050,50,0
2001-09-10 00:00:00,0.9066,0.9083,0.8971,0.8983,27337,50,0
2001-09-11 00:00:00,0.8982,0.9173,0.8952,0.9113,27084,50,0
2001-09-12 00:00:00,0.911,0.9153,0.9007,0.9071,26782,50,0
2001-09-13 00:00:00,0.907,0.9128,0.9046,0.9108,25797,50,0
2001-09-14 00:00:00,0.9107,0.9252,0.908,0.9204,25679,50,0
2001-09-17 00:00:00,0.9235,0.9338,0.9168,0.9243,33509,50,0
2001-09-18 00:00:00,0.9244,0.9287,0.9183,0.9268,41028,50,0
2001-09-19 00:00:00,0.9268,0.933,0.9229,0.9262,35161,50,0
2001-09-20 00:00:00,0.9263,0.9297,0.9227,0.9273,30667,50,0
2001-09-21 00:00:00,0.9275,0.9278,0.9086,0.9134,25650,50,0
2001-09-24 00:00:00,0.9134,0.9202,0.9103,0.9164,23971,50,0
2001-09-25 00:00:00,0.9165,0.9253,0.9158,0.9231,16689,50,0
2001-09-26 00:00:00,0.9232,0.9249,0.9194,0.923,27360,50,0
2001-09-27 00:00:00,0.9229,0.9238,0.9158,0.9179,26396,50,0
2001-09-28 00:00:00,0.9176,0.9188,0.9077,0.9102,26253,50,0
2001-10-01 00:00:00,0.9115,0.9182,0.9059,0.9169,23766,50,0
2001-10-02 00:00:00,0.917,0.9201,0.9131,0.9182,25868,50,0
2001-10-03 00:00:00,0.9181,0.9237,0.9124,0.9141,27258,50,0
2001-10-04 00:00:00,0.9142,0.919,0.911,0.918,25486,50,0
2001-10-05 00:00:00,0.9181,0.921,0.9155,0.9185,26220,50,0
2001-10-08 00:00:00,0.919,0.9246,0.9164,0.9203,23185,50,0
2001-10-09 00:00:00,0.9202,0.923,0.9122,0.9133,26400,50,0
2001-10-10 00:00:00,0.9134,0.9161,0.9097,0.9105,27351,50,0
2001-10-11 00:00:00,0.9106,0.9128,0.8989,0.9025,28151,50,0
2001-10-12 00:00:00,0.9027,0.9128,0.901,0.9099,23737,50,0
2001-10-15 00:00:00,0.9116,0.9142,0.9063,0.9078,20643,50,0
2001-10-16 00:00:00,0.908,0.9116,0.9037,0.9079,22719,50,0
2001-10-17 00:00:00,0.9078,0.9098,0.9008,0.903,24773,50,0
2001-10-18 00:00:00,0.9032,0.906,0.8996,0.9035,23023,50,0
2001-10-19 00:00:00,0.9034,0.9039,0.8964,0.8984,20689,50,0
2001-10-22 00:00:00,0.8985,0.9005,0.8894,0.8912,18872,50,0
2001-10-23 00:00:00,0.8911,0.8932,0.8867,0.8904,21583,50,0
2001-10-24 00:00:00,0.8902,0.8947,0.8896,0.8937,20245,50,0
2001-10-25 00:00:00,0.8938,0.8983,0.8876,0.8924,19887,50,0
2001-10-26 00:00:00,0.8925,0.8954,0.8903,0.8925,19740,50,0
2001-10-29 00:00:00,0.8923,0.9062,0.8919,0.9053,22486,50,0
2001-10-30 00:00:00,0.9052,0.9105,0.9032,0.9046,24381,50,0
2001-10-31 00:00:00,0.9047,0.9083,0.8985,0.9001,23758,50,0
2001-11-01 00:00:00,0.9002,0.9123,0.899,0.9022,24544,50,0
2001-11-02 00:00:00,0.9023,0.9073,0.9005,0.903,23338,50,0
2001-11-05 00:00:00,0.9017,0.9024,0.8942,0.8973,23631,50,0
2001-11-06 00:00:00,0.8975,0.8999,0.8939,0.8943,21607,50,0
2001-11-07 00:00:00,0.8944,0.9043,0.8936,0.8979,29504,50,0
2001-11-08 00:00:00,0.8979,0.8999,0.8904,0.8925,40930,50,0
2001-11-09 00:00:00,0.8925,0.895,0.8888,0.8946,35733,50,0
2001-11-12 00:00:00,0.8946,0.9019,0.8911,0.8938,27332,50,0
2001-11-13 00:00:00,0.8938,0.8942,0.879,0.8812,21870,50,0
2001-11-14 00:00:00,0.8811,0.8845,0.8769,0.8828,42190,50,0
2001-11-15 00:00:00,0.8827,0.8858,0.8799,0.8818,31051,50,0
2001-11-16 00:00:00,0.8818,0.8868,0.8808,0.8843,29399,50,0
2001-11-19 00:00:00,0.8843,0.8856,0.8764,0.8781,37043,50,0
2001-11-20 00:00:00,0.8781,0.8846,0.8779,0.8833,35713,50,0
2001-11-21 00:00:00,0.8832,0.8841,0.8752,0.8779,33494,50,0
2001-11-22 00:00:00,0.8779,0.8798,0.8761,0.8782,16938,50,0
2001-11-23 00:00:00,0.8782,0.8816,0.8735,0.878,15777,50,0
2001-11-26 00:00:00,0.8782,0.8835,0.8777,0.8805,23406,50,0
2001-11-27 00:00:00,0.8805,0.8841,0.8769,0.8831,23471,50,0
2001-11-28 00:00:00,0.8832,0.8888,0.8817,0.8878,32656,50,0
2001-11-29 00:00:00,0.8878,0.8923,0.8856,0.8873,28386,50,0
2001-11-30 00:00:00,0.8873,0.8985,0.8847,0.8962,32226,50,0
2001-12-03 00:00:00,0.8958,0.8971,0.8889,0.8913,39945,50,0
2001-12-04 00:00:00,0.8912,0.8926,0.8885,0.8906,37008,50,0
2001-12-05 00:00:00,0.8905,0.8942,0.8845,0.8881,38186,50,0
2001-12-06 00:00:00,0.8881,0.8957,0.8864,0.8946,40457,50,0
2001-12-07 00:00:00,0.8947,0.8952,0.8884,0.8891,39379,50,0
2001-12-10 00:00:00,0.8894,0.892,0.884,0.8908,38653,50,0
2001-12-11 00:00:00,0.8908,0.8936,0.8881,0.8925,35997,50,0
2001-12-12 00:00:00,0.8924,0.8991,0.892,0.8977,37431,50,0
2001-12-13 00:00:00,0.8977,0.8995,0.8918,0.8926,40850,50,0
2001-12-14 00:00:00,0.8926,0.9058,0.892,0.9042,50340,50,0
2001-12-17 00:00:00,0.9034,0.9085,0.9015,0.9019,38587,50,0
2001-12-18 00:00:00,0.9019,0.9047,0.8994,0.9032,26835,50,0
2001-12-19 00:00:00,0.9032,0.9036,0.8952,0.9009,30096,50,0
2001-12-20 00:00:00,0.901,0.9013,0.8962,0.8992,17984,50,0
2001-12-21 00:00:00,0.8992,0.9018,0.8854,0.8878,23053,50,0
2001-12-24 00:00:00,0.8887,0.8912,0.8741,0.8788,13012,50,0
2001-12-25 00:00:00,0.8789,0.8826,0.8767,0.8769,921,50,0
2001-12-26 00:00:00,0.8773,0.8822,0.8765,0.8803,5009,50,0
2001-12-27 00:00:00,0.8803,0.8874,0.8774,0.8835,14900,50,0
2001-12-28 00:00:00,0.8835,0.8848,0.879,0.884,15322,50,0
2001-12-31 00:00:00,0.8845,0.8925,0.8825,0.8899,12536,50,0
2002-01-01 00:00:00,0.8898,0.8907,0.8884,0.8895,257,50,0
2002-01-02 00:00:00,0.8895,0.9069,0.8883,0.9034,36698,50,0
2002-01-03 00:00:00,0.9034,0.9062,0.8974,0.8992,38187,50,0
2002-01-04 00:00:00,0.8991,0.9005,0.8939,0.8947,20847,50,0
2002-01-07 00:00:00,0.8949,0.8999,0.8881,0.8934,15315,50,0
2002-01-08 00:00:00,0.8934,0.8939,0.8882,0.8934,16397,50,0
2002-01-09 00:00:00,0.8934,0.8954,0.8865,0.8912,15443,50,0
2002-01-10 00:00:00,0.8912,0.8941,0.89,0.8914,15386,50,0
2002-01-11 00:00:00,0.8914,0.8935,0.8896,0.8923,13089,50,0
2002-01-14 00:00:00,0.8946,0.8957,0.8913,0.8941,25183,50,0
2002-01-15 00:00:00,0.8941,0.8948,0.882,0.8836,31287,50,0
2002-01-16 00:00:00,0.8835,0.8848,0.8801,0.8835,32285,50,0
2002-01-17 00:00:00,0.8835,0.8855,0.8792,0.8814,30151,50,0
2002-01-18 00:00:00,0.8813,0.8856,0.8794,0.8839,33967,50,0
2002-01-21 00:00:00,0.884,0.8869,0.8826,0.8833,33114,50,0
2002-01-22 00:00:00,0.8833,0.8877,0.8811,0.8867,36861,50,0
2002-01-23 00:00:00,0.8867,0.8894,0.8766,0.8773,35643,50,0
2002-01-24 00:00:00,0.8773,0.8796,0.8752,0.8777,26939,50,0
2002-01-25 00:00:00,0.8777,0.8789,0.8631,0.8659,27067,50,0
2002-01-28 00:00:00,0.8646,0.8667,0.857,0.8618,23793,50,0
2002-01-29 00:00:00,0.8618,0.8663,0.8591,0.8652,40095,50,0
2002-01-30 00:00:00,0.8652,0.8678,0.8599,0.8623,44289,50,0
2002-01-31 00:00:00,0.8623,0.865,0.8574,0.8592,47857,50,0
2002-02-01 00:00:00,0.8592,0.8646,0.8562,0.8617,51394,50,0
2002-02-04 00:00:00,0.8616,0.8712,0.8605,0.8698,7453,50,0
2002-02-05 00:00:00,0.8697,0.8734,0.8649,0.8672,8897,50,0
2002-02-06 00:00:00,0.8673,0.871,0.8631,0.867,8616,50,0
2002-02-07 00:00:00,0.8669,0.872,0.8643,0.8703,9117,50,0
2002-02-08 00:00:00,0.8703,0.8757,0.8697,0.8728,7612,50,0
2002-02-11 00:00:00,0.8707,0.8804,0.8702,0.8764,9023,50,0
2002-02-12 00:00:00,0.8764,0.8803,0.8738,0.8766,8461,50,0
2002-02-13 00:00:00,0.8766,0.8774,0.8703,0.8716,7163,50,0
2002-02-14 00:00:00,0.8711,0.8751,0.8679,0.8742,7942,50,0
2002-02-15 00:00:00,0.8743,0.8745,0.8693,0.8734,6103,50,0
2002-02-18 00:00:00,0.8733,0.8745,0.8699,0.8706,4287,50,0
2002-02-19 00:00:00,0.8707,0.8786,0.8663,0.8763,7146,50,0
2002-02-20 00:00:00,0.8764,0.8786,0.8685,0.8695,7826,50,0
2002-02-21 00:00:00,0.8695,0.8723,0.8679,0.8703,7152,50,0
2002-02-22 00:00:00,0.8703,0.8779,0.8679,0.8756,7060,50,0
2002-02-25 00:00:00,0.8754,0.876,0.8686,0.869,5770,50,0
2002-02-26 00:00:00,0.8691,0.8725,0.8613,0.8638,6785,50,0
2002-02-27 00:00:00,0.8639,0.8671,0.8624,0.8661,6747,50,0
2002-02-28 00:00:00,0.8661,0.8701,0.8628,0.8694,7930,50,0
2002-03-01 00:00:00,0.8693,0.8696,0.8629,0.8649,6116,50,0
2002-03-04 00:00:00,0.8649,0.8718,0.863,0.8699,6566,50,0
2002-03-05 00:00:00,0.8698,0.8731,0.8648,0.8716,6909,50,0
2002-03-06 00:00:00,0.8715,0.8779,0.8694,0.8764,6896,50,0
2002-03-07 00:00:00,0.8764,0.8843,0.8738,0.8815,8740,50,0
2002-03-08 00:00:00,0.8814,0.8821,0.8719,0.8742,7189,50,0
2002-03-11 00:00:00,0.8737,0.8777,0.873,0.8751,5882,50,0
2002-03-12 00:00:00,0.8751,0.8766,0.8703,0.8757,6112,50,0
2002-03-13 00:00:00,0.8757,0.8787,0.8721,0.8756,6356,50,0
2002-03-14 00:00:00,0.8757,0.8847,0.8751,0.8825,7834,50,0
2002-03-15 00:00:00,0.8827,0.8873,0.8807,0.8825,7843,50,0
2002-03-18 00:00:00,0.8811,0.8834,0.878,0.8824,6294,50,0
2002-03-19 00:00:00,0.8824,0.8846,0.8794,0.8819,6763,50,0
2002-03-20 00:00:00,0.8819,0.8863,0.8785,0.8857,7217,50,0
2002-03-21 00:00:00,0.8857,0.8866,0.8804,0.8824,6577,50,0
2002-03-22 00:00:00,0.8824,0.8832,0.8747,0.8769,7298,50,0
2002-03-25 00:00:00,0.8767,0.8782,0.8762,0.877,1109,50,0
2002-03-26 00:00:00,0.877,0.8801,0.873,0.8766,6756,50,0
2002-03-27 00:00:00,0.8767,0.8772,0.8717,0.8724,5715,50,0
2002-03-28 00:00:00,0.8726,0.8745,0.8698,0.8712,6453,50,0
2002-03-29 00:00:00,0.8715,0.8732,0.8706,0.8714,1623,50,0
2002-04-01 00:00:00,0.8715,0.8824,0.871,0.8806,5105,50,0
2002-04-02 00:00:00,0.8807,0.8819,0.8771,0.8793,7241,50,0
2002-04-03 00:00:00,0.879,0.8834,0.8772,0.8809,5572,50,0
2002-04-04 00:00:00,0.8811,0.8861,0.8761,0.8783,7473,50,0
2002-04-05 00:00:00,0.8778,0.8817,0.877,0.8792,5781,50,0
2002-04-08 00:00:00,0.8791,0.8796,0.8735,0.8747,5594,50,0
2002-04-09 00:00:00,0.8748,0.8817,0.8735,0.881,5135,50,0
2002-04-10 00:00:00,0.8812,0.8829,0.8786,0.8804,5303,50,0
2002-04-11 00:00:00,0.8804,0.885,0.8789,0.882,5400,50,0
2002-04-12 00:00:00,0.882,0.8827,0.8771,0.8796,4581,50,0
2002-04-15 00:00:00,0.8795,0.8825,0.8787,0.8795,4046,50,0
2002-04-16 00:00:00,0.8794,0.8842,0.8789,0.8824,4123,50,0
2002-04-17 00:00:00,0.8822,0.8916,0.8815,0.8903,6452,50,0
2002-04-18 00:00:00,0.8904,0.8926,0.8852,0.8908,6581,50,0
2002-04-19 00:00:00,0.8906,0.8927,0.8877,0.8917,5037,50,0
2002-04-22 00:00:00,0.8893,0.8911,0.8866,0.8895,4730,50,0
2002-04-23 00:00:00,0.8895,0.8905,0.8859,0.8886,4464,50,0
2002-04-24 00:00:00,0.8886,0.8934,0.8871,0.8926,4280,50,0
2002-04-25 00:00:00,0.8926,0.8995,0.8913,0.8977,6041,50,0
2002-04-26 00:00:00,0.8976,0.9023,0.8959,0.9017,5475,50,0
2002-04-29 00:00:00,0.9014,0.9048,0.9007,0.9033,4523,50,0
2002-04-30 00:00:00,0.9032,0.9043,0.8989,0.9006,5148,50,0
2002-05-01 00:00:00,0.9004,0.9089,0.8993,0.9063,5817,50,0
2002-05-02 00:00:00,0.9064,0.9078,0.9009,0.903,6168,50,0
2002-05-03 00:00:00,0.9032,0.9178,0.9023,0.917,5637,50,0
2002-05-06 00:00:00,0.9164,0.9189,0.9134,0.918,3668,50,0
2002-05-07 00:00:00,0.918,0.9193,0.9113,0.9144,6280,50,0
2002-05-08 00:00:00,0.9145,0.9148,0.9033,0.9049,6329,50,0
2002-05-09 00:00:00,0.9048,0.9117,0.9037,0.9096,6173,50,0
2002-05-10 00:00:00,0.9097,0.9152,0.9083,0.9139,5771,50,0
2002-05-13 00:00:00,0.9132,0.9173,0.9093,0.9129,14377,50,0
2002-05-14 00:00:00,0.912,0.9126,0.9009,0.903,19196,50,0
2002-05-15 00:00:00,0.9028,0.9071,0.8992,0.9058,11119,50,0
2002-05-16 00:00:00,0.9117,0.9148,0.9082,0.9121,15858,50,0
2002-05-17 00:00:00,0.9118,0.9155,0.911,0.9148,3559,50,0
2002-05-20 00:00:00,0.9204,0.9236,0.9177,0.9209,15574,50,0
2002-05-21 00:00:00,0.9209,0.9228,0.9159,0.9193,19453,50,0
2002-05-22 00:00:00,0.9193,0.9283,0.9174,0.9257,19518,50,0
2002-05-23 00:00:00,0.9257,0.9275,0.9178,0.9213,20077,50,0
2002-05-24 00:00:00,0.9214,0.9237,0.916,0.921,16559,50,0
2002-05-27 00:00:00,0.9205,0.9229,0.9184,0.9206,5594,50,0
2002-05-28 00:00:00,0.9294,0.9303,0.9275,0.9284,3322,50,0
2002-05-29 00:00:00,0.9284,0.9375,0.9269,0.9351,20520,50,0
2002-05-30 00:00:00,0.9356,0.9377,0.9344,0.9362,3732,50,0
2002-05-31 00:00:00,0.9379,0.9394,0.928,0.9325,12657,50,0
2002-06-03 00:00:00,0.9326,0.9427,0.93,0.9408,6032,50,0
2002-06-04 00:00:00,0.9408,0.9458,0.9385,0.9394,7438,50,0
2002-06-05 00:00:00,0.9392,0.9422,0.9349,0.9392,6555,50,0
2002-06-06 00:00:00,0.9393,0.9485,0.9334,0.9472,7438,50,0
2002-06-07 00:00:00,0.9472,0.9491,0.9425,0.9445,7682,50,0
2002-06-10 00:00:00,0.943,0.9488,0.9386,0.9441,6820,50,0
2002-06-11 00:00:00,0.9442,0.95,0.9401,0.9482,6775,50,0
2002-06-12 00:00:00,0.9482,0.9511,0.9425,0.9431,8207,50,0
2002-06-13 00:00:00,0.9436,0.948,0.9393,0.943,7589,50,0
2002-06-14 00:00:00,0.9431,0.9528,0.9412,0.9457,7490,50,0
2002-06-17 00:00:00,0.9451,0.9471,0.9407,0.9446,5812,50,0
2002-06-18 00:00:00,0.9448,0.9532,0.9432,0.9525,7679,50,0
2002-06-19 00:00:00,0.9524,0.9585,0.9513,0.9578,7128,50,0
2002-06-20 00:00:00,0.9576,0.9672,0.9554,0.9645,7056,50,0
2002-06-21 00:00:00,0.9644,0.9723,0.9627,0.9713,6708,50,0
2002-06-24 00:00:00,0.97,0.982,0.9677,0.9705,8418,50,0
2002-06-25 00:00:00,0.9705,0.9805,0.9658,0.9788,9329,50,0
2002-06-26 00:00:00,0.9792,0.995,0.9784,0.9825,10028,50,0
2002-06-27 00:00:00,0.9823,0.9905,0.9807,0.988,8019,50,0
2002-06-28 00:00:00,0.9878,0.9995,0.9834,0.9906,8271,50,0
2002-07-01 00:00:00,0.991,0.9976,0.9858,0.9914,8414,50,0
2002-07-02 00:00:00,0.9909,0.9924,0.9796,0.9863,9531,50,0
2002-07-03 00:00:00,0.9863,0.9868,0.9765,0.98,8973,50,0
2002-07-04 00:00:00,0.9802,0.9824,0.9746,0.9789,9809,50,0
2002-07-05 00:00:00,0.9785,0.979,0.9713,0.9733,6099,50,0
2002-07-08 00:00:00,0.9744,0.9921,0.9738,0.9906,9598,50,0
2002-07-09 00:00:00,0.9905,0.9958,0.9868,0.9926,8677,50,0
2002-07-10 00:00:00,0.9925,0.9974,0.9857,0.989,9300,50,0
2002-07-11 00:00:00,0.9891,0.9944,0.983,0.988,9581,50,0
2002-07-12 00:00:00,0.9877,0.9928,0.9848,0.9911,7685,50,0
2002-07-15 00:00:00,0.9913,1.0094,0.991,1.0036,9064,50,0
2002-07-16 00:00:00,1.0036,1.015,1.0032,1.0126,9481,50,0
2002-07-17 00:00:00,1.0126,1.0164,1.0031,1.0069,9467,50,0
2002-07-18 00:00:00,1.0069,1.0124,1.0039,1.0119,8577,50,0
2002-07-19 00:00:00,1.0121,1.0216,1.01,1.015,9361,50,0
2002-07-22 00:00:00,1.0113,1.0138,1.0054,1.0077,9967,50,0
2002-07-23 00:00:00,1.0077,1.008,0.9843,0.9893,11158,50,0
2002-07-24 00:00:00,0.9894,0.9982,0.987,0.9951,9956,50,0
2002-07-25 00:00:00,0.9956,1.0063,0.9936,1.0034,10679,50,0
2002-07-26 00:00:00,1.0035,1.007,0.9858,0.9873,9541,50,0
2002-07-29 00:00:00,0.9873,0.9892,0.9768,0.9811,8386,50,0
2002-07-30 00:00:00,0.9811,0.9895,0.9775,0.983,8395,50,0
2002-07-31 00:00:00,0.9831,0.9858,0.9758,0.9772,8302,50,0
2002-08-01 00:00:00,0.9772,0.986,0.9723,0.9844,8509,50,0
2002-08-02 00:00:00,0.9843,0.9922,0.9834,0.9865,9046,50,0
2002-08-05 00:00:00,0.9867,0.9879,0.9797,0.9807,8446,50,0
2002-08-06 00:00:00,0.9805,0.981,0.962,0.9658,10769,50,0
2002-08-07 00:00:00,0.9658,0.9765,0.9638,0.9747,9649,50,0
2002-08-08 00:00:00,0.9746,0.9775,0.9638,0.9668,9320,50,0
2002-08-09 00:00:00,0.9667,0.9743,0.9652,0.97,8569,50,0
2002-08-12 00:00:00,0.9703,0.9802,0.9692,0.9786,8269,50,0
2002-08-13 00:00:00,0.9786,0.9851,0.975,0.9845,8357,50,0
2002-08-14 00:00:00,0.9845,0.9895,0.9759,0.9773,8381,50,0
2002-08-15 00:00:00,0.9771,0.9851,0.9744,0.9825,8956,50,0
2002-08-16 00:00:00,0.9824,0.987,0.978,0.9844,7527,50,0
2002-08-19 00:00:00,0.9846,0.985,0.9747,0.9773,7934,50,0
2002-08-20 00:00:00,0.9776,0.9813,0.9725,0.9776,8826,50,0
2002-08-21 00:00:00,0.9783,0.9851,0.9749,0.98,7312,50,0
2002-08-22 00:00:00,0.9799,0.981,0.9671,0.9691,7958,50,0
2002-08-23 00:00:00,0.969,0.9737,0.9662,0.9727,7080,50,0
2002-08-26 00:00:00,0.9729,0.9746,0.9681,0.9716,4868,50,0
2002-08-27 00:00:00,0.9718,0.9842,0.9702,0.9828,7882,50,0
2002-08-28 00:00:00,0.9829,0.9839,0.9778,0.9788,7648,50,0
2002-08-29 00:00:00,0.9787,0.9889,0.9775,0.9836,7253,50,0
2002-08-30 00:00:00,0.9834,0.9865,0.9794,0.9828,6714,50,0
2002-09-02 00:00:00,0.9821,0.9851,0.9796,0.9842,4689,50,0
2002-09-03 00:00:00,0.9843,0.9978,0.9829,0.9965,7065,50,0
2002-09-04 00:00:00,0.9965,0.9976,0.9901,0.9922,7907,50,0
2002-09-05 00:00:00,0.9923,0.9993,0.9884,0.9914,8080,50,0
2002-09-06 00:00:00,0.9915,0.9956,0.9802,0.9815,7723,50,0
2002-09-09 00:00:00,0.9817,0.9831,0.9778,0.9797,2406,50,0
2002-09-10 00:00:00,0.9798,0.984,0.972,0.9751,3879,50,0
2002-09-11 00:00:00,0.975,0.9772,0.9699,0.9759,2730,50,0
2002-09-12 00:00:00,0.976,0.9826,0.9739,0.9818,3661,50,0
2002-09-13 00:00:00,0.9817,0.9842,0.9703,0.9718,3673,50,0
2002-09-16 00:00:00,0.9707,0.973,0.9663,0.9688,3137,50,0
2002-09-17 00:00:00,0.9688,0.9752,0.9607,0.9738,4184,50,0
2002-09-18 00:00:00,0.9738,0.9798,0.9685,0.9775,4174,50,0
2002-09-19 00:00:00,0.9774,0.9877,0.9761,0.9873,4316,50,0
2002-09-20 00:00:00,0.9872,0.9878,0.9782,0.9813,3861,50,0
2002-09-23 00:00:00,0.9808,0.9861,0.9748,0.9779,3257,50,0
2002-09-24 00:00:00,0.9778,0.984,0.9757,0.9826,4303,50,0
2002-09-25 00:00:00,0.9825,0.9856,0.9756,0.9765,3461,50,0
2002-09-26 00:00:00,0.9766,0.9813,0.9726,0.9772,3973,50,0
2002-09-27 00:00:00,0.9773,0.9813,0.9746,0.9809,2639,50,0
2002-09-30 00:00:00,0.9812,0.9902,0.9804,0.9867,3444,50,0
2002-10-01 00:00:00,0.9868,0.9895,0.9819,0.9823,3923,50,0
2002-10-02 00:00:00,0.9824,0.9873,0.9808,0.9864,3294,50,0
2002-10-03 00:00:00,0.9865,0.9912,0.9853,0.9875,3658,50,0
2002-10-04 00:00:00,0.9874,0.9887,0.9778,0.9793,3331,50,0
2002-10-07 00:00:00,0.9789,0.9841,0.9777,0.9826,1979,50,0
2002-10-08 00:00:00,0.9827,0.9846,0.9763,0.9792,2522,50,0
2002-10-09 00:00:00,0.9791,0.9916,0.9778,0.99,3095,50,0
2002-10-10 00:00:00,0.9903,0.993,0.9845,0.9866,2989,50,0
2002-10-11 00:00:00,0.9863,0.9881,0.9831,0.9868,2366,50,0
2002-10-14 00:00:00,0.9875,0.9894,0.9861,0.9869,1474,50,0
2002-10-15 00:00:00,0.9871,0.9888,0.979,0.9819,2120,50,0
2002-10-16 00:00:00,0.9818,0.9837,0.98,0.9808,1649,50,0
2002-10-17 00:00:00,0.9807,0.981,0.9695,0.9708,2932,50,0
2002-10-18 00:00:00,0.9708,0.9746,0.9696,0.9719,1889,50,0
2002-10-21 00:00:00,0.9719,0.9765,0.9686,0.9733,2088,50,0
2002-10-22 00:00:00,0.9733,0.9805,0.9719,0.9774,2029,50,0
2002-10-23 00:00:00,0.9774,0.9799,0.9745,0.9753,1950,50,0
2002-10-24 00:00:00,0.9751,0.9787,0.9723,0.9775,1943,50,0
2002-10-25 00:00:00,0.9777,0.9797,0.9753,0.9765,1702,50,0
2002-10-28 00:00:00,0.9767,0.985,0.9727,0.9844,2226,50,0
2002-10-29 00:00:00,0.9845,0.9869,0.9806,0.9828,2288,50,0
2002-10-30 00:00:00,0.9828,0.9855,0.9814,0.9845,1618,50,0
2002-10-31 00:00:00,0.9846,0.9912,0.9834,0.9906,2719,50,0
2002-11-01 00:00:00,0.9907,1.0006,0.9888,0.9968,3244,50,0
2002-11-04 00:00:00,0.9967,0.999,0.9931,0.9984,1766,50,0
2002-11-05 00:00:00,0.9987,1.0045,0.9965,0.999,3490,50,0
2002-11-06 00:00:00,0.9987,1.0047,0.9939,1.0047,3174,50,0
2002-11-07 00:00:00,1.0048,1.0101,0.9986,1.0089,5313,50,0
2002-11-08 00:00:00,1.0088,1.015,1.0073,1.013,3677,50,0
2002-11-09 00:00:00,1.016,1.0164,1.0148,1.015,25,50,0
2002-11-11 00:00:00,1.0128,1.0174,1.0093,1.0112,3063,50,0
2002-11-12 00:00:00,1.0103,1.0139,1.0065,1.0124,4309,50,0
2002-11-13 00:00:00,1.0126,1.0128,1.0043,1.0084,3865,50,0
2002-11-14 00:00:00,1.0084,1.0102,1.0028,1.004,3963,50,0
2002-11-15 00:00:00,1.004,1.0099,1.0011,1.0094,3198,50,0
2002-11-16 00:00:00,1.0103,1.0109,1.0028,1.0033,86,50,0
2002-11-17 00:00:00,1.0036,1.0038,1.0036,1.0038,3,50,0
2002-11-18 00:00:00,1.0101,1.0123,1.0055,1.0094,3288,50,0
2002-11-19 00:00:00,1.0093,1.0144,1.0005,1.0034,3777,50,0
2002-11-20 00:00:00,1.0033,1.0047,0.9988,1.0013,3653,50,0
2002-11-21 00:00:00,1.0013,1.0044,0.9977,1.0025,4163,50,0
2002-11-22 00:00:00,1.0025,1.0037,0.9958,0.9972,2670,50,0
2002-11-23 00:00:00,0.9973,0.9975,0.98,0.9802,189,50,0
2002-11-25 00:00:00,0.9968,0.9971,0.989,0.9916,2385,50,0
2002-11-26 00:00:00,0.9916,0.9936,0.9893,0.9936,2565,50,0
2002-11-27 00:00:00,0.9936,0.9943,0.9875,0.9907,2295,50,0
2002-11-28 00:00:00,0.9906,0.9963,0.9892,0.995,1596,50,0
2002-11-29 00:00:00,0.9933,0.9958,0.9917,0.9943,1680,50,0
2002-12-02 00:00:00,0.9943,0.9985,0.9859,0.9969,2791,50,0
2002-12-03 00:00:00,0.9968,1.0005,0.9949,0.9968,2417,50,0
2002-12-04 00:00:00,0.9967,1.0032,0.9962,1.0015,3258,50,0
2002-12-05 00:00:00,1.0015,1.0028,0.9969,1.0002,3192,50,0
2002-12-06 00:00:00,1.0004,1.0132,1.0,1.0099,4367,50,0
2002-12-09 00:00:00,1.0101,1.0121,1.0066,1.011,3402,50,0
2002-12-10 00:00:00,1.0111,1.0142,1.007,1.0076,3185,50,0
2002-12-11 00:00:00,1.0078,1.0104,1.0058,1.0084,3147,50,0
2002-12-12 00:00:00,1.0082,1.0199,1.0073,1.0183,3967,50,0
2002-12-13 00:00:00,1.0185,1.0262,1.0171,1.0227,4490,50,0
2002-12-15 00:00:00,1.0233,1.0233,1.0232,1.0233,3,50,0
2002-12-16 00:00:00,1.0236,1.0252,1.0193,1.0224,3282,50,0
2002-12-17 00:00:00,1.0223,1.0338,1.0206,1.027,9423,50,0
2002-12-18 00:00:00,1.027,1.0292,1.0222,1.0285,21236,50,0
2002-12-19 00:00:00,1.0286,1.0292,1.0204,1.0268,26612,50,0
2002-12-20 00:00:00,1.0266,1.0282,1.0237,1.0271,19496,50,0
2002-12-22 00:00:00,1.0273,1.0281,1.026,1.0267,95,50,0
2002-12-23 00:00:00,1.0265,1.0322,1.0213,1.0265,22140,50,0
2002-12-24 00:00:00,1.0263,1.0329,1.0251,1.0303,16299,50,0
2002-12-25 00:00:00,1.0302,1.0331,1.0277,1.0323,3845,50,0
2002-12-26 00:00:00,1.0323,1.0384,1.0309,1.0366,9311,50,0
2002-12-27 00:00:00,1.0366,1.0445,1.0357,1.0439,11002,50,0
2002-12-30 00:00:00,1.0419,1.0497,1.0408,1.0477,3287,50,0
2002-12-31 00:00:00,1.0476,1.0507,1.0454,1.0491,3042,50,0
2003-01-01 00:00:00,1.0491,1.0503,1.0463,1.048,876,50,0
2003-01-02 00:00:00,1.0478,1.0499,1.0335,1.0362,3411,50,0
2003-01-03 00:00:00,1.0362,1.044,1.0338,1.0417,2814,50,0
2003-01-06 00:00:00,1.0421,1.0499,1.0414,1.0446,33863,50,0
2003-01-07 00:00:00,1.0446,1.0459,1.0394,1.041,30931,50,0
2003-01-08 00:00:00,1.041,1.0536,1.0358,1.05,4607,50,0
2003-01-09 00:00:00,1.0499,1.0542,1.0458,1.0486,16908,50,0
2003-01-10 00:00:00,1.0486,1.0591,1.047,1.0578,27499,50,0
2003-01-13 00:00:00,1.0581,1.0586,1.0521,1.054,6523,50,0
2003-01-14 00:00:00,1.0541,1.0602,1.0535,1.0556,10889,50,0
2003-01-15 00:00:00,1.0556,1.0598,1.05,1.0556,31198,50,0
2003-01-16 00:00:00,1.0554,1.0631,1.0543,1.0612,23630,50,0
2003-01-17 00:00:00,1.0611,1.0685,1.06,1.0667,26015,50,0
2003-01-20 00:00:00,1.0656,1.0682,1.0629,1.0674,20275,50,0
2003-01-21 00:00:00,1.0687,1.0741,1.0628,1.0723,34865,50,0
2003-01-22 00:00:00,1.0723,1.0749,1.068,1.0726,35788,50,0
2003-01-23 00:00:00,1.0726,1.0783,1.0701,1.0746,29942,50,0
2003-01-24 00:00:00,1.0747,1.0861,1.0737,1.0833,33933,50,0
2003-01-27 00:00:00,1.0836999999999999,1.0912,1.078,1.085,32537,50,0
2003-01-28 00:00:00,1.085,1.0852,1.078,1.0825,33322,50,0
2003-01-29 00:00:00,1.0825,1.0904,1.0805,1.0825,25047,50,0
2003-01-30 00:00:00,1.0812,1.0841,1.073,1.082,11804,50,0
2003-01-31 00:00:00,1.0821,1.0836999999999999,1.0722,1.0772,4710,50,0
2003-02-02 00:00:00,1.0791,1.0794,1.0775,1.0778,10,50,0
2003-02-03 00:00:00,1.0776,1.0805,1.0691,1.0789,5170,50,0
2003-02-04 00:00:00,1.0787,1.0911,1.0763,1.0886,4616,50,0
2003-02-05 00:00:00,1.0886,1.094,1.0735,1.0779,6184,50,0
2003-02-06 00:00:00,1.0778,1.0867,1.0764,1.0831,5294,50,0
2003-02-07 00:00:00,1.0833,1.0841,1.0728,1.082,5024,50,0
2003-02-10 00:00:00,1.0819,1.0831,1.0704,1.0715,4212,50,0
2003-02-11 00:00:00,1.0714,1.0765,1.0664,1.0745,4818,50,0
2003-02-12 00:00:00,1.0745,1.0773,1.0702,1.0711,4320,50,0
2003-02-13 00:00:00,1.0711,1.0861,1.0703,1.0841,5849,50,0
2003-02-14 00:00:00,1.084,1.0854,1.0758,1.0791,4947,50,0
2003-02-17 00:00:00,1.0772,1.0775,1.0674,1.0732,3255,50,0
2003-02-18 00:00:00,1.0732,1.0759,1.0675,1.0684,4331,50,0
2003-02-19 00:00:00,1.0682,1.0768,1.0664,1.0745,3440,50,0
2003-02-20 00:00:00,1.0745,1.0836999999999999,1.0743,1.0821,4572,50,0
2003-02-21 00:00:00,1.082,1.085,1.0747,1.0775,3816,50,0
2003-02-24 00:00:00,1.0709,1.0806,1.0705,1.0806,3903,50,0
2003-02-25 00:00:00,1.0806,1.0824,1.0741,1.0749,5150,50,0
2003-02-26 00:00:00,1.0749,1.0813,1.0728,1.08,4489,50,0
2003-02-27 00:00:00,1.0801,1.084,1.0733,1.0747,5904,50,0
2003-02-28 00:00:00,1.0747,1.081,1.0733,1.0806,4772,50,0
2003-03-02 00:00:00,1.0783,1.0788,1.0768,1.0783,339,50,0
2003-03-03 00:00:00,1.0785,1.0904,1.0766,1.0894,5325,50,0
2003-03-04 00:00:00,1.0896,1.0991,1.0873,1.0977999999999999,7092,50,0
2003-03-05 00:00:00,1.098,1.1006,1.0944,1.0966,5944,50,0
2003-03-06 00:00:00,1.0968,1.1014,1.0924,1.0974,6288,50,0
2003-03-07 00:00:00,1.0976,1.1071,1.0966,1.1008,6526,50,0
2003-03-09 00:00:00,1.1006,1.1018,1.1,1.101,153,50,0
2003-03-10 00:00:00,1.1012,1.107,1.1008,1.1044,4966,50,0
2003-03-11 00:00:00,1.1046,1.1086,1.1003,1.1033,5311,50,0
2003-03-12 00:00:00,1.1033,1.106,1.0981,1.0987,4399,50,0
2003-03-13 00:00:00,1.0987,1.099,1.0761,1.0796999999999999,9117,50,0
2003-03-14 00:00:00,1.0799,1.0824,1.0687,1.0743,7522,50,0
2003-03-17 00:00:00,1.0814,1.0847,1.0586,1.0618,8229,50,0
2003-03-18 00:00:00,1.0619,1.0656,1.054,1.0646,7635,50,0
2003-03-19 00:00:00,1.0646,1.0657,1.055,1.0585,7696,50,0
2003-03-20 00:00:00,1.0585,1.0675,1.0527,1.0604,8731,50,0
2003-03-21 00:00:00,1.0604,1.0616,1.0499,1.0533,7587,50,0
2003-03-24 00:00:00,1.0599,1.0679,1.0564,1.0646,6289,50,0
2003-03-25 00:00:00,1.0648,1.0724,1.063,1.0663,6712,50,0
2003-03-26 00:00:00,1.0663,1.0706,1.062,1.0695999999999999,4444,50,0
2003-03-27 00:00:00,1.0697,1.0746,1.0673,1.0697,5588,50,0
2003-03-28 00:00:00,1.0695999999999999,1.0803,1.0667,1.078,5555,50,0
2003-03-31 00:00:00,1.0793,1.0935,1.0778,1.0919,5421,50,0
2003-04-01 00:00:00,1.0921,1.0963,1.0864,1.094,3727,50,0
2003-04-02 00:00:00,1.0937999999999999,1.0947,1.073,1.0766,4252,50,0
2003-04-03 00:00:00,1.0766,1.0794,1.0684,1.0766,4539,50,0
2003-04-04 00:00:00,1.0766,1.0771,1.068,1.0724,3985,50,0
2003-04-07 00:00:00,1.0674,1.0707,1.056,1.0684,3909,50,0
2003-04-08 00:00:00,1.0682,1.0728,1.0641,1.0719,4427,50,0
2003-04-09 00:00:00,1.0719,1.0787,1.0673,1.0772,4199,50,0
2003-04-10 00:00:00,1.0772,1.0834,1.0759,1.0787,4084,50,0
2003-04-11 00:00:00,1.0787,1.079,1.069,1.0753,3216,50,0
2003-04-14 00:00:00,1.0735,1.0813,1.0716,1.0779,2965,50,0
2003-04-15 00:00:00,1.078,1.0824,1.0735,1.0798,3225,50,0
2003-04-16 00:00:00,1.0796000000000001,1.0923,1.0783,1.0911,3348,50,0
2003-04-17 00:00:00,1.0909,1.098,1.0865,1.0881,4281,50,0
2003-04-18 00:00:00,1.088,1.09,1.0873,1.0882,1104,50,0
2003-04-21 00:00:00,1.089,1.0906,1.082,1.0861,4742,50,0
2003-04-22 00:00:00,1.086,1.1007,1.0846,1.0962,9070,50,0
2003-04-23 00:00:00,1.0964,1.0987,1.092,1.0953,8559,50,0
2003-04-24 00:00:00,1.0953,1.1051,1.0944,1.104,10887,50,0
2003-04-25 00:00:00,1.1039,1.1054,1.096,1.1025,11126,50,0
2003-04-28 00:00:00,1.1031,1.108,1.0975,1.0983,8332,50,0
2003-04-29 00:00:00,1.0983,1.1088,1.0931,1.1069,8775,50,0
2003-04-30 00:00:00,1.1067,1.1192,1.1062,1.1172,12532,50,0
2003-05-01 00:00:00,1.1174,1.1289,1.1152,1.1246,10819,50,0
2003-05-02 00:00:00,1.1244,1.1276,1.1187,1.1229,10823,50,0
2003-05-05 00:00:00,1.1218,1.1308,1.1203,1.1296,5402,50,0
2003-05-06 00:00:00,1.1294,1.1457,1.1274,1.1427,10494,50,0
2003-05-07 00:00:00,1.1427,1.1435,1.1328,1.1353,12491,50,0
2003-05-08 00:00:00,1.1355,1.1511,1.1307,1.1486,14206,50,0
2003-05-09 00:00:00,1.1485,1.1541,1.1437,1.1492,11166,50,0
2003-05-12 00:00:00,1.1568,1.1627,1.1524,1.1557,10899,50,0
2003-05-13 00:00:00,1.1559,1.1562000000000001,1.1461999999999999,1.1532,12764,50,0
2003-05-14 00:00:00,1.153,1.1539,1.1467,1.1482,11285,50,0
2003-05-15 00:00:00,1.148,1.1492,1.1369,1.1387,12424,50,0
2003-05-16 00:00:00,1.1387,1.1583,1.1369,1.1578,11506,50,0
2003-05-19 00:00:00,1.166,1.1743000000000001,1.1619,1.1646,13885,50,0
2003-05-20 00:00:00,1.1647,1.1741,1.1602999999999999,1.1736,12146,50,0
2003-05-21 00:00:00,1.1736,1.1748,1.1626,1.1646,11718,50,0
2003-05-22 00:00:00,1.1645,1.1732,1.1618,1.1696,10524,50,0
2003-05-23 00:00:00,1.1698,1.184,1.1665,1.1835,11935,50,0
2003-05-26 00:00:00,1.182,1.1879,1.1799,1.186,5557,50,0
2003-05-27 00:00:00,1.186,1.1938,1.181,1.1814,11671,50,0
2003-05-28 00:00:00,1.1814,1.185,1.1706,1.1755,6083,50,0
2003-05-29 00:00:00,1.1755,1.1919,1.1692,1.1896,9673,50,0
2003-05-30 00:00:00,1.1894,1.1901,1.174,1.1787,13127,50,0
2003-06-02 00:00:00,1.1724999999999999,1.1773,1.1651,1.1747,12982,50,0
2003-06-03 00:00:00,1.1743999999999999,1.1783,1.1685,1.1736,11688,50,0
2003-06-04 00:00:00,1.1736,1.1752,1.1631,1.1648,10909,50,0
2003-06-05 00:00:00,1.165,1.1892,1.1631,1.1841,14107,50,0
2003-06-06 00:00:00,1.1841,1.1884000000000001,1.1683,1.1702,14055,50,0
2003-06-09 00:00:00,1.1702,1.1793,1.1655,1.1711,12781,50,0
2003-06-10 00:00:00,1.1713,1.1745,1.1667,1.1682,10961,50,0
2003-06-11 00:00:00,1.1679,1.1785,1.1657,1.1761,11591,50,0
2003-06-12 00:00:00,1.1761,1.1809,1.1703999999999999,1.1772,10947,50,0
2003-06-13 00:00:00,1.1772,1.1882,1.1734,1.1869,11958,50,0
2003-06-16 00:00:00,1.1879,1.1934,1.1813,1.182,10491,50,0
2003-06-17 00:00:00,1.182,1.1871,1.1767,1.1787,10172,50,0
2003-06-18 00:00:00,1.1786,1.1806,1.1663000000000001,1.1687,10562,50,0
2003-06-19 00:00:00,1.1686,1.1745,1.1582,1.1708,15698,50,0
2003-06-20 00:00:00,1.1709,1.1737,1.1549,1.1585,13059,50,0
2003-06-23 00:00:00,1.1587,1.161,1.1507,1.1553,11144,50,0
2003-06-24 00:00:00,1.1551,1.1585,1.1474,1.1501000000000001,9044,50,0
2003-06-25 00:00:00,1.1501000000000001,1.1627,1.1495,1.1538,11001,50,0
2003-06-26 00:00:00,1.1538,1.1548,1.1414,1.1427,11902,50,0
2003-06-27 00:00:00,1.1429,1.1471,1.1397,1.1421000000000001,11110,50,0
2003-06-30 00:00:00,1.1429,1.1538,1.1400000000000001,1.1522999999999999,8916,50,0
2003-07-01 00:00:00,1.1524,1.1612,1.1507,1.1564,8889,50,0
2003-07-02 00:00:00,1.1565,1.1573,1.1505,1.1532,9306,50,0
2003-07-03 00:00:00,1.1534,1.1545,1.1431,1.1494,10194,50,0
2003-07-04 00:00:00,1.1494,1.1499,1.1448,1.1492,5803,50,0
2003-07-07 00:00:00,1.1469,1.1475,1.1309,1.1325,10199,50,0
2003-07-08 00:00:00,1.1326,1.1355,1.1256,1.1317,11399,50,0
2003-07-09 00:00:00,1.1315,1.137,1.1305,1.1339,9633,50,0
2003-07-10 00:00:00,1.1338,1.1396,1.131,1.1360999999999999,11451,50,0
2003-07-11 00:00:00,1.1362,1.1365,1.1274,1.1313,10489,50,0
2003-07-14 00:00:00,1.1280999999999999,1.1311,1.1241,1.1273,9208,50,0
2003-07-15 00:00:00,1.1273,1.1341,1.1154,1.1182,12035,50,0
2003-07-16 00:00:00,1.1183,1.1236,1.1109,1.1229,11114,50,0
2003-07-17 00:00:00,1.1229,1.1253,1.1155,1.1235,10552,50,0
2003-07-18 00:00:00,1.1235,1.1309,1.1172,1.1292,11828,50,0
2003-07-21 00:00:00,1.1248,1.1360999999999999,1.1242,1.1336,9897,50,0
2003-07-22 00:00:00,1.1336,1.1376,1.1307,1.1326,9913,50,0
2003-07-23 00:00:00,1.1326,1.1495,1.1315,1.1486,10516,50,0
2003-07-24 00:00:00,1.1486,1.1515,1.1421999999999999,1.1471,10186,50,0
2003-07-25 00:00:00,1.1471,1.1554,1.1444,1.1511,9915,50,0
2003-07-28 00:00:00,1.1502,1.1522000000000001,1.1452,1.1488,9058,50,0
2003-07-29 00:00:00,1.1488,1.1543,1.1429,1.1445,10904,50,0
2003-07-30 00:00:00,1.1446,1.1455,1.1332,1.1351,10008,50,0
2003-07-31 00:00:00,1.1351,1.1366,1.1224,1.1238,10496,50,0
2003-08-01 00:00:00,1.1239,1.1277,1.1133,1.1264,11642,50,0
2003-08-04 00:00:00,1.1280000000000001,1.1379,1.126,1.1349,8648,50,0
2003-08-05 00:00:00,1.1351,1.1402,1.1305,1.1395,9247,50,0
2003-08-06 00:00:00,1.1395,1.143,1.1325,1.1343,9605,50,0
2003-08-07 00:00:00,1.1343,1.142,1.1318,1.1378,9681,50,0
2003-08-08 00:00:00,1.1378,1.1381999999999999,1.1287,1.1296,8661,50,0
2003-08-11 00:00:00,1.1299,1.1384,1.1264,1.1360999999999999,5321,50,0
2003-08-12 00:00:00,1.1362,1.1376,1.127,1.1273,8236,50,0
2003-08-13 00:00:00,1.1275,1.1335,1.1218,1.1317,9198,50,0
2003-08-14 00:00:00,1.1315,1.1344,1.1226,1.1273,8902,50,0
2003-08-15 00:00:00,1.1273,1.1292,1.1241,1.1254,8941,50,0
2003-08-18 00:00:00,1.1267,1.1272,1.1125,1.1151,5490,50,0
2003-08-19 00:00:00,1.1151,1.1155,1.1054,1.1139000000000001,8463,50,0
2003-08-20 00:00:00,1.1136,1.1146,1.1081,1.1115,8522,50,0
2003-08-21 00:00:00,1.1115,1.112,1.0882,1.0926,10058,50,0
2003-08-22 00:00:00,1.0926,1.0952,1.0834,1.0888,9258,50,0
2003-08-25 00:00:00,1.0859,1.0923,1.0825,1.0831,7463,50,0
2003-08-26 00:00:00,1.0831,1.0913,1.079,1.0869,9104,50,0
2003-08-27 00:00:00,1.0871,1.0933,1.0831,1.0867,4767,50,0
2003-08-28 00:00:00,1.0869,1.0916,1.081,1.089,6257,50,0
2003-08-29 00:00:00,1.0888,1.1002,1.0869,1.0983,6323,50,0
2003-09-01 00:00:00,1.0991,1.1019,1.0953,1.0974,3871,50,0
2003-09-02 00:00:00,1.0959,1.0967,1.0802,1.0818,5440,50,0
2003-09-03 00:00:00,1.0817,1.0872,1.0762,1.0817,4922,50,0
2003-09-04 00:00:00,1.0817,1.0952,1.0808,1.0937000000000001,6244,50,0
2003-09-05 00:00:00,1.0937999999999999,1.1115,1.0916,1.1107,6741,50,0
2003-09-08 00:00:00,1.1092,1.1133,1.1047,1.1067,5733,50,0
2003-09-09 00:00:00,1.1067,1.1244,1.1054,1.1224,6178,50,0
2003-09-10 00:00:00,1.1225,1.124,1.1162,1.1198,6096,50,0
2003-09-11 00:00:00,1.1198,1.1274,1.1153,1.1193,6303,50,0
2003-09-12 00:00:00,1.1193,1.1328,1.1134,1.1288,6372,50,0
2003-09-15 00:00:00,1.1267,1.1312,1.1246,1.1286,5335,50,0
2003-09-16 00:00:00,1.1285,1.1320000000000001,1.1155,1.1172,5877,50,0
2003-09-17 00:00:00,1.1172,1.1305,1.114,1.1273,6147,50,0
2003-09-18 00:00:00,1.1275,1.1346,1.1228,1.1248,6444,50,0
2003-09-19 00:00:00,1.1248,1.1387,1.124,1.1357,5991,50,0
2003-09-22 00:00:00,1.1492,1.1507,1.1414,1.1477,7460,50,0
2003-09-23 00:00:00,1.1477,1.1531,1.1428,1.144,7565,50,0
2003-09-24 00:00:00,1.1441,1.1507,1.1428,1.148,6137,50,0
2003-09-25 00:00:00,1.1481,1.1538,1.1459,1.1477,6691,50,0
2003-09-26 00:00:00,1.1477,1.1503,1.144,1.1471,5681,50,0
2003-09-29 00:00:00,1.1456,1.1639,1.1397,1.1616,6582,50,0
2003-09-30 00:00:00,1.1616,1.1739,1.1572,1.1669,7789,50,0
2003-10-01 00:00:00,1.1669,1.174,1.1654,1.1713,5704,50,0
2003-10-02 00:00:00,1.1715,1.1771,1.1662,1.1688,6052,50,0
2003-10-03 00:00:00,1.1685,1.1724,1.1551,1.1565,6722,50,0
2003-10-06 00:00:00,1.1581,1.1727,1.1532,1.1707,7422,50,0
2003-10-07 00:00:00,1.1708,1.1816,1.1705,1.178,4858,50,0
2003-10-08 00:00:00,1.1778,1.1841,1.177,1.1822,5548,50,0
2003-10-09 00:00:00,1.182,1.1863,1.1685,1.1734,6510,50,0
2003-10-10 00:00:00,1.1736,1.1853,1.1702,1.181,5496,50,0
2003-10-13 00:00:00,1.181,1.1819,1.1652,1.1705,4203,50,0
2003-10-14 00:00:00,1.1707,1.1771,1.1581,1.1732,8021,50,0
2003-10-15 00:00:00,1.1732,1.1751,1.1589,1.1626,6420,50,0
2003-10-16 00:00:00,1.1625,1.1698,1.157,1.1595,5226,50,0
2003-10-17 00:00:00,1.1593,1.1661,1.1545,1.1654,4848,50,0
2003-10-20 00:00:00,1.1705,1.1708,1.1602000000000001,1.1639,4406,50,0
2003-10-21 00:00:00,1.1637,1.17,1.1617,1.1669,5561,50,0
2003-10-22 00:00:00,1.1668,1.1829,1.165,1.1818,5869,50,0
2003-10-23 00:00:00,1.1816,1.1852,1.1756,1.1823,6055,50,0
2003-10-24 00:00:00,1.1823,1.1859,1.1761,1.1816,5938,50,0
2003-10-27 00:00:00,1.178,1.1788,1.172,1.1738,5588,50,0
2003-10-28 00:00:00,1.1736,1.1743999999999999,1.1656,1.1669,7159,50,0
2003-10-29 00:00:00,1.1668,1.1724,1.1658,1.1668,7237,50,0
2003-10-30 00:00:00,1.1669,1.176,1.161,1.1629,8652,50,0
2003-10-31 00:00:00,1.1628,1.1659,1.1566,1.1572,6468,50,0
2003-11-03 00:00:00,1.1584,1.1623,1.1427,1.1461999999999999,5354,50,0
2003-11-04 00:00:00,1.1461000000000001,1.1516,1.1427,1.1475,5692,50,0
2003-11-05 00:00:00,1.1473,1.1501000000000001,1.1413,1.1427,5786,50,0
2003-11-06 00:00:00,1.1427,1.1467,1.1388,1.1412,5277,50,0
2003-11-07 00:00:00,1.1412,1.1537,1.1376,1.1532,6582,50,0
2003-11-10 00:00:00,1.1507,1.1539,1.1446,1.1454,5142,50,0
2003-11-11 00:00:00,1.1454,1.1533,1.1444,1.1522000000000001,5118,50,0
2003-11-12 00:00:00,1.1509,1.1663000000000001,1.1507,1.1647,5548,50,0
2003-11-13 00:00:00,1.1648,1.1755,1.1634,1.1743000000000001,4062,50,0
2003-11-14 00:00:00,1.1742,1.1807,1.1731,1.177,11196,50,0
2003-11-17 00:00:00,1.1835,1.1851,1.1726,1.1748,12211,50,0
2003-11-18 00:00:00,1.1749,1.1978,1.1735,1.1957,12636,50,0
2003-11-19 00:00:00,1.1959,1.1981,1.1871,1.1894,13580,50,0
2003-11-20 00:00:00,1.1894,1.1973,1.1883,1.1902,11641,50,0
2003-11-21 00:00:00,1.19,1.1942,1.1855,1.1915,8862,50,0
2003-11-24 00:00:00,1.1911,1.192,1.1759,1.1785,9521,50,0
2003-11-25 00:00:00,1.1783,1.1821,1.1752,1.1774,10517,50,0
2003-11-26 00:00:00,1.1774,1.1952,1.1772,1.1932,10060,50,0
2003-11-27 00:00:00,1.1934,1.1939,1.1884000000000001,1.1917,5616,50,0
2003-11-28 00:00:00,1.1917,1.2019,1.1896,1.199,9186,50,0
2003-12-01 00:00:00,1.2022,1.2044,1.1935,1.1959,10844,50,0
2003-12-02 00:00:00,1.1959,1.2115,1.1942,1.2088,10213,50,0
2003-12-03 00:00:00,1.2088,1.2132,1.2064,1.2121,10177,50,0
2003-12-04 00:00:00,1.2121,1.2163,1.2028,1.2079,15449,50,0
2003-12-05 00:00:00,1.2077,1.2173,1.206,1.2163,9273,50,0
2003-12-08 00:00:00,1.217,1.2244,1.2151,1.222,13772,50,0
2003-12-09 00:00:00,1.2218,1.228,1.2185,1.2248999999999999,15308,50,0
2003-12-10 00:00:00,1.2248,1.227,1.2153,1.2191,15315,50,0
2003-12-11 00:00:00,1.219,1.2238,1.2111,1.222,14087,50,0
2003-12-12 00:00:00,1.2222,1.2309,1.2208,1.2294,7301,50,0
2003-12-15 00:00:00,1.218,1.2328000000000001,1.2169,1.2315,14472,50,0
2003-12-16 00:00:00,1.2315,1.2365,1.23,1.2323,16394,50,0
2003-12-17 00:00:00,1.2325,1.2425,1.2294,1.2399,13833,50,0
2003-12-18 00:00:00,1.2401,1.2444,1.2359,1.2424,12304,50,0
2003-12-19 00:00:00,1.2424,1.2436,1.2343,1.2389999999999999,14676,50,0
2003-12-22 00:00:00,1.2355,1.2451,1.2352,1.2397,12488,50,0
2003-12-23 00:00:00,1.2397,1.2434,1.2382,1.2397,12821,50,0
2003-12-24 00:00:00,1.2399,1.2474,1.2386,1.245,5330,50,0
2003-12-25 00:00:00,1.2448,1.2465,1.2433,1.2449,1119,50,0
2003-12-26 00:00:00,1.2448,1.2474,1.2423,1.2429999999999999,2139,50,0
2003-12-29 00:00:00,1.2434,1.2511,1.2425,1.2490999999999999,5809,50,0
2003-12-30 00:00:00,1.249,1.2565,1.2478,1.2549000000000001,6333,50,0
2003-12-31 00:00:00,1.2539,1.2650000000000001,1.2513,1.2559,6714,50,0
2004-01-01 00:00:00,1.2565,1.2565,1.2565,1.2565,2,40,0
2004-01-02 00:00:00,1.2569,1.2631999999999999,1.2522,1.2585,8045,40,0
2004-01-05 00:00:00,1.2635,1.2698,1.263,1.2685,13283,40,0
2004-01-06 00:00:00,1.2685,1.2814,1.2666,1.2721,14462,40,0
2004-01-07 00:00:00,1.2721,1.2745,1.2619,1.2639,7075,40,0
2004-01-08 00:00:00,1.2641,1.2789,1.2559,1.2772999999999999,16681,40,0
2004-01-09 00:00:00,1.2772000000000001,1.2872,1.2704,1.2841,13093,40,0
2004-01-12 00:00:00,1.2847,1.2901,1.2732999999999999,1.274,16351,40,0
2004-01-13 00:00:00,1.274,1.28,1.271,1.2788,18009,40,0
2004-01-14 00:00:00,1.2788,1.279,1.2629000000000001,1.2655,21169,40,0
2004-01-15 00:00:00,1.2654,1.2679,1.256,1.2599,20181,40,0
2004-01-16 00:00:00,1.2599,1.2612,1.2351,1.2374,21608,40,0
2004-01-19 00:00:00,1.2384,1.2426,1.2333,1.2352,9125,40,0
2004-01-20 00:00:00,1.2353,1.2602,1.2344,1.2586,16671,40,0
2004-01-21 00:00:00,1.2586,1.2677,1.255,1.2658,18090,40,0
2004-01-22 00:00:00,1.2658,1.2756,1.2635,1.2721,11690,40,0
2004-01-23 00:00:00,1.2721,1.2779,1.2565,1.2601,17794,40,0
2004-01-26 00:00:00,1.2570999999999999,1.2617,1.2456,1.2485,7020,40,0
2004-01-27 00:00:00,1.2485,1.2668,1.2437,1.2637,13916,40,0
2004-01-28 00:00:00,1.2635,1.2647,1.2407,1.2441,22220,40,0
2004-01-29 00:00:00,1.2439,1.2535,1.236,1.2409,19016,40,0
2004-01-30 00:00:00,1.2408,1.2497,1.2349999999999999,1.2466,19341,40,0
2004-02-02 00:00:00,1.2472,1.2484,1.2395,1.2432,13184,40,0
2004-02-03 00:00:00,1.2433,1.2602,1.2416,1.2544,16830,40,0
2004-02-04 00:00:00,1.2544,1.2565,1.2492,1.2538,20723,40,0
2004-02-05 00:00:00,1.2537,1.2643,1.2519,1.2565,18109,40,0
2004-02-06 00:00:00,1.2567,1.2730000000000001,1.2511999999999999,1.2694,9435,40,0
2004-02-09 00:00:00,1.2647,1.2766,1.2645,1.2692,20002,40,0
2004-02-10 00:00:00,1.2692,1.2792,1.2666,1.2683,16699,40,0
2004-02-11 00:00:00,1.2683,1.285,1.2648,1.283,23526,40,0
2004-02-12 00:00:00,1.2828,1.2849,1.2787,1.2817,19973,40,0
2004-02-13 00:00:00,1.2816,1.2894999999999999,1.2715,1.274,15443,40,0
2004-02-16 00:00:00,1.2727,1.2792,1.2717,1.2761,7186,40,0
2004-02-17 00:00:00,1.2761,1.288,1.2756,1.286,13211,40,0
2004-02-18 00:00:00,1.286,1.2932000000000001,1.266,1.2727,14412,40,0
2004-02-19 00:00:00,1.2729,1.2771,1.2656,1.2756,12159,40,0
2004-02-20 00:00:00,1.2756,1.2765,1.2501,1.2517,13022,40,0
2004-02-23 00:00:00,1.2506,1.26,1.2451,1.2570999999999999,10469,40,0
2004-02-24 00:00:00,1.2570999999999999,1.2716,1.2522,1.2677,12339,40,0
2004-02-25 00:00:00,1.2677,1.2711000000000001,1.2476,1.25,14072,40,0
2004-02-26 00:00:00,1.25,1.2518,1.2381,1.2445,14711,40,0
2004-02-27 00:00:00,1.2445,1.2511,1.2371,1.249,9745,40,0
2004-03-01 00:00:00,1.2536,1.2545,1.2424,1.2445,11616,40,0
2004-03-02 00:00:00,1.2447,1.2454,1.2196,1.2201,14970,40,0
2004-03-03 00:00:00,1.2201,1.2221,1.2058,1.2191,13901,40,0
2004-03-04 00:00:00,1.2191,1.2244,1.2133,1.2203,15768,40,0
2004-03-05 00:00:00,1.2203,1.2433,1.2175,1.2376,12672,40,0
2004-03-08 00:00:00,1.2363,1.2429000000000001,1.2337,1.2422,7338,40,0
2004-03-09 00:00:00,1.2422,1.2461,1.2273,1.2317,11909,40,0
2004-03-10 00:00:00,1.2317,1.2343,1.2197,1.2232,11963,40,0
2004-03-11 00:00:00,1.2231,1.2389999999999999,1.2161,1.2348,15485,40,0
2004-03-12 00:00:00,1.2349,1.2357,1.2172,1.2222,15721,40,0
2004-03-15 00:00:00,1.2212,1.2321,1.2206,1.2272,13930,40,0
2004-03-16 00:00:00,1.2271,1.2375,1.2232,1.226,14675,40,0
2004-03-17 00:00:00,1.226,1.2292,1.2175,1.2224,13333,40,0
2004-03-18 00:00:00,1.2224,1.2437,1.2221,1.2386,15847,40,0
2004-03-19 00:00:00,1.2386,1.2412,1.2254,1.2279,12304,40,0
2004-03-20 00:00:00,1.2275,1.2279,1.2275,1.2279,2,40,0
2004-03-22 00:00:00,1.2275,1.2404,1.2222,1.2344,11243,40,0
2004-03-23 00:00:00,1.2342,1.2373,1.2265,1.2344,11602,40,0
2004-03-24 00:00:00,1.2342,1.2371,1.2104,1.2136,16140,40,0
2004-03-25 00:00:00,1.2138,1.2203,1.2096,1.2134,15540,40,0
2004-03-26 00:00:00,1.2134,1.2215,1.2071,1.2117,13992,40,0
2004-03-29 00:00:00,1.2113,1.2174,1.2052,1.2165,7964,40,0
2004-03-30 00:00:00,1.2163,1.2227999999999999,1.215,1.2182,6367,40,0
2004-03-31 00:00:00,1.2182,1.2326,1.217,1.2312,7737,40,0
2004-04-01 00:00:00,1.2312,1.2393,1.2255,1.2361,5367,40,0
2004-04-02 00:00:00,1.2363,1.2374,1.2101,1.2128,3699,40,0
2004-04-05 00:00:00,1.2113,1.2132,1.1984,1.2012,6676,40,0
2004-04-06 00:00:00,1.201,1.2147000000000001,1.198,1.2131,5754,40,0
2004-04-07 00:00:00,1.2132,1.2204,1.205,1.2161,5390,40,0
2004-04-08 00:00:00,1.2163,1.2221,1.2062,1.2077,5791,40,0
2004-04-09 00:00:00,1.2077,1.2111,1.2063,1.2096,2186,40,0
2004-04-12 00:00:00,1.2085,1.21,1.2053,1.207,4706,40,0
2004-04-13 00:00:00,1.2069,1.2086000000000001,1.1904,1.1934,5528,40,0
2004-04-14 00:00:00,1.1936,1.1976,1.1867,1.1945999999999999,6485,40,0
2004-04-15 00:00:00,1.1942,1.1996,1.1893,1.1987,6823,40,0
2004-04-16 00:00:00,1.1984,1.2049,1.1924,1.1991,7037,40,0
2004-04-19 00:00:00,1.2018,1.208,1.1998,1.2006000000000001,6139,40,0
2004-04-20 00:00:00,1.2005,1.2014,1.182,1.1846,6724,40,0
2004-04-21 00:00:00,1.1846,1.1917,1.1786,1.1801,6225,40,0
2004-04-22 00:00:00,1.1799,1.1932,1.1781,1.1924,6555,40,0
2004-04-23 00:00:00,1.1923,1.1945999999999999,1.1796,1.1839,5628,40,0
2004-04-26 00:00:00,1.1795,1.1888,1.1759,1.1858,6892,40,0
2004-04-27 00:00:00,1.1858,1.1948,1.1831,1.1929,5747,40,0
2004-04-28 00:00:00,1.1929,1.1958,1.1821,1.1841,7473,40,0
2004-04-29 00:00:00,1.1841,1.1987,1.1803,1.1957,6271,40,0
2004-04-30 00:00:00,1.1957,1.2012,1.192,1.1987,5750,40,0
2004-05-03 00:00:00,1.1951,1.1983,1.1919,1.1934,3046,40,0
2004-05-04 00:00:00,1.1936,1.2119,1.1929,1.21,6017,40,0
2004-05-05 00:00:00,1.2117,1.2182,1.2109,1.2157,5107,40,0
2004-05-06 00:00:00,1.2159,1.2177,1.2063,1.2075,8044,40,0
2004-05-07 00:00:00,1.2077,1.2134,1.1876,1.1894,5586,40,0
2004-05-10 00:00:00,1.1894,1.1897,1.1809,1.1844999999999999,7505,40,0
2004-05-11 00:00:00,1.1847,1.1894,1.1789,1.1877,6446,40,0
2004-05-12 00:00:00,1.1877,1.1945000000000001,1.1833,1.1905000000000001,6212,40,0
2004-05-13 00:00:00,1.1905999999999999,1.1933,1.1775,1.1801,6846,40,0
2004-05-14 00:00:00,1.1803,1.1905000000000001,1.1781,1.1881,5526,40,0
2004-05-17 00:00:00,1.1892,1.2063,1.1875,1.202,7198,40,0
2004-05-18 00:00:00,1.2022,1.204,1.193,1.1942,7359,40,0
2004-05-19 00:00:00,1.1945000000000001,1.2044,1.1938,1.2001,6161,40,0
2004-05-20 00:00:00,1.1999,1.2015,1.1896,1.1957,6152,40,0
2004-05-21 00:00:00,1.1959,1.2074,1.1951,1.2006000000000001,6260,40,0
2004-05-24 00:00:00,1.1997,1.2026,1.1932,1.1995,6846,40,0
2004-05-25 00:00:00,1.1997,1.2131,1.1981,1.2098,7764,40,0
2004-05-26 00:00:00,1.2098,1.2147999999999999,1.2077,1.2109,5858,40,0
2004-05-27 00:00:00,1.211,1.2288999999999999,1.2086000000000001,1.2272,6373,40,0
2004-05-28 00:00:00,1.2272,1.2298,1.2199,1.2211,4883,40,0
2004-05-31 00:00:00,1.2237,1.2245,1.2178,1.2199,3552,40,0
2004-06-01 00:00:00,1.2197,1.2269,1.2154,1.2241,7710,40,0
2004-06-02 00:00:00,1.2243,1.231,1.2203,1.2218,6776,40,0
2004-06-03 00:00:00,1.2216,1.2254,1.2168,1.222,7510,40,0
2004-06-04 00:00:00,1.2218,1.23,1.2137,1.2288999999999999,6341,40,0
2004-06-07 00:00:00,1.2312,1.234,1.2299,1.2319,7227,40,0
2004-06-08 00:00:00,1.2321,1.2355,1.2242,1.2258,10677,40,0
2004-06-09 00:00:00,1.2258,1.2277,1.2021,1.2043,14814,40,0
2004-06-10 00:00:00,1.2045,1.212,1.2026,1.2106,7563,40,0
2004-06-11 00:00:00,1.2105,1.2112,1.1965,1.2012,5693,40,0
2004-06-14 00:00:00,1.1964,1.2089,1.1952,1.2058,5751,40,0
2004-06-15 00:00:00,1.2056,1.2171,1.2026,1.2161,7074,40,0
2004-06-16 00:00:00,1.2161,1.2169,1.198,1.2005,6536,40,0
2004-06-17 00:00:00,1.2003,1.2079,1.1992,1.2033,5935,40,0
2004-06-18 00:00:00,1.2031,1.2146,1.1975,1.214,5465,40,0
2004-06-21 00:00:00,1.2136,1.2146,1.2076,1.2125,4782,40,0
2004-06-22 00:00:00,1.2125,1.2134,1.2067,1.2119,5351,40,0
2004-06-23 00:00:00,1.2117,1.2194,1.2065,1.2086000000000001,4846,40,0
2004-06-24 00:00:00,1.2086999999999999,1.2193,1.204,1.2172,5886,40,0
2004-06-25 00:00:00,1.2172,1.218,1.2107999999999999,1.2155,5484,40,0
2004-06-28 00:00:00,1.2172,1.2231,1.2122,1.2187999999999999,2463,40,0
2004-06-29 00:00:00,1.2189,1.2193,1.207,1.2092,2546,40,0
2004-06-30 00:00:00,1.2092,1.2205,1.2068,1.2184,3440,40,0
2004-07-01 00:00:00,1.2182,1.2212,1.2135,1.2161,2760,40,0
2004-07-02 00:00:00,1.2161,1.2328999999999999,1.2145,1.2317,2482,40,0
2004-07-05 00:00:00,1.2317,1.2331,1.2278,1.2288000000000001,933,40,0
2004-07-06 00:00:00,1.2296,1.2332,1.2265,1.2283,2724,40,0
2004-07-07 00:00:00,1.2281,1.2389999999999999,1.2274,1.2365,2961,40,0
2004-07-08 00:00:00,1.2368000000000001,1.2407,1.2339,1.2394,2812,40,0
2004-07-09 00:00:00,1.2395,1.2424,1.2371,1.2403,1887,40,0
2004-07-12 00:00:00,1.2414,1.2439,1.2383,1.2407,1818,40,0
2004-07-13 00:00:00,1.2405,1.2413,1.2299,1.2331,2752,40,0
2004-07-14 00:00:00,1.2332,1.2424,1.2316,1.2382,2482,40,0
2004-07-15 00:00:00,1.2384,1.2392,1.2327,1.2353,2575,40,0
2004-07-16 00:00:00,1.2353,1.246,1.2326,1.2447,2318,40,0
2004-07-19 00:00:00,1.2454,1.2462,1.2398,1.2435,2005,40,0
2004-07-20 00:00:00,1.2435,1.2455,1.2303,1.2332,2421,40,0
2004-07-21 00:00:00,1.2333,1.2353,1.2211,1.226,2228,40,0
2004-07-22 00:00:00,1.226,1.2295,1.2232,1.2254,2776,40,0
2004-07-23 00:00:00,1.2254,1.2268,1.2088,1.2102,2517,40,0
2004-07-26 00:00:00,1.2109,1.2173,1.209,1.2138,2639,40,0
2004-07-27 00:00:00,1.2138,1.2192,1.2036,1.2056,2703,40,0
2004-07-28 00:00:00,1.2058,1.2079,1.2002,1.2046999999999999,1665,40,0
2004-07-29 00:00:00,1.2046000000000001,1.2098,1.1992,1.2037,3182,40,0
2004-07-30 00:00:00,1.2035,1.2121,1.2002,1.2018,3024,40,0
2004-08-02 00:00:00,1.2043,1.2096,1.2015,1.202,2619,40,0
2004-08-03 00:00:00,1.2022,1.2077,1.1994,1.2052,2714,40,0
2004-08-04 00:00:00,1.2052,1.207,1.1969,1.2054,2853,40,0
2004-08-05 00:00:00,1.2056,1.2075,1.2021,1.2052,2092,40,0
2004-08-06 00:00:00,1.2052,1.2285,1.2045,1.2275,2478,40,0
2004-08-09 00:00:00,1.2273,1.2292,1.2245,1.2273,1960,40,0
2004-08-10 00:00:00,1.2272,1.2321,1.2221,1.2233,2473,40,0
2004-08-11 00:00:00,1.2233,1.225,1.2196,1.222,1834,40,0
2004-08-12 00:00:00,1.2218,1.2298,1.2217,1.2239,1989,40,0
2004-08-13 00:00:00,1.2235,1.2372,1.2176,1.2372,2853,40,0
2004-08-16 00:00:00,1.2378,1.2382,1.2316,1.2359,2151,40,0
2004-08-17 00:00:00,1.2357,1.2389999999999999,1.2311,1.2344,2332,40,0
2004-08-18 00:00:00,1.2344,1.2367,1.2288000000000001,1.2338,2285,40,0
2004-08-19 00:00:00,1.234,1.238,1.2333,1.2372,2286,40,0
2004-08-20 00:00:00,1.2374,1.2384,1.228,1.2309,1874,40,0
2004-08-23 00:00:00,1.2308,1.2317,1.2133,1.215,2552,40,0
2004-08-24 00:00:00,1.2147999999999999,1.217,1.2063,1.2079,2382,40,0
2004-08-25 00:00:00,1.2081,1.2117,1.2053,1.2086000000000001,2458,40,0
2004-08-26 00:00:00,1.2083,1.2119,1.2042,1.2098,2545,40,0
2004-08-27 00:00:00,1.2098,1.2138,1.2008,1.2022,2370,40,0
2004-08-30 00:00:00,1.2014,1.2072,1.1989,1.2049,1069,40,0
2004-08-31 00:00:00,1.205,1.2197,1.2045,1.2176,1775,40,0
2004-09-01 00:00:00,1.2176,1.2222,1.2146,1.2184,1614,40,0
2004-09-02 00:00:00,1.219,1.2201,1.2143,1.2172,2619,40,0
2004-09-03 00:00:00,1.2172,1.2197,1.204,1.2071,1965,40,0
2004-09-06 00:00:00,1.2056,1.2079,1.2048,1.2075,715,40,0
2004-09-07 00:00:00,1.2065,1.2114,1.2053,1.2098,1668,40,0
2004-09-08 00:00:00,1.2096,1.2194,1.2025000000000001,1.219,2308,40,0
2004-09-09 00:00:00,1.2189,1.2246,1.2157,1.2241,2408,40,0
2004-09-10 00:00:00,1.2241,1.2313,1.2196,1.227,2511,40,0
2004-09-13 00:00:00,1.2279,1.229,1.2221,1.226,1666,40,0
2004-09-14 00:00:00,1.226,1.2297,1.2225,1.2258,2445,40,0
2004-09-15 00:00:00,1.226,1.2263,1.2132,1.2155,2374,40,0
2004-09-16 00:00:00,1.2155,1.2199,1.212,1.2187000000000001,2203,40,0
2004-09-17 00:00:00,1.2187999999999999,1.2225,1.2157,1.2182,1631,40,0
2004-09-20 00:00:00,1.2174,1.2184,1.2123,1.2174,1479,40,0
2004-09-21 00:00:00,1.2172,1.2348,1.2167,1.2327,2251,40,0
2004-09-22 00:00:00,1.2328000000000001,1.2334,1.2226,1.2266,2156,40,0
2004-09-23 00:00:00,1.2266,1.2335,1.2253,1.2269,2066,40,0
2004-09-24 00:00:00,1.227,1.2363,1.2237,1.2262,1298,40,0
2004-09-27 00:00:00,1.2283,1.2317,1.2247,1.2307,1742,40,0
2004-09-28 00:00:00,1.2307,1.2349999999999999,1.2279,1.2321,2092,40,0
2004-09-29 00:00:00,1.2319,1.2343,1.2288000000000001,1.2338,1899,40,0
2004-09-30 00:00:00,1.2336,1.2446,1.2314,1.2431,2097,40,0
2004-10-01 00:00:00,1.2432,1.244,1.2384,1.2408,1783,40,0
2004-10-04 00:00:00,1.2397,1.2399,1.2253,1.2287,1848,40,0
2004-10-05 00:00:00,1.2288000000000001,1.2333,1.2263,1.2313,1830,40,0
2004-10-06 00:00:00,1.2313,1.2323,1.2246,1.2275,2279,40,0
2004-10-07 00:00:00,1.2277,1.2316,1.2269,1.2298,2103,40,0
2004-10-08 00:00:00,1.23,1.2434,1.2284,1.2416,2314,40,0
2004-10-11 00:00:00,1.241,1.242,1.2376,1.2384,1226,40,0
2004-10-12 00:00:00,1.2376,1.2379,1.2288000000000001,1.2319,2298,40,0
2004-10-13 00:00:00,1.2321,1.2361,1.2227000000000001,1.2346,1700,40,0
2004-10-14 00:00:00,1.2344,1.2421,1.2323,1.2393,1446,40,0
2004-10-15 00:00:00,1.2392,1.2505,1.2379,1.2477,1704,40,0
2004-10-18 00:00:00,1.2479,1.2536,1.2459,1.2485,1493,40,0
2004-10-19 00:00:00,1.2485,1.2527,1.2451,1.2515,2206,40,0
2004-10-20 00:00:00,1.2517,1.2631000000000001,1.2497,1.2576,2451,40,0
2004-10-21 00:00:00,1.2576,1.2652999999999999,1.2572999999999999,1.262,2401,40,0
2004-10-22 00:00:00,1.262,1.266,1.2598,1.2647,3050,40,0
2004-10-25 00:00:00,1.2725,1.2833,1.2723,1.2807,6258,40,0
2004-10-26 00:00:00,1.2807,1.2844,1.2723,1.2761,5561,40,0
2004-10-27 00:00:00,1.2759,1.2812000000000001,1.2695,1.2704,5588,40,0
2004-10-28 00:00:00,1.2706,1.2768,1.2639,1.2746,6184,40,0
2004-10-29 00:00:00,1.2746,1.2797,1.2704,1.2786,4807,40,0
2004-11-01 00:00:00,1.2826,1.283,1.2716,1.2742,4982,40,0
2004-11-02 00:00:00,1.274,1.2751000000000001,1.2664,1.2719,5004,40,0
2004-11-03 00:00:00,1.2718,1.2833,1.2657,1.2824,6688,40,0
2004-11-04 00:00:00,1.2822,1.29,1.2789,1.2873999999999999,5752,40,0
2004-11-05 00:00:00,1.2873,1.295,1.2767,1.2944,4920,40,0
2004-11-08 00:00:00,1.2965,1.2987,1.2903,1.2906,5497,40,0
2004-11-09 00:00:00,1.2908,1.2941,1.2883,1.2898,5170,40,0
2004-11-10 00:00:00,1.2899,1.3004,1.285,1.2883,5428,40,0
2004-11-11 00:00:00,1.2883,1.2922,1.2858,1.2908,2088,40,0
2004-11-12 00:00:00,1.2908,1.2991,1.2873999999999999,1.2984,2612,40,0
2004-11-15 00:00:00,1.299,1.3001,1.2915,1.2938,2459,40,0
2004-11-16 00:00:00,1.2937,1.2993999999999999,1.2919,1.2959,2302,40,0
2004-11-17 00:00:00,1.296,1.3047,1.2951,1.3037,2181,40,0
2004-11-18 00:00:00,1.3035999999999999,1.3074,1.2937,1.2948,2414,40,0
2004-11-19 00:00:00,1.2948,1.3068,1.2937,1.3016,2320,40,0
2004-11-22 00:00:00,1.3022,1.3053,1.3011,1.3038,1961,40,0
2004-11-23 00:00:00,1.3039,1.3107,1.2976,1.3099,2659,40,0
2004-11-24 00:00:00,1.3098,1.3192,1.3084,1.3176,2471,40,0
2004-11-25 00:00:00,1.3178,1.3286,1.3161,1.3256999999999999,2042,40,0
2004-11-26 00:00:00,1.3258,1.3331,1.3183,1.3296999999999999,3084,40,0
2004-11-29 00:00:00,1.327,1.3306,1.3227,1.326,2713,40,0
2004-11-30 00:00:00,1.3261,1.3336999999999999,1.3231,1.3295,3380,40,0
2004-12-01 00:00:00,1.3296000000000001,1.3362,1.3275000000000001,1.3348,2695,40,0
2004-12-02 00:00:00,1.3346,1.3386,1.3235999999999999,1.326,3036,40,0
2004-12-03 00:00:00,1.3259,1.3463,1.3254000000000001,1.3455,3084,40,0
2004-12-06 00:00:00,1.3449,1.3458999999999999,1.3388,1.3394,2303,40,0
2004-12-07 00:00:00,1.3394,1.3472,1.339,1.343,2451,40,0
2004-12-08 00:00:00,1.343,1.3433,1.3191,1.3342,4280,40,0
2004-12-09 00:00:00,1.3343,1.3363,1.325,1.3304,3489,40,0
2004-12-10 00:00:00,1.3303,1.3305,1.3135,1.3235999999999999,3448,40,0
2004-12-13 00:00:00,1.3221,1.333,1.3215,1.3317,3232,40,0
2004-12-14 00:00:00,1.3312,1.3336000000000001,1.3259,1.3308,3280,40,0
2004-12-15 00:00:00,1.3306,1.3444,1.3259,1.3403,3500,40,0
2004-12-16 00:00:00,1.3402,1.3432,1.3205,1.3249,4537,40,0
2004-12-17 00:00:00,1.3251,1.3317999999999999,1.3225,1.3289,3260,40,0
2004-12-20 00:00:00,1.3312,1.341,1.3296000000000001,1.339,1940,40,0
2004-12-21 00:00:00,1.3392,1.3409,1.335,1.3365,1755,40,0
2004-12-22 00:00:00,1.3365,1.3405,1.334,1.3388,2026,40,0
2004-12-23 00:00:00,1.3388,1.3519999999999999,1.338,1.3512,2640,40,0
2004-12-24 00:00:00,1.3512,1.3552,1.3485,1.3537,1317,40,0
2004-12-27 00:00:00,1.3526,1.3643,1.3514,1.3624,1413,40,0
2004-12-28 00:00:00,1.3623,1.3646,1.3588,1.3596,1519,40,0
2004-12-29 00:00:00,1.3594,1.3649,1.3557000000000001,1.3607,2357,40,0
2004-12-30 00:00:00,1.3607,1.3669,1.3573,1.3632,2450,40,0
2005-01-03 00:00:00,1.3578999999999999,1.3585,1.3386,1.3463,3612,30,0
2005-01-04 00:00:00,1.3464,1.3495,1.3246,1.3276,3845,30,0
2005-01-05 00:00:00,1.3277,1.3305,1.3212,1.3279,3715,30,0
2005-01-06 00:00:00,1.3277999999999999,1.328,1.3155000000000001,1.318,3444,30,0
2005-01-07 00:00:00,1.3181,1.3251,1.3023,1.3064,4282,30,0
2005-01-10 00:00:00,1.3068,1.3125,1.3059,1.3104,3275,30,0
2005-01-11 00:00:00,1.3104,1.3173,1.3099,1.3115,2893,30,0
2005-01-12 00:00:00,1.3115999999999999,1.3295,1.308,1.3259,2237,30,0
2005-01-13 00:00:00,1.3258,1.3267,1.3194,1.3211,1885,30,0
2005-01-14 00:00:00,1.3211,1.3213,1.3058,1.3106,2333,30,0
2005-01-17 00:00:00,1.3108,1.313,1.3035,1.3045,1703,30,0
2005-01-18 00:00:00,1.3045,1.3078,1.2993000000000001,1.3014999999999999,2552,30,0
2005-01-19 00:00:00,1.3016,1.3121,1.2963,1.2995999999999999,2444,30,0
2005-01-20 00:00:00,1.2998,1.3025,1.2922,1.2957,2911,30,0
2005-01-21 00:00:00,1.2958,1.3068,1.2933,1.3053,2508,30,0
2005-01-24 00:00:00,1.304,1.3099,1.3026,1.3039,2187,30,0
2005-01-25 00:00:00,1.3038,1.3078,1.2941,1.2969,2337,30,0
2005-01-26 00:00:00,1.2967,1.3107,1.2964,1.307,2586,30,0
2005-01-27 00:00:00,1.3073000000000001,1.3124,1.301,1.304,2892,30,0
2005-01-28 00:00:00,1.3039,1.308,1.2981,1.3038,1870,30,0
2005-01-31 00:00:00,1.3022,1.306,1.2973,1.3049,2296,30,0
2005-02-01 00:00:00,1.3047,1.3067,1.2999,1.3045,2090,30,0
2005-02-02 00:00:00,1.3047,1.3096,1.301,1.303,2208,30,0
2005-02-03 00:00:00,1.303,1.3038,1.294,1.2973,2031,30,0
2005-02-04 00:00:00,1.2972000000000001,1.3035999999999999,1.2865,1.2873999999999999,1547,30,0
2005-02-07 00:00:00,1.2857,1.2863,1.2730000000000001,1.2761,2278,30,0
2005-02-08 00:00:00,1.2761,1.28,1.2732,1.2769,2241,30,0
2005-02-09 00:00:00,1.2769,1.2817,1.2738,1.2809,2416,30,0
2005-02-10 00:00:00,1.2812000000000001,1.2907,1.274,1.2877,2466,30,0
2005-02-11 00:00:00,1.2878,1.2898,1.2845,1.287,1151,30,0
2005-02-14 00:00:00,1.2885,1.2989,1.2877,1.2976,1862,30,0
2005-02-15 00:00:00,1.2976,1.3052000000000001,1.2951,1.3014000000000001,2475,30,0
2005-02-16 00:00:00,1.3014999999999999,1.3063,1.2957,1.3022,2412,30,0
2005-02-17 00:00:00,1.3021,1.3092,1.3012000000000001,1.3073000000000001,3174,30,0
2005-02-18 00:00:00,1.3073000000000001,1.3086,1.3014000000000001,1.3064,3477,30,0
2005-02-21 00:00:00,1.3068,1.3083,1.303,1.3064,3411,30,0
2005-02-22 00:00:00,1.3064,1.3271,1.3054000000000001,1.3261,7890,30,0
2005-02-23 00:00:00,1.3262,1.3273,1.3184,1.3203,7597,30,0
2005-02-24 00:00:00,1.3204,1.3273,1.3176,1.3183,6797,30,0
2005-02-25 00:00:00,1.3184,1.3248,1.3144,1.3241,6014,30,0
2005-02-28 00:00:00,1.3251,1.3283,1.3207,1.3216999999999999,5962,30,0
2005-03-01 00:00:00,1.3218,1.3229,1.3162,1.3169,6603,30,0
2005-03-02 00:00:00,1.3171,1.3182,1.3087,1.3136,6470,30,0
2005-03-03 00:00:00,1.3136999999999999,1.3167,1.3096,1.3104,3990,30,0
2005-03-04 00:00:00,1.3104,1.3258,1.3094999999999999,1.3242,3227,30,0
2005-03-07 00:00:00,1.3241,1.325,1.3176999999999999,1.322,1100,30,0
2005-03-08 00:00:00,1.3221,1.3365,1.3207,1.3348,1916,30,0
2005-03-09 00:00:00,1.3348,1.3426,1.3331,1.3378,4116,30,0
2005-03-10 00:00:00,1.3378,1.3456000000000001,1.3369,1.3437999999999999,5259,30,0
2005-03-11 00:00:00,1.3437000000000001,1.3485,1.3392,1.3458999999999999,6364,30,0
2005-03-14 00:00:00,1.3474,1.3481,1.3335,1.3365,3668,30,0
2005-03-15 00:00:00,1.3365,1.3414,1.3295,1.331,6231,30,0
2005-03-16 00:00:00,1.331,1.3442,1.3291,1.3409,4592,30,0
2005-03-17 00:00:00,1.3409,1.3423,1.3342,1.3378999999999999,3870,30,0
2005-03-18 00:00:00,1.3378,1.3389,1.3264,1.331,2968,30,0
2005-03-21 00:00:00,1.3317,1.3319,1.314,1.3162,2943,30,0
2005-03-22 00:00:00,1.3161,1.3225,1.3054999999999999,1.3075999999999999,3474,30,0
2005-03-23 00:00:00,1.3075,1.3089,1.2961,1.299,2665,30,0
2005-03-24 00:00:00,1.299,1.3035,1.2929,1.2932000000000001,2210,30,0
2005-03-25 00:00:00,1.2933,1.2973,1.293,1.2955,430,30,0
2005-03-28 00:00:00,1.2957,1.2959,1.2856,1.2894,1970,30,0
2005-03-29 00:00:00,1.2892000000000001,1.2959,1.2876,1.2938,2237,30,0
2005-03-30 00:00:00,1.2937,1.2985,1.291,1.2915,2317,30,0
2005-03-31 00:00:00,1.2913999999999999,1.3021,1.2911000000000001,1.2965,3005,30,0
2005-04-01 00:00:00,1.2965,1.306,1.287,1.291,2646,30,0
2005-04-04 00:00:00,1.2896,1.2907,1.2818,1.2849,2056,30,0
2005-04-05 00:00:00,1.2849,1.2879,1.2799,1.2856,1952,30,0
2005-04-06 00:00:00,1.2857,1.2911000000000001,1.2838,1.2866,2480,30,0
2005-04-07 00:00:00,1.2866,1.2942,1.2839,1.2849,2644,30,0
2005-04-08 00:00:00,1.2849,1.2934,1.2807,1.2927,2303,30,0
2005-04-11 00:00:00,1.2923,1.3006,1.2908,1.2971,2178,30,0
2005-04-12 00:00:00,1.2971,1.3017,1.2862,1.2913000000000001,2475,30,0
2005-04-13 00:00:00,1.2912,1.2955999999999999,1.2849,1.2906,2192,30,0
2005-04-14 00:00:00,1.2906,1.2913000000000001,1.2764,1.2795,2990,30,0
2005-04-15 00:00:00,1.2793999999999999,1.294,1.2777,1.291,2800,30,0
2005-04-18 00:00:00,1.2913000000000001,1.3045,1.2875,1.3014999999999999,3320,30,0
2005-04-19 00:00:00,1.3014999999999999,1.308,1.298,1.3064,2372,30,0
2005-04-20 00:00:00,1.3063,1.3104,1.299,1.3085,2175,30,0
2005-04-21 00:00:00,1.3087,1.3125,1.3023,1.3045,2729,30,0
2005-04-22 00:00:00,1.3045,1.3094999999999999,1.3019,1.3063,1550,30,0
2005-04-25 00:00:00,1.3051,1.3071,1.2952,1.299,1990,30,0
2005-04-26 00:00:00,1.2988,1.3014999999999999,1.2944,1.2982,1462,30,0
2005-04-27 00:00:00,1.2982,1.2991,1.2902,1.2919,1967,30,0
2005-04-28 00:00:00,1.292,1.2944,1.2879,1.2902,2468,30,0
2005-04-29 00:00:00,1.2902,1.2982,1.2852000000000001,1.2862,2477,30,0
2005-05-02 00:00:00,1.2862,1.2876,1.2835,1.2847,1510,30,0
2005-05-03 00:00:00,1.2845,1.2913000000000001,1.2827,1.2883,2161,30,0
2005-05-04 00:00:00,1.2885,1.2976,1.2875,1.2946,1987,30,0
2005-05-05 00:00:00,1.2948,1.2993000000000001,1.2925,1.2953999999999999,1901,30,0
2005-05-06 00:00:00,1.2955,1.2965,1.2810000000000001,1.2819,1950,30,0
2005-05-09 00:00:00,1.2819,1.2878,1.2791000000000001,1.2854,1970,30,0
2005-05-10 00:00:00,1.2854999999999999,1.2892000000000001,1.2814999999999999,1.2881,1791,30,0
2005-05-11 00:00:00,1.2883,1.2915,1.2776,1.2814999999999999,2608,30,0
2005-05-12 00:00:00,1.2814,1.2816,1.2666,1.268,2827,30,0
2005-05-13 00:00:00,1.2678,1.2690000000000001,1.2616,1.2624,1953,30,0
2005-05-16 00:00:00,1.2603,1.2652,1.258,1.2638,2164,30,0
2005-05-17 00:00:00,1.2637,1.2664,1.2591999999999999,1.2601,2219,30,0
2005-05-18 00:00:00,1.2599,1.2691,1.2583,1.2678,2384,30,0
2005-05-19 00:00:00,1.2677,1.2691,1.2602,1.2633,1477,30,0
2005-05-20 00:00:00,1.2634,1.2654,1.2534,1.2555,1251,30,0
2005-05-23 00:00:00,1.2551999999999999,1.2598,1.2533,1.2569,802,30,0
2005-05-24 00:00:00,1.2567,1.2631999999999999,1.2555,1.2565,1474,30,0
2005-05-25 00:00:00,1.2567,1.2621,1.2551999999999999,1.2598,1264,30,0
2005-05-26 00:00:00,1.2598,1.2616,1.2496,1.2513,2161,30,0
2005-05-27 00:00:00,1.2511999999999999,1.2591,1.2506,1.2572999999999999,1460,30,0
2005-05-30 00:00:00,1.2530999999999999,1.2548,1.2464,1.2481,1275,30,0
2005-05-31 00:00:00,1.2481,1.2489,1.2294,1.2306,2535,30,0
2005-06-01 00:00:00,1.2307,1.2342,1.216,1.2196,2344,30,0
2005-06-02 00:00:00,1.2197,1.2298,1.2181,1.2267000000000001,2639,30,0
2005-06-03 00:00:00,1.2264,1.2343,1.2204,1.2224,2675,30,0
2005-06-06 00:00:00,1.2231,1.2295,1.2216,1.226,1747,30,0
2005-06-07 00:00:00,1.226,1.2318,1.2238,1.2281,1823,30,0
2005-06-08 00:00:00,1.2281,1.2357,1.2208,1.2235,2478,30,0
2005-06-09 00:00:00,1.2235,1.2258,1.2174,1.2227999999999999,2346,30,0
2005-06-10 00:00:00,1.2229,1.2251,1.2107,1.2119,2192,30,0
2005-06-13 00:00:00,1.2115,1.2122,1.2028,1.2117,2542,30,0
2005-06-14 00:00:00,1.2115,1.2155,1.2022,1.2028,2557,30,0
2005-06-15 00:00:00,1.2028,1.2135,1.2016,1.2123,2772,30,0
2005-06-16 00:00:00,1.2123,1.2168,1.2056,1.21,1920,30,0
2005-06-17 00:00:00,1.2098,1.2285,1.2092,1.2277,1847,30,0
2005-06-20 00:00:00,1.2195,1.2243,1.2123,1.2147999999999999,2403,30,0
2005-06-21 00:00:00,1.215,1.219,1.2071,1.2174,2401,30,0
2005-06-22 00:00:00,1.2175,1.2206,1.2098,1.2123,2234,30,0
2005-06-23 00:00:00,1.2121,1.2147999999999999,1.2019,1.2031,2033,30,0
2005-06-24 00:00:00,1.203,1.2109,1.1985999999999999,1.2091,2462,30,0
2005-06-27 00:00:00,1.2107999999999999,1.2186,1.2105,1.2163,1558,30,0
2005-06-28 00:00:00,1.2161,1.2176,1.2049,1.2071,2032,30,0
2005-06-29 00:00:00,1.2069,1.2114,1.2014,1.2075,2476,30,0
2005-06-30 00:00:00,1.2075,1.2122,1.2043,1.209,2831,30,0
2005-07-01 00:00:00,1.2091,1.2107999999999999,1.1939,1.1949,2660,30,0
2005-07-04 00:00:00,1.1934,1.1952,1.1888,1.19,1494,30,0
2005-07-05 00:00:00,1.1905000000000001,1.1939,1.1865999999999999,1.1924,2192,30,0
2005-07-06 00:00:00,1.1925,1.1952,1.1891,1.1926,2013,30,0
2005-07-07 00:00:00,1.1927,1.2042,1.1905999999999999,1.1942,3219,30,0
2005-07-08 00:00:00,1.1942,1.1987,1.1875,1.1957,2146,30,0
2005-07-11 00:00:00,1.1967,1.2082,1.1957,1.2063,1399,30,0
2005-07-12 00:00:00,1.2062,1.2251,1.205,1.2224,2302,30,0
2005-07-13 00:00:00,1.2223,1.2227999999999999,1.2063,1.2074,1540,30,0
2005-07-14 00:00:00,1.2072,1.212,1.2055,1.2086999999999999,1341,30,0
2005-07-15 00:00:00,1.2088,1.2132,1.2019,1.2042,1450,30,0
2005-07-18 00:00:00,1.2033,1.2085,1.203,1.2051,1356,30,0
2005-07-19 00:00:00,1.2048,1.2064,1.1953,1.2025000000000001,1033,30,0
2005-07-20 00:00:00,1.2026,1.2182,1.1995,1.2155,1770,30,0
2005-07-21 00:00:00,1.2153,1.2247,1.21,1.2159,2844,30,0
2005-07-22 00:00:00,1.2157,1.2187000000000001,1.2054,1.2062,1654,30,0
2005-07-25 00:00:00,1.2049,1.2086000000000001,1.2028,1.2061,856,30,0
2005-07-26 00:00:00,1.2059,1.2061,1.1981,1.2013,1367,30,0
2005-07-27 00:00:00,1.2015,1.2084,1.1967,1.2061,1563,30,0
2005-07-28 00:00:00,1.2064,1.2147999999999999,1.2036,1.213,1375,30,0
2005-07-29 00:00:00,1.2128,1.2158,1.2076,1.2126000000000001,1256,30,0
2005-08-01 00:00:00,1.2122,1.2242,1.2118,1.2183,1265,30,0
2005-08-02 00:00:00,1.2185,1.225,1.2179,1.219,1304,30,0
2005-08-03 00:00:00,1.2189,1.2343,1.2147999999999999,1.2332,1521,30,0
2005-08-04 00:00:00,1.2336,1.2402,1.2303,1.2383,1278,30,0
2005-08-05 00:00:00,1.2381,1.2396,1.2314,1.2345,1046,30,0
2005-08-08 00:00:00,1.2332,1.2389000000000001,1.2316,1.2351,1994,30,0
2005-08-09 00:00:00,1.2349999999999999,1.2416,1.2328999999999999,1.2376,3113,30,0
2005-08-10 00:00:00,1.2374,1.2423,1.2336,1.2383,2876,30,0
2005-08-11 00:00:00,1.2385,1.2475,1.2377,1.2469000000000001,2526,30,0
2005-08-12 00:00:00,1.2469999999999999,1.2484,1.2383,1.2438,1306,30,0
2005-08-15 00:00:00,1.2389999999999999,1.2406,1.2343,1.2364,2748,30,0
2005-08-16 00:00:00,1.2365,1.2371,1.2294,1.2347,4283,30,0
2005-08-17 00:00:00,1.2348,1.2365,1.2259,1.2274,4426,30,0
2005-08-18 00:00:00,1.2273,1.2288999999999999,1.2155,1.2178,4029,30,0
2005-08-19 00:00:00,1.218,1.219,1.2123,1.2165,3293,30,0
2005-08-22 00:00:00,1.2162,1.224,1.2153,1.2233,3369,30,0
2005-08-23 00:00:00,1.2232,1.2252,1.219,1.2229,3751,30,0
2005-08-24 00:00:00,1.223,1.2278,1.2161,1.227,4257,30,0
2005-08-25 00:00:00,1.2269,1.2324,1.2255,1.2299,4091,30,0
2005-08-26 00:00:00,1.23,1.2338,1.2274,1.2281,3420,30,0
2005-08-29 00:00:00,1.2299,1.2342,1.2216,1.2233,3809,30,0
2005-08-30 00:00:00,1.2232,1.2237,1.2168,1.2217,4332,30,0
2005-08-31 00:00:00,1.2215,1.2352,1.2183,1.2332,4697,30,0
2005-09-01 00:00:00,1.2334,1.2522,1.2323,1.2486,4767,30,0
2005-09-02 00:00:00,1.2484,1.2585,1.2465,1.2543,4216,30,0
2005-09-05 00:00:00,1.2536,1.2582,1.2511,1.2521,3490,30,0
2005-09-06 00:00:00,1.2523,1.2523,1.2441,1.2453,4727,30,0
2005-09-07 00:00:00,1.2454,1.2530999999999999,1.2406,1.2412,4990,30,0
2005-09-08 00:00:00,1.2413,1.245,1.2383,1.2391,5983,30,0
2005-09-09 00:00:00,1.2392,1.2455,1.2374,1.2402,6171,30,0
2005-09-12 00:00:00,1.2399,1.2412,1.2268,1.2286,6084,30,0
2005-09-13 00:00:00,1.2285,1.2313,1.2243,1.2276,6770,30,0
2005-09-14 00:00:00,1.2275,1.233,1.2262,1.2275,6451,30,0
2005-09-15 00:00:00,1.2274,1.2284,1.219,1.2227999999999999,7288,30,0
2005-09-16 00:00:00,1.223,1.2308,1.2197,1.2238,5914,30,0
2005-09-19 00:00:00,1.2149,1.217,1.2097,1.2137,5499,30,0
2005-09-20 00:00:00,1.2136,1.2186,1.2111,1.2117,5893,30,0
2005-09-21 00:00:00,1.2116,1.2236,1.2114,1.223,6342,30,0
2005-09-22 00:00:00,1.2229,1.2268,1.213,1.2149,6572,30,0
2005-09-23 00:00:00,1.215,1.2164,1.2044,1.2046000000000001,5321,30,0
2005-09-26 00:00:00,1.2021,1.2078,1.2006999999999999,1.2069,6710,30,0
2005-09-27 00:00:00,1.207,1.2079,1.1975,1.2013,8047,30,0
2005-09-28 00:00:00,1.2015,1.2068,1.1989,1.2058,7556,30,0
2005-09-29 00:00:00,1.2055,1.2072,1.2004,1.2017,7085,30,0
2005-09-30 00:00:00,1.2018,1.2088,1.1995,1.2012,7296,30,0
2005-10-03 00:00:00,1.2018,1.203,1.1896,1.1903,7415,30,0
2005-10-04 00:00:00,1.1905000000000001,1.1943,1.1901,1.1914,7144,30,0
2005-10-05 00:00:00,1.1913,1.2014,1.191,1.2006999999999999,8411,30,0
2005-10-06 00:00:00,1.2008,1.2201,1.1995,1.217,10093,30,0
2005-10-07 00:00:00,1.2167,1.2177,1.2092,1.2126000000000001,7260,30,0
2005-10-10 00:00:00,1.2112,1.2152,1.2038,1.2046000000000001,5222,30,0
2005-10-11 00:00:00,1.2045,1.2054,1.1974,1.1981,5115,30,0
2005-10-12 00:00:00,1.198,1.2053,1.1953,1.2025000000000001,5242,30,0
2005-10-13 00:00:00,1.2026,1.204,1.1912,1.2012,6394,30,0
2005-10-14 00:00:00,1.201,1.2107,1.1981,1.2088,6393,30,0
2005-10-17 00:00:00,1.2067,1.2119,1.2004,1.2008,8063,30,0
2005-10-18 00:00:00,1.2009,1.2015,1.1914,1.1951,10132,30,0
2005-10-19 00:00:00,1.195,1.2003,1.1872,1.1969,14414,30,0
2005-10-20 00:00:00,1.1971,1.2025000000000001,1.1945999999999999,1.2018,8340,30,0
2005-10-21 00:00:00,1.2015,1.2076,1.1929,1.1945999999999999,6872,30,0
2005-10-24 00:00:00,1.1945000000000001,1.2017,1.1922,1.1973,5623,30,0
2005-10-25 00:00:00,1.1974,1.2116,1.1935,1.2109,8856,30,0
2005-10-26 00:00:00,1.2107999999999999,1.2135,1.2048,1.2056,6590,30,0
2005-10-27 00:00:00,1.2058,1.2172,1.2041,1.2141,8040,30,0
2005-10-28 00:00:00,1.2142,1.2171,1.2049,1.2064,6107,30,0
2005-10-31 00:00:00,1.2063,1.2089,1.1967,1.1985999999999999,5962,30,0
2005-11-01 00:00:00,1.1985000000000001,1.204,1.1971,1.2018,7677,30,0
2005-11-02 00:00:00,1.2019,1.2083,1.1985999999999999,1.2067,7221,30,0
2005-11-03 00:00:00,1.2065,1.208,1.1936,1.195,6026,30,0
2005-11-04 00:00:00,1.1952,1.1989,1.1799,1.1819,6309,30,0
2005-11-07 00:00:00,1.1803,1.183,1.1775,1.1786,6576,30,0
2005-11-08 00:00:00,1.1785,1.1792,1.1707,1.1764000000000001,6959,30,0
2005-11-09 00:00:00,1.1762,1.1787,1.1715,1.1773,6303,30,0
2005-11-10 00:00:00,1.1772,1.1794,1.1668,1.167,6484,30,0
2005-11-11 00:00:00,1.1672,1.171,1.167,1.1706,7260,30,0
2005-11-14 00:00:00,1.1731,1.1776,1.1659,1.1689,44547,30,0
2005-11-15 00:00:00,1.169,1.1733,1.1638,1.1727,5506,30,0
2005-11-16 00:00:00,1.1723,1.1726,1.1645,1.1674,5100,30,0
2005-11-17 00:00:00,1.1673,1.1758,1.1641,1.1746,6246,30,0
2005-11-18 00:00:00,1.1745,1.1795,1.1663000000000001,1.1759,5526,30,0
2005-11-21 00:00:00,1.177,1.1835,1.1716,1.173,5979,30,0
2005-11-22 00:00:00,1.1731,1.1822,1.1685,1.1811,6342,30,0
2005-11-23 00:00:00,1.181,1.186,1.1762,1.1809,6979,30,0
2005-11-24 00:00:00,1.1807,1.1825,1.1772,1.1778,4083,30,0
2005-11-25 00:00:00,1.178,1.178,1.171,1.1718,4076,30,0
2005-11-28 00:00:00,1.1712,1.1897,1.168,1.1842,6410,30,0
2005-11-29 00:00:00,1.1844000000000001,1.1859,1.1738,1.1763,6481,30,0
2005-11-30 00:00:00,1.1764000000000001,1.1801,1.1753,1.1795,6179,30,0
2005-12-01 00:00:00,1.1796,1.1799,1.169,1.1736,6040,30,0
2005-12-02 00:00:00,1.1738,1.1746,1.166,1.1711,6041,30,0
2005-12-05 00:00:00,1.1715,1.1818,1.1689,1.1785,5635,30,0
2005-12-06 00:00:00,1.1782,1.1804000000000001,1.1753,1.1796,5862,30,0
2005-12-07 00:00:00,1.1795,1.1796,1.1703999999999999,1.1715,5296,30,0
2005-12-08 00:00:00,1.1717,1.1844999999999999,1.1703999999999999,1.1808,6062,30,0
2005-12-09 00:00:00,1.181,1.1838,1.1763,1.1818,4921,30,0
2005-12-12 00:00:00,1.1789,1.1978,1.1788,1.195,6731,30,0
2005-12-13 00:00:00,1.1945999999999999,1.1985000000000001,1.1904,1.1945000000000001,6612,30,0
2005-12-14 00:00:00,1.1945999999999999,1.2059,1.1944,1.1971,7533,30,0
2005-12-15 00:00:00,1.197,1.2038,1.1935,1.1964,13482,30,0
2005-12-16 00:00:00,1.1962,1.2028,1.1935,1.2013,8843,30,0
2005-12-19 00:00:00,1.2033,1.2034,1.1976,1.2002,5523,30,0
2005-12-20 00:00:00,1.2004,1.2011,1.1838,1.1873,6885,30,0
2005-12-21 00:00:00,1.1876,1.1912,1.1801,1.183,6916,30,0
2005-12-22 00:00:00,1.1828,1.1893,1.1807,1.1871,5585,30,0
2005-12-23 00:00:00,1.187,1.1883,1.1825,1.1859,4664,30,0
2005-12-26 00:00:00,1.1846,1.1849,1.1834,1.1836,311,30,0
2005-12-27 00:00:00,1.1838,1.1876,1.1825,1.1851,3665,30,0
2005-12-28 00:00:00,1.1853,1.193,1.1813,1.1846,5942,30,0
2005-12-29 00:00:00,1.1844999999999999,1.188,1.1817,1.1847,4960,30,0
2005-12-30 00:00:00,1.1848,1.1886,1.1774,1.1829,5846,30,0
2006-01-02 00:00:00,1.1823,1.1823,1.1809,1.1813,186,20,0
2006-01-03 00:00:00,1.181,1.2031,1.181,1.2029,6081,20,0
2006-01-04 00:00:00,1.203,1.2141,1.2022,1.2106,9344,20,0
2006-01-05 00:00:00,1.2107,1.2117,1.2063,1.2101,6947,20,0
2006-01-06 00:00:00,1.21,1.2177,1.2076,1.2156,5562,20,0
2006-01-08 00:00:00,1.2142,1.2142,1.2133,1.2137,100,20,0
2006-01-09 00:00:00,1.2136,1.2151,1.2049,1.2069,6422,20,0
2006-01-10 00:00:00,1.2071,1.2106,1.2034,1.2057,6273,20,0
2006-01-11 00:00:00,1.2056,1.2142,1.2042,1.2134,6723,20,0
2006-01-12 00:00:00,1.2133,1.2159,1.2004,1.2038,5989,20,0
2006-01-13 00:00:00,1.2037,1.214,1.2025000000000001,1.2128,7045,20,0
2006-01-15 00:00:00,1.2145,1.2171,1.2136,1.2161,298,20,0
2006-01-16 00:00:00,1.216,1.2167,1.2104,1.2113,3805,20,0
2006-01-17 00:00:00,1.2112,1.2137,1.2048,1.2104,6021,20,0
2006-01-18 00:00:00,1.2103,1.2154,1.2068,1.2103,7342,20,0
2006-01-19 00:00:00,1.2104,1.2121,1.205,1.2086000000000001,6703,20,0
2006-01-20 00:00:00,1.2085,1.2136,1.2039,1.2133,5812,20,0
2006-01-22 00:00:00,1.2139,1.2165,1.2134,1.2165,308,20,0
2006-01-23 00:00:00,1.2164,1.232,1.2162,1.2301,7865,20,0
2006-01-24 00:00:00,1.2298,1.2308,1.2252,1.2259,6265,20,0
2006-01-25 00:00:00,1.2261,1.2321,1.2234,1.2243,6870,20,0
2006-01-26 00:00:00,1.224,1.2267000000000001,1.2194,1.221,6434,20,0
2006-01-27 00:00:00,1.2209,1.223,1.2083,1.2098,6745,20,0
2006-01-29 00:00:00,1.2099,1.2107999999999999,1.2091,1.21,289,20,0
2006-01-30 00:00:00,1.2099,1.2111,1.2061,1.2081,5640,20,0
2006-01-31 00:00:00,1.208,1.2185,1.2077,1.2142,5481,20,0
2006-02-01 00:00:00,1.2144,1.216,1.2043,1.206,5835,20,0
2006-02-02 00:00:00,1.2062,1.2105,1.2028,1.2081,5369,20,0
2006-02-03 00:00:00,1.2078,1.2107999999999999,1.1966,1.2016,5104,20,0
2006-02-05 00:00:00,1.2027,1.2035,1.202,1.2023,133,20,0
2006-02-06 00:00:00,1.2024,1.2043,1.1944,1.1958,5223,20,0
2006-02-07 00:00:00,1.1956,1.201,1.1938,1.1987,5914,20,0
2006-02-08 00:00:00,1.1985999999999999,1.199,1.192,1.1958,5809,20,0
2006-02-09 00:00:00,1.196,1.1992,1.1943,1.1989,5441,20,0
2006-02-10 00:00:00,1.199,1.202,1.1887,1.189,6013,20,0
2006-02-12 00:00:00,1.1899,1.1901,1.1888,1.1895,213,20,0
2006-02-13 00:00:00,1.1897,1.1914,1.1874,1.1908,5381,20,0
2006-02-14 00:00:00,1.1907,1.1923,1.1857,1.1909,5500,20,0
2006-02-15 00:00:00,1.1908,1.1949,1.1868,1.188,5723,20,0
2006-02-16 00:00:00,1.1881,1.1911,1.1846,1.1901,5030,20,0
2006-02-17 00:00:00,1.1902,1.1939,1.1854,1.193,5850,20,0
2006-02-19 00:00:00,1.1931,1.1945000000000001,1.192,1.1941,268,20,0
2006-02-20 00:00:00,1.1943,1.1971,1.1922,1.1929,3563,20,0
2006-02-21 00:00:00,1.1928,1.1932,1.1888,1.1914,4276,20,0
2006-02-22 00:00:00,1.1915,1.1926,1.186,1.1912,5553,20,0
2006-02-23 00:00:00,1.1911,1.1965,1.1888,1.1918,6586,20,0
2006-02-24 00:00:00,1.1917,1.193,1.1862,1.1867,5696,20,0
2006-02-26 00:00:00,1.1874,1.188,1.1827,1.1833,660,20,0
2006-02-27 00:00:00,1.1834,1.1873,1.1822,1.1844000000000001,5441,20,0
2006-02-28 00:00:00,1.1844999999999999,1.1936,1.1831,1.1927,5794,20,0
2006-03-01 00:00:00,1.1926,1.1968,1.1887,1.1915,6101,20,0
2006-03-02 00:00:00,1.1914,1.2041,1.191,1.2032,6008,20,0
2006-03-03 00:00:00,1.2033,1.2049,1.1992,1.2034,6004,20,0
2006-03-05 00:00:00,1.2046999999999999,1.2088,1.2039,1.2077,695,20,0
2006-03-06 00:00:00,1.2081,1.2089,1.1985999999999999,1.2012,5788,20,0
2006-03-07 00:00:00,1.2013,1.2019,1.1865,1.1885,7547,20,0
2006-03-08 00:00:00,1.1886,1.1936,1.1869,1.192,6026,20,0
2006-03-09 00:00:00,1.1921,1.1951,1.1896,1.1898,6320,20,0
2006-03-10 00:00:00,1.1897,1.1924,1.1857,1.1911,5312,20,0
2006-03-12 00:00:00,1.1913,1.1916,1.1905000000000001,1.1912,285,20,0
2006-03-13 00:00:00,1.1913,1.1966,1.1913,1.1961,5039,20,0
2006-03-14 00:00:00,1.1962,1.203,1.1938,1.2015,6109,20,0
2006-03-15 00:00:00,1.2014,1.2074,1.2005,1.207,5857,20,0
2006-03-16 00:00:00,1.2068,1.2189,1.2036,1.2172,7076,20,0
2006-03-17 00:00:00,1.2171,1.2208,1.2139,1.2194,6377,20,0
2006-03-19 00:00:00,1.2184,1.2187000000000001,1.2166,1.2178,515,20,0
2006-03-20 00:00:00,1.2177,1.2197,1.2147999999999999,1.2162,5540,20,0
2006-03-21 00:00:00,1.2159,1.2167,1.2077,1.2106,7402,20,0
2006-03-22 00:00:00,1.2107,1.2107999999999999,1.2064,1.2077,5636,20,0
2006-03-23 00:00:00,1.2078,1.208,1.1955,1.1969,6353,20,0
2006-03-24 00:00:00,1.1968,1.2045,1.1953,1.2036,5396,20,0
2006-03-26 00:00:00,1.2039,1.204,1.2026,1.2026,174,20,0
2006-03-27 00:00:00,1.2027,1.2057,1.2002,1.2008,4286,20,0
2006-03-28 00:00:00,1.2009,1.2107,1.1992,1.2008,6694,20,0
2006-03-29 00:00:00,1.2009,1.2048,1.1981,1.2029,6055,20,0
2006-03-30 00:00:00,1.2028,1.2171,1.2024,1.2164,7594,20,0
2006-03-31 00:00:00,1.2165,1.2175,1.2084,1.2118,7127,20,0
2006-04-02 00:00:00,1.2116,1.2122,1.2112,1.2115,148,20,0
2006-04-03 00:00:00,1.2116,1.2147999999999999,1.2035,1.2136,7419,20,0
2006-04-04 00:00:00,1.2135,1.2275,1.2119,1.2256,8031,20,0
2006-04-05 00:00:00,1.2258,1.2305,1.2243,1.2285,7533,20,0
2006-04-06 00:00:00,1.2284,1.2333,1.2195,1.2211,8791,20,0
2006-04-07 00:00:00,1.2212,1.2224,1.2091,1.2101,7424,20,0
2006-04-09 00:00:00,1.2102,1.211,1.2099,1.2107999999999999,172,20,0
2006-04-10 00:00:00,1.2109,1.2129,1.2076,1.2109,5545,20,0
2006-04-11 00:00:00,1.211,1.2153,1.2089,1.2145,6031,20,0
2006-04-12 00:00:00,1.2146,1.2167,1.2066,1.2111,6198,20,0
2006-04-13 00:00:00,1.2112,1.2132,1.2069,1.2113,6302,20,0
2006-04-14 00:00:00,1.2112,1.2116,1.2099,1.2111,2208,20,0
2006-04-16 00:00:00,1.211,1.213,1.211,1.2126000000000001,150,20,0
2006-04-17 00:00:00,1.2127,1.2287,1.2126000000000001,1.225,6283,20,0
2006-04-18 00:00:00,1.2248999999999999,1.2368000000000001,1.2224,1.2365,7935,20,0
2006-04-19 00:00:00,1.2366,1.2395,1.2285,1.2377,8165,20,0
2006-04-20 00:00:00,1.2375,1.2379,1.2286,1.2308,7503,20,0
2006-04-21 00:00:00,1.2306,1.2358,1.2269,1.2343,7491,20,0
2006-04-23 00:00:00,1.2365,1.2379,1.236,1.2375,786,20,0
2006-04-24 00:00:00,1.2374,1.2412,1.2334,1.2384,7278,20,0
2006-04-25 00:00:00,1.2385,1.2438,1.2364,1.2427,7820,20,0
2006-04-26 00:00:00,1.2428,1.2469999999999999,1.2386,1.2448,7704,20,0
2006-04-27 00:00:00,1.2449,1.2547,1.2404,1.2530999999999999,7842,20,0
2006-04-28 00:00:00,1.2529,1.2634,1.2521,1.2615,7577,20,0
2006-04-30 00:00:00,1.2636,1.2636,1.262,1.2623,300,20,0
2006-05-01 00:00:00,1.2621,1.2690000000000001,1.2555,1.258,7579,20,0
2006-05-02 00:00:00,1.2579,1.2669000000000001,1.256,1.2617,7969,20,0
2006-05-03 00:00:00,1.2614,1.2668,1.2594,1.2621,8127,20,0
2006-05-04 00:00:00,1.2619,1.2723,1.2572,1.2698,9229,20,0
2006-05-05 00:00:00,1.2697,1.2764,1.2674,1.2726,7586,20,0
2006-05-07 00:00:00,1.2736,1.2749,1.2727,1.2731,552,20,0
2006-05-08 00:00:00,1.2732,1.2787,1.2692,1.27,7648,20,0
2006-05-09 00:00:00,1.2702,1.2783,1.2662,1.2765,9093,20,0
2006-05-10 00:00:00,1.2766,1.2831000000000001,1.2751000000000001,1.2772999999999999,10788,20,0
2006-05-11 00:00:00,1.2774,1.287,1.2686,1.2852000000000001,11311,20,0
2006-05-12 00:00:00,1.2852999999999999,1.2957,1.284,1.2929,11470,20,0
2006-05-14 00:00:00,1.2937,1.2971,1.2936,1.2969,639,20,0
2006-05-15 00:00:00,1.297,1.297,1.2777,1.2783,11685,20,0
2006-05-16 00:00:00,1.2784,1.2865,1.2771,1.2843,11527,20,0
2006-05-17 00:00:00,1.2852000000000001,1.2918,1.2703,1.2741,12067,20,0
2006-05-18 00:00:00,1.2742,1.2875,1.2728,1.2851,10296,20,0
2006-05-19 00:00:00,1.2852000000000001,1.2867,1.2691,1.2772000000000001,9170,20,0
2006-05-21 00:00:00,1.2771,1.2778,1.2757,1.2765,238,20,0
2006-05-22 00:00:00,1.2764,1.2884,1.2697,1.285,9145,20,0
2006-05-23 00:00:00,1.2851,1.288,1.2768,1.278,9335,20,0
2006-05-24 00:00:00,1.2781,1.2889,1.2732999999999999,1.2769,11152,20,0
2006-05-25 00:00:00,1.2770000000000001,1.2826,1.2748,1.2805,8290,20,0
2006-05-26 00:00:00,1.2806,1.283,1.2702,1.2727,8420,20,0
2006-05-28 00:00:00,1.2725,1.2741,1.272,1.2738,356,20,0
2006-05-29 00:00:00,1.2737,1.2768,1.2734,1.275,4889,20,0
2006-05-30 00:00:00,1.2751000000000001,1.2907,1.2744,1.2863,9691,20,0
2006-05-31 00:00:00,1.2862,1.2903,1.2806,1.2814,11074,20,0
2006-06-01 00:00:00,1.2812000000000001,1.2826,1.2724,1.2812000000000001,9897,20,0
2006-06-02 00:00:00,1.2809,1.294,1.2796,1.2922,9008,20,0
2006-06-04 00:00:00,1.2936,1.2937,1.2921,1.2923,308,20,0
2006-06-05 00:00:00,1.2925,1.2978,1.2893,1.2898,7872,20,0
2006-06-06 00:00:00,1.2899,1.2932000000000001,1.2806,1.2819,8413,20,0
2006-06-07 00:00:00,1.282,1.2836,1.2763,1.2801,8140,20,0
2006-06-08 00:00:00,1.28,1.2810000000000001,1.2628,1.2647,9443,20,0
2006-06-09 00:00:00,1.2649,1.2682,1.2595,1.2638,7196,20,0
2006-06-11 00:00:00,1.2627,1.2631999999999999,1.2610999999999999,1.2615,455,20,0
2006-06-12 00:00:00,1.2614,1.2652,1.2567,1.2584,6593,20,0
2006-06-13 00:00:00,1.2585,1.2616,1.2532,1.2546,8874,20,0
2006-06-14 00:00:00,1.2547,1.2648,1.2533,1.2606,8499,20,0
2006-06-15 00:00:00,1.2605,1.2659,1.2584,1.2637,7757,20,0
2006-06-16 00:00:00,1.2636,1.2671999999999999,1.2619,1.2639,6646,20,0
2006-06-18 00:00:00,1.2645,1.2651,1.2633,1.2634,307,20,0
2006-06-19 00:00:00,1.2635,1.2643,1.2551999999999999,1.2579,5817,20,0
2006-06-20 00:00:00,1.258,1.2615,1.2539,1.2586,6080,20,0
2006-06-21 00:00:00,1.2588,1.2677,1.2586,1.2662,5610,20,0
2006-06-22 00:00:00,1.2659,1.2679,1.2551999999999999,1.2581,6589,20,0
2006-06-23 00:00:00,1.2583,1.2587,1.248,1.2511,6283,20,0
2006-06-25 00:00:00,1.251,1.2518,1.2502,1.2509000000000001,285,20,0
2006-06-26 00:00:00,1.2508,1.2601,1.2504,1.259,6468,20,0
2006-06-27 00:00:00,1.2588,1.262,1.2561,1.2570000000000001,6909,20,0
2006-06-28 00:00:00,1.2569,1.2585,1.2518,1.2545,6035,20,0
2006-06-29 00:00:00,1.2544,1.267,1.2519,1.2662,8414,20,0
2006-06-30 00:00:00,1.266,1.2789,1.2657,1.2786,8612,20,0
2006-07-02 00:00:00,1.2788,1.2792,1.2777,1.2789,254,20,0
2006-07-03 00:00:00,1.2788,1.2824,1.2762,1.2802,6509,20,0
2006-07-04 00:00:00,1.2798,1.2819,1.2778,1.2789,5474,20,0
2006-07-05 00:00:00,1.2788,1.2838,1.2706,1.2731,8504,20,0
2006-07-06 00:00:00,1.2732,1.2783,1.272,1.2774,6835,20,0
2006-07-07 00:00:00,1.2772999999999999,1.2862,1.2764,1.2812000000000001,5235,20,0
2006-07-09 00:00:00,1.2816,1.2817,1.2806,1.2807,222,20,0
2006-07-10 00:00:00,1.2806,1.2814,1.272,1.2741,6515,20,0
2006-07-11 00:00:00,1.274,1.2779,1.2703,1.2767,5415,20,0
2006-07-12 00:00:00,1.2766,1.278,1.2679,1.2715,7300,20,0
2006-07-13 00:00:00,1.2711000000000001,1.2730000000000001,1.2664,1.2695,6863,20,0
2006-07-14 00:00:00,1.2692999999999999,1.2697,1.2625,1.2646,6134,20,0
2006-07-16 00:00:00,1.2652,1.2658,1.2631000000000001,1.2635,337,20,0
2006-07-17 00:00:00,1.2636,1.2641,1.251,1.2517,6440,20,0
2006-07-18 00:00:00,1.2516,1.2558,1.2471,1.2502,7420,20,0
2006-07-19 00:00:00,1.2499,1.2607,1.2457,1.2598,8557,20,0
2006-07-20 00:00:00,1.2597,1.2652999999999999,1.2589000000000001,1.2634,6620,20,0
2006-07-21 00:00:00,1.2631999999999999,1.2697,1.2628,1.2697,5837,20,0
2006-07-23 00:00:00,1.2708,1.2711000000000001,1.27,1.2706,287,20,0
2006-07-24 00:00:00,1.2703,1.2705,1.2612,1.2622,6196,20,0
2006-07-25 00:00:00,1.2621,1.2671000000000001,1.2563,1.2582,7026,20,0
2006-07-26 00:00:00,1.2581,1.2724,1.256,1.2709,7150,20,0
2006-07-27 00:00:00,1.271,1.2769,1.2683,1.2692999999999999,7860,20,0
2006-07-28 00:00:00,1.2691,1.2770000000000001,1.2661,1.2748,7954,20,0
2006-07-30 00:00:00,1.2756,1.2767,1.2755,1.2764,294,20,0
2006-07-31 00:00:00,1.2765,1.2784,1.2743,1.2772000000000001,6865,20,0
2006-08-01 00:00:00,1.2772999999999999,1.2831000000000001,1.272,1.2818,7781,20,0
2006-08-02 00:00:00,1.2817,1.2836,1.2777,1.2791000000000001,7863,20,0
2006-08-03 00:00:00,1.279,1.2833,1.2743,1.2798,7600,20,0
2006-08-04 00:00:00,1.2796,1.291,1.2777,1.2878,5769,20,0
2006-08-06 00:00:00,1.2877,1.2887,1.287,1.2883,261,20,0
2006-08-07 00:00:00,1.2884,1.2892000000000001,1.2808,1.2819,5764,20,0
2006-08-08 00:00:00,1.2818,1.2894,1.2766,1.2770000000000001,7060,20,0
2006-08-09 00:00:00,1.2772000000000001,1.2902,1.2768,1.2875,7114,20,0
2006-08-10 00:00:00,1.2872,1.291,1.2749,1.2793999999999999,8334,20,0
2006-08-11 00:00:00,1.2791000000000001,1.2799,1.2719,1.2731,7293,20,0
2006-08-13 00:00:00,1.2731,1.2732,1.271,1.2731,287,20,0
2006-08-14 00:00:00,1.2732,1.2762,1.2709,1.272,5626,20,0
2006-08-15 00:00:00,1.2718,1.2802,1.2698,1.2788,6458,20,0
2006-08-16 00:00:00,1.2789,1.2863,1.2770000000000001,1.2841,5139,20,0
2006-08-17 00:00:00,1.2843,1.2888,1.2810000000000001,1.2829,5848,20,0
2006-08-18 00:00:00,1.283,1.2847,1.2782,1.2829,5005,20,0
2006-08-20 00:00:00,1.2826,1.284,1.2821,1.2837,195,20,0
2006-08-21 00:00:00,1.2836,1.2939,1.2833,1.2871000000000001,6334,20,0
2006-08-22 00:00:00,1.2869,1.2884,1.2784,1.2810000000000001,7570,20,0
2006-08-23 00:00:00,1.2808,1.2852000000000001,1.2775,1.278,6323,20,0
2006-08-24 00:00:00,1.2783,1.2838,1.2749,1.2761,7117,20,0
2006-08-25 00:00:00,1.2759,1.2786,1.2727,1.2756,5386,20,0
2006-08-27 00:00:00,1.276,1.2770000000000001,1.2755,1.2761,231,20,0
2006-08-28 00:00:00,1.2758,1.2818,1.2755,1.2791000000000001,3976,20,0
2006-08-29 00:00:00,1.279,1.2839,1.2749,1.2826,7880,20,0
2006-08-30 00:00:00,1.2828,1.2854999999999999,1.2812000000000001,1.284,6161,20,0
2006-08-31 00:00:00,1.2839,1.2879,1.2785,1.2805,7823,20,0
2006-09-01 00:00:00,1.2802,1.2844,1.2756,1.2838,6123,20,0
2006-09-03 00:00:00,1.2835,1.2848,1.2835,1.2848,349,20,0
2006-09-04 00:00:00,1.2849,1.2873999999999999,1.284,1.2854999999999999,5186,20,0
2006-09-05 00:00:00,1.2856,1.2863,1.2797,1.2822,5744,20,0
2006-09-06 00:00:00,1.2821,1.2831000000000001,1.2770000000000001,1.2818,6069,20,0
2006-09-07 00:00:00,1.282,1.2831000000000001,1.2709,1.2727,7154,20,0
2006-09-08 00:00:00,1.2729,1.2736,1.2652999999999999,1.2677,6747,20,0
2006-09-10 00:00:00,1.2676,1.2676,1.2662,1.2671000000000001,204,20,0
2006-09-11 00:00:00,1.2673,1.274,1.2649,1.2705,6691,20,0
2006-09-12 00:00:00,1.2706,1.2732,1.267,1.2692999999999999,6342,20,0
2006-09-13 00:00:00,1.2692,1.2717,1.2663,1.2692,6113,20,0
2006-09-14 00:00:00,1.2691,1.2752,1.2677,1.2724,6726,20,0
2006-09-15 00:00:00,1.2719,1.2735,1.263,1.266,6093,20,0
2006-09-17 00:00:00,1.2641,1.2646,1.2631000000000001,1.2644,365,20,0
2006-09-18 00:00:00,1.2642,1.2711000000000001,1.2631000000000001,1.2705,8150,20,0
2006-09-19 00:00:00,1.2703,1.2728,1.2650000000000001,1.2676,10093,20,0
2006-09-20 00:00:00,1.2677,1.2727,1.2666,1.2686,8446,20,0
2006-09-21 00:00:00,1.2685,1.2797,1.2683,1.2777,10093,20,0
2006-09-22 00:00:00,1.2776,1.283,1.2776,1.2791000000000001,8851,20,0
2006-09-24 00:00:00,1.2783,1.2796,1.2781,1.279,501,20,0
2006-09-25 00:00:00,1.2789,1.2823,1.2732,1.2747,8568,20,0
2006-09-26 00:00:00,1.2746,1.2762,1.2664,1.2684,9207,20,0
2006-09-27 00:00:00,1.2685,1.2718,1.2671999999999999,1.2705,8759,20,0
2006-09-28 00:00:00,1.2704,1.2732999999999999,1.2679,1.2704,8540,20,0
2006-09-29 00:00:00,1.2705,1.2713999999999999,1.2635,1.2678,7346,20,0
2006-10-01 00:00:00,1.2683,1.2688,1.2675,1.2679,768,20,0
2006-10-02 00:00:00,1.2677,1.2758,1.2662,1.2739,8908,20,0
2006-10-03 00:00:00,1.274,1.2765,1.272,1.2734,8723,20,0
2006-10-04 00:00:00,1.2732999999999999,1.2742,1.2669000000000001,1.2711000000000001,9178,20,0
2006-10-05 00:00:00,1.271,1.2724,1.2671000000000001,1.2692999999999999,9031,20,0
2006-10-06 00:00:00,1.2689,1.2702,1.2572,1.2591999999999999,9016,20,0
2006-10-08 00:00:00,1.2595,1.2598,1.2586,1.2589000000000001,540,20,0
2006-10-09 00:00:00,1.2588,1.2612999999999999,1.2584,1.2596,7531,20,0
2006-10-10 00:00:00,1.2597,1.2614,1.2517,1.2530000000000001,9174,20,0
2006-10-11 00:00:00,1.2532,1.2556,1.2504,1.2523,9501,20,0
2006-10-12 00:00:00,1.2517,1.2567,1.2516,1.2561,8575,20,0
2006-10-13 00:00:00,1.2562,1.2578,1.2486,1.2509000000000001,8283,20,0
2006-10-15 00:00:00,1.2504,1.251,1.2497,1.25,481,20,0
2006-10-16 00:00:00,1.2501,1.2542,1.249,1.2537,8600,20,0
2006-10-17 00:00:00,1.254,1.2565,1.2511,1.2543,9148,20,0
2006-10-18 00:00:00,1.2542,1.2559,1.2503,1.2535,8169,20,0
2006-10-19 00:00:00,1.2534,1.2641,1.2530999999999999,1.2625,8804,20,0
2006-10-20 00:00:00,1.2626,1.2641,1.2598,1.2619,7464,20,0
2006-10-22 00:00:00,1.2618,1.262,1.2610000000000001,1.2614,514,20,0
2006-10-23 00:00:00,1.2610999999999999,1.2621,1.2537,1.2549000000000001,7628,20,0
2006-10-24 00:00:00,1.2548,1.2577,1.2524,1.2557,8776,20,0
2006-10-25 00:00:00,1.2558,1.2622,1.2554,1.2612999999999999,8460,20,0
2006-10-26 00:00:00,1.2614,1.27,1.2610000000000001,1.2692999999999999,8801,20,0
2006-10-27 00:00:00,1.2694,1.2748,1.2663,1.2734,8511,20,0
2006-10-29 00:00:00,1.2732999999999999,1.2735,1.2726,1.2731,297,20,0
2006-10-30 00:00:00,1.2732,1.2736,1.27,1.2716,7520,20,0
2006-10-31 00:00:00,1.2715,1.2783,1.2681,1.2765,8759,20,0
2006-11-01 00:00:00,1.2770000000000001,1.2799,1.2742,1.2755,7590,20,0
2006-11-02 00:00:00,1.2753999999999999,1.2787,1.2738,1.2778,7922,20,0
2006-11-03 00:00:00,1.2779,1.2781,1.2685,1.2719,7984,20,0
2006-11-05 00:00:00,1.2715,1.2724,1.2713999999999999,1.2721,594,20,0
2006-11-06 00:00:00,1.2723,1.2735,1.2692999999999999,1.2728,8528,20,0
2006-11-07 00:00:00,1.2727,1.2819,1.2723,1.2778,8128,20,0
2006-11-08 00:00:00,1.2779,1.2810000000000001,1.2749,1.276,6213,20,0
2006-11-09 00:00:00,1.2762,1.2852000000000001,1.2749,1.2833999999999999,7775,20,0
2006-11-10 00:00:00,1.2835,1.2902,1.2831000000000001,1.2847,6494,20,0
2006-11-12 00:00:00,1.2846,1.2854999999999999,1.2838,1.2847,397,20,0
2006-11-13 00:00:00,1.2846,1.288,1.2797,1.2819,6339,20,0
2006-11-14 00:00:00,1.2817,1.2871000000000001,1.2795,1.2816,7668,20,0
2006-11-15 00:00:00,1.2811,1.2835,1.2772999999999999,1.2822,6666,20,0
2006-11-16 00:00:00,1.2821,1.2832,1.2786,1.2792,5357,20,0
2006-11-17 00:00:00,1.2791000000000001,1.2843,1.2764,1.2825,5653,20,0
2006-11-19 00:00:00,1.2824,1.2831000000000001,1.282,1.282,220,20,0
2006-11-20 00:00:00,1.2819,1.285,1.2805,1.2817,3738,20,0
2006-11-21 00:00:00,1.2818,1.2856,1.2798,1.2844,4404,20,0
2006-11-22 00:00:00,1.2843,1.2955999999999999,1.2841,1.2937,6171,20,0
2006-11-23 00:00:00,1.2936,1.2974999999999999,1.2928,1.2952,4365,20,0
2006-11-24 00:00:00,1.2953000000000001,1.3112,1.295,1.3094999999999999,7193,20,0
2006-11-26 00:00:00,1.3161,1.3171,1.3143,1.3155000000000001,696,20,0
2006-11-27 00:00:00,1.3154,1.3155000000000001,1.3086,1.3133,6925,20,0
2006-11-28 00:00:00,1.3131,1.3216999999999999,1.3119,1.32,9203,20,0
2006-11-29 00:00:00,1.3197999999999999,1.3215,1.3131,1.3146,7784,20,0
2006-11-30 00:00:00,1.3147,1.3275000000000001,1.3141,1.3252,8535,20,0
2006-12-01 00:00:00,1.3253,1.3347,1.3219,1.334,8247,20,0
2006-12-03 00:00:00,1.3343,1.3363,1.3332,1.3352,398,20,0
2006-12-04 00:00:00,1.3351,1.3351,1.3283,1.3335,6649,20,0
2006-12-05 00:00:00,1.3336000000000001,1.3362,1.3286,1.3317999999999999,7418,20,0
2006-12-06 00:00:00,1.3319,1.3343,1.3255,1.3284,7687,20,0
2006-12-07 00:00:00,1.3283,1.3325,1.3276,1.3285,6995,20,0
2006-12-08 00:00:00,1.3286,1.3362,1.319,1.3204,8592,20,0
2006-12-10 00:00:00,1.3175,1.3195000000000001,1.3169,1.3186,489,20,0
2006-12-11 00:00:00,1.3183,1.3261,1.3133,1.325,7791,20,0
2006-12-12 00:00:00,1.3249,1.3291,1.3212,1.3282,7822,20,0
2006-12-13 00:00:00,1.3283,1.3287,1.3192,1.3216,6842,20,0
2006-12-14 00:00:00,1.3215,1.3252,1.3141,1.3154,7339,20,0
2006-12-15 00:00:00,1.3155000000000001,1.3185,1.3059,1.3084,9458,20,0
2006-12-17 00:00:00,1.3078,1.3088,1.3077,1.3082,159,20,0
2006-12-18 00:00:00,1.3083,1.3118,1.3051,1.3102,5202,20,0
2006-12-19 00:00:00,1.3101,1.3214000000000001,1.3083,1.3206,7915,20,0
2006-12-20 00:00:00,1.3205,1.3245,1.316,1.3185,6902,20,0
2006-12-21 00:00:00,1.3186,1.3213,1.3142,1.3182,6503,20,0
2006-12-22 00:00:00,1.3181,1.3214000000000001,1.3111,1.3146,5203,20,0
2006-12-26 00:00:00,1.3136999999999999,1.3141,1.3091,1.3109,2530,20,0
2006-12-27 00:00:00,1.3111,1.3176999999999999,1.3102,1.3126,5501,20,0
2006-12-28 00:00:00,1.3127,1.3201,1.3107,1.3145,6049,20,0
2006-12-29 00:00:00,1.3146,1.3203,1.3138,1.3199,5348,20,0
2007-01-02 00:00:00,1.3219,1.3294000000000001,1.3216,1.3274,5502,20,0
2007-01-03 00:00:00,1.3275000000000001,1.329,1.3149,1.3172,7198,20,0
2007-01-04 00:00:00,1.3171,1.3181,1.3078,1.3091,7451,20,0
2007-01-05 00:00:00,1.3092,1.3107,1.2983,1.3005,7638,20,0
2007-01-07 00:00:00,1.3014000000000001,1.3016,1.3007,1.3008,149,20,0
2007-01-08 00:00:00,1.3007,1.3041,1.2971,1.3039,5922,20,0
2007-01-09 00:00:00,1.3038,1.3054999999999999,1.2986,1.2993999999999999,6332,20,0
2007-01-10 00:00:00,1.2993000000000001,1.3004,1.293,1.2938,7222,20,0
2007-01-11 00:00:00,1.2937,1.3014999999999999,1.2882,1.2893,8146,20,0
2007-01-12 00:00:00,1.2892000000000001,1.2944,1.2868,1.2918,7264,20,0
2007-01-14 00:00:00,1.2924,1.2929,1.2919,1.2927,228,20,0
2007-01-15 00:00:00,1.2926,1.2955999999999999,1.2916,1.2934,4135,20,0
2007-01-16 00:00:00,1.2933,1.2988,1.2908,1.2918,7143,20,0
2007-01-17 00:00:00,1.2917,1.2949,1.2898,1.2937,5885,20,0
2007-01-18 00:00:00,1.2936,1.2974999999999999,1.2899,1.2959,7619,20,0
2007-01-19 00:00:00,1.2958,1.3001,1.2913999999999999,1.2961,5657,20,0
2007-01-21 00:00:00,1.2962,1.2963,1.2953000000000001,1.2958,147,20,0
2007-01-22 00:00:00,1.2959,1.2976,1.2926,1.2949,4686,20,0
2007-01-23 00:00:00,1.2948,1.3044,1.2929,1.3021,6849,20,0
2007-01-24 00:00:00,1.302,1.3035999999999999,1.2948,1.2962,7497,20,0
2007-01-25 00:00:00,1.2961,1.3001,1.2913999999999999,1.2934999999999999,8177,20,0
2007-01-26 00:00:00,1.2933,1.2938,1.288,1.2917,6570,20,0
2007-01-28 00:00:00,1.2922,1.2927,1.2917,1.2924,185,20,0
2007-01-29 00:00:00,1.2923,1.2968,1.29,1.2962,5199,20,0
2007-01-30 00:00:00,1.2963,1.2982,1.2945,1.2966,5550,20,0
2007-01-31 00:00:00,1.2965,1.3037,1.2929,1.3022,7518,20,0
2007-02-01 00:00:00,1.3023,1.3054000000000001,1.3002,1.3017,6461,20,0
2007-02-02 00:00:00,1.3018,1.3065,1.2952,1.2966,5327,20,0
2007-02-04 00:00:00,1.2962,1.2963,1.2955,1.2959,227,20,0
2007-02-05 00:00:00,1.296,1.2967,1.2913000000000001,1.2933,5320,20,0
2007-02-06 00:00:00,1.2932000000000001,1.2993000000000001,1.2913999999999999,1.2984,4843,20,0
2007-02-07 00:00:00,1.2983,1.3025,1.2973,1.3023,4855,20,0
2007-02-08 00:00:00,1.3022,1.3045,1.2974999999999999,1.3039,6105,20,0
2007-02-09 00:00:00,1.3038,1.3046,1.2983,1.3005,4480,20,0
2007-02-11 00:00:00,1.2992,1.3025,1.2988,1.302,422,20,0
2007-02-12 00:00:00,1.3019,1.3037,1.2942,1.296,4361,20,0
2007-02-13 00:00:00,1.2962,1.3047,1.2955,1.3033000000000001,5655,20,0
2007-02-14 00:00:00,1.3032,1.3148,1.3025,1.3138,6807,20,0
2007-02-15 00:00:00,1.3139,1.3173,1.3117,1.3134000000000001,6777,20,0
2007-02-16 00:00:00,1.3133,1.3145,1.3096,1.314,5030,20,0
2007-02-18 00:00:00,1.316,1.3164,1.3146,1.3147,226,20,0
2007-02-19 00:00:00,1.3148,1.3163,1.3122,1.3153000000000001,3286,20,0
2007-02-20 00:00:00,1.3154,1.3189,1.313,1.3147,5213,20,0
2007-02-21 00:00:00,1.3148,1.3165,1.3114,1.3136999999999999,5820,20,0
2007-02-22 00:00:00,1.3138,1.3141,1.308,1.3124,5356,20,0
2007-02-23 00:00:00,1.3125,1.3185,1.3103,1.3165,4552,20,0
2007-02-25 00:00:00,1.3167,1.3187,1.3167,1.3181,335,20,0
2007-02-26 00:00:00,1.318,1.3197999999999999,1.3152,1.3191,4758,20,0
2007-02-27 00:00:00,1.3193,1.3259,1.3161,1.323,7753,20,0
2007-02-28 00:00:00,1.3231,1.3237999999999999,1.3182,1.3228,8348,20,0
2007-03-01 00:00:00,1.323,1.3239,1.3157,1.3169,7925,20,0
2007-03-02 00:00:00,1.3168,1.3202,1.3145,1.3193,6409,20,0
2007-03-04 00:00:00,1.3202,1.3213,1.3183,1.3183,507,20,0
2007-03-05 00:00:00,1.3184,1.3195000000000001,1.3073000000000001,1.3087,9376,20,0
2007-03-06 00:00:00,1.3086,1.3142,1.3081,1.3138,6852,20,0
2007-03-07 00:00:00,1.3136999999999999,1.3184,1.311,1.3176999999999999,5794,20,0
2007-03-08 00:00:00,1.3176,1.3183,1.3119,1.3138,6742,20,0
2007-03-09 00:00:00,1.3136999999999999,1.3161,1.3086,1.3114,5040,20,0
2007-03-11 00:00:00,1.3113000000000001,1.3128,1.3109,1.3126,271,20,0
2007-03-12 00:00:00,1.3125,1.32,1.3109,1.3186,5808,20,0
2007-03-13 00:00:00,1.3185,1.322,1.3155999999999999,1.3188,6468,20,0
2007-03-14 00:00:00,1.3187,1.3246,1.3179,1.3234,7098,20,0
2007-03-15 00:00:00,1.3235000000000001,1.3281,1.3195000000000001,1.328,6425,20,0
2007-03-16 00:00:00,1.3281,1.334,1.3274,1.3316,7761,20,0
2007-03-18 00:00:00,1.3319,1.3321,1.3312,1.3317,311,20,0
2007-03-19 00:00:00,1.3317999999999999,1.3326,1.328,1.331,5693,20,0
2007-03-20 00:00:00,1.3309,1.3321,1.3272,1.3312,6806,20,0
2007-03-21 00:00:00,1.3311,1.3411,1.3291,1.3397000000000001,5886,20,0
2007-03-22 00:00:00,1.3397999999999999,1.3402,1.3311,1.3333,6368,20,0
2007-03-23 00:00:00,1.3332,1.3341,1.3281,1.3282,5350,20,0
2007-03-25 00:00:00,1.3284,1.3296000000000001,1.3256999999999999,1.3265,299,20,0
2007-03-26 00:00:00,1.3266,1.3345,1.3255,1.3327,5767,20,0
2007-03-27 00:00:00,1.3328,1.3369,1.3321,1.3361,5858,20,0
2007-03-28 00:00:00,1.336,1.3373,1.3308,1.3312,6757,20,0
2007-03-29 00:00:00,1.3311,1.3351,1.3301,1.3333,5347,20,0
2007-03-30 00:00:00,1.3334,1.34,1.3287,1.3357999999999999,7645,20,0
2007-04-01 00:00:00,1.3372,1.3376000000000001,1.3353,1.3355000000000001,231,20,0
2007-04-02 00:00:00,1.3356,1.3382,1.3331,1.3369,5021,20,0
2007-04-03 00:00:00,1.337,1.3378999999999999,1.3317999999999999,1.3321,4937,20,0
2007-04-04 00:00:00,1.3322,1.338,1.3316,1.3372,5645,20,0
2007-04-05 00:00:00,1.3371,1.3439999999999999,1.3354,1.3429,5020,20,0
2007-04-06 00:00:00,1.3428,1.3429,1.3366,1.3376000000000001,2647,20,0
2007-04-08 00:00:00,1.3378,1.3382,1.3371,1.3372,105,20,0
2007-04-09 00:00:00,1.3371,1.338,1.3341,1.3356,2508,20,0
2007-04-10 00:00:00,1.3355000000000001,1.3455,1.3351,1.3428,5423,20,0
2007-04-11 00:00:00,1.3429,1.3439,1.3406,1.3434,5111,20,0
2007-04-12 00:00:00,1.3433,1.35,1.3431,1.3489,6355,20,0
2007-04-13 00:00:00,1.3488,1.3553,1.3479999999999999,1.353,7121,20,0
2007-04-15 00:00:00,1.3555,1.3577,1.3551,1.3573,368,20,0
2007-04-16 00:00:00,1.3574,1.3577,1.3525,1.3527,5421,20,0
2007-04-17 00:00:00,1.3528,1.3597000000000001,1.3524,1.3569,6431,20,0
2007-04-18 00:00:00,1.357,1.3614,1.3557000000000001,1.3612,6192,20,0
2007-04-19 00:00:00,1.3613,1.3629,1.3562,1.3622,7121,20,0
2007-04-20 00:00:00,1.3620999999999999,1.3637000000000001,1.3589,1.3592,4447,20,0
2007-04-22 00:00:00,1.3594,1.3608,1.3594,1.3602,176,20,0
2007-04-23 00:00:00,1.3599999999999999,1.3604,1.3544,1.3583,5029,20,0
2007-04-24 00:00:00,1.3582,1.3641,1.3549,1.3631,5783,20,0
2007-04-25 00:00:00,1.3632,1.3666,1.3620999999999999,1.3638,6610,20,0
2007-04-26 00:00:00,1.3637000000000001,1.3654,1.3585,1.3588,6475,20,0
2007-04-27 00:00:00,1.359,1.3688,1.3586,1.3649,5972,20,0
2007-04-29 00:00:00,1.3651,1.3651,1.3628,1.3638,345,20,0
2007-04-30 00:00:00,1.3639000000000001,1.3677000000000001,1.3591,1.365,5816,20,0
2007-05-01 00:00:00,1.3651,1.3672,1.3591,1.3597000000000001,6047,20,0
2007-05-02 00:00:00,1.3598,1.3612,1.3559999999999999,1.3587,6510,20,0
2007-05-03 00:00:00,1.3586,1.3623,1.3545,1.3554,5367,20,0
2007-05-04 00:00:00,1.3553,1.361,1.3535,1.3594,5146,20,0
2007-05-06 00:00:00,1.3599,1.3604,1.3593,1.3596,227,20,0
2007-05-07 00:00:00,1.3597000000000001,1.3625,1.3591,1.3598,3478,20,0
2007-05-08 00:00:00,1.3597000000000001,1.3620999999999999,1.3516,1.354,5706,20,0
2007-05-09 00:00:00,1.3541,1.3565,1.3519999999999999,1.3526,4864,20,0
2007-05-10 00:00:00,1.3527,1.3565,1.3465,1.3481,7120,20,0
2007-05-11 00:00:00,1.3479999999999999,1.3529,1.3462,1.3529,5503,20,0
2007-05-13 00:00:00,1.3537,1.3538999999999999,1.3528,1.3533,179,20,0
2007-05-14 00:00:00,1.3535,1.3557000000000001,1.3523,1.3542,3782,20,0
2007-05-15 00:00:00,1.3541,1.361,1.3529,1.3591,5293,20,0
2007-05-16 00:00:00,1.3592,1.3609,1.3506,1.3522,5450,20,0
2007-05-17 00:00:00,1.3521,1.3544,1.3477999999999999,1.3494,5170,20,0
2007-05-18 00:00:00,1.3493,1.3522,1.3466,1.351,5431,20,0
2007-05-20 00:00:00,1.3521,1.353,1.3515,1.3521,324,20,0
2007-05-21 00:00:00,1.3519,1.3522,1.3435000000000001,1.3465,4707,20,0
2007-05-22 00:00:00,1.3464,1.3475,1.3435000000000001,1.345,4313,20,0
2007-05-23 00:00:00,1.3451,1.3498,1.3414,1.3457,5408,20,0
2007-05-24 00:00:00,1.3456000000000001,1.3462,1.3415,1.3428,5084,20,0
2007-05-25 00:00:00,1.3429,1.3472,1.341,1.3445,4830,20,0
2007-05-27 00:00:00,1.3444,1.3452,1.3444,1.3449,84,20,0
2007-05-28 00:00:00,1.3448,1.3457,1.3444,1.3448,1221,20,0
2007-05-29 00:00:00,1.3449,1.3518,1.3421,1.3445,5819,20,0
2007-05-30 00:00:00,1.3444,1.3457,1.3407,1.343,5462,20,0
2007-05-31 00:00:00,1.3431,1.3475,1.3423,1.3452,4443,20,0
2007-06-01 00:00:00,1.3453,1.3463,1.3392,1.3443,4149,20,0
2007-06-03 00:00:00,1.3439,1.3443,1.3437000000000001,1.3437999999999999,64,20,0
2007-06-04 00:00:00,1.3436,1.3496000000000001,1.3433,1.3487,1429,20,0
2007-06-05 00:00:00,1.3488,1.3556,1.3487,1.3518,1622,20,0
2007-06-06 00:00:00,1.3517000000000001,1.3537,1.3487,1.3493,1637,20,0
2007-06-07 00:00:00,1.3494,1.3512,1.3421,1.3429,2064,20,0
2007-06-08 00:00:00,1.343,1.343,1.3326,1.3367,1957,20,0
2007-06-10 00:00:00,1.3368,1.3368,1.3355000000000001,1.3359,140,20,0
2007-06-11 00:00:00,1.3357,1.3362,1.3334,1.3353,3853,20,0
2007-06-12 00:00:00,1.3352,1.337,1.3301,1.3304,1465,20,0
2007-06-13 00:00:00,1.3303,1.3317,1.3265,1.3306,1845,20,0
2007-06-14 00:00:00,1.3308,1.3324,1.3281,1.3313,1331,20,0
2007-06-15 00:00:00,1.3312,1.3383,1.3305,1.3376000000000001,2987,20,0
2007-06-17 00:00:00,1.3382,1.3382,1.3373,1.3378,197,20,0
2007-06-18 00:00:00,1.3378999999999999,1.3417,1.3376000000000001,1.3415,3911,20,0
2007-06-19 00:00:00,1.3414,1.3436,1.3382,1.3418999999999999,4714,20,0
2007-06-20 00:00:00,1.342,1.3435000000000001,1.3391,1.3391,4027,20,0
2007-06-21 00:00:00,1.339,1.3406,1.3375,1.3392,4854,20,0
2007-06-22 00:00:00,1.3391,1.3469,1.3382,1.3464,4484,20,0
2007-06-24 00:00:00,1.3466,1.347,1.3461,1.3461,104,20,0
2007-06-25 00:00:00,1.3462,1.3477999999999999,1.3437999999999999,1.3462,3599,20,0
2007-06-26 00:00:00,1.3461,1.3474,1.3434,1.3442,4353,20,0
2007-06-27 00:00:00,1.3443,1.3458999999999999,1.3413,1.3455,5167,20,0
2007-06-28 00:00:00,1.3454,1.3479,1.3421,1.3447,5383,20,0
2007-06-29 00:00:00,1.3449,1.3537,1.3426,1.3528,5657,20,0
2007-07-01 00:00:00,1.3527,1.3548,1.3525,1.3537,246,20,0
2007-07-02 00:00:00,1.3536000000000001,1.3637000000000001,1.3525,1.363,5021,20,0
2007-07-03 00:00:00,1.3629,1.3632,1.3584,1.3611,4553,20,0
2007-07-04 00:00:00,1.3612,1.363,1.3606,1.3614,2891,20,0
2007-07-05 00:00:00,1.3613,1.3655,1.3574,1.3596,5044,20,0
2007-07-06 00:00:00,1.3595,1.3644,1.357,1.3618999999999999,4799,20,0
2007-07-08 00:00:00,1.3627,1.3634,1.3622,1.3624,145,20,0
2007-07-09 00:00:00,1.3623,1.3639999999999999,1.361,1.3620999999999999,2999,20,0
2007-07-10 00:00:00,1.362,1.3786,1.3594,1.376,6627,20,0
2007-07-11 00:00:00,1.3759000000000001,1.3777,1.373,1.3749,7387,20,0
2007-07-12 00:00:00,1.375,1.3799000000000001,1.374,1.3783,6014,20,0
2007-07-13 00:00:00,1.3782,1.3812,1.3764,1.3787,5201,20,0
2007-07-15 00:00:00,1.3792,1.3792,1.377,1.3773,180,20,0
2007-07-16 00:00:00,1.3772,1.3801999999999999,1.3758,1.3775,4168,20,0
2007-07-17 00:00:00,1.3776,1.3797,1.3756,1.3786,4446,20,0
2007-07-18 00:00:00,1.3787,1.3827,1.3752,1.3806,6927,20,0
2007-07-19 00:00:00,1.3805,1.3831,1.3786,1.3797,5245,20,0
2007-07-20 00:00:00,1.3796,1.3841999999999999,1.3779,1.3825,4935,20,0
2007-07-22 00:00:00,1.3831,1.3845,1.3829,1.3834,548,20,0
2007-07-23 00:00:00,1.3833,1.384,1.3792,1.3801999999999999,4365,20,0
2007-07-24 00:00:00,1.3801,1.385,1.3798,1.3822999999999999,6398,20,0
2007-07-25 00:00:00,1.3822,1.3824,1.3696,1.3721,7644,20,0
2007-07-26 00:00:00,1.3721999999999999,1.377,1.3693,1.3746,8163,20,0
2007-07-27 00:00:00,1.3745,1.3752,1.3633,1.3641,8926,20,0
2007-07-29 00:00:00,1.3622,1.3634,1.3613,1.3632,445,20,0
2007-07-30 00:00:00,1.3633,1.3719000000000001,1.3624,1.3708,7507,20,0
2007-07-31 00:00:00,1.3707,1.3726,1.3669,1.3669,6648,20,0
2007-08-01 00:00:00,1.3668,1.3707,1.3637000000000001,1.3676,8403,20,0
2007-08-02 00:00:00,1.3677000000000001,1.3705,1.3647,1.3702,6317,20,0
2007-08-03 00:00:00,1.3700999999999999,1.3819,1.3679999999999999,1.3787,6355,20,0
2007-08-05 00:00:00,1.3803,1.384,1.3799000000000001,1.3817,1457,20,0
2007-08-06 00:00:00,1.3816,1.3836,1.3778000000000001,1.3793,6716,20,0
2007-08-07 00:00:00,1.3794,1.3814,1.3729,1.3738000000000001,6509,20,0
2007-08-08 00:00:00,1.3739,1.3824,1.3721999999999999,1.3799000000000001,6846,20,0
2007-08-09 00:00:00,1.3798,1.3815,1.3659,1.3672,8646,20,0
2007-08-10 00:00:00,1.3671,1.3703,1.3644,1.3693,9282,20,0
2007-08-12 00:00:00,1.3699,1.3699,1.3683,1.3687,218,20,0
2007-08-13 00:00:00,1.3688,1.3706,1.3604,1.3611,6778,20,0
2007-08-14 00:00:00,1.361,1.3625,1.3528,1.3531,7011,20,0
2007-08-15 00:00:00,1.3532,1.3532,1.3414,1.3422,9032,20,0
2007-08-16 00:00:00,1.3423,1.3448,1.3361,1.3422,14587,20,0
2007-08-17 00:00:00,1.3423,1.3547,1.337,1.3491,14547,20,0
2007-08-19 00:00:00,1.3486,1.349,1.3475,1.3483,319,20,0
2007-08-20 00:00:00,1.3484,1.3507,1.3456000000000001,1.3472,7407,20,0
2007-08-21 00:00:00,1.3471,1.3517000000000001,1.3452,1.3455,7843,20,0
2007-08-22 00:00:00,1.3453,1.3557000000000001,1.3449,1.3547,7012,20,0
2007-08-23 00:00:00,1.3548,1.3589,1.3533,1.3556,8039,20,0
2007-08-24 00:00:00,1.3555,1.3681,1.3553,1.3666,7178,20,0
2007-08-26 00:00:00,1.3675,1.3679000000000001,1.3663,1.3672,434,20,0
2007-08-27 00:00:00,1.3673,1.3682,1.3633,1.3635,4434,20,0
2007-08-28 00:00:00,1.3637000000000001,1.3681,1.3595,1.3597000000000001,6875,20,0
2007-08-29 00:00:00,1.3598,1.3678,1.3562,1.3668,8450,20,0
2007-08-30 00:00:00,1.3669,1.3674,1.3592,1.3642,7914,20,0
2007-08-31 00:00:00,1.3644,1.3717,1.3618999999999999,1.362,7826,20,0
2007-09-02 00:00:00,1.3632,1.3632,1.3626,1.363,99,20,0
2007-09-03 00:00:00,1.3631,1.3652,1.3607,1.3611,3896,20,0
2007-09-04 00:00:00,1.3612,1.3625,1.3548,1.3617,6303,20,0
2007-09-05 00:00:00,1.3616,1.367,1.3568,1.3652,6847,20,0
2007-09-06 00:00:00,1.3651,1.3708,1.3634,1.3692,7268,20,0
2007-09-07 00:00:00,1.3693,1.3796,1.3663,1.3769,6579,20,0
2007-09-09 00:00:00,1.3780000000000001,1.3787,1.377,1.3775,368,20,0
2007-09-10 00:00:00,1.3774,1.3814,1.3768,1.3806,6809,20,0
2007-09-11 00:00:00,1.3805,1.3846,1.3777,1.3836,6625,20,0
2007-09-12 00:00:00,1.3835,1.3911,1.3822,1.3905,7311,20,0
2007-09-13 00:00:00,1.3904,1.3927,1.3860999999999999,1.3865,7430,20,0
2007-09-14 00:00:00,1.3866,1.3894,1.3841999999999999,1.3875,6984,20,0
2007-09-16 00:00:00,1.3874,1.3879000000000001,1.3862,1.3864,243,20,0
2007-09-17 00:00:00,1.3865,1.3886,1.3846,1.3864,5717,20,0
2007-09-18 00:00:00,1.3862999999999999,1.3986,1.3827,1.3977,8743,20,0
2007-09-19 00:00:00,1.3976,1.3986,1.3932,1.3965,7868,20,0
2007-09-20 00:00:00,1.3963999999999999,1.4099,1.3963999999999999,1.4074,8249,20,0
2007-09-21 00:00:00,1.4073,1.4118,1.4039,1.4089,6806,20,0
2007-09-23 00:00:00,1.409,1.4091,1.4085,1.4086,78,20,0
2007-09-24 00:00:00,1.4085,1.413,1.4066,1.4072,5586,20,0
2007-09-25 00:00:00,1.4073,1.4151,1.4061,1.4148,7252,20,0
2007-09-26 00:00:00,1.4147,1.4165,1.411,1.4133,6454,20,0
2007-09-27 00:00:00,1.4132,1.4189,1.4121000000000001,1.4151,6962,20,0
2007-09-28 00:00:00,1.4152,1.4276,1.4151,1.4257,7911,20,0
2007-09-30 00:00:00,1.4278,1.428,1.4262000000000001,1.4268,165,20,0
2007-10-01 00:00:00,1.4267,1.4276,1.4208,1.4233,6480,20,0
2007-10-02 00:00:00,1.4232,1.4235,1.4136,1.4151,6957,20,0
2007-10-03 00:00:00,1.4152,1.4197,1.4081000000000001,1.4096,7232,20,0
2007-10-04 00:00:00,1.4095,1.415,1.4067,1.4133,7458,20,0
2007-10-05 00:00:00,1.4134,1.4157,1.4035,1.4134,6913,20,0
2007-10-07 00:00:00,1.4137,1.4152,1.4135,1.4144,344,20,0
2007-10-08 00:00:00,1.4144999999999999,1.4149,1.4035,1.4046,5056,20,0
2007-10-09 00:00:00,1.4045,1.4117,1.4014,1.4102999999999999,6820,20,0
2007-10-10 00:00:00,1.4104,1.4167,1.4092,1.4138,6385,20,0
2007-10-11 00:00:00,1.4137,1.4238,1.4133,1.4196,8380,20,0
2007-10-12 00:00:00,1.4195,1.4216,1.4154,1.4176,7091,20,0
2007-10-14 00:00:00,1.417,1.4187,1.4166,1.4167,302,20,0
2007-10-15 00:00:00,1.4168,1.4242,1.4162,1.4202,6282,20,0
2007-10-16 00:00:00,1.42,1.4226,1.4141,1.4175,7825,20,0
2007-10-17 00:00:00,1.4176,1.4227,1.4161000000000001,1.4214,7698,20,0
2007-10-18 00:00:00,1.4213,1.4309,1.4195,1.4293,7471,20,0
2007-10-19 00:00:00,1.4292,1.4318,1.4243999999999999,1.4294,6649,20,0
2007-10-21 00:00:00,1.433,1.4336,1.432,1.4331,714,20,0
2007-10-22 00:00:00,1.433,1.435,1.4128,1.4177,11185,20,0
2007-10-23 00:00:00,1.4176,1.4279,1.417,1.4256,8688,20,0
2007-10-24 00:00:00,1.4255,1.4271,1.4191,1.426,8597,20,0
2007-10-25 00:00:00,1.4258,1.4344000000000001,1.4247,1.4322,8199,20,0
2007-10-26 00:00:00,1.4321,1.4391,1.4317,1.4388,6624,20,0
2007-10-28 00:00:00,1.4417,1.4419,1.4401,1.4404,354,20,0
2007-10-29 00:00:00,1.4403000000000001,1.4436,1.4376,1.4415,6418,20,0
2007-10-30 00:00:00,1.4414,1.4441,1.4374,1.4438,7464,20,0
2007-10-31 00:00:00,1.4437,1.4503,1.4418,1.4469,9449,20,0
2007-11-01 00:00:00,1.4468,1.4478,1.4404,1.4425,9562,20,0
2007-11-02 00:00:00,1.4426,1.4527999999999999,1.4421,1.4505,8805,20,0
2007-11-04 00:00:00,1.4516,1.4526,1.4503,1.4505,367,20,0
2007-11-05 00:00:00,1.4504000000000001,1.451,1.4443,1.4476,7509,20,0
2007-11-06 00:00:00,1.4477,1.457,1.4469,1.4562,7322,20,0
2007-11-07 00:00:00,1.4561,1.4729999999999999,1.4554,1.4621,12860,20,0
2007-11-08 00:00:00,1.4622,1.4704,1.462,1.4678,11208,20,0
2007-11-09 00:00:00,1.4679,1.4752,1.4632,1.4668999999999999,12594,20,0
2007-11-11 00:00:00,1.4675,1.4678,1.4636,1.4658,831,20,0
2007-11-12 00:00:00,1.466,1.4664,1.452,1.4522,12259,20,0
2007-11-13 00:00:00,1.4523,1.4634,1.4521,1.4619,10273,20,0
2007-11-14 00:00:00,1.462,1.4729,1.4613,1.465,11515,20,0
2007-11-15 00:00:00,1.4651,1.4704,1.4605000000000001,1.4619,10969,20,0
2007-11-16 00:00:00,1.462,1.4672,1.4581,1.4647000000000001,9986,20,0
2007-11-18 00:00:00,1.4668,1.4671,1.4665,1.4668,242,20,0
2007-11-19 00:00:00,1.4668999999999999,1.4686,1.462,1.4667,8324,20,0
2007-11-20 00:00:00,1.4665,1.4851,1.4636,1.4828999999999999,11368,20,0
2007-11-21 00:00:00,1.4828000000000001,1.4868999999999999,1.4774,1.4855,10467,20,0
2007-11-22 00:00:00,1.4854,1.4872,1.4821,1.4852,6432,20,0
2007-11-23 00:00:00,1.4849999999999999,1.4966,1.4783,1.4835,10378,20,0
2007-11-25 00:00:00,1.4827,1.4837,1.4818,1.4835,314,20,0
2007-11-26 00:00:00,1.4834,1.4885,1.4804,1.4873,8303,20,0
2007-11-27 00:00:00,1.4874,1.4908000000000001,1.4809,1.4836,10866,20,0
2007-11-28 00:00:00,1.4835,1.4859,1.4711,1.4839,11082,20,0
2007-11-29 00:00:00,1.4838,1.4843,1.4723,1.4758,9737,20,0
2007-11-30 00:00:00,1.4757,1.4785,1.4628,1.463,9452,20,0
2007-12-02 00:00:00,1.4636,1.4665,1.4635,1.4659,439,20,0
2007-12-03 00:00:00,1.466,1.4708,1.462,1.467,8693,20,0
2007-12-04 00:00:00,1.4671,1.4768,1.4635,1.4763,9513,20,0
2007-12-05 00:00:00,1.4762,1.4769999999999999,1.4591,1.4595,9564,20,0
2007-12-06 00:00:00,1.4596,1.466,1.4525000000000001,1.4657,10715,20,0
2007-12-07 00:00:00,1.4655,1.4672,1.4599,1.4653,7343,20,0
2007-12-09 00:00:00,1.4658,1.4658,1.4647000000000001,1.4652,287,20,0
2007-12-10 00:00:00,1.4653,1.4735,1.4639,1.4707,6551,20,0
2007-12-11 00:00:00,1.4708,1.4748999999999999,1.4639,1.4662,9824,20,0
2007-12-12 00:00:00,1.4661,1.4748,1.465,1.4711,9759,20,0
2007-12-13 00:00:00,1.471,1.4736,1.4576,1.4625,9684,20,0
2007-12-14 00:00:00,1.4626000000000001,1.4655,1.4411,1.4424000000000001,11376,20,0
2007-12-16 00:00:00,1.4391,1.4419,1.4381,1.4418,452,20,0
2007-12-17 00:00:00,1.4419,1.4454,1.4331,1.4412,9999,20,0
2007-12-18 00:00:00,1.441,1.4436,1.4365999999999999,1.4418,9126,20,0
2007-12-19 00:00:00,1.4417,1.4423,1.4329,1.4383,8769,20,0
2007-12-20 00:00:00,1.4382,1.4391,1.431,1.4332,8536,20,0
2007-12-21 00:00:00,1.4331,1.441,1.4327,1.4357,6936,20,0
2007-12-23 00:00:00,1.4375,1.438,1.4368,1.4377,172,20,0
2007-12-24 00:00:00,1.4379,1.4413,1.4375,1.4402,2142,20,0
2007-12-26 00:00:00,1.4417,1.4505,1.4414,1.4487,2517,20,0
2007-12-27 00:00:00,1.4487999999999999,1.4639,1.4469,1.4611,7190,20,0
2007-12-28 00:00:00,1.4612,1.4727000000000001,1.4592,1.4716,7044,20,0
2007-12-30 00:00:00,1.4724,1.4737,1.4707,1.4737,385,20,0
2007-12-31 00:00:00,1.4739,1.4748,1.4619,1.4619,3963,20,0
2008-01-02 00:00:00,1.4652,1.475,1.4641,1.4717,7076,20,0
2008-01-03 00:00:00,1.4715,1.4779,1.4687000000000001,1.4744,4163,20,0
2008-01-04 00:00:00,1.4743,1.4825,1.4695,1.4752,9345,20,0
2008-01-06 00:00:00,1.4755,1.4757,1.4743,1.475,352,20,0
2008-01-07 00:00:00,1.4748999999999999,1.4748999999999999,1.4658,1.4682,8518,20,0
2008-01-08 00:00:00,1.4685000000000001,1.4743,1.468,1.4707,9185,20,0
2008-01-09 00:00:00,1.4706000000000001,1.4743,1.4639,1.4661,9709,20,0
2008-01-10 00:00:00,1.4662,1.4814,1.4641,1.4799,11617,20,0
2008-01-11 00:00:00,1.48,1.4821,1.4761,1.4778,9490,20,0
2008-01-13 00:00:00,1.4785,1.4817,1.4779,1.4806,398,20,0
2008-01-14 00:00:00,1.4808,1.4915,1.4796,1.4867,8083,20,0
2008-01-15 00:00:00,1.4868000000000001,1.4922,1.4776,1.4802,11173,20,0
2008-01-16 00:00:00,1.48,1.4859,1.4594,1.4662,14226,20,0
2008-01-17 00:00:00,1.4661,1.4715,1.4588999999999999,1.4639,14708,20,0
2008-01-18 00:00:00,1.464,1.4696,1.4603,1.4616,11889,20,0
2008-01-20 00:00:00,1.46,1.4611,1.4586999999999999,1.4597,472,20,0
2008-01-21 00:00:00,1.4598,1.4598,1.4411,1.4418,12981,20,0
2008-01-22 00:00:00,1.4419,1.4685000000000001,1.4365,1.4644,20484,20,0
2008-01-23 00:00:00,1.4643,1.465,1.451,1.4628,16065,20,0
2008-01-24 00:00:00,1.4627,1.4779,1.4591,1.4771,13307,20,0
2008-01-25 00:00:00,1.4769999999999999,1.4773,1.466,1.4671,11108,20,0
2008-01-27 00:00:00,1.4684,1.4708999999999999,1.4678,1.4689999999999999,473,20,0
2008-01-28 00:00:00,1.4691,1.4799,1.4661,1.4786000000000001,10841,20,0
2008-01-29 00:00:00,1.4785,1.4787,1.4737,1.4768,9262,20,0
2008-01-30 00:00:00,1.4769,1.4908000000000001,1.4755,1.4828000000000001,12846,20,0
2008-01-31 00:00:00,1.4828999999999999,1.4914,1.4801,1.4863,14708,20,0
2008-02-01 00:00:00,1.4864,1.4953,1.4786000000000001,1.4798,11913,20,0
2008-02-03 00:00:00,1.4807000000000001,1.4812,1.4793,1.4801,370,20,0
2008-02-04 00:00:00,1.4799,1.4848,1.4792,1.4825,9830,20,0
2008-02-05 00:00:00,1.4826,1.483,1.4621,1.4634,13778,20,0
2008-02-06 00:00:00,1.4633,1.467,1.459,1.4612,11650,20,0
2008-02-07 00:00:00,1.4613,1.4651,1.4438,1.4475,14693,20,0
2008-02-08 00:00:00,1.4476,1.4546000000000001,1.4449,1.4511,10623,20,0
2008-02-10 00:00:00,1.4521,1.4527999999999999,1.4512,1.4526,318,20,0
2008-02-11 00:00:00,1.4527,1.4576,1.448,1.4499,9798,20,0
2008-02-12 00:00:00,1.45,1.4614,1.4495,1.4579,11624,20,0
2008-02-13 00:00:00,1.4578,1.4597,1.453,1.4553,10735,20,0
2008-02-14 00:00:00,1.4554,1.4647999999999999,1.4548,1.4641,10697,20,0
2008-02-15 00:00:00,1.4639,1.4708,1.463,1.4677,9545,20,0
2008-02-17 00:00:00,1.4675,1.4679,1.4667,1.4673,191,20,0
2008-02-18 00:00:00,1.4672,1.4689999999999999,1.4609,1.4647999999999999,7496,20,0
2008-02-19 00:00:00,1.4645000000000001,1.4756,1.4641,1.4727000000000001,10825,20,0
2008-02-20 00:00:00,1.4727999999999999,1.4729999999999999,1.4613,1.472,12535,20,0
2008-02-21 00:00:00,1.4721,1.4837,1.4701,1.4812,11838,20,0
2008-02-22 00:00:00,1.4811,1.4861,1.4787,1.483,9375,20,0
2008-02-24 00:00:00,1.4836,1.4839,1.4828000000000001,1.4830999999999999,311,20,0
2008-02-25 00:00:00,1.483,1.4844,1.4793,1.4832,7911,20,0
2008-02-26 00:00:00,1.4830999999999999,1.5047000000000001,1.4777,1.4996,13089,20,0
2008-02-27 00:00:00,1.4995,1.5142,1.4981,1.5114999999999998,15522,20,0
2008-02-28 00:00:00,1.5116,1.5228000000000002,1.5072,1.5191,13726,20,0
2008-02-29 00:00:00,1.5192999999999999,1.5238,1.5142,1.518,14005,20,0
2008-03-02 00:00:00,1.5189,1.5224,1.5182,1.5199,675,20,0
2008-03-03 00:00:00,1.52,1.5274,1.5157,1.5196,13378,20,0
2008-03-04 00:00:00,1.5194999999999999,1.5249000000000001,1.5171999999999999,1.5206,11626,20,0
2008-03-05 00:00:00,1.5207000000000002,1.5301,1.5144,1.5276,12540,20,0
2008-03-06 00:00:00,1.5274999999999999,1.5394,1.5271,1.5383,13998,20,0
2008-03-07 00:00:00,1.5382,1.5464,1.5314,1.5345,13592,20,0
2008-03-09 00:00:00,1.5362,1.5404,1.5358,1.5394999999999999,578,20,0
2008-03-10 00:00:00,1.5394,1.5401,1.5312000000000001,1.5337,10507,20,0
2008-03-11 00:00:00,1.5335999999999999,1.5497,1.5282,1.5339,14775,20,0
2008-03-12 00:00:00,1.534,1.5573000000000001,1.5338,1.5541,15889,20,0
2008-03-13 00:00:00,1.554,1.5645,1.5523,1.5621,17676,20,0
2008-03-14 00:00:00,1.5622,1.5688,1.5532,1.5673,18009,20,0
2008-03-16 00:00:00,1.5684,1.5771,1.5684,1.5749,1860,20,0
2008-03-17 00:00:00,1.5751,1.5904,1.5685,1.5743,19735,20,0
2008-03-18 00:00:00,1.5746,1.5831,1.5613000000000001,1.5653000000000001,19535,20,0
2008-03-19 00:00:00,1.5654,1.5785,1.5581,1.5636,20514,20,0
2008-03-20 00:00:00,1.5635,1.5638999999999998,1.5396,1.5434,19029,20,0
2008-03-21 00:00:00,1.5427,1.5471,1.5405,1.5430000000000001,3562,20,0
2008-03-23 00:00:00,1.5436999999999999,1.5439,1.5403,1.5405,284,20,0
2008-03-24 00:00:00,1.5404,1.5455999999999999,1.534,1.5433,8109,20,0
2008-03-25 00:00:00,1.5434,1.5657999999999999,1.5411000000000001,1.5609,14776,20,0
2008-03-26 00:00:00,1.561,1.5857,1.5583,1.5819999999999999,15924,20,0
2008-03-27 00:00:00,1.5817999999999999,1.5845,1.5725,1.5809,16732,20,0
2008-03-28 00:00:00,1.581,1.5836999999999999,1.5742,1.5794000000000001,14471,20,0
2008-03-30 00:00:00,1.5796999999999999,1.5816,1.5781,1.5789,482,20,0
2008-03-31 00:00:00,1.5791,1.5895000000000001,1.5747,1.5756999999999999,13887,20,0
2008-04-01 00:00:00,1.5758,1.5785,1.5562,1.5613000000000001,15563,20,0
2008-04-02 00:00:00,1.5614,1.5701,1.5531000000000001,1.5675,15081,20,0
2008-04-03 00:00:00,1.5676,1.5684,1.5509,1.5663,15462,20,0
2008-04-04 00:00:00,1.5662,1.5773000000000001,1.5636999999999999,1.573,13783,20,0
2008-04-06 00:00:00,1.5727,1.5737,1.571,1.5728,407,20,0
2008-04-07 00:00:00,1.5727,1.5735999999999999,1.5626,1.5702,11610,20,0
2008-04-08 00:00:00,1.5701,1.5798,1.5673,1.5692,13960,20,0
2008-04-09 00:00:00,1.5691000000000002,1.5866,1.5686,1.5822,12358,20,0
2008-04-10 00:00:00,1.5821,1.5908,1.5724,1.5741,16121,20,0
2008-04-11 00:00:00,1.5739,1.5854,1.5737999999999999,1.5826,13834,20,0
2008-04-13 00:00:00,1.5681,1.5722,1.5668,1.5721,866,20,0
2008-04-14 00:00:00,1.5718999999999999,1.5885,1.567,1.5824,14237,20,0
2008-04-15 00:00:00,1.5823,1.5876000000000001,1.575,1.5782,12989,20,0
2008-04-16 00:00:00,1.5783,1.5977999999999999,1.5769,1.5953,14732,20,0
2008-04-17 00:00:00,1.5952,1.5983,1.5847,1.5899999999999999,15486,20,0
2008-04-18 00:00:00,1.5901,1.5956000000000001,1.571,1.5808,13098,20,0
2008-04-20 00:00:00,1.5812,1.5821,1.5798,1.5798,227,20,0
2008-04-21 00:00:00,1.5798999999999999,1.5945,1.579,1.591,11779,20,0
2008-04-22 00:00:00,1.5909,1.6018,1.5834000000000001,1.5985,16266,20,0
2008-04-23 00:00:00,1.5986,1.5998,1.5859,1.5873,14622,20,0
2008-04-24 00:00:00,1.5874000000000001,1.5884,1.5638,1.5682,17909,20,0
2008-04-25 00:00:00,1.5681,1.5706,1.5554000000000001,1.5591,16436,20,0
2008-04-27 00:00:00,1.5612,1.5612,1.5594000000000001,1.5598999999999998,128,20,0
2008-04-28 00:00:00,1.5598,1.5693000000000001,1.5596,1.565,12745,20,0
2008-04-29 00:00:00,1.5649,1.5659,1.5539,1.5564,12576,20,0
2008-04-30 00:00:00,1.5565,1.5644,1.5516,1.5622,15551,20,0
2008-05-01 00:00:00,1.562,1.5642,1.5429,1.5473,12865,20,0
2008-05-02 00:00:00,1.5474,1.5497,1.5359,1.5413000000000001,13700,20,0
2008-05-04 00:00:00,1.5433,1.544,1.5424,1.5434999999999999,181,20,0
2008-05-05 00:00:00,1.5434,1.5516999999999999,1.5425,1.5493999999999999,5498,20,0
2008-05-06 00:00:00,1.5495999999999999,1.5598,1.5453000000000001,1.5535,12158,20,0
2008-05-07 00:00:00,1.5535999999999999,1.5537,1.5368,1.5383,13403,20,0
2008-05-08 00:00:00,1.538,1.544,1.5285,1.5398,15925,20,0
2008-05-09 00:00:00,1.5396999999999998,1.5488,1.5393,1.5481,11930,20,0
2008-05-11 00:00:00,1.546,1.5470000000000002,1.5441,1.5453000000000001,524,20,0
2008-05-12 00:00:00,1.5453999999999999,1.5569,1.5364,1.5534,12683,20,0
2008-05-13 00:00:00,1.5533000000000001,1.5565,1.5429,1.5473,14569,20,0
2008-05-14 00:00:00,1.5472000000000001,1.5486,1.5394999999999999,1.5466,13289,20,0
2008-05-15 00:00:00,1.5465,1.5546,1.5417999999999998,1.5448,14251,20,0
2008-05-16 00:00:00,1.5449000000000002,1.5604,1.5436,1.5593,12668,20,0
2008-05-18 00:00:00,1.5584,1.5598,1.5571000000000002,1.5579,309,20,0
2008-05-19 00:00:00,1.558,1.5632000000000001,1.5485,1.5526,10587,20,0
2008-05-20 00:00:00,1.5527,1.5678999999999998,1.5502,1.565,14316,20,0
2008-05-21 00:00:00,1.5649,1.5796999999999999,1.563,1.5783,13561,20,0
2008-05-22 00:00:00,1.5784,1.5813000000000001,1.5692,1.5729,13269,20,0
2008-05-23 00:00:00,1.5728,1.5793,1.5695999999999999,1.5774,9587,20,0
2008-05-25 00:00:00,1.5765,1.5775000000000001,1.5748,1.576,175,20,0
2008-05-26 00:00:00,1.5763,1.5791,1.5741,1.5777,5159,20,0
2008-05-27 00:00:00,1.5775000000000001,1.5817,1.5672000000000001,1.569,12013,20,0
2008-05-28 00:00:00,1.5691000000000002,1.5758999999999999,1.5607,1.5653000000000001,13312,20,0
2008-05-29 00:00:00,1.5652,1.5663,1.5484,1.5513,14330,20,0
2008-05-30 00:00:00,1.5512000000000001,1.5568,1.546,1.5556,12353,20,0
2008-06-01 00:00:00,1.5554000000000001,1.5577999999999999,1.5544,1.5563,651,20,0
2008-06-02 00:00:00,1.5562,1.5588,1.5485,1.5544,12412,20,0
2008-06-03 00:00:00,1.5543,1.5627,1.5409000000000002,1.5447,14883,20,0
2008-06-04 00:00:00,1.5448,1.5482,1.5417999999999998,1.5430000000000001,13940,20,0
2008-06-05 00:00:00,1.5431,1.5598999999999998,1.5364,1.5585,15062,20,0
2008-06-06 00:00:00,1.5584,1.5774,1.5571000000000002,1.5769,14111,20,0
2008-06-08 00:00:00,1.5786,1.58,1.5784,1.579,372,20,0
2008-06-09 00:00:00,1.5788,1.5842,1.5615999999999999,1.5641,13424,20,0
2008-06-10 00:00:00,1.5642,1.5651000000000002,1.5439,1.5459,15498,20,0
2008-06-11 00:00:00,1.546,1.5586,1.5452,1.5552000000000001,13400,20,0
2008-06-12 00:00:00,1.5551,1.5564,1.5377999999999998,1.5457,16158,20,0
2008-06-13 00:00:00,1.5455,1.5462,1.5302,1.536,14809,20,0
2008-06-15 00:00:00,1.542,1.5424,1.538,1.5390000000000001,471,20,0
2008-06-16 00:00:00,1.5388,1.5518,1.5344,1.5471,12156,20,0
2008-06-17 00:00:00,1.5472000000000001,1.5551,1.5459,1.5521,13896,20,0
2008-06-18 00:00:00,1.5518999999999998,1.5543,1.5464,1.5537,10595,20,0
2008-06-19 00:00:00,1.5539,1.5587,1.5465,1.5507,12790,20,0
2008-06-20 00:00:00,1.5508,1.565,1.5491000000000001,1.5625,10776,20,0
2008-06-22 00:00:00,1.5609,1.5636,1.5594999999999999,1.5596999999999999,379,20,0
2008-06-23 00:00:00,1.5596,1.5628,1.5467,1.5521,11625,20,0
2008-06-24 00:00:00,1.5522,1.562,1.5491000000000001,1.5568,11196,20,0
2008-06-25 00:00:00,1.5567,1.5685,1.5535,1.5671,10693,20,0
2008-06-26 00:00:00,1.5672000000000001,1.5766,1.5628,1.5751,13093,20,0
2008-06-27 00:00:00,1.575,1.579,1.5718,1.5787,10988,20,0
2008-06-29 00:00:00,1.5777,1.5794000000000001,1.5773000000000001,1.5794000000000001,211,20,0
2008-06-30 00:00:00,1.5795,1.5835,1.573,1.5747,11161,20,0
2008-07-01 00:00:00,1.5746,1.5826,1.5722,1.5789,12181,20,0
2008-07-02 00:00:00,1.5788,1.5888,1.5773000000000001,1.5873,12926,20,0
2008-07-03 00:00:00,1.5874000000000001,1.5906,1.5678,1.5695999999999999,12537,20,0
2008-07-04 00:00:00,1.5695000000000001,1.5724,1.5653000000000001,1.5695999999999999,6757,20,0
2008-07-06 00:00:00,1.5699,1.5704,1.5688,1.5699999999999998,150,20,0
2008-07-07 00:00:00,1.5699,1.5751,1.5609,1.5715,10431,20,0
2008-07-08 00:00:00,1.5714000000000001,1.5737,1.5635,1.5664,10567,20,0
2008-07-09 00:00:00,1.5663,1.5749,1.5649,1.5733000000000001,10079,20,0
2008-07-10 00:00:00,1.5732,1.5800999999999998,1.5691000000000002,1.5783,9677,20,0
2008-07-11 00:00:00,1.5784,1.5947,1.5765,1.5923,11059,20,0
2008-07-13 00:00:00,1.596,1.597,1.5907,1.5912,668,20,0
2008-07-14 00:00:00,1.5913,1.5932,1.5840999999999998,1.5885,11345,20,0
2008-07-15 00:00:00,1.5886,1.6036000000000001,1.5861,1.5893000000000002,14373,20,0
2008-07-16 00:00:00,1.5894,1.5948,1.58,1.5822,12140,20,0
2008-07-17 00:00:00,1.5823,1.5891,1.5781,1.5849,12895,20,0
2008-07-18 00:00:00,1.585,1.5885,1.5805,1.5836000000000001,8934,20,0
2008-07-20 00:00:00,1.5838,1.584,1.5826,1.5829,145,20,0
2008-07-21 00:00:00,1.5828,1.5929,1.5826,1.591,8221,20,0
2008-07-22 00:00:00,1.5909,1.5941999999999998,1.5755,1.5788,10764,20,0
2008-07-23 00:00:00,1.5787,1.5796000000000001,1.5668,1.5689,13824,20,0
2008-07-24 00:00:00,1.5688,1.5712000000000002,1.5626,1.5685,12787,20,0
2008-07-25 00:00:00,1.5686,1.575,1.5659,1.5694,11497,20,0
2008-07-27 00:00:00,1.5699999999999998,1.5699999999999998,1.5681,1.5694,218,20,0
2008-07-28 00:00:00,1.5693000000000001,1.5766,1.568,1.5735999999999999,8573,20,0
2008-07-29 00:00:00,1.5737,1.5756000000000001,1.5553,1.5587,10058,20,0
2008-07-30 00:00:00,1.5588,1.5615999999999999,1.552,1.5569,11850,20,0
2008-07-31 00:00:00,1.5571000000000002,1.5697999999999999,1.5566,1.5589,11287,20,0
2008-08-01 00:00:00,1.5587,1.5590000000000002,1.5513,1.5537999999999998,10935,20,0
2008-08-03 00:00:00,1.5563,1.5575999999999999,1.5562,1.5565,239,20,0
2008-08-04 00:00:00,1.5566,1.5629,1.5552000000000001,1.5572,9299,20,0
2008-08-05 00:00:00,1.5573000000000001,1.5574,1.544,1.5459,12665,20,0
2008-08-06 00:00:00,1.546,1.5514000000000001,1.5396,1.5413999999999999,10754,20,0
2008-08-07 00:00:00,1.5412,1.5501,1.5308000000000002,1.5331000000000001,13076,20,0
2008-08-08 00:00:00,1.5328,1.5333,1.4996,1.5015,17400,20,0
2008-08-10 00:00:00,1.4923,1.4957,1.4916,1.4952,528,20,0
2008-08-11 00:00:00,1.4953,1.5081,1.4878,1.4896,15205,20,0
2008-08-12 00:00:00,1.4897,1.4962,1.4812,1.4913,16088,20,0
2008-08-13 00:00:00,1.4912,1.4978,1.484,1.4918,16528,20,0
2008-08-14 00:00:00,1.492,1.4948000000000001,1.4769,1.4773,16241,20,0
2008-08-15 00:00:00,1.4775,1.4791,1.4657,1.4672,13595,20,0
2008-08-17 00:00:00,1.4675,1.4699,1.4674,1.4692,285,20,0
2008-08-18 00:00:00,1.4693,1.4765,1.4665,1.4684,11860,20,0
2008-08-19 00:00:00,1.4683,1.4793,1.4627,1.4773,13760,20,0
2008-08-20 00:00:00,1.4772,1.4804,1.467,1.4735,12733,20,0
2008-08-21 00:00:00,1.4734,1.4906,1.4734,1.4882,14373,20,0
2008-08-22 00:00:00,1.4883,1.4892,1.4756,1.4771,11257,20,0
2008-08-24 00:00:00,1.4782,1.479,1.4776,1.4783,181,20,0
2008-08-25 00:00:00,1.4782,1.4806,1.4694,1.4756,10247,20,0
2008-08-26 00:00:00,1.4755,1.4758,1.4567999999999999,1.4643,14739,20,0
2008-08-27 00:00:00,1.4642,1.4774,1.4635,1.4722,14273,20,0
2008-08-28 00:00:00,1.4721,1.4809,1.4668999999999999,1.4708999999999999,14496,20,0
2008-08-29 00:00:00,1.4708,1.4765,1.4638,1.4668,11618,20,0
2008-08-31 00:00:00,1.4708,1.472,1.4689999999999999,1.4689999999999999,708,20,0
2008-09-01 00:00:00,1.4687999999999999,1.4702,1.4554,1.4572,10743,20,0
2008-09-02 00:00:00,1.4571,1.4596,1.4464000000000001,1.4511,15436,20,0
2008-09-03 00:00:00,1.4512,1.4529,1.4382,1.448,15605,20,0
2008-09-04 00:00:00,1.4481,1.4543,1.421,1.425,18565,20,0
2008-09-05 00:00:00,1.4251,1.4344999999999999,1.4194,1.4232,18530,20,0
2008-09-07 00:00:00,1.4371,1.4398,1.4306,1.4344999999999999,1334,20,0
2008-09-08 00:00:00,1.4344000000000001,1.4426999999999999,1.4051,1.4144999999999999,21948,20,0
2008-09-09 00:00:00,1.4146,1.4227,1.4043,1.4144999999999999,21839,20,0
2008-09-10 00:00:00,1.4146,1.4178,1.3951,1.3979,20047,20,0
2008-09-11 00:00:00,1.3978,1.4038,1.3881000000000001,1.3996,18378,20,0
2008-09-12 00:00:00,1.3998,1.4221,1.397,1.4212,17446,20,0
2008-09-14 00:00:00,1.4335,1.4335,1.4283000000000001,1.4303,855,20,0
2008-09-15 00:00:00,1.4302000000000001,1.4477,1.4081000000000001,1.4262000000000001,32413,20,0
2008-09-16 00:00:00,1.4261,1.4279,1.4069,1.4126,28884,20,0
2008-09-17 00:00:00,1.4128,1.4381,1.4096,1.4325,29337,20,0
2008-09-18 00:00:00,1.4323000000000001,1.4536,1.4277,1.43,33190,20,0
2008-09-19 00:00:00,1.4301,1.449,1.4151,1.4473,29029,20,0
2008-09-21 00:00:00,1.4487999999999999,1.4497,1.4434,1.4444,970,20,0
2008-09-22 00:00:00,1.4445000000000001,1.4864,1.4445000000000001,1.4791,27440,20,0
2008-09-23 00:00:00,1.4792,1.4823,1.462,1.4685000000000001,23643,20,0
2008-09-24 00:00:00,1.4686,1.4744,1.4601,1.4628,20990,20,0
2008-09-25 00:00:00,1.4627,1.4766,1.4558,1.4638,23767,20,0
2008-09-26 00:00:00,1.464,1.4676,1.4552,1.461,19045,20,0
2008-09-28 00:00:00,1.4529,1.4545,1.4508,1.4537,1079,20,0
2008-09-29 00:00:00,1.4539,1.457,1.4302000000000001,1.4392,24090,20,0
2008-09-30 00:00:00,1.4391,1.4426999999999999,1.4008,1.4094,25055,20,0
2008-10-01 00:00:00,1.4095,1.4174,1.3975,1.4015,24524,20,0
2008-10-02 00:00:00,1.4016,1.4019,1.3744,1.3801999999999999,27464,20,0
2008-10-03 00:00:00,1.3801,1.3904,1.37,1.3801999999999999,25555,20,0
2008-10-05 00:00:00,1.3676,1.3704,1.3625,1.3647,661,20,0
2008-10-06 00:00:00,1.3648,1.3673,1.3439999999999999,1.3502,30745,20,0
2008-10-07 00:00:00,1.3503,1.3740999999999999,1.3479,1.3582,30961,20,0
2008-10-08 00:00:00,1.3580999999999999,1.3753,1.3541,1.3632,33275,20,0
2008-10-09 00:00:00,1.3631,1.3783,1.3576,1.3593,27804,20,0
2008-10-10 00:00:00,1.3594,1.3649,1.3254000000000001,1.341,29345,20,0
2008-10-12 00:00:00,1.3557000000000001,1.3620999999999999,1.3542,1.3611,737,20,0
2008-10-13 00:00:00,1.3612,1.3681,1.3454,1.3616,24517,20,0
2008-10-14 00:00:00,1.3617,1.3767,1.3606,1.3613,27374,20,0
2008-10-15 00:00:00,1.3612,1.3685,1.3432,1.3437999999999999,27156,20,0
2008-10-16 00:00:00,1.3439,1.3536000000000001,1.3342,1.3484,32035,20,0
2008-10-17 00:00:00,1.3485,1.3515,1.3384,1.3401,23593,20,0
2008-10-19 00:00:00,1.3422,1.3422,1.3397000000000001,1.34,319,20,0
2008-10-20 00:00:00,1.3397999999999999,1.3529,1.3286,1.331,21233,20,0
2008-10-21 00:00:00,1.3311,1.3352,1.3048,1.3054999999999999,22274,20,0
2008-10-22 00:00:00,1.3056,1.3068,1.2742,1.2810000000000001,29243,20,0
2008-10-23 00:00:00,1.2809,1.3005,1.2724,1.2943,31839,20,0
2008-10-24 00:00:00,1.2941,1.2942,1.2494,1.2588,36342,20,0
2008-10-26 00:00:00,1.2530000000000001,1.2621,1.2525,1.2619,900,20,0
2008-10-27 00:00:00,1.262,1.2683,1.2332,1.2458,31967,20,0
2008-10-28 00:00:00,1.2459,1.2842,1.2327,1.2802,32125,20,0
2008-10-29 00:00:00,1.2804,1.299,1.2625,1.2953999999999999,33340,20,0
2008-10-30 00:00:00,1.2955,1.3295,1.2801,1.2865,35461,20,0
2008-10-31 00:00:00,1.2869,1.2883,1.2664,1.2738,29753,20,0
2008-11-02 00:00:00,1.2742,1.2782,1.2735,1.2771,576,20,0
2008-11-03 00:00:00,1.2770000000000001,1.2897,1.2572999999999999,1.2610999999999999,23443,20,0
2008-11-04 00:00:00,1.2612999999999999,1.3046,1.2524,1.2978,28842,20,0
2008-11-05 00:00:00,1.298,1.3114,1.2788,1.2912,32240,20,0
2008-11-06 00:00:00,1.291,1.2929,1.2671000000000001,1.2685,31963,20,0
2008-11-07 00:00:00,1.2686,1.2848,1.2650000000000001,1.2761,27278,20,0
2008-11-09 00:00:00,1.2793,1.2825,1.2772999999999999,1.282,1063,20,0
2008-11-10 00:00:00,1.2819,1.2924,1.2715,1.2743,24649,20,0
2008-11-11 00:00:00,1.2744,1.2798,1.2473,1.2509000000000001,24961,20,0
2008-11-12 00:00:00,1.251,1.263,1.2434,1.2455,29736,20,0
2008-11-13 00:00:00,1.2456,1.2854,1.2386,1.2784,34652,20,0
2008-11-14 00:00:00,1.2785,1.2797,1.2610000000000001,1.2688,28911,20,0
2008-11-16 00:00:00,1.256,1.2582,1.2513,1.2519,1173,20,0
2008-11-17 00:00:00,1.2518,1.2739,1.2509000000000001,1.2639,27596,20,0
2008-11-18 00:00:00,1.264,1.2698,1.2564,1.2633,26897,20,0
2008-11-19 00:00:00,1.2631999999999999,1.2812000000000001,1.2469999999999999,1.2498,27881,20,0
2008-11-20 00:00:00,1.25,1.2591999999999999,1.242,1.2436,30640,20,0
2008-11-21 00:00:00,1.2435,1.2636,1.2428,1.2572999999999999,27629,20,0
2008-11-23 00:00:00,1.2588,1.2656,1.2587,1.264,331,20,0
2008-11-24 00:00:00,1.2641,1.2958,1.2561,1.2912,26429,20,0
2008-11-25 00:00:00,1.2911000000000001,1.3078,1.2802,1.3029,30086,20,0
2008-11-26 00:00:00,1.3026,1.3029,1.2816,1.2894999999999999,25276,20,0
2008-11-27 00:00:00,1.2892000000000001,1.2967,1.2858,1.2891,13730,20,0
2008-11-28 00:00:00,1.289,1.2953999999999999,1.2643,1.2698,17557,20,0
2008-11-30 00:00:00,1.2704,1.271,1.2664,1.2664,578,20,0
2008-12-01 00:00:00,1.2665,1.2703,1.2579,1.2594,23037,20,0
2008-12-02 00:00:00,1.2593,1.2764,1.256,1.2704,24979,20,0
2008-12-03 00:00:00,1.2706,1.2739,1.26,1.2701,23652,20,0
2008-12-04 00:00:00,1.2702,1.2846,1.2547,1.2770000000000001,23720,20,0
2008-12-05 00:00:00,1.2769,1.2797,1.2626,1.2713999999999999,22341,20,0
2008-12-07 00:00:00,1.2721,1.2732999999999999,1.2713,1.2727,308,20,0
2008-12-08 00:00:00,1.2728,1.2967,1.2724,1.2912,20997,20,0
2008-12-09 00:00:00,1.2911000000000001,1.3002,1.2796,1.2927,21849,20,0
2008-12-10 00:00:00,1.2926,1.3069,1.2901,1.3011,22212,20,0
2008-12-11 00:00:00,1.3012000000000001,1.3405,1.3003,1.3326,25571,20,0
2008-12-12 00:00:00,1.3325,1.3415,1.3249,1.3373,26210,20,0
2008-12-14 00:00:00,1.3383,1.3454,1.3377,1.3439999999999999,838,20,0
2008-12-15 00:00:00,1.3437000000000001,1.3725,1.3428,1.3693,21936,20,0
2008-12-16 00:00:00,1.3692,1.4147,1.3628,1.4062999999999999,24727,20,0
2008-12-17 00:00:00,1.4064,1.4437,1.4005,1.4403000000000001,30476,20,0
2008-12-18 00:00:00,1.4404,1.4716,1.4178,1.429,36365,20,0
2008-12-19 00:00:00,1.4291,1.4308,1.3822,1.3921000000000001,29167,20,0
2008-12-21 00:00:00,1.391,1.3977,1.3907,1.3973,356,20,0
2008-12-22 00:00:00,1.3974,1.4123,1.3901,1.3953,22906,20,0
2008-12-23 00:00:00,1.3954,1.4019,1.3909,1.3932,17153,20,0
2008-12-24 00:00:00,1.3936,1.4017,1.3931,1.3984,8687,20,0
2008-12-26 00:00:00,1.4048,1.4117,1.4036,1.4055,4071,20,0
2008-12-28 00:00:00,1.4059,1.411,1.4057,1.4101,699,20,0
2008-12-29 00:00:00,1.4102000000000001,1.4361,1.3911,1.4031,21321,20,0
2008-12-30 00:00:00,1.4032,1.4219,1.3984,1.4136,19748,20,0
2008-12-31 00:00:00,1.4137,1.4142000000000001,1.3849,1.3900000000000001,11298,20,0
2009-01-02 00:00:00,1.3839000000000001,1.3985,1.3837,1.385,13154,20,0
2009-01-04 00:00:00,1.3879000000000001,1.3956,1.3875,1.3956,860,20,0
2009-01-05 00:00:00,1.3955,1.396,1.3544,1.3638,25910,20,0
2009-01-06 00:00:00,1.3637000000000001,1.3638,1.3311,1.3506,28360,20,0
2009-01-07 00:00:00,1.3497,1.3745,1.3429,1.3612,28491,20,0
2009-01-08 00:00:00,1.3611,1.3798,1.3532,1.3695,28299,20,0
2009-01-09 00:00:00,1.3696,1.3748,1.3412,1.3427,25182,20,0
2009-01-11 00:00:00,1.3464,1.3471,1.3403,1.3412,995,20,0
2009-01-12 00:00:00,1.3413,1.3444,1.3287,1.3355000000000001,25130,20,0
2009-01-13 00:00:00,1.3356,1.3356,1.3138,1.3197,28881,20,0
2009-01-14 00:00:00,1.3195999999999999,1.3335,1.309,1.3212,28643,20,0
2009-01-15 00:00:00,1.3213,1.3239,1.3023,1.3153000000000001,31324,20,0
2009-01-16 00:00:00,1.3155000000000001,1.3342,1.3142,1.3288,26660,20,0
2009-01-18 00:00:00,1.3341,1.3383,1.3336000000000001,1.3354,954,20,0
2009-01-19 00:00:00,1.3355000000000001,1.3378999999999999,1.3054999999999999,1.3089,21365,20,0
2009-01-20 00:00:00,1.309,1.31,1.2843,1.2881,32169,20,0
2009-01-21 00:00:00,1.288,1.3084,1.2822,1.3,33603,20,0
2009-01-22 00:00:00,1.3001,1.3081,1.2906,1.3002,30294,20,0
2009-01-23 00:00:00,1.3001,1.3033000000000001,1.2763,1.2984,28639,20,0
2009-01-25 00:00:00,1.296,1.2961,1.2872,1.2893,1090,20,0
2009-01-26 00:00:00,1.289,1.3237,1.2859,1.3188,25896,20,0
2009-01-27 00:00:00,1.3187,1.3328,1.3115999999999999,1.321,27419,20,0
2009-01-28 00:00:00,1.3211,1.3326,1.31,1.3148,29738,20,0
2009-01-29 00:00:00,1.3149,1.3178,1.2913000000000001,1.2933,27827,20,0
2009-01-30 00:00:00,1.2932000000000001,1.2939,1.2776,1.2801,26848,20,0
2009-02-01 00:00:00,1.2774,1.2784,1.2745,1.2747,1002,20,0
2009-02-02 00:00:00,1.2748,1.2897,1.2704,1.2811,24389,20,0
2009-02-03 00:00:00,1.2810000000000001,1.3056,1.2799,1.3009,26418,20,0
2009-02-04 00:00:00,1.3008,1.3069,1.2810000000000001,1.2852000000000001,26682,20,0
2009-02-05 00:00:00,1.2851,1.2904,1.2759,1.2787,25813,20,0
2009-02-06 00:00:00,1.2786,1.2991,1.2745,1.2927,23335,20,0
2009-02-08 00:00:00,1.2951,1.2985,1.2949,1.2955,666,20,0
2009-02-09 00:00:00,1.2955999999999999,1.3091,1.2872,1.2955999999999999,22999,20,0
2009-02-10 00:00:00,1.2957,1.3073000000000001,1.2808,1.2909,29614,20,0
2009-02-11 00:00:00,1.291,1.2995999999999999,1.2831000000000001,1.2866,25292,20,0
2009-02-12 00:00:00,1.2865,1.2941,1.2719,1.2886,27078,20,0
2009-02-13 00:00:00,1.2885,1.294,1.2819,1.2886,21243,20,0
2009-02-15 00:00:00,1.2795,1.2805,1.2751000000000001,1.2787,1029,20,0
2009-02-16 00:00:00,1.2786,1.2824,1.2724,1.2796,15070,20,0
2009-02-17 00:00:00,1.2795,1.2798,1.2554,1.2583,23929,20,0
2009-02-18 00:00:00,1.2582,1.2638,1.2511,1.2564,22076,20,0
2009-02-19 00:00:00,1.2563,1.2758,1.2554,1.2654,21320,20,0
2009-02-20 00:00:00,1.2655,1.2882,1.2555,1.2833,22112,20,0
2009-02-22 00:00:00,1.2814999999999999,1.2825,1.2788,1.2789,517,20,0
2009-02-23 00:00:00,1.2788,1.2989,1.2662,1.2668,24964,20,0
2009-02-24 00:00:00,1.2669000000000001,1.2876,1.266,1.2869,23958,20,0
2009-02-25 00:00:00,1.2868,1.2897,1.2688,1.2715,24192,20,0
2009-02-26 00:00:00,1.2713999999999999,1.2809,1.2679,1.2715,21528,20,0
2009-02-27 00:00:00,1.2713999999999999,1.2748,1.2602,1.2675,23150,20,0
2009-03-01 00:00:00,1.263,1.2636,1.2583,1.2587,855,20,0
2009-03-02 00:00:00,1.259,1.2629000000000001,1.2536,1.2559,20663,20,0
2009-03-03 00:00:00,1.256,1.2676,1.2519,1.2527,22641,20,0
2009-03-04 00:00:00,1.2529,1.2661,1.2454,1.2631000000000001,22219,20,0
2009-03-05 00:00:00,1.263,1.2638,1.2478,1.2543,20713,20,0
2009-03-06 00:00:00,1.2544,1.2751000000000001,1.2536,1.2634,21996,20,0
2009-03-08 00:00:00,1.266,1.2713999999999999,1.2659,1.2713,890,20,0
2009-03-09 00:00:00,1.2711999999999999,1.2724,1.2554,1.2616,19365,20,0
2009-03-10 00:00:00,1.2618,1.282,1.2609,1.2713,22684,20,0
2009-03-11 00:00:00,1.2711999999999999,1.2863,1.2614,1.2803,21609,20,0
2009-03-12 00:00:00,1.2802,1.2943,1.2730000000000001,1.2894999999999999,24975,20,0
2009-03-13 00:00:00,1.2896,1.2955999999999999,1.286,1.2911000000000001,20239,20,0
2009-03-15 00:00:00,1.2878,1.2896,1.283,1.2879,1294,20,0
2009-03-16 00:00:00,1.2878,1.307,1.2865,1.2971,21746,20,0
2009-03-17 00:00:00,1.297,1.304,1.2929,1.303,20462,20,0
2009-03-18 00:00:00,1.3029,1.3532,1.2986,1.3485,24438,20,0
2009-03-19 00:00:00,1.3486,1.3736,1.3414,1.3658000000000001,26499,20,0
2009-03-20 00:00:00,1.3659,1.3724,1.3515,1.3564,20703,20,0
2009-03-22 00:00:00,1.3626,1.3672,1.3617,1.3625,1706,20,0
2009-03-23 00:00:00,1.3624,1.3734,1.3483,1.3616,21097,20,0
2009-03-24 00:00:00,1.3615,1.3676,1.3431,1.3479999999999999,23969,20,0
2009-03-25 00:00:00,1.3481,1.3649,1.3417,1.3571,23597,20,0
2009-03-26 00:00:00,1.3574,1.3638,1.3493,1.3523,20717,20,0
2009-03-27 00:00:00,1.3524,1.3587,1.3254000000000001,1.3296000000000001,19487,20,0
2009-03-29 00:00:00,1.3218,1.3284,1.321,1.3266,735,20,0
2009-03-30 00:00:00,1.3265,1.3283,1.3113000000000001,1.318,21076,20,0
2009-03-31 00:00:00,1.3181,1.3341,1.3172,1.3243,17037,20,0
2009-04-01 00:00:00,1.3244,1.3284,1.3165,1.3235999999999999,15592,20,0
2009-04-02 00:00:00,1.3237,1.3515,1.3235000000000001,1.3461,17955,20,0
2009-04-03 00:00:00,1.346,1.3492,1.3363,1.3486,16714,20,0
2009-04-05 00:00:00,1.3509,1.355,1.3498999999999999,1.3526,646,20,0
2009-04-06 00:00:00,1.3527,1.358,1.3356,1.3402,18400,20,0
2009-04-07 00:00:00,1.3401,1.3406,1.3225,1.3279,20157,20,0
2009-04-08 00:00:00,1.3277999999999999,1.3306,1.3145,1.3248,20039,20,0
2009-04-09 00:00:00,1.3247,1.3334,1.3124,1.3152,19524,20,0
2009-04-10 00:00:00,1.3154,1.3173,1.3087,1.3172,5070,20,0
2009-04-12 00:00:00,1.3178,1.3189,1.3157,1.3173,213,20,0
2009-04-13 00:00:00,1.3175,1.339,1.3121,1.3363,10142,20,0
2009-04-14 00:00:00,1.3365,1.3378999999999999,1.3224,1.3271,17991,20,0
2009-04-15 00:00:00,1.327,1.3296000000000001,1.3144,1.3223,19978,20,0
2009-04-16 00:00:00,1.3222,1.3267,1.3124,1.3178,19535,20,0
2009-04-17 00:00:00,1.3179,1.3195999999999999,1.3014999999999999,1.3023,18104,20,0
2009-04-19 00:00:00,1.3042,1.3048,1.3016,1.3044,383,20,0
2009-04-20 00:00:00,1.3045,1.3046,1.2886,1.2925,17525,20,0
2009-04-21 00:00:00,1.2924,1.2992,1.2894,1.2928,17185,20,0
2009-04-22 00:00:00,1.2929,1.3035,1.2883,1.3001,18177,20,0
2009-04-23 00:00:00,1.2999,1.3161,1.2978,1.3139,17876,20,0
2009-04-24 00:00:00,1.3138,1.3299,1.3112,1.3239,18022,20,0
2009-04-26 00:00:00,1.3235000000000001,1.3244,1.3222,1.3222,420,20,0
2009-04-27 00:00:00,1.322,1.3229,1.2997,1.3016,18955,20,0
2009-04-28 00:00:00,1.3018,1.3165,1.2962,1.3125,19300,20,0
2009-04-29 00:00:00,1.3126,1.3336999999999999,1.3118,1.3261,19997,20,0
2009-04-30 00:00:00,1.326,1.3384,1.3189,1.3232,22428,20,0
2009-05-01 00:00:00,1.323,1.3326,1.3224,1.3264,11748,20,0
2009-05-03 00:00:00,1.3276,1.329,1.327,1.3277,320,20,0
2009-05-04 00:00:00,1.3277999999999999,1.3436,1.3211,1.3416000000000001,12853,20,0
2009-05-05 00:00:00,1.3415,1.3433,1.3281,1.3311,17771,20,0
2009-05-06 00:00:00,1.3312,1.3373,1.3245,1.331,20097,20,0
2009-05-07 00:00:00,1.3311,1.3466,1.3248,1.3389,22126,20,0
2009-05-08 00:00:00,1.339,1.363,1.3338999999999999,1.3625,18031,20,0
2009-05-10 00:00:00,1.3635,1.3656,1.3615,1.3617,521,20,0
2009-05-11 00:00:00,1.3618000000000001,1.3665,1.3556,1.3586,16355,20,0
2009-05-12 00:00:00,1.3587,1.3706,1.3561,1.3642,17795,20,0
2009-05-13 00:00:00,1.3643,1.3719999999999999,1.3564,1.359,22261,20,0
2009-05-14 00:00:00,1.3589,1.3664,1.3524,1.3632,18287,20,0
2009-05-15 00:00:00,1.3631,1.3648,1.3461,1.3489,17672,20,0
2009-05-17 00:00:00,1.3479,1.3488,1.3449,1.3473,479,20,0
2009-05-18 00:00:00,1.3474,1.3562,1.3422,1.3555,16352,20,0
2009-05-19 00:00:00,1.3556,1.3667,1.3529,1.3628,18085,20,0
2009-05-20 00:00:00,1.3629,1.3828,1.3582,1.3769,19172,20,0
2009-05-21 00:00:00,1.3769,1.3921999999999999,1.3726,1.3904,19755,20,0
2009-05-22 00:00:00,1.3901,1.405,1.3898,1.4,17126,20,0
2009-05-24 00:00:00,1.4028,1.4035,1.4016,1.4021,451,20,0
2009-05-25 00:00:00,1.4022000000000001,1.4033,1.3958,1.4003999999999999,7732,20,0
2009-05-26 00:00:00,1.4002,1.4022999999999999,1.3859,1.399,18468,20,0
2009-05-27 00:00:00,1.3991,1.4,1.3822,1.383,18889,20,0
2009-05-28 00:00:00,1.3831,1.3982999999999999,1.3792,1.3927,19600,20,0
2009-05-29 00:00:00,1.3928,1.4167,1.3924,1.4137,21280,20,0
2009-05-31 00:00:00,1.4138,1.4144999999999999,1.4117,1.4117,679,20,0
2009-06-01 00:00:00,1.4118,1.4245,1.4098,1.4161000000000001,20479,20,0
2009-06-02 00:00:00,1.416,1.4331,1.4101,1.4306,21511,20,0
2009-06-03 00:00:00,1.4304999999999999,1.4336,1.4107,1.4151,25359,20,0
2009-06-04 00:00:00,1.4152,1.424,1.4069,1.4173,25441,20,0
2009-06-05 00:00:00,1.4175,1.4255,1.3931,1.3963,22887,20,0
2009-06-07 00:00:00,1.3942,1.3959,1.3923,1.3936,670,20,0
2009-06-08 00:00:00,1.3935,1.4,1.3805,1.3901,20442,20,0
2009-06-09 00:00:00,1.3902999999999999,1.4101,1.3851,1.4058,21992,20,0
2009-06-10 00:00:00,1.4057,1.4143,1.3914,1.3981,24482,20,0
2009-06-11 00:00:00,1.3980000000000001,1.4177,1.3942,1.4106,22315,20,0
2009-06-12 00:00:00,1.4104999999999999,1.4127,1.3934,1.3997,20718,20,0
2009-06-14 00:00:00,1.3991,1.3991,1.3966,1.3982999999999999,443,20,0
2009-06-15 00:00:00,1.3986,1.4001000000000001,1.3755,1.3783,21840,20,0
2009-06-16 00:00:00,1.3785,1.3932,1.3748,1.3828,23722,20,0
2009-06-17 00:00:00,1.3829,1.3985,1.3806,1.3935,23882,20,0
2009-06-18 00:00:00,1.3934,1.4001000000000001,1.3871,1.3911,20895,20,0
2009-06-19 00:00:00,1.3912,1.4011,1.3881999999999999,1.3944,17015,20,0
2009-06-21 00:00:00,1.3949,1.3956,1.3926,1.3940000000000001,368,20,0
2009-06-22 00:00:00,1.3939,1.3940000000000001,1.3826,1.3862,18282,20,0
2009-06-23 00:00:00,1.3862999999999999,1.4108,1.3828,1.4071,21496,20,0
2009-06-24 00:00:00,1.4072,1.4138,1.3888,1.3938,25039,20,0
2009-06-25 00:00:00,1.3937,1.4012,1.3888,1.3982999999999999,19752,20,0
2009-06-26 00:00:00,1.3984,1.4117,1.3982999999999999,1.4068,16685,20,0
2009-06-28 00:00:00,1.4069,1.4072,1.4056,1.4061,320,20,0
2009-06-29 00:00:00,1.4060000000000001,1.4102000000000001,1.3982,1.4083999999999999,16225,20,0
2009-06-30 00:00:00,1.4085,1.4152,1.4,1.4037,18782,20,0
2009-07-01 00:00:00,1.4038,1.4201,1.4,1.4136,19738,20,0
2009-07-02 00:00:00,1.4137,1.4148,1.3927,1.3959,20741,20,0
2009-07-03 00:00:00,1.3958,1.4027,1.3944,1.3976,10440,20,0
2009-07-05 00:00:00,1.3963999999999999,1.3969,1.3951,1.3956,437,20,0
2009-07-06 00:00:00,1.3957,1.3998,1.3875,1.3973,16092,20,0
2009-07-07 00:00:00,1.3972,1.4049,1.3902,1.3913,17163,20,0
2009-07-08 00:00:00,1.3912,1.3937,1.3831,1.3879000000000001,17950,20,0
2009-07-09 00:00:00,1.3878,1.407,1.3856,1.4020000000000001,17898,20,0
2009-07-10 00:00:00,1.4021,1.4024,1.3877,1.3947,16564,20,0
2009-07-12 00:00:00,1.3945,1.3967,1.3940000000000001,1.3963999999999999,150,20,0
2009-07-13 00:00:00,1.3965,1.4001000000000001,1.3896,1.3984,19716,20,0
2009-07-14 00:00:00,1.3985,1.4014,1.3911,1.397,18349,20,0
2009-07-15 00:00:00,1.3971,1.4133,1.3963,1.41,17931,20,0
2009-07-16 00:00:00,1.4102000000000001,1.4163999999999999,1.4053,1.4137,17686,20,0
2009-07-17 00:00:00,1.4136,1.4141,1.4061,1.4098,15026,20,0
2009-07-19 00:00:00,1.4099,1.4136,1.4097,1.4125,344,20,0
2009-07-20 00:00:00,1.4127,1.4248,1.4123,1.4222000000000001,14778,20,0
2009-07-21 00:00:00,1.4221,1.4276,1.4162,1.4215,15491,20,0
2009-07-22 00:00:00,1.4214,1.4255,1.4154,1.4202,15496,20,0
2009-07-23 00:00:00,1.4203000000000001,1.4289,1.4117,1.4158,17671,20,0
2009-07-24 00:00:00,1.4159,1.4252,1.4134,1.4213,12362,20,0
2009-07-26 00:00:00,1.4218,1.423,1.4202,1.4214,338,20,0
2009-07-27 00:00:00,1.4215,1.4296,1.4171,1.4238,12904,20,0
2009-07-28 00:00:00,1.4233,1.4302000000000001,1.4129,1.416,15631,20,0
2009-07-29 00:00:00,1.4159,1.4193,1.4006,1.4022999999999999,17797,20,0
2009-07-30 00:00:00,1.4024,1.4094,1.4007,1.407,17399,20,0
2009-07-31 00:00:00,1.4069,1.4278,1.4067,1.4251,18393,20,0
2009-08-02 00:00:00,1.4261,1.4275,1.4241,1.4249,241,20,0
2009-08-03 00:00:00,1.4248,1.4444,1.4203999999999999,1.4417,17574,20,0
2009-08-04 00:00:00,1.4415,1.443,1.4365,1.4394,15734,20,0
2009-08-05 00:00:00,1.4397,1.4445000000000001,1.4354,1.4414,15017,20,0
2009-08-06 00:00:00,1.4415,1.443,1.4327,1.4359,15478,20,0
2009-08-07 00:00:00,1.4358,1.4412,1.4152,1.4169,17166,20,0
2009-08-09 00:00:00,1.4178,1.4196,1.4166,1.4191,221,20,0
2009-08-10 00:00:00,1.4192,1.4217,1.4102999999999999,1.4134,12422,20,0
2009-08-11 00:00:00,1.4135,1.4184,1.4109,1.4152,14329,20,0
2009-08-12 00:00:00,1.4151,1.4245999999999999,1.4086,1.4201,17800,20,0
2009-08-13 00:00:00,1.4203000000000001,1.4327,1.4201,1.428,16470,20,0
2009-08-14 00:00:00,1.4279,1.4306,1.4159,1.4188,13682,20,0
2009-08-16 00:00:00,1.4177,1.4194,1.4177,1.4189,218,20,0
2009-08-17 00:00:00,1.4187,1.4188,1.4045,1.4081000000000001,15533,20,0
2009-08-18 00:00:00,1.4082,1.415,1.4068,1.4128,14694,20,0
2009-08-19 00:00:00,1.4129,1.4266,1.4083999999999999,1.4224,15011,20,0
2009-08-20 00:00:00,1.4223,1.4273,1.4198,1.4251,13703,20,0
2009-08-21 00:00:00,1.425,1.4374,1.4207,1.4334,14188,20,0
2009-08-23 00:00:00,1.4342,1.4346,1.4334,1.4336,216,20,0
2009-08-24 00:00:00,1.4337,1.4357,1.4279,1.4285999999999999,12304,20,0
2009-08-25 00:00:00,1.4285,1.436,1.4251,1.43,14842,20,0
2009-08-26 00:00:00,1.4299,1.435,1.4205,1.4243999999999999,11104,20,0
2009-08-27 00:00:00,1.4245,1.4405000000000001,1.4218,1.4348,14128,20,0
2009-08-28 00:00:00,1.4349,1.4386,1.4279,1.4298,11512,20,0
2009-08-30 00:00:00,1.4315,1.4315,1.428,1.4281,351,20,0
2009-08-31 00:00:00,1.4282,1.4365999999999999,1.4254,1.4335,11016,20,0
2009-09-01 00:00:00,1.4334,1.4376,1.4178,1.4218,13474,20,0
2009-09-02 00:00:00,1.4219,1.4293,1.4188,1.427,17365,20,0
2009-09-03 00:00:00,1.4271,1.4346,1.4234,1.4256,12693,20,0
2009-09-04 00:00:00,1.4255,1.4327,1.419,1.4303,11304,20,0
2009-09-06 00:00:00,1.4301,1.4317,1.4299,1.4313,523,20,0
2009-09-07 00:00:00,1.4314,1.4362,1.4312,1.4335,7109,20,0
2009-09-08 00:00:00,1.4336,1.4534,1.4328,1.45,14759,20,0
2009-09-09 00:00:00,1.4499,1.4599,1.4466,1.4554,14648,20,0
2009-09-10 00:00:00,1.4553,1.4612,1.4502,1.4581,14491,20,0
2009-09-11 00:00:00,1.4582,1.4635,1.4553,1.4582,13832,20,0
2009-09-13 00:00:00,1.4605000000000001,1.4605000000000001,1.4571,1.4582,435,20,0
2009-09-14 00:00:00,1.4584,1.4652,1.4515,1.4628999999999999,14432,20,0
2009-09-15 00:00:00,1.4628,1.4685000000000001,1.456,1.4663,14377,20,0
2009-09-16 00:00:00,1.4662,1.4736,1.4641,1.4704,15078,20,0
2009-09-17 00:00:00,1.4705,1.4766,1.4687000000000001,1.4739,13284,20,0
2009-09-18 00:00:00,1.474,1.4744,1.4647999999999999,1.4702,11317,20,0
2009-09-20 00:00:00,1.4699,1.4703,1.4682,1.47,426,20,0
2009-09-21 00:00:00,1.4702,1.4713,1.461,1.4684,12124,20,0
2009-09-22 00:00:00,1.4685000000000001,1.4821,1.4678,1.4795,11791,20,0
2009-09-23 00:00:00,1.4796,1.4844,1.4686,1.4711,16000,20,0
2009-09-24 00:00:00,1.471,1.4802,1.4627,1.4653,16123,20,0
2009-09-25 00:00:00,1.4656,1.4723,1.4614,1.4668,17088,20,0
2009-09-27 00:00:00,1.4699,1.4715,1.4684,1.4703,870,20,0
2009-09-28 00:00:00,1.4702,1.472,1.4564,1.4628,14080,20,0
2009-09-29 00:00:00,1.4627,1.4645000000000001,1.4526,1.4584,15039,20,0
2009-09-30 00:00:00,1.4585,1.4673,1.4575,1.464,15860,20,0
2009-10-01 00:00:00,1.4638,1.4667,1.4516,1.4541,14853,20,0
2009-10-02 00:00:00,1.4542,1.4647999999999999,1.4481,1.457,14684,20,0
2009-10-04 00:00:00,1.4602,1.4607999999999999,1.458,1.4607,330,20,0
2009-10-05 00:00:00,1.4607999999999999,1.4668999999999999,1.4588,1.4647999999999999,11599,20,0
2009-10-06 00:00:00,1.4647000000000001,1.4761,1.4647000000000001,1.4719,13820,20,0
2009-10-07 00:00:00,1.4718,1.4737,1.4651,1.4687000000000001,12849,20,0
2009-10-08 00:00:00,1.4687999999999999,1.4817,1.4687000000000001,1.4783,14501,20,0
2009-10-09 00:00:00,1.4782,1.4782,1.4673,1.4707,12930,20,0
2009-10-11 00:00:00,1.4729,1.4742,1.4717,1.474,467,20,0
2009-10-12 00:00:00,1.4739,1.4812,1.4676,1.4782,8911,20,0
2009-10-13 00:00:00,1.4781,1.4875,1.4761,1.4847000000000001,13493,20,0
2009-10-14 00:00:00,1.4846,1.4946,1.4838,1.4928,15691,20,0
2009-10-15 00:00:00,1.4927000000000001,1.4966,1.4842,1.494,15104,20,0
2009-10-16 00:00:00,1.4939,1.4966,1.4849,1.4893,15187,20,0
2009-10-18 00:00:00,1.4886,1.4915,1.4882,1.4915,375,20,0
2009-10-19 00:00:00,1.4914,1.498,1.4828000000000001,1.4961,14056,20,0
2009-10-20 00:00:00,1.496,1.4993,1.4882,1.4933,13252,20,0
2009-10-21 00:00:00,1.4932,1.5046,1.4888,1.5015,14924,20,0
2009-10-22 00:00:00,1.5017,1.5038,1.4943,1.5025,15078,20,0
2009-10-23 00:00:00,1.5026000000000002,1.506,1.4985,1.4995,14943,20,0
2009-10-25 00:00:00,1.4993,1.5011,1.4986,1.4994,550,20,0
2009-10-26 00:00:00,1.4993,1.5062,1.4844,1.4857,14276,20,0
2009-10-27 00:00:00,1.4856,1.4927000000000001,1.4769,1.4823,16239,20,0
2009-10-28 00:00:00,1.4821,1.484,1.4689999999999999,1.4716,16973,20,0
2009-10-29 00:00:00,1.4718,1.4858,1.4682,1.4837,15382,20,0
2009-10-30 00:00:00,1.4838,1.4858,1.4711,1.4715,15079,20,0
2009-11-01 00:00:00,1.471,1.4744,1.4684,1.4706000000000001,1582,20,0
2009-11-02 00:00:00,1.4705,1.4844,1.4703,1.4772,15676,20,0
2009-11-03 00:00:00,1.4774,1.4809999999999999,1.4626000000000001,1.4731,17826,20,0
2009-11-04 00:00:00,1.4729999999999999,1.4908000000000001,1.4702,1.4863,16709,20,0
2009-11-05 00:00:00,1.4862,1.4917,1.4811,1.4876,15540,20,0
2009-11-06 00:00:00,1.4875,1.4913,1.4813,1.4845,13844,20,0
2009-11-08 00:00:00,1.488,1.488,1.4862,1.4863,521,20,0
2009-11-09 00:00:00,1.4862,1.5019,1.4852,1.5003,12716,20,0
2009-11-10 00:00:00,1.5004,1.502,1.4938,1.499,14197,20,0
2009-11-11 00:00:00,1.4990999999999999,1.5047000000000001,1.4953,1.4983,11628,20,0
2009-11-12 00:00:00,1.4982,1.5015,1.4821,1.4856,13643,20,0
2009-11-13 00:00:00,1.4857,1.4937,1.4824,1.492,9686,20,0
2009-11-15 00:00:00,1.4922,1.4957,1.4918,1.4957,541,20,0
2009-11-16 00:00:00,1.4958,1.5015,1.488,1.4982,12472,20,0
2009-11-17 00:00:00,1.4981,1.4998,1.4807000000000001,1.4874,14168,20,0
2009-11-18 00:00:00,1.4875,1.499,1.4868000000000001,1.4953,12575,20,0
2009-11-19 00:00:00,1.4954,1.4956,1.4843,1.4913,13743,20,0
2009-11-20 00:00:00,1.4912,1.4934,1.4801,1.486,9397,20,0
2009-11-22 00:00:00,1.4854,1.4872,1.4832,1.4868000000000001,679,20,0
2009-11-23 00:00:00,1.4868999999999999,1.4998,1.4868000000000001,1.4955,10995,20,0
2009-11-24 00:00:00,1.4958,1.4988000000000001,1.4888,1.4966,14408,20,0
2009-11-25 00:00:00,1.4967,1.5144,1.4961,1.5125,14056,20,0
2009-11-26 00:00:00,1.5124,1.5138,1.4935,1.4967,16003,20,0
2009-11-27 00:00:00,1.4968,1.5001,1.4828000000000001,1.4967,18034,20,0
2009-11-29 00:00:00,1.5017,1.5019,1.4963,1.4997,822,20,0
2009-11-30 00:00:00,1.4998,1.5083,1.4971999999999999,1.5034,15523,20,0
2009-12-01 00:00:00,1.5034999999999998,1.5116,1.4969999999999999,1.5089000000000001,12401,20,0
2009-12-02 00:00:00,1.5088,1.5109,1.5032,1.5067,11125,20,0
2009-12-03 00:00:00,1.5066000000000002,1.5141,1.5036,1.5062,12518,20,0
2009-12-04 00:00:00,1.5061,1.509,1.4821,1.4844,13322,20,0
2009-12-06 00:00:00,1.4857,1.4873,1.4854,1.4870999999999999,637,20,0
2009-12-07 00:00:00,1.487,1.4904,1.4755,1.4838,14472,20,0
2009-12-08 00:00:00,1.4837,1.4866,1.4668,1.4692,15759,20,0
2009-12-09 00:00:00,1.4691,1.4781,1.4673,1.4736,15198,20,0
2009-12-10 00:00:00,1.4737,1.4759,1.4684,1.4729,12716,20,0
2009-12-11 00:00:00,1.4729999999999999,1.4775,1.4585,1.4628,12748,20,0
2009-12-13 00:00:00,1.4622,1.4628,1.4598,1.4621,713,20,0
2009-12-14 00:00:00,1.4623,1.4685000000000001,1.4607,1.4655,11390,20,0
2009-12-15 00:00:00,1.4654,1.4658,1.4504000000000001,1.4541,11526,20,0
2009-12-16 00:00:00,1.454,1.4591,1.4506000000000001,1.4525000000000001,13247,20,0
2009-12-17 00:00:00,1.4523,1.4531,1.4304999999999999,1.4344000000000001,11295,20,0
2009-12-18 00:00:00,1.4344999999999999,1.4412,1.4262000000000001,1.4335,9570,20,0
2009-12-20 00:00:00,1.4324,1.4339,1.4301,1.4331,472,20,0
2009-12-21 00:00:00,1.4332,1.4374,1.4266,1.4285,9927,20,0
2009-12-22 00:00:00,1.4284,1.4332,1.4218,1.4254,10529,20,0
2009-12-23 00:00:00,1.4256,1.4367,1.4236,1.4336,9385,20,0
2009-12-24 00:00:00,1.4335,1.4418,1.4331,1.4355,5293,20,0
2009-12-27 00:00:00,1.4386,1.439,1.436,1.4376,294,20,0
2009-12-28 00:00:00,1.4374,1.4414,1.4354,1.4374,5407,20,0
2009-12-29 00:00:00,1.4375,1.4459,1.4332,1.4341,7930,20,0
2009-12-30 00:00:00,1.4343,1.4361,1.4274,1.4342,9187,20,0
2009-12-31 00:00:00,1.4341,1.4441,1.4307,1.4333,7441,20,0
2010-01-03 00:00:00,1.4308,1.4337,1.4308,1.4316,642,20,0
2010-01-04 00:00:00,1.4317,1.4456,1.4257,1.4425,12305,20,0
2010-01-05 00:00:00,1.4424000000000001,1.4484,1.4346999999999999,1.4365,14039,20,0
2010-01-06 00:00:00,1.4364,1.4435,1.4283000000000001,1.4402,13953,20,0
2010-01-07 00:00:00,1.4401,1.4447999999999999,1.4299,1.4317,12364,20,0
2010-01-08 00:00:00,1.4318,1.4439,1.4264000000000001,1.4417,14244,20,0
2010-01-10 00:00:00,1.4425,1.4479,1.4408,1.4465,939,20,0
2010-01-11 00:00:00,1.4464000000000001,1.4557,1.4463,1.4508,12960,20,0
2010-01-12 00:00:00,1.4506999999999999,1.4546000000000001,1.4454,1.4477,14380,20,0
2010-01-13 00:00:00,1.4478,1.458,1.4457,1.4524,13939,20,0
2010-01-14 00:00:00,1.4523,1.4556,1.4445999999999999,1.45,12932,20,0
2010-01-15 00:00:00,1.4499,1.4504000000000001,1.4336,1.4379,14087,20,0
2010-01-17 00:00:00,1.4362,1.437,1.4344000000000001,1.4368,558,20,0
2010-01-18 00:00:00,1.437,1.4407,1.4334,1.4403000000000001,8082,20,0
2010-01-19 00:00:00,1.4402,1.4413,1.4252,1.428,13260,20,0
2010-01-20 00:00:00,1.4281,1.4288,1.4079,1.4111,16213,20,0
2010-01-21 00:00:00,1.4112,1.4142000000000001,1.4028,1.4098,17879,20,0
2010-01-22 00:00:00,1.4097,1.4181,1.4086,1.414,14739,20,0
2010-01-24 00:00:00,1.4146,1.4172,1.4144999999999999,1.4153,580,20,0
2010-01-25 00:00:00,1.4154,1.4194,1.4127,1.4146,11452,20,0
2010-01-26 00:00:00,1.4147,1.4178,1.4041000000000001,1.4081000000000001,15168,20,0
2010-01-27 00:00:00,1.4082,1.4096,1.3992,1.4028,15463,20,0
2010-01-28 00:00:00,1.4027,1.4052,1.3935,1.3963,15150,20,0
2010-01-29 00:00:00,1.3963999999999999,1.3987,1.3862,1.3862999999999999,14089,20,0
2010-01-31 00:00:00,1.3857,1.3881999999999999,1.3857,1.3875,442,20,0
2010-02-01 00:00:00,1.3874,1.3938,1.3852,1.3921000000000001,11307,20,0
2010-02-02 00:00:00,1.392,1.3977,1.3886,1.3975,11777,20,0
2010-02-03 00:00:00,1.3976,1.4026,1.3881999999999999,1.3895,11594,20,0
2010-02-04 00:00:00,1.3900000000000001,1.3902,1.3713,1.3742,15030,20,0
2010-02-05 00:00:00,1.3740999999999999,1.3746,1.3585,1.3664,19441,20,0
2010-02-07 00:00:00,1.3656,1.3666,1.363,1.3642,749,20,0
2010-02-08 00:00:00,1.3641,1.3713,1.3620999999999999,1.3655,15010,20,0
2010-02-09 00:00:00,1.3655,1.3839000000000001,1.3649,1.3780999999999999,21631,20,0
2010-02-10 00:00:00,1.3780000000000001,1.3812,1.3676,1.3746,19570,20,0
2010-02-11 00:00:00,1.3747,1.3801,1.3595,1.3687,19175,20,0
2010-02-12 00:00:00,1.3688,1.3689,1.3531,1.3616,16766,20,0
2010-02-14 00:00:00,1.3617,1.3624,1.3605,1.3622,423,20,0
2010-02-15 00:00:00,1.3623,1.3633,1.3578999999999999,1.3597000000000001,10157,20,0
2010-02-16 00:00:00,1.3597000000000001,1.3779,1.3589,1.3761,14312,20,0
2010-02-17 00:00:00,1.3764,1.3788,1.3585,1.3607,14774,20,0
2010-02-18 00:00:00,1.3608,1.3654,1.3444,1.3467,20665,20,0
2010-02-19 00:00:00,1.3466,1.3607,1.3453,1.3594,16775,20,0
2010-02-21 00:00:00,1.3629,1.363,1.3601,1.363,918,20,0
2010-02-22 00:00:00,1.3631,1.3653,1.3573,1.3605,13523,20,0
2010-02-23 00:00:00,1.3606,1.3691,1.3496000000000001,1.3523,17678,20,0
2010-02-24 00:00:00,1.3524,1.3626,1.3503,1.3542,16070,20,0
2010-02-25 00:00:00,1.3544,1.357,1.345,1.3535,19267,20,0
2010-02-26 00:00:00,1.3536000000000001,1.3683,1.3533,1.3615,17041,20,0
2010-02-28 00:00:00,1.3633,1.3638,1.3616,1.3638,1124,20,0
2010-03-01 00:00:00,1.3638,1.3654,1.346,1.3559999999999999,18441,20,0
2010-03-02 00:00:00,1.3561,1.3622,1.3434,1.3618999999999999,18738,20,0
2010-03-03 00:00:00,1.3618999999999999,1.3735,1.3592,1.3700999999999999,18654,20,0
2010-03-04 00:00:00,1.3699,1.3711,1.3551,1.3580999999999999,16572,20,0
2010-03-05 00:00:00,1.3582,1.363,1.353,1.362,12452,20,0
2010-03-07 00:00:00,1.3633,1.3646,1.3625,1.3636,928,20,0
2010-03-08 00:00:00,1.3636,1.3704,1.3585,1.3618000000000001,12858,20,0
2010-03-09 00:00:00,1.3618999999999999,1.3635,1.3537,1.3605,14472,20,0
2010-03-10 00:00:00,1.3606,1.3679999999999999,1.3544,1.3643,13958,20,0
2010-03-11 00:00:00,1.3643,1.3687,1.3620999999999999,1.3684,12379,20,0
2010-03-12 00:00:00,1.3685,1.3795,1.3669,1.3761,12062,20,0
2010-03-14 00:00:00,1.3768,1.3775,1.3759000000000001,1.3773,460,20,0
2010-03-15 00:00:00,1.3772,1.3773,1.3639000000000001,1.3673,11494,20,0
2010-03-16 00:00:00,1.3672,1.3783,1.3656,1.3767,15454,20,0
2010-03-17 00:00:00,1.3769,1.3817,1.3726,1.3736,13330,20,0
2010-03-18 00:00:00,1.3735,1.3739,1.3587,1.3611,13568,20,0
2010-03-19 00:00:00,1.3612,1.3626,1.3503,1.3535,11412,20,0
2010-03-21 00:00:00,1.3529,1.3533,1.3511,1.3512,748,20,0
2010-03-22 00:00:00,1.3512,1.3569,1.3463,1.3566,12708,20,0
2010-03-23 00:00:00,1.3565,1.3567,1.3458,1.3468,14301,20,0
2010-03-24 00:00:00,1.3467,1.3485,1.3305,1.3328,18769,20,0
2010-03-25 00:00:00,1.3329,1.3387,1.3267,1.3305,17794,20,0
2010-03-26 00:00:00,1.3304,1.3422,1.3301,1.3414,13597,20,0
2010-03-28 00:00:00,1.346,1.3489,1.3444,1.3447,1371,20,0
2010-03-29 00:00:00,1.3447,1.3506,1.3418,1.3476,12025,20,0
2010-03-30 00:00:00,1.3476,1.3537,1.3395000000000001,1.3424,13061,20,0
2010-03-31 00:00:00,1.3423,1.3548,1.3384,1.3507,13933,20,0
2010-04-01 00:00:00,1.3508,1.3592,1.3462,1.3584,12904,20,0
2010-04-02 00:00:00,1.3583,1.3592,1.3475,1.3489,7718,20,0
2010-04-04 00:00:00,1.349,1.3502,1.3481,1.3495,531,20,0
2010-04-05 00:00:00,1.3494,1.3538000000000001,1.346,1.3487,7415,20,0
2010-04-06 00:00:00,1.3487,1.3496000000000001,1.3355000000000001,1.34,13095,20,0
2010-04-07 00:00:00,1.3399,1.3408,1.3326,1.3344,12671,20,0
2010-04-08 00:00:00,1.3344,1.3366,1.3282,1.3359,13393,20,0
2010-04-09 00:00:00,1.336,1.3494,1.3341,1.3493,11839,20,0
2010-04-11 00:00:00,1.3629,1.3647,1.3608,1.3629,2332,20,0
2010-04-12 00:00:00,1.363,1.3691,1.3566,1.3593,14250,20,0
2010-04-13 00:00:00,1.3593,1.3627,1.3545,1.3613,14115,20,0
2010-04-14 00:00:00,1.3614,1.3678,1.3595,1.3655,13594,20,0
2010-04-15 00:00:00,1.3656,1.3666,1.3521,1.357,12775,20,0
2010-04-16 00:00:00,1.3572,1.3572,1.3472,1.3509,13005,20,0
2010-04-18 00:00:00,1.3467,1.3497,1.3466,1.3489,1173,20,0
2010-04-19 00:00:00,1.3489,1.3492,1.3416000000000001,1.3486,12137,20,0
2010-04-20 00:00:00,1.3487,1.3522,1.3428,1.3435000000000001,11576,20,0
2010-04-21 00:00:00,1.3436,1.3447,1.3357999999999999,1.3387,12098,20,0
2010-04-22 00:00:00,1.3388,1.3421,1.3258,1.3268,14556,20,0
2010-04-23 00:00:00,1.3267,1.3399,1.3202,1.3373,16469,20,0
2010-04-25 00:00:00,1.3334,1.3362,1.3334,1.3356,799,20,0
2010-04-26 00:00:00,1.3356,1.3415,1.3291,1.3403,14504,20,0
2010-04-27 00:00:00,1.3405,1.3413,1.3143,1.3171,19137,20,0
2010-04-28 00:00:00,1.3171,1.3266,1.3114,1.3211,21713,20,0
2010-04-29 00:00:00,1.3211,1.3277999999999999,1.3184,1.3264,16079,20,0
2010-04-30 00:00:00,1.3264,1.3342,1.3224,1.3313,12834,20,0
2010-05-02 00:00:00,1.3333,1.3346,1.3312,1.332,1108,20,0
2010-05-03 00:00:00,1.332,1.3325,1.3154,1.3197999999999999,11838,20,0
2010-05-04 00:00:00,1.3197999999999999,1.3213,1.2961,1.2966,17370,20,0
2010-05-05 00:00:00,1.2967,1.2995999999999999,1.279,1.2812999999999999,21982,20,0
2010-05-06 00:00:00,1.2814,1.2854999999999999,1.2519,1.2625,48870,20,0
2010-05-07 00:00:00,1.2625,1.2798,1.2585,1.2730000000000001,63494,20,0
2010-05-09 00:00:00,1.2905,1.2948,1.286,1.2876,3381,20,0
2010-05-10 00:00:00,1.2877,1.3094000000000001,1.2758,1.2779,42932,20,0
2010-05-11 00:00:00,1.2778,1.2802,1.2615,1.263,28817,20,0
2010-05-12 00:00:00,1.2631000000000001,1.2739,1.2605,1.2631999999999999,21945,20,0
2010-05-13 00:00:00,1.2631000000000001,1.2684,1.2515,1.2537,19188,20,0
2010-05-14 00:00:00,1.2537,1.2575,1.2358,1.2379,21677,20,0
2010-05-16 00:00:00,1.2356,1.2372,1.2344,1.2371,821,20,0
2010-05-17 00:00:00,1.237,1.2414,1.2233,1.2389999999999999,24938,20,0
2010-05-18 00:00:00,1.2389000000000001,1.2444,1.2157,1.2181,32537,20,0
2010-05-19 00:00:00,1.2182,1.2429999999999999,1.2143,1.2386,41709,20,0
2010-05-20 00:00:00,1.2387,1.2597,1.2296,1.2483,47270,20,0
2010-05-21 00:00:00,1.2482,1.2671000000000001,1.2469999999999999,1.2569,52600,20,0
2010-05-23 00:00:00,1.2545,1.2562,1.2530999999999999,1.2534,3417,20,0
2010-05-24 00:00:00,1.2533,1.2545,1.2332,1.2347,48642,20,0
2010-05-25 00:00:00,1.2349,1.2387,1.2177,1.2343,31688,20,0
2010-05-26 00:00:00,1.2343,1.2358,1.2153,1.2171,25999,20,0
2010-05-27 00:00:00,1.2173,1.2394,1.2163,1.2344,26031,20,0
2010-05-28 00:00:00,1.2344,1.2453,1.2269,1.2269,24432,20,0
2010-05-30 00:00:00,1.2264,1.2288000000000001,1.2263,1.2276,667,20,0
2010-05-31 00:00:00,1.2275,1.2333,1.2266,1.2286,13706,20,0
2010-06-01 00:00:00,1.2286,1.2352,1.2111,1.2233,24847,20,0
2010-06-02 00:00:00,1.2234,1.2273,1.2175,1.2237,23782,20,0
2010-06-03 00:00:00,1.2236,1.2326,1.2152,1.2171,20342,20,0
2010-06-04 00:00:00,1.217,1.2215,1.1955,1.1965,23780,20,0
2010-06-06 00:00:00,1.1931,1.1957,1.1924,1.1936,1071,20,0
2010-06-07 00:00:00,1.1938,1.1991,1.1875,1.1921,26599,20,0
2010-06-08 00:00:00,1.192,1.2008,1.1902,1.1969,23373,20,0
2010-06-09 00:00:00,1.1968,1.2073,1.1923,1.1991,19712,20,0
2010-06-10 00:00:00,1.199,1.2141,1.1956,1.2104,22835,20,0
2010-06-11 00:00:00,1.2104,1.2152,1.2045,1.2093,17671,20,0
2010-06-13 00:00:00,1.2129,1.215,1.2115,1.2144,823,20,0
2010-06-14 00:00:00,1.2145,1.2298,1.2144,1.2215,17873,20,0
2010-06-15 00:00:00,1.2214,1.2349,1.2168,1.2316,18732,20,0
2010-06-16 00:00:00,1.2316,1.2353,1.2255,1.2311,16453,20,0
2010-06-17 00:00:00,1.2312,1.2412,1.2241,1.238,17712,20,0
2010-06-18 00:00:00,1.2379,1.2416,1.2353,1.2373,11659,20,0
2010-06-20 00:00:00,1.2454,1.2465,1.24,1.2407,1480,20,0
2010-06-21 00:00:00,1.2408,1.2467,1.2303,1.2314,18048,20,0
2010-06-22 00:00:00,1.2314,1.2353,1.2251,1.2269,18089,20,0
2010-06-23 00:00:00,1.227,1.2343,1.2209,1.2317,18789,20,0
2010-06-24 00:00:00,1.2317,1.2388,1.2261,1.2336,16951,20,0
2010-06-25 00:00:00,1.2334,1.2395,1.2253,1.2384,16127,20,0
2010-06-27 00:00:00,1.237,1.238,1.2367,1.2378,367,20,0
2010-06-28 00:00:00,1.2378,1.2397,1.2265,1.2271,15107,20,0
2010-06-29 00:00:00,1.2273,1.229,1.2151,1.2189,17233,20,0
2010-06-30 00:00:00,1.2187999999999999,1.2304,1.2166,1.2229,19154,20,0
2010-07-01 00:00:00,1.223,1.254,1.2193,1.2501,24517,20,0
2010-07-02 00:00:00,1.2501,1.2610999999999999,1.2482,1.2549000000000001,16771,20,0
2010-07-04 00:00:00,1.2556,1.2562,1.2553,1.2558,217,20,0
2010-07-05 00:00:00,1.2556,1.2558,1.2509000000000001,1.2538,10708,20,0
2010-07-06 00:00:00,1.2538,1.2662,1.248,1.2617,20109,20,0
2010-07-07 00:00:00,1.2617,1.2664,1.2553,1.2631000000000001,16456,20,0
2010-07-08 00:00:00,1.2631999999999999,1.2711000000000001,1.262,1.2689,18039,20,0
2010-07-09 00:00:00,1.2689,1.2722,1.2608,1.2639,13291,20,0
2010-07-11 00:00:00,1.2631000000000001,1.2646,1.2626,1.2645,382,20,0
2010-07-12 00:00:00,1.2645,1.2646,1.2551,1.2588,13479,20,0
2010-07-13 00:00:00,1.2587,1.2738,1.2522,1.2719,19518,20,0
2010-07-14 00:00:00,1.2719,1.2777,1.2682,1.2737,19896,20,0
2010-07-15 00:00:00,1.2737,1.2953999999999999,1.2708,1.2921,27014,20,0
2010-07-16 00:00:00,1.2921,1.3007,1.2889,1.2925,20351,20,0
2010-07-18 00:00:00,1.2904,1.2917,1.2887,1.2898,699,20,0
2010-07-19 00:00:00,1.2899,1.2992,1.287,1.2938,19524,20,0
2010-07-20 00:00:00,1.2938,1.3027,1.2839,1.2891,21829,20,0
2010-07-21 00:00:00,1.2891,1.2912,1.2732,1.2769,25260,20,0
2010-07-22 00:00:00,1.2768,1.2932000000000001,1.2737,1.2901,24605,20,0
2010-07-23 00:00:00,1.2901,1.2965,1.2793,1.2913999999999999,29070,20,0
2010-07-25 00:00:00,1.2894,1.2905,1.2876,1.2886,460,20,0
2010-07-26 00:00:00,1.2886,1.3005,1.2886,1.2993000000000001,18417,20,0
2010-07-27 00:00:00,1.2993999999999999,1.3045,1.2952,1.2988,20229,20,0
2010-07-28 00:00:00,1.2988,1.3041,1.2966,1.2992,21040,20,0
2010-07-29 00:00:00,1.2993000000000001,1.3106,1.2978,1.3078,19292,20,0
2010-07-30 00:00:00,1.3078,1.3093,1.298,1.3029,19212,20,0
2010-08-01 00:00:00,1.3063,1.3064,1.3053,1.3058,201,20,0
2010-08-02 00:00:00,1.3059,1.3195000000000001,1.3054999999999999,1.3173,18942,20,0
2010-08-03 00:00:00,1.3173,1.3262,1.3147,1.3224,15827,20,0
2010-08-04 00:00:00,1.3224,1.3239,1.3131,1.3157,15528,20,0
2010-08-05 00:00:00,1.3157,1.3235000000000001,1.3119,1.318,14525,20,0
2010-08-06 00:00:00,1.318,1.3332,1.3157,1.3291,12879,20,0
2010-08-08 00:00:00,1.3292,1.3294000000000001,1.3279,1.3284,704,20,0
2010-08-09 00:00:00,1.3284,1.3307,1.3216,1.3229,9853,20,0
2010-08-10 00:00:00,1.3229,1.3229,1.3074,1.3184,18864,20,0
2010-08-11 00:00:00,1.3183,1.3185,1.2829,1.2843,20524,20,0
2010-08-12 00:00:00,1.2843,1.2931,1.278,1.2828,19318,20,0
2010-08-13 00:00:00,1.2828,1.2906,1.2752,1.2752,16234,20,0
2010-08-15 00:00:00,1.2764,1.2769,1.2758,1.2769,586,20,0
2010-08-16 00:00:00,1.2769,1.287,1.2734,1.2811,15424,20,0
2010-08-17 00:00:00,1.2811,1.2915,1.2804,1.2877,16035,20,0
2010-08-18 00:00:00,1.2876,1.2921,1.2823,1.2854,15684,20,0
2010-08-19 00:00:00,1.2854,1.2902,1.2771,1.2805,20440,20,0
2010-08-20 00:00:00,1.2806,1.2832,1.2664,1.2708,15778,20,0
2010-08-22 00:00:00,1.2702,1.2711000000000001,1.2696,1.2709,656,20,0
2010-08-23 00:00:00,1.271,1.2729,1.2629000000000001,1.2635,14027,20,0
2010-08-24 00:00:00,1.2635,1.2719,1.2587,1.2633,19011,20,0
2010-08-25 00:00:00,1.2633,1.2726,1.2609,1.2661,17990,20,0
2010-08-26 00:00:00,1.2663,1.2764,1.2650000000000001,1.2703,18165,20,0
2010-08-27 00:00:00,1.2703,1.2778,1.2679,1.2732999999999999,14755,20,0
2010-08-29 00:00:00,1.2759,1.2766,1.2743,1.2753,652,20,0
2010-08-30 00:00:00,1.2753999999999999,1.2755,1.2659,1.2664,10904,20,0
2010-08-31 00:00:00,1.2664,1.2743,1.2625,1.2685,16190,20,0
2010-09-01 00:00:00,1.2682,1.2854999999999999,1.2662,1.2803,16137,20,0
2010-09-02 00:00:00,1.2803,1.2848,1.2776,1.2824,15396,20,0
2010-09-03 00:00:00,1.2824,1.2897,1.2808,1.2894,13424,20,0
2010-09-05 00:00:00,1.2889,1.2894999999999999,1.288,1.2891,393,20,0
2010-09-06 00:00:00,1.2892000000000001,1.2917,1.2866,1.2866,10204,20,0
2010-09-07 00:00:00,1.2862,1.2862,1.2676,1.2676,19560,20,0
2010-09-08 00:00:00,1.2677,1.2763,1.2659,1.2729,20630,20,0
2010-09-09 00:00:00,1.2729,1.2766,1.2664,1.2689,20926,20,0
2010-09-10 00:00:00,1.2687,1.2747,1.2643,1.271,17995,20,0
2010-09-12 00:00:00,1.2711000000000001,1.2724,1.2702,1.2717,1511,20,0
2010-09-13 00:00:00,1.2717,1.2892000000000001,1.2715,1.287,19398,20,0
2010-09-14 00:00:00,1.287,1.3033000000000001,1.2829,1.299,24688,20,0
2010-09-15 00:00:00,1.2989,1.3035999999999999,1.2955,1.3013,29473,20,0
2010-09-16 00:00:00,1.3013,1.3115999999999999,1.2974999999999999,1.3074,23558,20,0
2010-09-17 00:00:00,1.3073000000000001,1.3159,1.3019,1.3035999999999999,21264,20,0
2010-09-19 00:00:00,1.306,1.306,1.3035999999999999,1.3041,1022,20,0
2010-09-20 00:00:00,1.3042,1.3121,1.3028,1.3065,16490,20,0
2010-09-21 00:00:00,1.3065,1.3286,1.3057,1.3254000000000001,26498,20,0
2010-09-22 00:00:00,1.3254000000000001,1.3439999999999999,1.325,1.339,33273,20,0
2010-09-23 00:00:00,1.339,1.3413,1.3304,1.3317,28986,20,0
2010-09-24 00:00:00,1.3316,1.3493,1.3286,1.349,33667,20,0
2010-09-26 00:00:00,1.3481,1.3494,1.3475,1.3477000000000001,1106,20,0
2010-09-27 00:00:00,1.3477999999999999,1.3506,1.3425,1.3437000000000001,30472,20,0
2010-09-28 00:00:00,1.3436,1.3594,1.338,1.3568,36055,20,0
2010-09-29 00:00:00,1.3569,1.3646,1.3566,1.3626,32295,20,0
2010-09-30 00:00:00,1.3626,1.3682,1.3559,1.362,41098,20,0
2010-10-01 00:00:00,1.362,1.3783,1.3618999999999999,1.3778000000000001,29398,20,0
2010-10-03 00:00:00,1.3801999999999999,1.3805,1.3776,1.3777,848,20,0
2010-10-04 00:00:00,1.3776,1.3784,1.3666,1.3675,28209,20,0
2010-10-05 00:00:00,1.3676,1.3859,1.3636,1.3834,35148,20,0
2010-10-06 00:00:00,1.3835,1.3947,1.3798,1.3921999999999999,32392,20,0
2010-10-07 00:00:00,1.3921000000000001,1.4029,1.3856,1.3925,37650,20,0
2010-10-08 00:00:00,1.3925,1.3982999999999999,1.3832,1.3928,36001,20,0
2010-10-10 00:00:00,1.3986,1.4011,1.3973,1.3975,1324,20,0
2010-10-11 00:00:00,1.3975,1.4007,1.3865,1.3879000000000001,26074,20,0
2010-10-12 00:00:00,1.3879000000000001,1.3935,1.3775,1.3915,47966,20,0
2010-10-13 00:00:00,1.3915,1.4001000000000001,1.3911,1.3966,40015,20,0
2010-10-14 00:00:00,1.3966,1.4122,1.3963999999999999,1.407,44709,20,0
2010-10-15 00:00:00,1.407,1.4159,1.3936,1.3973,50404,20,0
2010-10-17 00:00:00,1.3987,1.3987,1.3956,1.3961999999999999,2127,20,0
2010-10-18 00:00:00,1.3963,1.3997,1.383,1.3934,44780,20,0
2010-10-19 00:00:00,1.3934,1.4002,1.3713,1.3738000000000001,50542,20,0
2010-10-20 00:00:00,1.3738000000000001,1.3991,1.3697,1.3961999999999999,34668,20,0
2010-10-21 00:00:00,1.3961999999999999,1.4049,1.3871,1.3915,64895,20,0
2010-10-22 00:00:00,1.3915,1.3971,1.3857,1.3928,41417,20,0
2010-10-24 00:00:00,1.3976,1.3976,1.3937,1.3940000000000001,895,20,0
2010-10-25 00:00:00,1.3937,1.4079,1.3933,1.3938,28857,20,0
2010-10-26 00:00:00,1.3939,1.3981,1.3825,1.3854,32368,20,0
2010-10-27 00:00:00,1.3855,1.3876,1.3733,1.3778000000000001,33908,20,0
2010-10-28 00:00:00,1.3776,1.3945,1.3773,1.3927,25805,20,0
2010-10-29 00:00:00,1.3926,1.395,1.3806,1.3917,27207,20,0
2010-10-31 00:00:00,1.3961000000000001,1.3981,1.3959,1.3973,685,20,0
2010-11-01 00:00:00,1.3968,1.4011,1.3862999999999999,1.3908,15433,20,0
2010-11-02 00:00:00,1.3909,1.4057,1.388,1.4031,15913,20,0
2010-11-03 00:00:00,1.403,1.418,1.3991,1.4123,19122,20,0
2010-11-04 00:00:00,1.4123999999999999,1.4281,1.4101,1.4228,29714,20,0
2010-11-05 00:00:00,1.4227,1.423,1.4024,1.4032,31949,20,0
2010-11-07 00:00:00,1.4057,1.4081000000000001,1.4043999999999999,1.4075,1075,20,0
2010-11-08 00:00:00,1.4074,1.4085,1.3859,1.387,30700,20,0
2010-11-09 00:00:00,1.3869,1.3973,1.3747,1.3768,41536,20,0
2010-11-10 00:00:00,1.377,1.3825,1.367,1.3774,44131,20,0
2010-11-11 00:00:00,1.3773,1.3819,1.3607,1.3620999999999999,36864,20,0
2010-11-12 00:00:00,1.362,1.3777,1.3573,1.3692,44981,20,0
2010-11-14 00:00:00,1.3696,1.3708,1.3681,1.3688,675,20,0
2010-11-15 00:00:00,1.3689,1.375,1.3562,1.3573,35809,20,0
2010-11-16 00:00:00,1.3572,1.3655,1.3447,1.3494,43668,20,0
2010-11-17 00:00:00,1.3491,1.3564,1.346,1.3552,32008,20,0
2010-11-18 00:00:00,1.3553,1.3667,1.3543,1.3656,32440,20,0
2010-11-19 00:00:00,1.3658000000000001,1.3731,1.3608,1.3686,26520,20,0
2010-11-21 00:00:00,1.3718,1.3744,1.3713,1.3742,1430,20,0
2010-11-22 00:00:00,1.3743,1.3786,1.3576,1.3599,27841,20,0
2010-11-23 00:00:00,1.3597000000000001,1.3614,1.3361,1.3386,44636,20,0
2010-11-24 00:00:00,1.3385,1.3421,1.3284,1.3357,38916,20,0
2010-11-25 00:00:00,1.3356,1.3387,1.3286,1.3338999999999999,27100,20,0
2010-11-26 00:00:00,1.334,1.335,1.3201,1.3247,31177,20,0
2010-11-28 00:00:00,1.3276,1.3287,1.3231,1.3237,1939,20,0
2010-11-29 00:00:00,1.3237999999999999,1.3301,1.3064,1.3099,35438,20,0
2010-11-30 00:00:00,1.31,1.315,1.2968,1.2995,41885,20,0
2010-12-01 00:00:00,1.2993999999999999,1.3181,1.2971,1.3124,41911,20,0
2010-12-02 00:00:00,1.3123,1.3247,1.306,1.3211,42682,20,0
2010-12-03 00:00:00,1.3212,1.3417,1.3193,1.341,31437,20,0
2010-12-05 00:00:00,1.3394,1.3422,1.3392,1.3412,1375,20,0
2010-12-06 00:00:00,1.3409,1.3421,1.3245,1.3288,32361,20,0
2010-12-07 00:00:00,1.3287,1.34,1.3235000000000001,1.3248,36146,20,0
2010-12-08 00:00:00,1.325,1.328,1.318,1.3248,33434,20,0
2010-12-09 00:00:00,1.3247,1.3322,1.3164,1.324,34893,20,0
2010-12-10 00:00:00,1.3241,1.3282,1.3178,1.3228,25736,20,0
2010-12-12 00:00:00,1.3203,1.321,1.3191,1.3197,996,20,0
2010-12-13 00:00:00,1.3197999999999999,1.3433,1.3182,1.3394,29749,20,0
2010-12-14 00:00:00,1.3393,1.3498,1.3355000000000001,1.3356,35830,20,0
2010-12-15 00:00:00,1.3357,1.3378,1.3208,1.3224,31199,20,0
2010-12-16 00:00:00,1.3225,1.3266,1.3181,1.3237999999999999,24707,20,0
2010-12-17 00:00:00,1.3239,1.3359,1.3133,1.3184,31244,20,0
2010-12-19 00:00:00,1.3183,1.3183,1.3152,1.3163,817,20,0
2010-12-20 00:00:00,1.3162,1.3183,1.3094000000000001,1.3117,25719,20,0
2010-12-21 00:00:00,1.3118,1.3201,1.3073000000000001,1.309,27307,20,0
2010-12-22 00:00:00,1.3091,1.3181,1.3078,1.3114,25193,20,0
2010-12-23 00:00:00,1.3113000000000001,1.3151,1.3054000000000001,1.3121,23178,20,0
2010-12-24 00:00:00,1.3122,1.3148,1.3087,1.3115,9581,20,0
2010-12-26 00:00:00,1.3114,1.3118,1.3071,1.3079,639,20,0
2010-12-27 00:00:00,1.3078,1.3189,1.3078,1.3188,18661,20,0
2010-12-28 00:00:00,1.3189,1.3274,1.3083,1.3086,27941,20,0
2010-12-29 00:00:00,1.3085,1.3237999999999999,1.3083,1.3224,25122,20,0
2010-12-30 00:00:00,1.3222,1.3314,1.3219,1.3301,24901,20,0
2010-12-31 00:00:00,1.33,1.3424,1.3288,1.3365,23329,20,0
2011-01-02 00:00:00,1.3357,1.3362,1.3334,1.3356,804,20,0
2011-01-03 00:00:00,1.3357,1.3395000000000001,1.325,1.3356,25078,20,0
2011-01-04 00:00:00,1.3357,1.3433,1.3291,1.3317999999999999,34792,20,0
2011-01-05 00:00:00,1.3319,1.3325,1.3125,1.3155999999999999,33455,20,0
2011-01-06 00:00:00,1.3157,1.317,1.2967,1.2979,33403,20,0
2011-01-07 00:00:00,1.2983,1.3021,1.2905,1.2909,36435,20,0
2011-01-09 00:00:00,1.2876,1.2906,1.2875,1.2894999999999999,740,20,0
2011-01-10 00:00:00,1.2896,1.2966,1.2873,1.2964,24185,20,0
2011-01-11 00:00:00,1.2963,1.2993000000000001,1.2904,1.2982,29362,20,0
2011-01-12 00:00:00,1.2983,1.3145,1.2961,1.3126,30138,20,0
2011-01-13 00:00:00,1.3128,1.3383,1.3089,1.335,27918,20,0
2011-01-14 00:00:00,1.3351,1.3457,1.3314,1.3373,25435,20,0
2011-01-16 00:00:00,1.337,1.3382,1.3352,1.3378999999999999,620,20,0
2011-01-17 00:00:00,1.3378,1.3378,1.3244,1.328,19929,20,0
2011-01-18 00:00:00,1.3281,1.3466,1.3253,1.3378,27086,20,0
2011-01-19 00:00:00,1.3377,1.3538000000000001,1.3377,1.3452,27126,20,0
2011-01-20 00:00:00,1.3451,1.3522,1.3396,1.3466,27257,20,0
2011-01-21 00:00:00,1.3465,1.3624,1.3448,1.3613,24467,20,0
2011-01-23 00:00:00,1.363,1.363,1.3602,1.3618999999999999,865,20,0
2011-01-24 00:00:00,1.3618000000000001,1.3685,1.354,1.3643,20096,20,0
2011-01-25 00:00:00,1.3645,1.3704,1.3572,1.3685,25192,20,0
2011-01-26 00:00:00,1.3688,1.3719999999999999,1.3639999999999999,1.371,25150,20,0
2011-01-27 00:00:00,1.3711,1.3758,1.3636,1.3721999999999999,25576,20,0
2011-01-28 00:00:00,1.3721,1.3746,1.3583,1.3608,24621,20,0
2011-01-30 00:00:00,1.3599,1.3599,1.3571,1.3572,1191,20,0
2011-01-31 00:00:00,1.3574,1.3739,1.3571,1.3713,23985,20,0
2011-02-01 00:00:00,1.3712,1.3843,1.37,1.3828,26456,20,0
2011-02-02 00:00:00,1.3827,1.3860000000000001,1.3767,1.3816,24543,20,0
2011-02-03 00:00:00,1.3815,1.3825,1.3609,1.3623,25127,20,0
2011-02-04 00:00:00,1.3624,1.3679000000000001,1.3543,1.3587,19883,20,0
2011-02-06 00:00:00,1.3572,1.3577,1.3563,1.3573,825,20,0
2011-02-07 00:00:00,1.3574,1.3626,1.3508,1.3592,21715,20,0
2011-02-08 00:00:00,1.359,1.3688,1.3572,1.3625,24605,20,0
2011-02-09 00:00:00,1.3623,1.3744,1.3611,1.3719000000000001,22807,20,0
2011-02-10 00:00:00,1.3718,1.3728,1.3577,1.3603,22010,20,0
2011-02-11 00:00:00,1.3604,1.3620999999999999,1.3497,1.3547,18554,20,0
2011-02-13 00:00:00,1.3521,1.3532,1.3501,1.3512,1199,20,0
2011-02-14 00:00:00,1.3514,1.3558,1.3428,1.3479,18100,20,0
2011-02-15 00:00:00,1.3479999999999999,1.355,1.3461,1.3497,21645,20,0
2011-02-16 00:00:00,1.3496000000000001,1.3588,1.3462,1.3573,25858,20,0
2011-02-17 00:00:00,1.3574,1.3627,1.3536000000000001,1.3622,22788,20,0
2011-02-18 00:00:00,1.3620999999999999,1.3715,1.3546,1.3685,19537,20,0
2011-02-20 00:00:00,1.3691,1.3715,1.3686,1.3712,567,20,0
2011-02-21 00:00:00,1.3711,1.3712,1.3647,1.3681,13402,20,0
2011-02-22 00:00:00,1.3679999999999999,1.3703,1.3526,1.3673,26168,20,0
2011-02-23 00:00:00,1.3672,1.3786,1.3672,1.376,22858,20,0
2011-02-24 00:00:00,1.3758,1.3822999999999999,1.3704,1.3820000000000001,22334,20,0
2011-02-25 00:00:00,1.3820999999999999,1.3838,1.3723,1.3752,16460,20,0
2011-02-27 00:00:00,1.3758,1.3763,1.373,1.3733,697,20,0
2011-02-28 00:00:00,1.3734,1.3856,1.3711,1.3820999999999999,19354,20,0
2011-03-01 00:00:00,1.3822,1.3854,1.3761999999999999,1.3767,19967,20,0
2011-03-02 00:00:00,1.3766,1.389,1.3743,1.3865,20712,20,0
2011-03-03 00:00:00,1.3866,1.3975,1.3832,1.3956,23971,20,0
2011-03-04 00:00:00,1.3955,1.4007,1.3940000000000001,1.3984,17175,20,0
2011-03-06 00:00:00,1.3995,1.3998,1.3986,1.399,735,20,0
2011-03-07 00:00:00,1.3989,1.4036,1.3955,1.3961999999999999,18148,20,0
2011-03-08 00:00:00,1.3963,1.3988,1.3862,1.3895,15680,20,0
2011-03-09 00:00:00,1.3894,1.3941,1.3855,1.3902999999999999,13018,20,0
2011-03-10 00:00:00,1.3904,1.3924,1.3775,1.38,19419,20,0
2011-03-11 00:00:00,1.3801,1.3904,1.3752,1.3902,17550,20,0
2011-03-13 00:00:00,1.3953,1.3965,1.3928,1.3934,2403,20,0
2011-03-14 00:00:00,1.3935,1.4003,1.3904,1.399,16603,20,0
2011-03-15 00:00:00,1.3989,1.4012,1.3855,1.3986,30885,20,0
2011-03-16 00:00:00,1.3985,1.4001000000000001,1.3866,1.3884,32233,20,0
2011-03-17 00:00:00,1.3883,1.4053,1.3876,1.403,30831,20,0
2011-03-18 00:00:00,1.4031,1.4184,1.3980000000000001,1.4181,27085,20,0
2011-03-20 00:00:00,1.4179,1.4182000000000001,1.4166,1.4168,875,20,0
2011-03-21 00:00:00,1.4167,1.424,1.4138,1.4217,17471,20,0
2011-03-22 00:00:00,1.4218,1.4248,1.4163000000000001,1.4169,15876,20,0
2011-03-23 00:00:00,1.417,1.4214,1.4077,1.4104,21327,20,0
2011-03-24 00:00:00,1.4104999999999999,1.422,1.4053,1.4169,19339,20,0
2011-03-25 00:00:00,1.417,1.4193,1.4055,1.409,17396,20,0
2011-03-27 00:00:00,1.4052,1.4053,1.4020000000000001,1.4024,902,20,0
2011-03-28 00:00:00,1.4022999999999999,1.4115,1.4022000000000001,1.4076,14104,20,0
2011-03-29 00:00:00,1.4075,1.4148,1.4047,1.411,15571,20,0
2011-03-30 00:00:00,1.4109,1.4147,1.4052,1.4119,17793,20,0
2011-03-31 00:00:00,1.412,1.4233,1.4116,1.4157,19939,20,0
2011-04-01 00:00:00,1.4158,1.4245,1.4062000000000001,1.4222000000000001,19843,20,0
2011-04-03 00:00:00,1.4232,1.4234,1.4216,1.4222000000000001,1127,20,0
2011-04-04 00:00:00,1.4221,1.4268,1.4192,1.4218,14218,20,0
2011-04-05 00:00:00,1.4217,1.4245,1.4151,1.4218,17484,20,0
2011-04-06 00:00:00,1.4217,1.4349,1.4217,1.4333,17903,20,0
2011-04-07 00:00:00,1.4334,1.4334,1.4242,1.4299,22831,20,0
2011-04-08 00:00:00,1.43,1.4466,1.4291,1.4456,16795,20,0
2011-04-10 00:00:00,1.4462,1.4471,1.4451,1.4462,836,20,0
2011-04-11 00:00:00,1.4461,1.4483,1.442,1.4436,17141,20,0
2011-04-12 00:00:00,1.4435,1.4519,1.4377,1.4474,23137,20,0
2011-04-13 00:00:00,1.4473,1.452,1.4413,1.4441,21369,20,0
2011-04-14 00:00:00,1.4442,1.4514,1.4365,1.4484,24024,20,0
2011-04-15 00:00:00,1.4483,1.4503,1.439,1.4422,19408,20,0
2011-04-17 00:00:00,1.4415,1.442,1.4409,1.4411,727,20,0
2011-04-18 00:00:00,1.4412,1.442,1.4157,1.422,27502,20,0
2011-04-19 00:00:00,1.4221,1.4353,1.4205,1.4336,21175,20,0
2011-04-20 00:00:00,1.4337,1.4546999999999999,1.4334,1.4512,26061,20,0
2011-04-21 00:00:00,1.4511,1.4647999999999999,1.4505,1.4552,25422,20,0
2011-04-22 00:00:00,1.4553,1.4588,1.4533,1.4546000000000001,10401,20,0
2011-04-24 00:00:00,1.4559,1.4578,1.4553,1.4553,772,20,0
2011-04-25 00:00:00,1.4554,1.4627,1.4525000000000001,1.4576,23232,20,0
2011-04-26 00:00:00,1.4577,1.4713,1.4493,1.4687999999999999,24596,20,0
2011-04-27 00:00:00,1.4689,1.4795,1.4631,1.4777,29904,20,0
2011-04-28 00:00:00,1.4778,1.4881,1.4772,1.4842,24306,20,0
2011-04-29 00:00:00,1.4841,1.4878,1.4803,1.4809,17587,20,0
2011-05-01 00:00:00,1.4827,1.484,1.4786000000000001,1.4801,1121,20,0
2011-05-02 00:00:00,1.4802,1.4901,1.4762,1.4822,29058,20,0
2011-05-03 00:00:00,1.4821,1.4889999999999999,1.4754,1.4832,26354,20,0
2011-05-04 00:00:00,1.4833,1.4939,1.4774,1.4828000000000001,30927,20,0
2011-05-05 00:00:00,1.4827,1.4899,1.451,1.4542,38587,20,0
2011-05-06 00:00:00,1.4541,1.4588,1.4315,1.4353,50577,20,0
2011-05-08 00:00:00,1.4368,1.4386,1.4346,1.4346999999999999,998,20,0
2011-05-09 00:00:00,1.4346,1.4442,1.4254,1.4374,35359,20,0
2011-05-10 00:00:00,1.4373,1.4418,1.427,1.4405999999999999,39170,20,0
2011-05-11 00:00:00,1.4407,1.4423,1.4172,1.421,33533,20,0
2011-05-12 00:00:00,1.4211,1.4276,1.4123,1.4236,37807,20,0
2011-05-13 00:00:00,1.4235,1.4339,1.4066,1.4104999999999999,41138,20,0
2011-05-15 00:00:00,1.409,1.4092,1.4071,1.4075,1177,20,0
2011-05-16 00:00:00,1.4074,1.4243999999999999,1.4048,1.4158,38823,20,0
2011-05-17 00:00:00,1.4157,1.4272,1.412,1.4268,43548,20,0
2011-05-18 00:00:00,1.4269,1.4287,1.4195,1.4254,35438,20,0
2011-05-19 00:00:00,1.4255,1.4325,1.4205999999999999,1.4314,35459,20,0
2011-05-20 00:00:00,1.4315,1.4344999999999999,1.4139,1.4156,27510,20,0
2011-05-22 00:00:00,1.4143,1.4144,1.4102000000000001,1.4104,1601,20,0
2011-05-23 00:00:00,1.4104999999999999,1.4135,1.3969,1.4034,36544,20,0
2011-05-24 00:00:00,1.4033,1.4133,1.4002,1.4098,33312,20,0
2011-05-25 00:00:00,1.4097,1.4118,1.4013,1.4082,34729,20,0
2011-05-26 00:00:00,1.4081000000000001,1.4205999999999999,1.4067,1.4131,37850,20,0
2011-05-27 00:00:00,1.4132,1.4303,1.4126,1.4285,31935,20,0
2011-05-29 00:00:00,1.431,1.4321,1.4288,1.4295,729,20,0
2011-05-30 00:00:00,1.4296,1.4324,1.4257,1.4318,22555,20,0
2011-05-31 00:00:00,1.4316,1.4436,1.4316,1.4426999999999999,32615,20,0
2011-06-01 00:00:00,1.4426,1.4458,1.4307,1.4343,33761,20,0
2011-06-02 00:00:00,1.4344000000000001,1.4513,1.4325,1.4482,29250,20,0
2011-06-03 00:00:00,1.4484,1.4642,1.445,1.4634,29358,20,0
2011-06-05 00:00:00,1.4621,1.4657,1.4618,1.4654,1155,20,0
2011-06-06 00:00:00,1.4655,1.4658,1.4557,1.458,25538,20,0
2011-06-07 00:00:00,1.4581,1.4696,1.4563,1.4686,27510,20,0
2011-06-08 00:00:00,1.4687000000000001,1.4691,1.4564,1.4601,26208,20,0
2011-06-09 00:00:00,1.46,1.4652,1.4477,1.4509,29217,20,0
2011-06-10 00:00:00,1.451,1.455,1.4322,1.4335,27913,20,0
2011-06-12 00:00:00,1.4327,1.4338,1.432,1.4331,1095,20,0
2011-06-13 00:00:00,1.433,1.443,1.4322,1.4416,29334,20,0
2011-06-14 00:00:00,1.4415,1.4497,1.4378,1.4447,28375,20,0
2011-06-15 00:00:00,1.4445999999999999,1.4447999999999999,1.4156,1.4184999999999999,32012,20,0
2011-06-16 00:00:00,1.4184,1.4221,1.4073,1.4199,38978,20,0
2011-06-17 00:00:00,1.4198,1.4339,1.4127,1.4306,31412,20,0
2011-06-19 00:00:00,1.429,1.4298,1.4264999999999999,1.4282,1443,20,0
2011-06-20 00:00:00,1.4283000000000001,1.4327,1.4191,1.4323000000000001,30473,20,0
2011-06-21 00:00:00,1.4322,1.4433,1.4306,1.4377,32994,20,0
2011-06-22 00:00:00,1.4376,1.4442,1.431,1.4315,32348,20,0
2011-06-23 00:00:00,1.4316,1.4333,1.4126,1.4271,35891,20,0
2011-06-24 00:00:00,1.4272,1.4306,1.4141,1.4181,27423,20,0
2011-06-26 00:00:00,1.4186,1.4197,1.416,1.4171,1193,20,0
2011-06-27 00:00:00,1.4172,1.4329,1.4102999999999999,1.4314,26660,20,0
2011-06-28 00:00:00,1.4315,1.4397,1.4237,1.4356,29033,20,0
2011-06-29 00:00:00,1.4357,1.4484,1.4327,1.4477,33128,20,0
2011-06-30 00:00:00,1.4478,1.4538,1.4447,1.4494,25966,20,0
2011-07-01 00:00:00,1.4495,1.4551,1.4436,1.4527999999999999,23510,20,0
2011-07-03 00:00:00,1.454,1.4546999999999999,1.4533,1.4539,1058,20,0
2011-07-04 00:00:00,1.4541,1.4577,1.4495,1.4549,28466,20,0
2011-07-05 00:00:00,1.455,1.4553,1.4396,1.4422,22385,20,0
2011-07-06 00:00:00,1.4423,1.4466,1.4285999999999999,1.4331,22893,20,0
2011-07-07 00:00:00,1.433,1.4374,1.4221,1.4363000000000001,23320,20,0
2011-07-08 00:00:00,1.4364,1.4368,1.4205,1.4259,24475,20,0
2011-07-10 00:00:00,1.4214,1.4226,1.4197,1.4202,1309,20,0
2011-07-11 00:00:00,1.4201,1.4227,1.3986,1.4038,27869,20,0
2011-07-12 00:00:00,1.4039,1.4054,1.3837,1.3969,44959,20,0
2011-07-13 00:00:00,1.397,1.4242,1.3961000000000001,1.4229,37468,20,0
2011-07-14 00:00:00,1.4228,1.4282,1.4115,1.4156,37568,20,0
2011-07-15 00:00:00,1.4155,1.4199,1.4092,1.4147,26401,20,0
2011-07-17 00:00:00,1.4125,1.4133,1.4108,1.4119,1226,20,0
2011-07-18 00:00:00,1.412,1.4131,1.4014,1.411,25767,20,0
2011-07-19 00:00:00,1.4109,1.4217,1.4068,1.4172,26465,20,0
2011-07-20 00:00:00,1.4173,1.427,1.4133,1.4267,23006,20,0
2011-07-21 00:00:00,1.4268,1.4437,1.4138,1.4415,31204,20,0
2011-07-22 00:00:00,1.4414,1.4437,1.4324,1.4367,21541,20,0
2011-07-24 00:00:00,1.4393,1.4417,1.4365,1.4386999999999999,1590,20,0
2011-07-25 00:00:00,1.4386,1.4405999999999999,1.4325,1.4368,24270,20,0
2011-07-26 00:00:00,1.4367,1.4525000000000001,1.4357,1.4506999999999999,26267,20,0
2011-07-27 00:00:00,1.4506999999999999,1.4535,1.4339,1.4371,26118,20,0
2011-07-28 00:00:00,1.4372,1.44,1.4254,1.4334,27743,20,0
2011-07-29 00:00:00,1.4335,1.4413,1.4229,1.4365999999999999,31208,20,0
2011-07-31 00:00:00,1.4364,1.4388,1.4346,1.4362,1773,20,0
2011-08-01 00:00:00,1.4363000000000001,1.4453,1.4184,1.4263,30369,20,0
2011-08-02 00:00:00,1.4264000000000001,1.4283000000000001,1.4151,1.4175,35105,20,0
2011-08-03 00:00:00,1.4174,1.4371,1.4143,1.4342,37515,20,0
2011-08-04 00:00:00,1.4343,1.4368,1.4058,1.4062000000000001,51027,20,0
2011-08-05 00:00:00,1.4062999999999999,1.4297,1.4055,1.4281,57826,20,0
2011-08-07 00:00:00,1.4399,1.4399,1.4288,1.4292,3080,20,0
2011-08-08 00:00:00,1.4293,1.4401,1.4129,1.4176,65932,20,0
2011-08-09 00:00:00,1.4175,1.4398,1.4152,1.4382,82428,20,0
2011-08-10 00:00:00,1.4378,1.4401,1.4123,1.4123,61792,20,0
2011-08-11 00:00:00,1.4123999999999999,1.4294,1.4102999999999999,1.4224999999999999,68616,20,0
2011-08-12 00:00:00,1.4224,1.4291,1.4149,1.425,39129,20,0
2011-08-14 00:00:00,1.4257,1.4274,1.4253,1.4272,720,20,0
2011-08-15 00:00:00,1.4271,1.4477,1.4263,1.4432,30092,20,0
2011-08-16 00:00:00,1.4435,1.4472,1.4354,1.4396,28951,20,0
2011-08-17 00:00:00,1.4397,1.4517,1.4324,1.4428,27822,20,0
2011-08-18 00:00:00,1.4426999999999999,1.4452,1.4271,1.432,32910,20,0
2011-08-19 00:00:00,1.4319,1.4452,1.4259,1.4396,31233,20,0
2011-08-21 00:00:00,1.4375,1.4384000000000001,1.436,1.4367,835,20,0
2011-08-22 00:00:00,1.4365999999999999,1.4434,1.4346999999999999,1.436,20409,20,0
2011-08-23 00:00:00,1.4359,1.45,1.4353,1.4433,21493,20,0
2011-08-24 00:00:00,1.4434,1.4481,1.4379,1.4411,20872,20,0
2011-08-25 00:00:00,1.441,1.4474,1.4328,1.4372,20875,20,0
2011-08-26 00:00:00,1.4371,1.4501,1.4328,1.4495,23496,20,0
2011-08-28 00:00:00,1.4501,1.4503,1.4482,1.4493,841,20,0
2011-08-29 00:00:00,1.4495,1.4549,1.4466,1.4523,16223,20,0
2011-08-30 00:00:00,1.4522,1.4533,1.4384000000000001,1.4431,19267,20,0
2011-08-31 00:00:00,1.4432,1.4469,1.4358,1.4373,18211,20,0
2011-09-01 00:00:00,1.4372,1.4377,1.4226,1.4262000000000001,19953,20,0
2011-09-02 00:00:00,1.4261,1.4287,1.4184,1.4194,20438,20,0
2011-09-04 00:00:00,1.4167,1.4173,1.4137,1.4157,1507,20,0
2011-09-05 00:00:00,1.4156,1.4173,1.4059,1.4062999999999999,21767,20,0
2011-09-06 00:00:00,1.4064,1.4284,1.3972,1.4001000000000001,39199,20,0
2011-09-07 00:00:00,1.4002,1.4149,1.4,1.4083999999999999,22965,20,0
2011-09-08 00:00:00,1.4085,1.4089,1.3872,1.3901,24976,20,0
2011-09-09 00:00:00,1.3902,1.3936,1.3627,1.3660999999999999,29183,20,0
2011-09-11 00:00:00,1.3596,1.3605,1.3554,1.3605,1753,20,0
2011-09-12 00:00:00,1.3606,1.3694,1.3501,1.3658000000000001,36148,20,0
2011-09-13 00:00:00,1.3657,1.3739,1.3558,1.3684,33941,20,0
2011-09-14 00:00:00,1.3685,1.3783,1.3591,1.3744,34553,20,0
2011-09-15 00:00:00,1.3745,1.3937,1.3703,1.3866,32475,20,0
2011-09-16 00:00:00,1.3865,1.3881999999999999,1.3753,1.3795,23561,20,0
2011-09-18 00:00:00,1.3709,1.3709,1.3663,1.3702,1704,20,0
2011-09-19 00:00:00,1.3703,1.3721,1.3586,1.3602,27113,20,0
2011-09-20 00:00:00,1.3603,1.3745,1.3593,1.3691,28944,20,0
2011-09-21 00:00:00,1.369,1.3797,1.3558,1.3583,37591,20,0
2011-09-22 00:00:00,1.3584,1.359,1.3385,1.3481,43207,20,0
2011-09-23 00:00:00,1.3479999999999999,1.3567,1.3418,1.3524,39537,20,0
2011-09-25 00:00:00,1.3521,1.355,1.3487,1.3545,2654,20,0
2011-09-26 00:00:00,1.3544,1.3547,1.3362,1.3516,54094,20,0
2011-09-27 00:00:00,1.3517000000000001,1.3668,1.3479,1.3583,34374,20,0
2011-09-28 00:00:00,1.3580999999999999,1.369,1.3523,1.3536000000000001,31319,20,0
2011-09-29 00:00:00,1.3538000000000001,1.3679000000000001,1.3519,1.3583,34247,20,0
2011-09-30 00:00:00,1.3582,1.3601,1.3394,1.3395000000000001,29424,20,0
2011-10-02 00:00:00,1.3353,1.3364,1.3331,1.3357,1044,20,0
2011-10-03 00:00:00,1.3359,1.3381,1.3163,1.3193,35920,20,0
2011-10-04 00:00:00,1.3194,1.3369,1.3145,1.3326,40495,20,0
2011-10-05 00:00:00,1.3327,1.3384,1.326,1.3338999999999999,37687,20,0
2011-10-06 00:00:00,1.334,1.345,1.3241,1.3429,41223,20,0
2011-10-07 00:00:00,1.3428,1.3524,1.3361,1.3386,32502,20,0
2011-10-09 00:00:00,1.3396,1.3409,1.3381,1.3384,801,20,0
2011-10-10 00:00:00,1.3385,1.3698000000000001,1.3377,1.3634,28316,20,0
2011-10-11 00:00:00,1.3633,1.3683,1.3565,1.3645,29880,20,0
2011-10-12 00:00:00,1.3644,1.3833,1.3582,1.3789,33133,20,0
2011-10-13 00:00:00,1.3788,1.3826,1.3685,1.3734,30887,20,0
2011-10-14 00:00:00,1.3733,1.3894,1.3723,1.3878,27272,20,0
2011-10-16 00:00:00,1.387,1.3887,1.3867,1.3878,878,20,0
2011-10-17 00:00:00,1.3881999999999999,1.3914,1.3724,1.3742,28830,20,0
2011-10-18 00:00:00,1.3740999999999999,1.3817,1.3652,1.3734,33787,20,0
2011-10-19 00:00:00,1.3733,1.3869,1.3725,1.3763,27709,20,0
2011-10-20 00:00:00,1.3761999999999999,1.3843,1.3656,1.3777,34796,20,0
2011-10-21 00:00:00,1.3778000000000001,1.3900000000000001,1.3704,1.3894,26418,20,0
2011-10-23 00:00:00,1.3865,1.3874,1.3844,1.3844,825,20,0
2011-10-24 00:00:00,1.3845,1.3956,1.3820999999999999,1.3921000000000001,26164,20,0
2011-10-25 00:00:00,1.3921999999999999,1.396,1.3848,1.3902999999999999,30205,20,0
2011-10-26 00:00:00,1.3902,1.3975,1.3798,1.3875,32067,20,0
2011-10-27 00:00:00,1.3876,1.4247,1.3864,1.4173,33967,20,0
2011-10-28 00:00:00,1.4172,1.42,1.4133,1.4157,23965,20,0
2011-10-30 00:00:00,1.4159,1.4161000000000001,1.4137,1.4137,558,20,0
2011-10-31 00:00:00,1.4138,1.4171,1.3828,1.3858,34321,20,0
2011-11-01 00:00:00,1.3859,1.3871,1.3608,1.3654,42945,20,0
2011-11-02 00:00:00,1.3653,1.3828,1.3653,1.3688,36046,20,0
2011-11-03 00:00:00,1.3686,1.3855,1.3656,1.3822,41572,20,0
2011-11-04 00:00:00,1.3822999999999999,1.3868,1.371,1.3791,31946,20,0
2011-11-06 00:00:00,1.3811,1.3831,1.3777,1.3788,1629,20,0
2011-11-07 00:00:00,1.3789,1.3813,1.3681,1.3758,27812,20,0
2011-11-08 00:00:00,1.3757,1.3847,1.3724,1.3824,23830,20,0
2011-11-09 00:00:00,1.3825,1.3859,1.3521,1.3526,32749,20,0
2011-11-10 00:00:00,1.3525,1.3653,1.3483,1.3609,31120,20,0
2011-11-11 00:00:00,1.3608,1.3795,1.3578000000000001,1.3755,23685,20,0
2011-11-13 00:00:00,1.3797,1.3801,1.3773,1.3784,1082,20,0
2011-11-14 00:00:00,1.3785,1.3789,1.3591,1.3624,24311,20,0
2011-11-15 00:00:00,1.3625,1.3639999999999999,1.3496000000000001,1.3504,27627,20,0
2011-11-16 00:00:00,1.3506,1.3557000000000001,1.3421,1.3439999999999999,30716,20,0
2011-11-17 00:00:00,1.3439,1.354,1.3423,1.3454,33149,20,0
2011-11-18 00:00:00,1.3453,1.3614,1.3447,1.3514,27796,20,0
2011-11-20 00:00:00,1.3518,1.3536000000000001,1.3505,1.3536000000000001,2282,20,0
2011-11-21 00:00:00,1.3535,1.3541,1.343,1.3483,26762,20,0
2011-11-22 00:00:00,1.3482,1.3568,1.3469,1.3518,25305,20,0
2011-11-23 00:00:00,1.3517000000000001,1.3531,1.332,1.3343,26003,20,0
2011-11-24 00:00:00,1.3344,1.3411,1.3316,1.3329,23408,20,0
2011-11-25 00:00:00,1.333,1.3333,1.3212,1.3232,23489,20,0
2011-11-27 00:00:00,1.3292,1.3327,1.3291,1.3308,2143,20,0
2011-11-28 00:00:00,1.3309,1.3397999999999999,1.3272,1.3314,23980,20,0
2011-11-29 00:00:00,1.3313,1.3442,1.3285,1.3323,27705,20,0
2011-11-30 00:00:00,1.3324,1.3533,1.3259,1.3441,31994,20,0
2011-12-01 00:00:00,1.3442,1.3521,1.3417,1.3466,24073,20,0
2011-12-02 00:00:00,1.3464,1.3549,1.3363,1.3404,18482,20,0
2011-12-04 00:00:00,1.3416000000000001,1.3424,1.3403,1.3416000000000001,839,20,0
2011-12-05 00:00:00,1.3417,1.3486,1.3374,1.3386,19357,20,0
2011-12-06 00:00:00,1.3385,1.3427,1.3333,1.3409,20009,20,0
2011-12-07 00:00:00,1.3408,1.3453,1.3351,1.3399,20697,20,0
2011-12-08 00:00:00,1.3397999999999999,1.3458999999999999,1.3289,1.3345,24135,20,0
2011-12-09 00:00:00,1.3344,1.3434,1.3281,1.3369,21748,20,0
2011-12-11 00:00:00,1.3376000000000001,1.3376000000000001,1.3359,1.337,778,20,0
2011-12-12 00:00:00,1.3369,1.3377,1.316,1.3164,19432,20,0
2011-12-13 00:00:00,1.3163,1.3237,1.3009,1.3018,25333,20,0
2011-12-14 00:00:00,1.3019,1.3064,1.2945,1.2985,24109,20,0
2011-12-15 00:00:00,1.2984,1.305,1.2957,1.3029,20423,20,0
2011-12-16 00:00:00,1.3028,1.3084,1.2995,1.3035999999999999,17211,20,0
2011-12-18 00:00:00,1.3037,1.304,1.3031,1.3035,871,20,0
2011-12-19 00:00:00,1.3035999999999999,1.3042,1.2982,1.3006,17317,20,0
2011-12-20 00:00:00,1.3005,1.3131,1.2995,1.3086,16506,20,0
2011-12-21 00:00:00,1.3085,1.3197,1.3025,1.3035999999999999,21621,20,0
2011-12-22 00:00:00,1.3037,1.3119,1.3016,1.3054000000000001,16596,20,0
2011-12-23 00:00:00,1.3054999999999999,1.3096,1.3025,1.3042,19872,20,0
2011-12-26 00:00:00,1.3041,1.3082,1.3041,1.3047,6298,20,0
2011-12-27 00:00:00,1.3048,1.3083,1.3042,1.3068,18771,20,0
2011-12-28 00:00:00,1.3067,1.308,1.2911000000000001,1.2924,17929,20,0
2011-12-29 00:00:00,1.2927,1.2964,1.2858,1.2951,23949,20,0
2011-12-30 00:00:00,1.295,1.2998,1.2904,1.2941,26056,20,0
2012-01-02 00:00:00,1.2944,1.2971,1.2917,1.2936,10034,50,0
2012-01-03 00:00:00,1.2937,1.3075999999999999,1.2934,1.3054000000000001,21305,50,0
2012-01-04 00:00:00,1.3053,1.3072,1.2897,1.293,17544,50,0
2012-01-05 00:00:00,1.2929,1.2943,1.2771,1.2792,22518,50,0
2012-01-06 00:00:00,1.2791000000000001,1.2812000000000001,1.2697,1.2721,16334,50,0
2012-01-08 00:00:00,1.2702,1.2704,1.2666,1.2679,1530,50,0
2012-01-09 00:00:00,1.2678,1.2785,1.2677,1.2772000000000001,16757,50,0
2012-01-10 00:00:00,1.2772999999999999,1.2818,1.2742,1.2752,18085,50,0
2012-01-11 00:00:00,1.2753,1.2789,1.2662,1.2721,19456,50,0
2012-01-12 00:00:00,1.272,1.2845,1.2699,1.282,20671,50,0
2012-01-13 00:00:00,1.2821,1.2878,1.2624,1.2683,21168,50,0
2012-01-15 00:00:00,1.264,1.2656,1.2634,1.2647,1540,50,0
2012-01-16 00:00:00,1.2648,1.2687,1.2626,1.2666,18217,50,0
2012-01-17 00:00:00,1.2665,1.2809,1.2664,1.2746,19786,50,0
2012-01-18 00:00:00,1.2747,1.2868,1.2734,1.2864,22600,50,0
2012-01-19 00:00:00,1.2863,1.2972000000000001,1.2839,1.2961,20503,50,0
2012-01-20 00:00:00,1.296,1.2986,1.2887,1.2932000000000001,16017,50,0
2012-01-22 00:00:00,1.2878,1.2896,1.2875,1.2887,1193,50,0
2012-01-23 00:00:00,1.2888,1.3052000000000001,1.2883,1.3024,16967,50,0
2012-01-24 00:00:00,1.3025,1.3062,1.2953000000000001,1.3035,18857,50,0
2012-01-25 00:00:00,1.3035999999999999,1.312,1.293,1.3106,21091,50,0
2012-01-26 00:00:00,1.3105,1.3184,1.3088,1.3088,18506,50,0
2012-01-27 00:00:00,1.3087,1.322,1.3077,1.3218,18207,50,0
2012-01-29 00:00:00,1.3215,1.3221,1.3205,1.3207,743,50,0
2012-01-30 00:00:00,1.3208,1.321,1.3075999999999999,1.3138,15774,50,0
2012-01-31 00:00:00,1.3139,1.3214000000000001,1.3041,1.3075999999999999,19871,50,0
2012-02-01 00:00:00,1.3075,1.3218,1.3026,1.3169,21290,50,0
2012-02-02 00:00:00,1.3168,1.3195999999999999,1.3085,1.3136,18769,50,0
2012-02-03 00:00:00,1.3135,1.3206,1.3066,1.3146,18369,50,0
2012-02-05 00:00:00,1.3119,1.3131,1.3111,1.3124,1126,50,0
2012-02-06 00:00:00,1.3125,1.3141,1.3027,1.3118,17116,50,0
2012-02-07 00:00:00,1.3117,1.327,1.3089,1.3248,20544,50,0
2012-02-08 00:00:00,1.3247,1.3288,1.3215,1.3247,18967,50,0
2012-02-09 00:00:00,1.3248,1.3321,1.3226,1.3275000000000001,19802,50,0
2012-02-10 00:00:00,1.3274,1.3291,1.3155000000000001,1.3171,14680,50,0
2012-02-12 00:00:00,1.3208,1.326,1.3202,1.3239,2385,50,0
2012-02-13 00:00:00,1.3241,1.3284,1.3145,1.3154,16115,50,0
2012-02-14 00:00:00,1.3153000000000001,1.3215,1.308,1.3134000000000001,16896,50,0
2012-02-15 00:00:00,1.3126,1.319,1.3043,1.3054999999999999,19064,50,0
2012-02-16 00:00:00,1.3054000000000001,1.3158,1.2974,1.3127,20576,50,0
2012-02-17 00:00:00,1.3126,1.3197,1.3115,1.3155999999999999,13763,50,0
2012-02-19 00:00:00,1.3201,1.3237,1.3184,1.3223,2991,50,0
2012-02-20 00:00:00,1.3222,1.3276,1.3182,1.3207,12957,50,0
2012-02-21 00:00:00,1.3208,1.3293,1.3186,1.3248,18934,50,0
2012-02-22 00:00:00,1.3249,1.3266,1.3211,1.3255,15021,50,0
2012-02-23 00:00:00,1.3254000000000001,1.3378,1.3231,1.3373,15608,50,0
2012-02-24 00:00:00,1.3374,1.3486,1.3357,1.3465,13075,50,0
2012-02-26 00:00:00,1.3471,1.3476,1.3456000000000001,1.3466,1835,50,0
2012-02-27 00:00:00,1.3467,1.3468,1.3366,1.3407,15500,50,0
2012-02-28 00:00:00,1.3408,1.3479,1.3389,1.3477999999999999,16965,50,0
2012-02-29 00:00:00,1.3477999999999999,1.3485,1.3314,1.3324,20543,50,0
2012-03-01 00:00:00,1.3323,1.3356,1.3282,1.3326,15848,50,0
2012-03-02 00:00:00,1.3325,1.3332,1.3187,1.3204,13515,50,0
2012-03-04 00:00:00,1.3192,1.3205,1.3182,1.3185,712,50,0
2012-03-05 00:00:00,1.3186,1.3241,1.316,1.3223,14757,50,0
2012-03-06 00:00:00,1.3222,1.3226,1.3103,1.3119,14864,50,0
2012-03-07 00:00:00,1.312,1.3164,1.3096,1.3141,13714,50,0
2012-03-08 00:00:00,1.314,1.3291,1.3135,1.3271,16970,50,0
2012-03-09 00:00:00,1.327,1.3272,1.3096,1.3115,15010,50,0
2012-03-11 00:00:00,1.3122,1.3124,1.3114,1.3122,413,50,0
2012-03-12 00:00:00,1.3121,1.3172,1.3079,1.3169,12703,50,0
2012-03-13 00:00:00,1.3168,1.3191,1.3052000000000001,1.3079,16046,50,0
2012-03-14 00:00:00,1.308,1.309,1.3011,1.302,13385,50,0
2012-03-15 00:00:00,1.3019,1.3119,1.3004,1.3075999999999999,13207,50,0
2012-03-16 00:00:00,1.3075,1.3187,1.3049,1.3174000000000001,11591,50,0
2012-03-18 00:00:00,1.3175,1.3187,1.3174000000000001,1.3176,562,50,0
2012-03-19 00:00:00,1.3176999999999999,1.3265,1.3141,1.3229,11314,50,0
2012-03-20 00:00:00,1.3228,1.3252,1.3172,1.3237999999999999,11643,50,0
2012-03-21 00:00:00,1.3239,1.3285,1.3178,1.3216999999999999,11794,50,0
2012-03-22 00:00:00,1.3218,1.3254000000000001,1.3134000000000001,1.3204,13333,50,0
2012-03-23 00:00:00,1.3205,1.3293,1.319,1.3268,13267,50,0
2012-03-25 00:00:00,1.327,1.3281,1.3265,1.328,584,50,0
2012-03-26 00:00:00,1.3279,1.3367,1.3192,1.3355000000000001,13573,50,0
2012-03-27 00:00:00,1.3354,1.3385,1.3313,1.3321,10072,50,0
2012-03-28 00:00:00,1.3322,1.3373,1.3277,1.3315000000000001,12917,50,0
2012-03-29 00:00:00,1.3316,1.3345,1.3251,1.3303,13976,50,0
2012-03-30 00:00:00,1.3302,1.3376000000000001,1.3301,1.3336000000000001,13757,50,0
2012-04-01 00:00:00,1.3361,1.3376000000000001,1.3355000000000001,1.3372,697,50,0
2012-04-02 00:00:00,1.3373,1.338,1.3277999999999999,1.3325,13307,50,0
2012-04-03 00:00:00,1.3326,1.3367,1.3213,1.3223,15905,50,0
2012-04-04 00:00:00,1.3224,1.3233,1.3107,1.3143,16278,50,0
2012-04-05 00:00:00,1.3142,1.3164,1.3035,1.3062,12456,50,0
2012-04-06 00:00:00,1.3061,1.3112,1.3049,1.3098,10954,50,0
2012-04-08 00:00:00,1.3102,1.3104,1.3066,1.3069,645,50,0
2012-04-09 00:00:00,1.307,1.3133,1.3033000000000001,1.3112,10480,50,0
2012-04-10 00:00:00,1.3111,1.3144,1.3054000000000001,1.3079,15815,50,0
2012-04-11 00:00:00,1.3078,1.3157,1.3066,1.3118,14921,50,0
2012-04-12 00:00:00,1.3117,1.3212,1.3102,1.3183,16245,50,0
2012-04-13 00:00:00,1.3182,1.3201,1.3069,1.3075,12512,50,0
2012-04-15 00:00:00,1.307,1.3074,1.3056,1.3069,768,50,0
2012-04-16 00:00:00,1.307,1.3148,1.2993999999999999,1.3134000000000001,15879,50,0
2012-04-17 00:00:00,1.3135,1.3172,1.309,1.3126,13386,50,0
2012-04-18 00:00:00,1.3125,1.3141,1.3057,1.3122,14107,50,0
2012-04-19 00:00:00,1.3123,1.3165,1.3069,1.3143,17027,50,0
2012-04-20 00:00:00,1.3142,1.3224,1.3128,1.321,13397,50,0
2012-04-22 00:00:00,1.3195000000000001,1.3204,1.3186,1.32,632,50,0
2012-04-23 00:00:00,1.3202,1.321,1.3104,1.3154,15922,50,0
2012-04-24 00:00:00,1.3155000000000001,1.3218,1.3144,1.3197999999999999,14336,50,0
2012-04-25 00:00:00,1.3197,1.3235000000000001,1.3173,1.3222,13736,50,0
2012-04-26 00:00:00,1.3223,1.3263,1.3176,1.3181,13919,50,0
2012-04-27 00:00:00,1.3182,1.327,1.3157,1.3237,11412,50,0
2012-04-29 00:00:00,1.3239,1.3247,1.3235999999999999,1.3237999999999999,603,50,0
2012-04-30 00:00:00,1.3239,1.3266,1.3208,1.3242,10645,50,0
2012-05-01 00:00:00,1.3241,1.3283,1.3204,1.3235999999999999,7513,50,0
2012-05-02 00:00:00,1.3235000000000001,1.324,1.3121,1.3155000000000001,12774,50,0
2012-05-03 00:00:00,1.3154,1.318,1.3094999999999999,1.3149,11106,50,0
2012-05-04 00:00:00,1.3148,1.3178,1.308,1.3088,9648,50,0
2012-05-06 00:00:00,1.3017,1.3032,1.2953999999999999,1.2986,2657,50,0
2012-05-07 00:00:00,1.2985,1.3065,1.2961,1.3057,12825,50,0
2012-05-08 00:00:00,1.3056,1.3061,1.2982,1.2992,14162,50,0
2012-05-09 00:00:00,1.2993000000000001,1.3004,1.2911000000000001,1.2936,16572,50,0
2012-05-10 00:00:00,1.2937,1.2979,1.2924,1.2934999999999999,14709,50,0
2012-05-11 00:00:00,1.2936,1.2957,1.2905,1.2922,13504,50,0
2012-05-13 00:00:00,1.2896,1.2898,1.2882,1.2894,1297,50,0
2012-05-14 00:00:00,1.2893,1.2904,1.2814999999999999,1.2829,13487,50,0
2012-05-15 00:00:00,1.2828,1.2869,1.2721,1.2732999999999999,15517,50,0
2012-05-16 00:00:00,1.2734,1.2759,1.2681,1.2722,17944,50,0
2012-05-17 00:00:00,1.2721,1.2749,1.2666,1.2695,17104,50,0
2012-05-18 00:00:00,1.2694,1.2785,1.2642,1.2774,17320,50,0
2012-05-20 00:00:00,1.2767,1.2783,1.2753999999999999,1.2755,1052,50,0
2012-05-21 00:00:00,1.2753999999999999,1.2824,1.2725,1.2810000000000001,13916,50,0
2012-05-22 00:00:00,1.2809,1.2814,1.2658,1.2677,15562,50,0
2012-05-23 00:00:00,1.2678,1.2687,1.2545,1.2594,18778,50,0
2012-05-24 00:00:00,1.2595,1.262,1.2515,1.2538,19205,50,0
2012-05-25 00:00:00,1.2537,1.2602,1.2496,1.2511999999999999,15367,50,0
2012-05-27 00:00:00,1.2561,1.2579,1.2561,1.2576,919,50,0
2012-05-28 00:00:00,1.2575,1.2624,1.2525,1.2539,11039,50,0
2012-05-29 00:00:00,1.2538,1.2574,1.2461,1.2477,16771,50,0
2012-05-30 00:00:00,1.2476,1.2487,1.2361,1.2368000000000001,17442,50,0
2012-05-31 00:00:00,1.2367,1.2428,1.2336,1.2363,17697,50,0
2012-06-01 00:00:00,1.2364,1.2457,1.2288000000000001,1.2419,20323,50,0
2012-06-03 00:00:00,1.2426,1.2442,1.2412,1.2419,1261,50,0
2012-06-04 00:00:00,1.2421,1.2509000000000001,1.2386,1.2504,14274,50,0
2012-06-05 00:00:00,1.2505,1.2542,1.241,1.2451,16285,50,0
2012-06-06 00:00:00,1.245,1.2585,1.2441,1.2572999999999999,19345,50,0
2012-06-07 00:00:00,1.2572,1.2625,1.254,1.2567,18820,50,0
2012-06-08 00:00:00,1.2566,1.2574,1.2435,1.25,17341,50,0
2012-06-10 00:00:00,1.2635,1.2668,1.2631999999999999,1.2636,1926,50,0
2012-06-11 00:00:00,1.2637,1.2649,1.245,1.2467,19159,50,0
2012-06-12 00:00:00,1.2466,1.2529,1.2442,1.2513,19345,50,0
2012-06-13 00:00:00,1.2511999999999999,1.2610000000000001,1.2473,1.2570000000000001,17662,50,0
2012-06-14 00:00:00,1.2569,1.2637,1.2542,1.2624,17668,50,0
2012-06-15 00:00:00,1.2623,1.2659,1.2591999999999999,1.2658,13866,50,0
2012-06-17 00:00:00,1.27,1.2747,1.2698,1.2718,1980,50,0
2012-06-18 00:00:00,1.2719,1.2727,1.2557,1.2583,18844,50,0
2012-06-19 00:00:00,1.2584,1.2730000000000001,1.2568,1.2686,17311,50,0
2012-06-20 00:00:00,1.2685,1.2743,1.2637,1.2691,18330,50,0
2012-06-21 00:00:00,1.2690000000000001,1.2699,1.2530999999999999,1.2545,19595,50,0
2012-06-22 00:00:00,1.2546,1.2583,1.2519,1.2562,14602,50,0
2012-06-24 00:00:00,1.2551999999999999,1.2558,1.2536,1.2541,491,50,0
2012-06-25 00:00:00,1.2542,1.2544,1.2471,1.2502,12443,50,0
2012-06-26 00:00:00,1.2503,1.2530000000000001,1.2441,1.249,14737,50,0
2012-06-27 00:00:00,1.2490999999999999,1.2508,1.2445,1.2473,11696,50,0
2012-06-28 00:00:00,1.2474,1.2524,1.2407,1.2447,16044,50,0
2012-06-29 00:00:00,1.2446,1.2692,1.2432,1.2655,20698,50,0
2012-07-01 00:00:00,1.2675,1.2676,1.2654,1.2658,640,50,0
2012-07-02 00:00:00,1.2657,1.2667,1.2568,1.2584,13803,50,0
2012-07-03 00:00:00,1.2583,1.2627,1.2559,1.2604,10924,50,0
2012-07-04 00:00:00,1.2603,1.2607,1.2508,1.2519,10550,50,0
2012-07-05 00:00:00,1.252,1.2538,1.2363,1.2383,16127,50,0
2012-07-06 00:00:00,1.2384,1.2401,1.226,1.2282,13028,50,0
2012-07-08 00:00:00,1.2266,1.2279,1.2255,1.2279,806,50,0
2012-07-09 00:00:00,1.2278,1.2324,1.2266,1.2315,11314,50,0
2012-07-10 00:00:00,1.2316,1.2333,1.2235,1.2251,11052,50,0
2012-07-11 00:00:00,1.2252,1.2296,1.2212,1.2244,12247,50,0
2012-07-12 00:00:00,1.2243,1.2246,1.2166,1.2208,12140,50,0
2012-07-13 00:00:00,1.2209,1.2256,1.2162,1.224,11137,50,0
2012-07-15 00:00:00,1.2259,1.2264,1.2247,1.2256,512,50,0
2012-07-16 00:00:00,1.2257,1.2288999999999999,1.2175,1.2267000000000001,10251,50,0
2012-07-17 00:00:00,1.2266,1.2317,1.2189,1.2286,13134,50,0
2012-07-18 00:00:00,1.2287,1.2306,1.2217,1.2281,10615,50,0
2012-07-19 00:00:00,1.228,1.2324,1.2229,1.2275,14036,50,0
2012-07-20 00:00:00,1.2274,1.2283,1.2144,1.2157,11693,50,0
2012-07-22 00:00:00,1.2125,1.2131,1.2114,1.2121,954,50,0
2012-07-23 00:00:00,1.2122,1.2144,1.2067,1.212,14924,50,0
2012-07-24 00:00:00,1.2121,1.2138,1.2042,1.2064,13930,50,0
2012-07-25 00:00:00,1.2065,1.217,1.2053,1.2147999999999999,15234,50,0
2012-07-26 00:00:00,1.2147000000000001,1.2328999999999999,1.2117,1.228,15742,50,0
2012-07-27 00:00:00,1.2279,1.2389000000000001,1.2241,1.23,17141,50,0
2012-07-29 00:00:00,1.2303,1.2309,1.2296,1.2308,562,50,0
2012-07-30 00:00:00,1.2307,1.231,1.2225,1.2259,12457,50,0
2012-07-31 00:00:00,1.226,1.233,1.2248999999999999,1.2297,12869,50,0
2012-08-01 00:00:00,1.2296,1.2336,1.2218,1.2236,12708,50,0
2012-08-02 00:00:00,1.2235,1.2405,1.2133,1.2176,21058,50,0
2012-08-03 00:00:00,1.2177,1.2392,1.2166,1.238,14697,50,0
2012-08-05 00:00:00,1.2392,1.2399,1.2382,1.2389000000000001,865,50,0
2012-08-06 00:00:00,1.2388,1.2443,1.2341,1.2395,12265,50,0
2012-08-07 00:00:00,1.2394,1.2441,1.2376,1.2393,11820,50,0
2012-08-08 00:00:00,1.2392,1.2402,1.2326,1.2371,10844,50,0
2012-08-09 00:00:00,1.237,1.2387,1.2267000000000001,1.2302,11905,50,0
2012-08-10 00:00:00,1.2301,1.2316,1.2241,1.2293,9312,50,0
2012-08-12 00:00:00,1.2288999999999999,1.2291,1.2285,1.2287,390,50,0
2012-08-13 00:00:00,1.2286,1.2373,1.226,1.2334,9379,50,0
2012-08-14 00:00:00,1.2335,1.2385,1.2316,1.2321,10064,50,0
2012-08-15 00:00:00,1.232,1.2343,1.2264,1.2283,9452,50,0
2012-08-16 00:00:00,1.2284,1.2372,1.2256,1.2356,9725,50,0
2012-08-17 00:00:00,1.2355,1.2382,1.2288000000000001,1.2334,10004,50,0
2012-08-19 00:00:00,1.2338,1.2343,1.2334,1.2338,448,50,0
2012-08-20 00:00:00,1.2339,1.2368000000000001,1.2295,1.2349999999999999,9576,50,0
2012-08-21 00:00:00,1.2351,1.2487,1.2346,1.2469999999999999,11864,50,0
2012-08-22 00:00:00,1.2469000000000001,1.2538,1.2431,1.2534,12775,50,0
2012-08-23 00:00:00,1.2533,1.2589000000000001,1.2524,1.2558,12437,50,0
2012-08-24 00:00:00,1.2557,1.2566,1.2481,1.2511999999999999,10955,50,0
2012-08-26 00:00:00,1.2509000000000001,1.2519,1.2507,1.2519,403,50,0
2012-08-27 00:00:00,1.252,1.2535,1.249,1.2503,7894,50,0
2012-08-28 00:00:00,1.2502,1.2576,1.2465,1.2564,11123,50,0
2012-08-29 00:00:00,1.2565,1.2572999999999999,1.2518,1.2533,9935,50,0
2012-08-30 00:00:00,1.2532,1.2563,1.2487,1.2509000000000001,9432,50,0
2012-08-31 00:00:00,1.251,1.2637,1.2493,1.2577,13932,50,0
2012-09-02 00:00:00,1.2578,1.2586,1.2575,1.2576,529,50,0
2012-09-03 00:00:00,1.2575,1.2610999999999999,1.256,1.2588,8104,50,0
2012-09-04 00:00:00,1.2587,1.2628,1.2555,1.2564,10335,50,0
2012-09-05 00:00:00,1.2563,1.2624,1.2501,1.2596,12172,50,0
2012-09-06 00:00:00,1.2595,1.2651,1.2561,1.2629000000000001,13017,50,0
2012-09-07 00:00:00,1.2628,1.2808,1.2626,1.2805,10665,50,0
2012-09-09 00:00:00,1.2808,1.2810000000000001,1.2797,1.2797,300,50,0
2012-09-10 00:00:00,1.2798,1.2804,1.2755,1.2761,8101,50,0
2012-09-11 00:00:00,1.2762,1.2871000000000001,1.2759,1.2856,9079,50,0
2012-09-12 00:00:00,1.2854999999999999,1.2937,1.2814999999999999,1.2902,10706,50,0
2012-09-13 00:00:00,1.2901,1.3002,1.2857,1.2995,10688,50,0
2012-09-14 00:00:00,1.2993999999999999,1.3169,1.2984,1.3119,10857,50,0
2012-09-16 00:00:00,1.3125,1.3129,1.311,1.3115999999999999,674,50,0
2012-09-17 00:00:00,1.3115,1.3172,1.3083,1.3114,9198,50,0
2012-09-18 00:00:00,1.3115,1.3115,1.3029,1.3042,10519,50,0
2012-09-19 00:00:00,1.3043,1.3085,1.2993000000000001,1.3049,12449,50,0
2012-09-20 00:00:00,1.3048,1.3059,1.2919,1.2971,11027,50,0
2012-09-21 00:00:00,1.2972000000000001,1.3047,1.2955999999999999,1.2985,10451,50,0
2012-09-23 00:00:00,1.2982,1.299,1.2966,1.2974,339,50,0
2012-09-24 00:00:00,1.2974999999999999,1.298,1.2891,1.2931,8573,50,0
2012-09-25 00:00:00,1.2932000000000001,1.2971,1.2886,1.2899,9371,50,0
2012-09-26 00:00:00,1.29,1.2913000000000001,1.2835,1.2873999999999999,10212,50,0
2012-09-27 00:00:00,1.2875,1.2928,1.2829,1.2911000000000001,10420,50,0
2012-09-28 00:00:00,1.291,1.2959,1.2838,1.2852000000000001,10548,50,0
2012-09-30 00:00:00,1.2846,1.285,1.2832,1.2835,231,50,0
2012-10-01 00:00:00,1.2833999999999999,1.2938,1.2803,1.289,10191,50,0
2012-10-02 00:00:00,1.2889,1.2968,1.288,1.2918,8665,50,0
2012-10-03 00:00:00,1.2917,1.2937,1.2877,1.292,9412,50,0
2012-10-04 00:00:00,1.2919,1.3031,1.291,1.302,9583,50,0
2012-10-05 00:00:00,1.302,1.3071,1.2993999999999999,1.3028,8012,50,0
2012-10-07 00:00:00,1.3024,1.3025,1.3012000000000001,1.3019,281,50,0
2012-10-08 00:00:00,1.302,1.302,1.2938,1.2967,6675,50,0
2012-10-09 00:00:00,1.2968,1.299,1.2859,1.2873999999999999,9103,50,0
2012-10-10 00:00:00,1.2875,1.2913000000000001,1.2835,1.2854,8653,50,0
2012-10-11 00:00:00,1.2852999999999999,1.2951,1.2826,1.2929,7771,50,0
2012-10-12 00:00:00,1.2928,1.2992,1.2922,1.2955999999999999,7938,50,0
2012-10-14 00:00:00,1.2953000000000001,1.2959,1.2944,1.2949,298,50,0
2012-10-15 00:00:00,1.295,1.2979,1.2891,1.2952,8436,50,0
2012-10-16 00:00:00,1.2953000000000001,1.3099,1.2952,1.3096999999999999,10225,50,0
2012-10-17 00:00:00,1.3096,1.3139,1.3085,1.3113000000000001,10784,50,0
2012-10-18 00:00:00,1.3112,1.3129,1.3056,1.3074,12101,50,0
2012-10-19 00:00:00,1.3073000000000001,1.3077,1.3013,1.302,8463,50,0
2012-10-21 00:00:00,1.3021,1.3029,1.3014999999999999,1.3027,337,50,0
2012-10-22 00:00:00,1.3028,1.3084,1.3016,1.3066,8645,50,0
2012-10-23 00:00:00,1.3065,1.3075,1.2952,1.2982,10438,50,0
2012-10-24 00:00:00,1.2983,1.2997,1.292,1.2965,11702,50,0
2012-10-25 00:00:00,1.2964,1.3023,1.2927,1.2938,9551,50,0
2012-10-26 00:00:00,1.2937,1.2955999999999999,1.2882,1.2934999999999999,9376,50,0
2012-10-28 00:00:00,1.293,1.2931,1.2918,1.2922,303,50,0
2012-10-29 00:00:00,1.2921,1.2936,1.2885,1.2906,5362,50,0
2012-10-30 00:00:00,1.2906,1.2983,1.2886,1.2961,5770,50,0
2012-10-31 00:00:00,1.2962,1.302,1.2946,1.2964,7272,50,0
2012-11-01 00:00:00,1.2965,1.2982,1.2924,1.2946,5748,50,0
2012-11-02 00:00:00,1.2945,1.2946,1.2821,1.2836,7870,50,0
2012-11-04 00:00:00,1.2824,1.2833999999999999,1.2819,1.2822,293,50,0
2012-11-05 00:00:00,1.2823,1.2842,1.2767,1.2799,6720,50,0
2012-11-06 00:00:00,1.28,1.2826,1.2763,1.2805,7352,50,0
2012-11-07 00:00:00,1.2804,1.2876,1.2736,1.2756,11302,50,0
2012-11-08 00:00:00,1.2755,1.2776,1.2717,1.2741,8474,50,0
2012-11-09 00:00:00,1.2742,1.279,1.2690000000000001,1.271,8828,50,0
2012-11-11 00:00:00,1.2713,1.2736,1.271,1.272,559,50,0
2012-11-12 00:00:00,1.2721,1.2739,1.2697,1.2705,5300,50,0
2012-11-13 00:00:00,1.2706,1.2728,1.2661,1.2709,8887,50,0
2012-11-14 00:00:00,1.2708,1.2777,1.2703,1.2729,8399,50,0
2012-11-15 00:00:00,1.2728,1.2801,1.2717,1.2781,7245,50,0
2012-11-16 00:00:00,1.278,1.2784,1.2690000000000001,1.2736,6999,50,0
2012-11-18 00:00:00,1.2743,1.276,1.274,1.2758,405,50,0
2012-11-19 00:00:00,1.2759,1.2819,1.2746,1.2766,7712,50,0
2012-11-20 00:00:00,1.2767,1.2829,1.2765,1.2812000000000001,7478,50,0
2012-11-21 00:00:00,1.2811,1.2868,1.2736,1.2864,8349,50,0
2012-11-22 00:00:00,1.2862,1.2898,1.2833999999999999,1.2873999999999999,6918,50,0
2012-11-23 00:00:00,1.2873,1.299,1.2868,1.2976,6105,50,0
2012-11-25 00:00:00,1.2972000000000001,1.2977,1.2963,1.2972000000000001,511,50,0
2012-11-26 00:00:00,1.2971,1.3007,1.2944,1.2988,7120,50,0
2012-11-27 00:00:00,1.2989,1.3008,1.2915,1.2937,7634,50,0
2012-11-28 00:00:00,1.2938,1.2961,1.288,1.295,8035,50,0
2012-11-29 00:00:00,1.2951,1.3013,1.2939,1.2971,6488,50,0
2012-11-30 00:00:00,1.297,1.3027,1.2968,1.3004,7311,50,0
2012-12-02 00:00:00,1.2992,1.2998,1.2988,1.2995,384,50,0
2012-12-03 00:00:00,1.2995999999999999,1.3075,1.2993000000000001,1.3063,6927,50,0
2012-12-04 00:00:00,1.3062,1.3108,1.3046,1.3099,7167,50,0
2012-12-05 00:00:00,1.3098,1.3126,1.306,1.3072,7702,50,0
2012-12-06 00:00:00,1.3073000000000001,1.3086,1.295,1.2961,7772,50,0
2012-12-07 00:00:00,1.2962,1.2972000000000001,1.2877,1.293,6780,50,0
2012-12-09 00:00:00,1.289,1.2907,1.2887,1.2906,396,50,0
2012-12-10 00:00:00,1.2907,1.2946,1.2886,1.2937,6031,50,0
2012-12-11 00:00:00,1.2936,1.3014000000000001,1.2929,1.3011,6853,50,0
2012-12-12 00:00:00,1.301,1.3096999999999999,1.2995,1.3065,6650,50,0
2012-12-13 00:00:00,1.3066,1.31,1.3041,1.3075999999999999,6271,50,0
2012-12-14 00:00:00,1.3077,1.3172,1.3066,1.3155999999999999,6696,50,0
2012-12-16 00:00:00,1.3174000000000001,1.3186,1.3163,1.3165,931,50,0
2012-12-17 00:00:00,1.3166,1.3178,1.3144,1.3161,5695,50,0
2012-12-18 00:00:00,1.316,1.3237999999999999,1.3155999999999999,1.3228,5853,50,0
2012-12-19 00:00:00,1.3227,1.3308,1.3189,1.3213,8198,50,0
2012-12-20 00:00:00,1.3214000000000001,1.3295,1.3203,1.3237,7322,50,0
2012-12-21 00:00:00,1.3237999999999999,1.3237999999999999,1.3158,1.3183,8068,50,0
2012-12-23 00:00:00,1.3178,1.3185,1.3176,1.318,201,50,0
2012-12-24 00:00:00,1.3179,1.3233,1.3171,1.3185,4532,50,0
2012-12-26 00:00:00,1.3179,1.3254000000000001,1.3176999999999999,1.3228,3799,50,0
2012-12-27 00:00:00,1.3229,1.3283,1.3201,1.3248,6482,50,0
2012-12-28 00:00:00,1.3247,1.3256000000000001,1.3166,1.3215,6163,50,0
2012-12-30 00:00:00,1.3219,1.3232,1.3213,1.3226,212,50,0
2012-12-31 00:00:00,1.3227,1.3234,1.3172,1.3192,6745,50,0
2013-01-02 00:00:00,1.3197,1.3299,1.3155999999999999,1.3183,11297,50,0
2013-01-03 00:00:00,1.3184,1.3189,1.3022,1.3023,8211,50,0
2013-01-04 00:00:00,1.3024,1.3089,1.2997,1.308,8113,50,0
2013-01-06 00:00:00,1.3071,1.3079,1.3065,1.3067,342,50,0
2013-01-07 00:00:00,1.3068,1.3128,1.3016,1.3123,8414,50,0
2013-01-08 00:00:00,1.3122,1.3139,1.3056,1.3082,8335,50,0
2013-01-09 00:00:00,1.3081,1.3094999999999999,1.3037,1.3053,8519,50,0
2013-01-10 00:00:00,1.3054000000000001,1.3279,1.3038,1.3272,9932,50,0
2013-01-11 00:00:00,1.3271,1.3365,1.3248,1.3336000000000001,9374,50,0
2013-01-13 00:00:00,1.3355000000000001,1.3369,1.3352,1.3357999999999999,1210,50,0
2013-01-14 00:00:00,1.3359,1.3403,1.3336000000000001,1.3377,9037,50,0
2013-01-15 00:00:00,1.3376000000000001,1.3393,1.3264,1.3309,12006,50,0
2013-01-16 00:00:00,1.3308,1.3324,1.3256000000000001,1.3284,10677,50,0
2013-01-17 00:00:00,1.3285,1.3387,1.327,1.3373,9239,50,0
2013-01-18 00:00:00,1.3374,1.3397999999999999,1.328,1.3321,10270,50,0
2013-01-20 00:00:00,1.3323,1.3323,1.3308,1.3317999999999999,420,50,0
2013-01-21 00:00:00,1.3317,1.3332,1.33,1.3309,6182,50,0
2013-01-22 00:00:00,1.3308,1.3371,1.3267,1.3313,10254,50,0
2013-01-23 00:00:00,1.3312,1.3354,1.3264,1.3306,7030,50,0
2013-01-24 00:00:00,1.3305,1.3392,1.3286,1.3367,10277,50,0
2013-01-25 00:00:00,1.3368,1.3477999999999999,1.3349,1.3458999999999999,10579,50,0
2013-01-27 00:00:00,1.3455,1.3471,1.3454,1.3464,569,50,0
2013-01-28 00:00:00,1.3463,1.3477000000000001,1.3424,1.3447,8112,50,0
2013-01-29 00:00:00,1.3446,1.3497,1.3414,1.3487,9389,50,0
2013-01-30 00:00:00,1.3488,1.3587,1.3482,1.3568,9184,50,0
2013-01-31 00:00:00,1.3567,1.3617,1.3541,1.3612,8942,50,0
2013-02-01 00:00:00,1.3611,1.371,1.3586,1.3655,10776,50,0
2013-02-03 00:00:00,1.3656,1.3659,1.3645,1.3645,263,50,0
2013-02-04 00:00:00,1.3644,1.3648,1.3498999999999999,1.351,9077,50,0
2013-02-05 00:00:00,1.3511,1.3597000000000001,1.3458,1.3582,10632,50,0
2013-02-06 00:00:00,1.358,1.3596,1.3493,1.3521,10131,50,0
2013-02-07 00:00:00,1.3522,1.3577,1.337,1.3382,11909,50,0
2013-02-08 00:00:00,1.3384,1.3429,1.3353,1.3366,8513,50,0
2013-02-10 00:00:00,1.3367,1.3374,1.3363,1.3366,632,50,0
2013-02-11 00:00:00,1.3365,1.3427,1.3357,1.3402,7846,50,0
2013-02-12 00:00:00,1.3401,1.3475,1.3364,1.3452,8049,50,0
2013-02-13 00:00:00,1.3451,1.3519999999999999,1.3426,1.3444,7425,50,0
2013-02-14 00:00:00,1.3445,1.3455,1.3315000000000001,1.3349,8728,50,0
2013-02-15 00:00:00,1.335,1.3393,1.3306,1.3362,8914,50,0
2013-02-17 00:00:00,1.3349,1.3357999999999999,1.3336999999999999,1.3338999999999999,563,50,0
2013-02-18 00:00:00,1.334,1.3378999999999999,1.3321,1.3348,6046,50,0
2013-02-19 00:00:00,1.3347,1.3396,1.3329,1.3395000000000001,7343,50,0
2013-02-20 00:00:00,1.3393,1.3434,1.3271,1.3272,8946,50,0
2013-02-21 00:00:00,1.3273,1.3289,1.3161,1.3192,9681,50,0
2013-02-22 00:00:00,1.3191,1.3245,1.3145,1.3187,7556,50,0
2013-02-24 00:00:00,1.3202,1.3205,1.3186,1.3191,617,50,0
2013-02-25 00:00:00,1.3192,1.3317999999999999,1.3048,1.3066,13676,50,0
2013-02-26 00:00:00,1.3067,1.3122,1.3018,1.3067,14109,50,0
2013-02-27 00:00:00,1.3068,1.3161,1.3041,1.3155000000000001,12226,50,0
2013-02-28 00:00:00,1.3153000000000001,1.3158,1.3053,1.306,9628,50,0
2013-03-01 00:00:00,1.3061,1.3101,1.2966,1.3021,9361,50,0
2013-03-03 00:00:00,1.3006,1.3031,1.3005,1.3014999999999999,368,50,0
2013-03-04 00:00:00,1.3014000000000001,1.304,1.2982,1.3035,6973,50,0
2013-03-05 00:00:00,1.3033000000000001,1.3075,1.301,1.3047,6864,50,0
2013-03-06 00:00:00,1.3048,1.307,1.2965,1.2978,7189,50,0
2013-03-07 00:00:00,1.2979,1.3118,1.2974999999999999,1.3107,10084,50,0
2013-03-08 00:00:00,1.3108,1.3134000000000001,1.2955,1.2998,9092,50,0
2013-03-10 00:00:00,1.3001,1.3001,1.2979,1.2987,339,50,0
2013-03-11 00:00:00,1.2986,1.3053,1.2983,1.3032,6521,50,0
2013-03-12 00:00:00,1.3031,1.3074,1.2991,1.303,8091,50,0
2013-03-13 00:00:00,1.3029,1.3064,1.2923,1.2959,8043,50,0
2013-03-14 00:00:00,1.296,1.3032,1.2911000000000001,1.3012000000000001,8343,50,0
2013-03-15 00:00:00,1.3013,1.3107,1.3002,1.3075,7126,50,0
2013-03-17 00:00:00,1.2902,1.2922,1.2888,1.2891,856,50,0
2013-03-18 00:00:00,1.289,1.2995,1.2882,1.2943,10254,50,0
2013-03-19 00:00:00,1.2942,1.2969,1.2844,1.2864,12105,50,0
2013-03-20 00:00:00,1.2865,1.2978,1.2863,1.2939,12651,50,0
2013-03-21 00:00:00,1.2938,1.2955,1.2879,1.2903,13067,50,0
2013-03-22 00:00:00,1.2904,1.301,1.2888,1.2989,11015,50,0
2013-03-24 00:00:00,1.2973,1.3047,1.2972000000000001,1.3018,800,50,0
2013-03-25 00:00:00,1.3017,1.3048,1.283,1.2857,11112,50,0
2013-03-26 00:00:00,1.2858,1.2889,1.2828,1.286,8354,50,0
2013-03-27 00:00:00,1.2861,1.2867,1.2751000000000001,1.2774,8773,50,0
2013-03-28 00:00:00,1.2775,1.2844,1.2755,1.2812999999999999,8323,50,0
2013-03-29 00:00:00,1.2814,1.2836,1.2793,1.2817,3597,50,0
2013-03-31 00:00:00,1.2808,1.2812999999999999,1.28,1.2809,169,50,0
2013-04-01 00:00:00,1.2808,1.2867,1.2771,1.2847,3892,50,0
2013-04-02 00:00:00,1.2846,1.2877,1.2809,1.2825,6998,50,0
2013-04-03 00:00:00,1.2824,1.2864,1.279,1.2845,6845,50,0
2013-04-04 00:00:00,1.2844,1.2948,1.2746,1.2927,10317,50,0
2013-04-05 00:00:00,1.2928,1.3039,1.29,1.3009,9142,50,0
2013-04-07 00:00:00,1.2992,1.3006,1.2989,1.3004,764,50,0
2013-04-08 00:00:00,1.3003,1.3037,1.2968,1.3018,6912,50,0
2013-04-09 00:00:00,1.3019,1.3103,1.3005,1.3083,8592,50,0
2013-04-10 00:00:00,1.3084,1.3121,1.3052000000000001,1.3066,7058,50,0
2013-04-11 00:00:00,1.3065,1.3138,1.3043,1.311,7656,50,0
2013-04-12 00:00:00,1.3111,1.3126,1.3035999999999999,1.3102,7785,50,0
2013-04-14 00:00:00,1.3114,1.3114,1.3099,1.3106,209,50,0
2013-04-15 00:00:00,1.3105,1.3107,1.3021,1.305,10725,50,0
2013-04-16 00:00:00,1.3049,1.3201,1.3028,1.3178,10262,50,0
2013-04-17 00:00:00,1.3176999999999999,1.3199,1.3001,1.3032,10408,50,0
2013-04-18 00:00:00,1.3031,1.3096,1.3021,1.3057,9163,50,0
2013-04-19 00:00:00,1.3058,1.3128,1.3048,1.3059,7861,50,0
2013-04-21 00:00:00,1.3071,1.3071,1.3059,1.3063,217,50,0
2013-04-22 00:00:00,1.3062,1.3083,1.3014999999999999,1.3066,7072,50,0
2013-04-23 00:00:00,1.3065,1.3083,1.2973,1.3001,9245,50,0
2013-04-24 00:00:00,1.3002,1.3034,1.2953999999999999,1.3014999999999999,8297,50,0
2013-04-25 00:00:00,1.3016,1.3093,1.2989,1.3007,8612,50,0
2013-04-26 00:00:00,1.3005,1.3047,1.299,1.3033000000000001,8159,50,0
2013-04-28 00:00:00,1.3046,1.3067,1.3043,1.3044,418,50,0
2013-04-29 00:00:00,1.3043,1.3115999999999999,1.3031,1.3096,6286,50,0
2013-04-30 00:00:00,1.3094999999999999,1.3185,1.3054000000000001,1.3168,7336,50,0
2013-05-01 00:00:00,1.3169,1.3242,1.316,1.3179,6721,50,0
2013-05-02 00:00:00,1.3178,1.3218,1.3037,1.3063,9849,50,0
2013-05-03 00:00:00,1.3064,1.3159,1.3033000000000001,1.3117,8127,50,0
2013-05-05 00:00:00,1.3121,1.3123,1.311,1.3113000000000001,290,50,0
2013-05-06 00:00:00,1.3112,1.314,1.3053,1.3074,5289,50,0
2013-05-07 00:00:00,1.3073000000000001,1.3131,1.3068,1.3075999999999999,6115,50,0
2013-05-08 00:00:00,1.3075,1.3194,1.3071,1.316,7286,50,0
2013-05-09 00:00:00,1.3161,1.3176999999999999,1.301,1.3039,7955,50,0
2013-05-10 00:00:00,1.3035999999999999,1.305,1.2934999999999999,1.2984,10832,50,0
2013-05-12 00:00:00,1.2976,1.2978,1.2963,1.2967,162,50,0
2013-05-13 00:00:00,1.2968,1.2999,1.2941,1.2979,8264,50,0
2013-05-14 00:00:00,1.298,1.3028,1.2912,1.2934,9934,50,0
2013-05-15 00:00:00,1.2933,1.2942,1.2843,1.2873,9286,50,0
2013-05-16 00:00:00,1.2873999999999999,1.2929,1.2846,1.2889,9054,50,0
2013-05-17 00:00:00,1.2888,1.2889,1.2796,1.2827,7769,50,0
2013-05-19 00:00:00,1.2838,1.2848,1.2828,1.2829,358,50,0
2013-05-20 00:00:00,1.2828,1.2903,1.2819,1.2897,6430,50,0
2013-05-21 00:00:00,1.2894999999999999,1.2933,1.2841,1.2916,7875,50,0
2013-05-22 00:00:00,1.2915,1.2998,1.2833,1.2848,12171,50,0
2013-05-23 00:00:00,1.2847,1.2955999999999999,1.2821,1.2932000000000001,13589,50,0
2013-05-24 00:00:00,1.2931,1.2993000000000001,1.2904,1.2934999999999999,9804,50,0
2013-05-26 00:00:00,1.2938,1.2944,1.2936,1.2938,191,50,0
2013-05-27 00:00:00,1.2939,1.2948,1.2915,1.293,4077,50,0
2013-05-28 00:00:00,1.2931,1.2949,1.2849,1.2854,8432,50,0
2013-05-29 00:00:00,1.2854999999999999,1.2977,1.2838,1.2938,10195,50,0
2013-05-30 00:00:00,1.2937,1.3061,1.2933,1.3043,10297,50,0
2013-05-31 00:00:00,1.3044,1.3048,1.2944,1.2995999999999999,9117,50,0
2013-06-02 00:00:00,1.2986,1.2997,1.2983,1.2991,488,50,0
2013-06-03 00:00:00,1.2991,1.3107,1.2955,1.3071,22177,50,0
2013-06-04 00:00:00,1.307,1.3101,1.3042,1.3078,14919,50,0
2013-06-05 00:00:00,1.3077,1.3115,1.3052000000000001,1.3091,22399,50,0
2013-06-06 00:00:00,1.3092,1.3299,1.3075,1.324,33209,50,0
2013-06-07 00:00:00,1.324,1.3285,1.3191,1.3218,26424,50,0
2013-06-09 00:00:00,1.3197999999999999,1.3218,1.3186,1.3205,639,50,0
2013-06-10 00:00:00,1.3204,1.3268,1.3176999999999999,1.3256000000000001,22132,50,0
2013-06-11 00:00:00,1.3256999999999999,1.3317,1.3232,1.3314,17892,50,0
2013-06-12 00:00:00,1.3314,1.3359,1.3265,1.3338,24972,50,0
2013-06-13 00:00:00,1.3338,1.3389,1.3277999999999999,1.3366,21972,50,0
2013-06-14 00:00:00,1.3365,1.3373,1.3294000000000001,1.3346,11275,50,0
2013-06-16 00:00:00,1.3347,1.3349,1.3343,1.3348,261,50,0
2013-06-17 00:00:00,1.3349,1.3381,1.3317999999999999,1.3361,9264,50,0
2013-06-18 00:00:00,1.3362,1.3415,1.3325,1.3386,18126,50,0
2013-06-19 00:00:00,1.3387,1.3413,1.3263,1.3287,15686,50,0
2013-06-20 00:00:00,1.3286,1.33,1.3161,1.3233,19928,50,0
2013-06-21 00:00:00,1.3234,1.3254000000000001,1.3098,1.3123,13757,50,0
2013-06-23 00:00:00,1.3099,1.3113000000000001,1.3096999999999999,1.3103,615,50,0
2013-06-24 00:00:00,1.3104,1.3144,1.3059,1.3131,14668,50,0
2013-06-25 00:00:00,1.313,1.315,1.3065,1.3079,13553,50,0
2013-06-26 00:00:00,1.308,1.3087,1.2984,1.3013,13297,50,0
2013-06-27 00:00:00,1.3012000000000001,1.3056,1.3,1.3033000000000001,10628,50,0
2013-06-28 00:00:00,1.3034,1.3103,1.2991,1.3016,11102,50,0
2013-06-30 00:00:00,1.3014000000000001,1.3014999999999999,1.3005,1.3013,334,50,0
2013-07-01 00:00:00,1.3012000000000001,1.3071,1.3005,1.3067,9258,50,0
2013-07-02 00:00:00,1.3068,1.3078,1.2963,1.2977,10749,50,0
2013-07-03 00:00:00,1.2976,1.3032,1.2923,1.3009,12214,50,0
2013-07-04 00:00:00,1.3008,1.3023,1.2882,1.2904,11113,50,0
2013-07-05 00:00:00,1.2905,1.2907,1.2806,1.2829,12142,50,0
2013-07-07 00:00:00,1.2817,1.2832,1.2811,1.2828,704,50,0
2013-07-08 00:00:00,1.2827,1.2881,1.2811,1.2868,8405,50,0
2013-07-09 00:00:00,1.2867,1.2898,1.2755,1.2782,11944,50,0
2013-07-10 00:00:00,1.2781,1.3206,1.2764,1.3176,20380,50,0
2013-07-11 00:00:00,1.3175,1.3176,1.3006,1.3096,20818,50,0
2013-07-12 00:00:00,1.3096999999999999,1.31,1.2999,1.3068,11385,50,0
2013-07-14 00:00:00,1.3073000000000001,1.3075,1.3056,1.306,427,50,0
2013-07-15 00:00:00,1.3061,1.3079,1.2993000000000001,1.306,10240,50,0
2013-07-16 00:00:00,1.3061,1.3174000000000001,1.3049,1.3151,12318,50,0
2013-07-17 00:00:00,1.315,1.3178,1.3083,1.3115,13478,50,0
2013-07-18 00:00:00,1.3114,1.3125,1.3066,1.311,9650,50,0
2013-07-19 00:00:00,1.3109,1.3154,1.3089,1.3143,7972,50,0
2013-07-21 00:00:00,1.3139,1.3147,1.3136,1.3146,232,50,0
2013-07-22 00:00:00,1.3147,1.3218,1.3144,1.3183,5696,50,0
2013-07-23 00:00:00,1.3184,1.3237999999999999,1.3163,1.3221,6157,50,0
2013-07-24 00:00:00,1.322,1.3256000000000001,1.3176999999999999,1.3195000000000001,7787,50,0
2013-07-25 00:00:00,1.3194,1.3295,1.3165,1.3281,8101,50,0
2013-07-26 00:00:00,1.328,1.3296000000000001,1.3252,1.3281,6150,50,0
2013-07-28 00:00:00,1.3277999999999999,1.3287,1.3275000000000001,1.3287,230,50,0
2013-07-29 00:00:00,1.3286,1.3295,1.3239,1.3259,6305,50,0
2013-07-30 00:00:00,1.326,1.3301,1.3234,1.326,6496,50,0
2013-07-31 00:00:00,1.3259,1.3344,1.3209,1.3294000000000001,10713,50,0
2013-08-01 00:00:00,1.3293,1.331,1.3194,1.3212,9564,50,0
2013-08-02 00:00:00,1.3211,1.3293,1.3188,1.3284,7492,50,0
2013-08-04 00:00:00,1.3279,1.3286,1.3276,1.3277999999999999,296,50,0
2013-08-05 00:00:00,1.3277,1.33,1.3233,1.3256999999999999,6079,50,0
2013-08-06 00:00:00,1.3258,1.3323,1.3246,1.3305,6523,50,0
2013-08-07 00:00:00,1.3306,1.3344,1.3265,1.3335,7464,50,0
2013-08-08 00:00:00,1.3336000000000001,1.34,1.3327,1.338,6516,50,0
2013-08-09 00:00:00,1.3381,1.339,1.3332,1.3344,4473,50,0
2013-08-11 00:00:00,1.3335,1.3336999999999999,1.3331,1.3333,179,50,0
2013-08-12 00:00:00,1.3334,1.3343,1.3277,1.3291,4754,50,0
2013-08-13 00:00:00,1.3292,1.3317,1.3233,1.3261,6922,50,0
2013-08-14 00:00:00,1.3262,1.328,1.3239,1.3259,6016,50,0
2013-08-15 00:00:00,1.3258,1.3363,1.3205,1.3344,9281,50,0
2013-08-16 00:00:00,1.3345,1.338,1.3311,1.3333,6267,50,0
2013-08-18 00:00:00,1.3335,1.3343,1.3322,1.3322,255,50,0
2013-08-19 00:00:00,1.3323,1.3374,1.3315000000000001,1.3335,6958,50,0
2013-08-20 00:00:00,1.3336000000000001,1.3452,1.3323,1.3418,8756,50,0
2013-08-21 00:00:00,1.3418999999999999,1.3426,1.3335,1.3345,9755,50,0
2013-08-22 00:00:00,1.3346,1.3373,1.3298,1.336,8638,50,0
2013-08-23 00:00:00,1.336,1.3409,1.3333,1.3385,8328,50,0
2013-08-25 00:00:00,1.3386,1.3392,1.3377,1.3378,507,50,0
2013-08-26 00:00:00,1.3377,1.3394,1.3356,1.3373,4677,50,0
2013-08-27 00:00:00,1.3374,1.3397999999999999,1.3322,1.3391,8631,50,0
2013-08-28 00:00:00,1.3392,1.3397000000000001,1.3305,1.3341,8525,50,0
2013-08-29 00:00:00,1.3342,1.3343,1.3219,1.3237999999999999,9817,50,0
2013-08-30 00:00:00,1.3237999999999999,1.3254000000000001,1.3173,1.3216,8101,50,0
2013-09-01 00:00:00,1.3209,1.3215,1.3199,1.3201,608,50,0
2013-09-02 00:00:00,1.3202,1.3227,1.3183,1.3189,6348,50,0
2013-09-03 00:00:00,1.319,1.3197,1.3138,1.3169,7998,50,0
2013-09-04 00:00:00,1.317,1.3216999999999999,1.3155999999999999,1.3203,7062,50,0
2013-09-05 00:00:00,1.3204,1.3223,1.311,1.3121,10759,50,0
2013-09-06 00:00:00,1.312,1.3189,1.3104,1.3175,9549,50,0
2013-09-08 00:00:00,1.3174000000000001,1.3178,1.3164,1.3168,421,50,0
2013-09-09 00:00:00,1.3169,1.328,1.3166,1.3251,8146,50,0
2013-09-10 00:00:00,1.3252,1.3275000000000001,1.323,1.3264,8839,50,0
2013-09-11 00:00:00,1.3264,1.3324,1.3243,1.3308,7329,50,0
2013-09-12 00:00:00,1.3308,1.3324,1.3256000000000001,1.3296999999999999,8197,50,0
2013-09-13 00:00:00,1.3296000000000001,1.3321,1.3254000000000001,1.3302,7306,50,0
2013-09-15 00:00:00,1.3364,1.3382,1.3357999999999999,1.3371,1381,50,0
2013-09-16 00:00:00,1.3372,1.3385,1.3329,1.3336999999999999,6283,50,0
2013-09-17 00:00:00,1.3336000000000001,1.3369,1.3325,1.3356,5294,50,0
2013-09-18 00:00:00,1.3357,1.3542,1.3338,1.3509,10760,50,0
2013-09-19 00:00:00,1.351,1.3568,1.3509,1.3529,9009,50,0
2013-09-20 00:00:00,1.3528,1.3548,1.3497,1.3523,5896,50,0
2013-09-22 00:00:00,1.3542,1.3543,1.3525,1.3527,491,50,0
2013-09-23 00:00:00,1.3526,1.3544,1.3479,1.3493,6439,50,0
2013-09-24 00:00:00,1.3494,1.3518,1.3464,1.3472,6899,50,0
2013-09-25 00:00:00,1.3471,1.3537,1.3461,1.3519999999999999,6223,50,0
2013-09-26 00:00:00,1.3519,1.3526,1.3472,1.3486,6781,50,0
2013-09-27 00:00:00,1.3487,1.3564,1.3474,1.3521,5976,50,0
2013-09-29 00:00:00,1.3496000000000001,1.3496000000000001,1.3477999999999999,1.3492,756,50,0
2013-09-30 00:00:00,1.3491,1.3555,1.3477000000000001,1.3522,6764,50,0
2013-10-01 00:00:00,1.3521,1.3588,1.3516,1.3524,9048,50,0
2013-10-02 00:00:00,1.3524,1.3607,1.3504,1.358,8992,50,0
2013-10-03 00:00:00,1.3578999999999999,1.3646,1.3577,1.3628,10967,50,0
2013-10-04 00:00:00,1.3627,1.3632,1.3538000000000001,1.3553,7262,50,0
2013-10-06 00:00:00,1.3564,1.3571,1.3561,1.357,319,50,0
2013-10-07 00:00:00,1.3571,1.3591,1.3542,1.3576,7069,50,0
2013-10-08 00:00:00,1.3575,1.3607,1.3557000000000001,1.3591,10213,50,0
2013-10-09 00:00:00,1.3591,1.3604,1.3485,1.3521,16965,50,0
2013-10-10 00:00:00,1.3521,1.3546,1.3487,1.3528,13614,50,0
2013-10-11 00:00:00,1.3527,1.3580999999999999,1.3519,1.355,11802,50,0
2013-10-13 00:00:00,1.3558,1.3564,1.3551,1.3556,418,50,0
2013-10-14 00:00:00,1.3556,1.3597000000000001,1.3545,1.3555,8486,50,0
2013-10-15 00:00:00,1.3555,1.3571,1.3479,1.3526,15728,50,0
2013-10-16 00:00:00,1.3526,1.3567,1.3472,1.3523,16665,50,0
2013-10-17 00:00:00,1.3522,1.3681,1.3515,1.3667,18326,50,0
2013-10-18 00:00:00,1.3668,1.3704,1.3659,1.3684,11360,50,0
2013-10-20 00:00:00,1.3683,1.3688,1.3681,1.3684,427,50,0
2013-10-21 00:00:00,1.3684,1.3688,1.3651,1.3675,9351,50,0
2013-10-22 00:00:00,1.3675,1.3792,1.3662,1.3777,12869,50,0
2013-10-23 00:00:00,1.3778000000000001,1.3793,1.3740999999999999,1.3775,14111,50,0
2013-10-24 00:00:00,1.3775,1.3825,1.3764,1.3797,15067,50,0
2013-10-25 00:00:00,1.3798,1.3832,1.3774,1.3807,13855,50,0
2013-10-27 00:00:00,1.3809,1.381,1.38,1.3804,254,50,0
2013-10-28 00:00:00,1.3804,1.3817,1.3775,1.3788,10949,50,0
2013-10-29 00:00:00,1.3787,1.3813,1.3736,1.3742,16294,50,0
2013-10-30 00:00:00,1.3742,1.3785,1.3695,1.3723,18580,50,0
2013-10-31 00:00:00,1.3723,1.3738000000000001,1.3575,1.3578000000000001,20231,50,0
2013-11-01 00:00:00,1.3578999999999999,1.3580999999999999,1.3479999999999999,1.3487,16368,50,0
2013-11-03 00:00:00,1.3489,1.3497,1.3488,1.3491,640,50,0
2013-11-04 00:00:00,1.3491,1.3524,1.3441,1.3515,11930,50,0
2013-11-05 00:00:00,1.3514,1.3522,1.3449,1.3472,7384,50,0
2013-11-06 00:00:00,1.3471,1.3547,1.3467,1.3517000000000001,6994,50,0
2013-11-07 00:00:00,1.3516,1.3529,1.3295,1.3409,13998,50,0
2013-11-08 00:00:00,1.3408,1.3437999999999999,1.3317999999999999,1.3359,10479,50,0
2013-11-10 00:00:00,1.3361,1.3362,1.3345,1.3346,330,50,0
2013-11-11 00:00:00,1.3347,1.3416000000000001,1.3346,1.3407,5501,50,0
2013-11-12 00:00:00,1.3406,1.3456000000000001,1.3359,1.3437999999999999,8834,50,0
2013-11-13 00:00:00,1.3437999999999999,1.3498,1.339,1.3484,9288,50,0
2013-11-14 00:00:00,1.3483,1.3494,1.3418,1.3445,8623,50,0
2013-11-15 00:00:00,1.3446,1.3505,1.3432,1.349,6102,50,0
2013-11-17 00:00:00,1.3497,1.3498,1.3479999999999999,1.3482,268,50,0
2013-11-18 00:00:00,1.3482,1.3542,1.3474,1.35016,11053,50,0
2013-11-19 00:00:00,1.3501699999999999,1.35793,1.34878,1.35642,46927,50,0
2013-11-20 00:00:00,1.35635,1.35642,1.3415300000000001,1.34302,51432,50,0
2013-11-21 00:00:00,1.34303,1.34864,1.33994,1.3471199999999999,52610,50,0
2013-11-22 00:00:00,1.34711,1.35568,1.34622,1.35564,37871,50,0
2013-11-24 00:00:00,1.3547799999999999,1.35601,1.3547799999999999,1.35514,1454,50,0
2013-11-25 00:00:00,1.3551199999999999,1.35564,1.34903,1.35335,33946,50,0
2013-11-26 00:00:00,1.35334,1.3574899999999999,1.35212,1.35671,37954,50,0
2013-11-27 00:00:00,1.35672,1.36127,1.35578,1.35731,41005,50,0
2013-11-28 00:00:00,1.35732,1.36182,1.35636,1.3602400000000001,101428,50,0
2013-11-29 00:00:00,1.3602400000000001,1.3621699999999999,1.35801,1.35907,124052,50,0
2013-12-01 00:00:00,1.35897,1.3592,1.35813,1.35845,3001,50,0
2013-12-02 00:00:00,1.35847,1.36158,1.3526,1.35416,121762,50,0
2013-12-03 00:00:00,1.3541699999999999,1.36138,1.35244,1.35917,119382,50,0
2013-12-04 00:00:00,1.35917,1.36054,1.35283,1.3585099999999999,153133,50,0
2013-12-05 00:00:00,1.3585099999999999,1.36774,1.35432,1.36686,201235,50,0
2013-12-06 00:00:00,1.36687,1.37061,1.36184,1.37047,163183,50,0
2013-12-08 00:00:00,1.37119,1.37212,1.3704,1.37065,5027,50,0
2013-12-09 00:00:00,1.37066,1.37459,1.36945,1.37368,94211,50,0
2013-12-10 00:00:00,1.37367,1.3795,1.3734199999999999,1.37641,113854,50,0
2013-12-11 00:00:00,1.37642,1.3810799999999999,1.37405,1.3785,104061,50,0
2013-12-12 00:00:00,1.37849,1.38032,1.3737599999999999,1.3749500000000001,135456,50,0
2013-12-13 00:00:00,1.3749500000000001,1.37692,1.37089,1.37421,100604,50,0
2013-12-15 00:00:00,1.3727800000000001,1.37418,1.37277,1.37378,2439,50,0
2013-12-16 00:00:00,1.37378,1.37987,1.37362,1.37606,109084,50,0
2013-12-17 00:00:00,1.37604,1.37823,1.37229,1.37691,104693,50,0
2013-12-18 00:00:00,1.37692,1.38119,1.3668,1.3682400000000001,179153,50,0
2013-12-19 00:00:00,1.3682400000000001,1.36939,1.36494,1.36555,132327,50,0
2013-12-20 00:00:00,1.3655599999999999,1.37093,1.36249,1.36722,129121,50,0
2013-12-22 00:00:00,1.36704,1.36776,1.36666,1.36774,2100,50,0
2013-12-23 00:00:00,1.36773,1.37167,1.36726,1.3697,80144,50,0
2013-12-24 00:00:00,1.3697,1.3698000000000001,1.3655,1.3679299999999999,57354,50,0
2013-12-25 00:00:00,1.36785,1.36828,1.36635,1.36679,1217,50,0
2013-12-26 00:00:00,1.36679,1.3701699999999999,1.3665,1.36942,53551,50,0
2013-12-27 00:00:00,1.36941,1.38934,1.3692,1.3746,151596,50,0
2013-12-29 00:00:00,1.37552,1.37694,1.37455,1.37511,3558,50,0
2013-12-30 00:00:00,1.3751,1.38191,1.37282,1.3807800000000001,108820,50,0
2013-12-31 00:00:00,1.38079,1.38125,1.3744100000000001,1.37582,83428,50,0
2014-01-01 00:00:00,1.37523,1.3772,1.37398,1.37632,2258,50,0
2014-01-02 00:00:00,1.3762400000000001,1.3775,1.36295,1.36652,146965,50,0
2014-01-03 00:00:00,1.36652,1.36717,1.35823,1.35888,134537,50,0
2014-01-05 00:00:00,1.35921,1.3599999999999999,1.35888,1.35956,4176,50,0
2014-01-06 00:00:00,1.35953,1.36533,1.35714,1.36291,132951,50,0
2014-01-07 00:00:00,1.36296,1.36563,1.35965,1.3617,110123,50,0
2014-01-08 00:00:00,1.3617,1.36351,1.35533,1.35712,130793,50,0
2014-01-09 00:00:00,1.35712,1.36333,1.35477,1.3606099999999999,140751,50,0
2014-01-10 00:00:00,1.3606099999999999,1.36872,1.3565,1.36685,135987,50,0
2014-01-12 00:00:00,1.36686,1.36761,1.36645,1.36718,4323,50,0
2014-01-13 00:00:00,1.36719,1.36848,1.36374,1.36686,87041,50,0
2014-01-14 00:00:00,1.36686,1.36993,1.36491,1.3667,92749,50,0
2014-01-15 00:00:00,1.3666800000000001,1.36733,1.35812,1.35992,111120,50,0
2014-01-16 00:00:00,1.35993,1.36496,1.35832,1.3615300000000001,134371,50,0
2014-01-17 00:00:00,1.3615300000000001,1.36211,1.3517000000000001,1.35403,110334,50,0
2014-01-19 00:00:00,1.35375,1.3538000000000001,1.35245,1.3527,4727,50,0
2014-01-20 00:00:00,1.3527,1.35679,1.3507500000000001,1.35457,120571,50,0
2014-01-21 00:00:00,1.35456,1.35691,1.35161,1.35571,175290,50,0
2014-01-22 00:00:00,1.35571,1.35829,1.35345,1.3544,151035,50,0
2014-01-23 00:00:00,1.3544,1.36985,1.35303,1.36879,156852,50,0
2014-01-24 00:00:00,1.3688,1.37393,1.36625,1.36764,143147,50,0
2014-01-26 00:00:00,1.3677000000000001,1.36906,1.3673199999999999,1.36865,4472,50,0
2014-01-27 00:00:00,1.36865,1.37167,1.36531,1.3673899999999999,153473,50,0
2014-01-28 00:00:00,1.3673899999999999,1.3688500000000001,1.36289,1.36539,155208,50,0
2014-01-29 00:00:00,1.36539,1.36846,1.3603,1.36572,254940,50,0
2014-01-30 00:00:00,1.36572,1.36624,1.35431,1.3557000000000001,223525,50,0
2014-01-31 00:00:00,1.35571,1.35734,1.3479,1.34866,259472,50,0
2014-02-02 00:00:00,1.34825,1.34909,1.34783,1.3487,5798,50,0
2014-02-03 00:00:00,1.34869,1.3535599999999999,1.34767,1.35221,198989,50,0
2014-02-04 00:00:00,1.35221,1.35385,1.34933,1.35155,172546,50,0
2014-02-05 00:00:00,1.35154,1.35556,1.34985,1.35336,198929,50,0
2014-02-06 00:00:00,1.35335,1.3618999999999999,1.3483399999999999,1.35916,234103,50,0
2014-02-07 00:00:00,1.35916,1.36429,1.35517,1.36349,184699,50,0
2014-02-09 00:00:00,1.36142,1.36266,1.36141,1.3618299999999999,5112,50,0
2014-02-10 00:00:00,1.3618299999999999,1.36514,1.3618299999999999,1.36447,110836,50,0
2014-02-11 00:00:00,1.36448,1.3683,1.36294,1.36365,182150,50,0
2014-02-12 00:00:00,1.36367,1.36526,1.35622,1.35876,178332,50,0
2014-02-13 00:00:00,1.3587500000000001,1.36917,1.35854,1.3676,82580,50,0
2014-02-14 00:00:00,1.3676,1.37146,1.36735,1.3692199999999999,72758,50,0
2014-02-17 00:00:00,1.37082,1.3724,1.3691900000000001,1.3707099999999999,50503,50,0
2014-02-18 00:00:00,1.37065,1.37701,1.36944,1.37581,70590,50,0
2014-02-19 00:00:00,1.37581,1.37729,1.37243,1.37325,57487,50,0
2014-02-20 00:00:00,1.37344,1.37623,1.36859,1.3718,77648,50,0
2014-02-21 00:00:00,1.37167,1.37583,1.37022,1.37375,63785,50,0
2014-02-24 00:00:00,1.37307,1.3771,1.37082,1.3734600000000001,60798,50,0
2014-02-25 00:00:00,1.37347,1.37669,1.3715600000000001,1.37448,66584,50,0
2014-02-26 00:00:00,1.37442,1.3757,1.36616,1.36863,77990,50,0
2014-02-27 00:00:00,1.36852,1.37265,1.3643,1.37103,76669,50,0
2014-02-28 00:00:00,1.37079,1.38248,1.36943,1.3801999999999999,88685,50,0
2014-03-03 00:00:00,1.37581,1.37926,1.37263,1.37335,61877,50,0
2014-03-04 00:00:00,1.3734899999999999,1.37816,1.37209,1.37425,56585,50,0
2014-03-05 00:00:00,1.37412,1.37492,1.37073,1.3732199999999999,54503,50,0
2014-03-06 00:00:00,1.37335,1.3873,1.37212,1.3860000000000001,72496,50,0
2014-03-07 00:00:00,1.38601,1.39151,1.38519,1.3877,63000,50,0
2014-03-10 00:00:00,1.3874900000000001,1.38978,1.38615,1.38758,44631,50,0
2014-03-11 00:00:00,1.38755,1.38789,1.38336,1.38588,48205,50,0
2014-03-12 00:00:00,1.38583,1.39143,1.38432,1.39018,52070,50,0
2014-03-13 00:00:00,1.39023,1.39669,1.3845399999999999,1.3866800000000001,77892,50,0
2014-03-14 00:00:00,1.3866399999999999,1.39365,1.38476,1.39082,70918,50,0
2014-03-17 00:00:00,1.39036,1.39476,1.3879000000000001,1.39211,49083,50,0
2014-03-18 00:00:00,1.39215,1.39428,1.38797,1.39331,56128,50,0
2014-03-19 00:00:00,1.39331,1.39341,1.38094,1.38319,63001,50,0
2014-03-20 00:00:00,1.38311,1.38449,1.37491,1.37778,67692,50,0
2014-03-21 00:00:00,1.37778,1.38107,1.37656,1.3791,48595,50,0
2014-03-24 00:00:00,1.37971,1.3875899999999999,1.37602,1.38384,53953,50,0
2014-03-25 00:00:00,1.38377,1.38471,1.37492,1.3826,67922,50,0
2014-03-26 00:00:00,1.38244,1.38276,1.37764,1.37771,57324,50,0
2014-03-27 00:00:00,1.37765,1.37968,1.37284,1.37395,64392,50,0
2014-03-28 00:00:00,1.37391,1.3773,1.37045,1.37522,56794,50,0
2014-03-31 00:00:00,1.37619,1.3808500000000001,1.37228,1.37676,63862,50,0
2014-04-01 00:00:00,1.37668,1.38153,1.37668,1.37923,50563,50,0
2014-04-02 00:00:00,1.37923,1.3820299999999999,1.3753199999999999,1.37664,47475,50,0
2014-04-03 00:00:00,1.37652,1.38062,1.3698000000000001,1.37191,66263,50,0
2014-04-04 00:00:00,1.37196,1.37311,1.36725,1.37032,62952,50,0
2014-04-07 00:00:00,1.36986,1.37484,1.36963,1.37404,39496,50,0
2014-04-08 00:00:00,1.37412,1.38114,1.3737300000000001,1.3796599999999999,53546,50,0
2014-04-09 00:00:00,1.37951,1.38622,1.37798,1.38543,56657,50,0
2014-04-10 00:00:00,1.3854,1.3899,1.3835899999999999,1.38856,56114,50,0
2014-04-11 00:00:00,1.38849,1.3905699999999999,1.3863400000000001,1.38848,50720,50,0
2014-04-14 00:00:00,1.38425,1.3862999999999999,1.3808099999999999,1.38206,55157,50,0
2014-04-15 00:00:00,1.38184,1.3833199999999999,1.37901,1.38138,51228,50,0
2014-04-16 00:00:00,1.38125,1.38511,1.38034,1.3815,49979,50,0
2014-04-17 00:00:00,1.38144,1.38645,1.38105,1.38128,44173,50,0
2014-04-18 00:00:00,1.38133,1.38221,1.38083,1.3813,14325,50,0
2014-04-21 00:00:00,1.38119,1.3830200000000001,1.37869,1.37928,19578,50,0
2014-04-22 00:00:00,1.37923,1.38246,1.37847,1.38049,37106,50,0
2014-04-23 00:00:00,1.3804699999999999,1.38545,1.38002,1.38168,48430,50,0
2014-04-24 00:00:00,1.38165,1.38429,1.37913,1.38314,47560,50,0
2014-04-25 00:00:00,1.38313,1.3848099999999999,1.3827,1.38327,36080,50,0
2014-04-28 00:00:00,1.38442,1.3879299999999999,1.38147,1.38511,48683,50,0
2014-04-29 00:00:00,1.38496,1.38791,1.3805399999999999,1.38124,49480,50,0
2014-04-30 00:00:00,1.38116,1.38766,1.37732,1.3867099999999999,63778,50,0
2014-05-01 00:00:00,1.38667,1.38891,1.38628,1.38692,30970,50,0
2014-05-02 00:00:00,1.38686,1.38815,1.38121,1.38733,49605,50,0
2014-05-05 00:00:00,1.38837,1.3886,1.38646,1.3875199999999999,32167,50,0
2014-05-06 00:00:00,1.38751,1.39511,1.38723,1.39275,48060,50,0
2014-05-07 00:00:00,1.39285,1.39385,1.391,1.39101,48907,50,0
2014-05-08 00:00:00,1.39107,1.39936,1.38331,1.38398,75801,50,0
2014-05-09 00:00:00,1.38396,1.38443,1.37452,1.3759700000000001,55121,50,0
2014-05-12 00:00:00,1.37522,1.37747,1.37494,1.37574,36091,50,0
2014-05-13 00:00:00,1.37571,1.37714,1.3689,1.3703400000000001,62520,50,0
2014-05-14 00:00:00,1.37018,1.37306,1.3698000000000001,1.37147,48306,50,0
2014-05-15 00:00:00,1.37146,1.37326,1.36482,1.37094,66805,50,0
2014-05-16 00:00:00,1.37101,1.37266,1.36853,1.36917,42251,50,0
2014-05-19 00:00:00,1.36926,1.3734199999999999,1.36908,1.37087,41781,50,0
2014-05-20 00:00:00,1.37083,1.37138,1.36778,1.37011,41249,50,0
2014-05-21 00:00:00,1.37001,1.37233,1.36346,1.36866,53890,50,0
2014-05-22 00:00:00,1.3686,1.36878,1.3645100000000001,1.3655599999999999,47579,50,0
2014-05-23 00:00:00,1.36555,1.36587,1.36155,1.36235,45395,50,0
2014-05-26 00:00:00,1.36222,1.36544,1.36066,1.36452,34714,50,0
2014-05-27 00:00:00,1.3645100000000001,1.36687,1.36125,1.36346,59904,50,0
2014-05-28 00:00:00,1.36342,1.36378,1.35885,1.35899,59379,50,0
2014-05-29 00:00:00,1.35908,1.36255,1.3586,1.36015,57812,50,0
2014-05-30 00:00:00,1.36016,1.36501,1.35985,1.36324,63061,50,0
2014-06-02 00:00:00,1.36356,1.36365,1.35882,1.35965,59098,50,0
2014-06-03 00:00:00,1.35961,1.36478,1.35869,1.36262,64024,50,0
2014-06-04 00:00:00,1.36282,1.3639000000000001,1.3596599999999999,1.35984,63651,50,0
2014-06-05 00:00:00,1.35979,1.3669799999999999,1.35027,1.36601,114364,50,0
2014-06-06 00:00:00,1.36588,1.36771,1.36209,1.36426,75214,50,0
2014-06-09 00:00:00,1.36405,1.36688,1.35825,1.35938,49461,50,0
2014-06-10 00:00:00,1.35924,1.36018,1.35331,1.35468,56787,50,0
2014-06-11 00:00:00,1.35458,1.3557000000000001,1.35214,1.35313,89058,50,0
2014-06-12 00:00:00,1.3529900000000001,1.3572,1.35123,1.35514,110550,50,0
2014-06-13 00:00:00,1.35499,1.35789,1.3521,1.35391,87904,50,0
2014-06-16 00:00:00,1.35398,1.35796,1.35131,1.3573,48565,50,0
2014-06-17 00:00:00,1.3572,1.35872,1.35364,1.35466,43007,50,0
2014-06-18 00:00:00,1.3545,1.35993,1.35418,1.35954,50771,50,0
2014-06-19 00:00:00,1.35916,1.36435,1.35839,1.36067,52984,50,0
2014-06-20 00:00:00,1.36069,1.3633899999999999,1.35643,1.35996,91801,50,0
2014-06-23 00:00:00,1.3585099999999999,1.36135,1.35741,1.3604,75787,50,0
2014-06-24 00:00:00,1.36042,1.36277,1.35834,1.36066,45572,50,0
2014-06-25 00:00:00,1.36055,1.3651200000000001,1.36005,1.36288,48750,50,0
2014-06-26 00:00:00,1.36282,1.36413,1.35757,1.36115,47860,50,0
2014-06-27 00:00:00,1.36108,1.36506,1.3609499999999999,1.3648799999999999,45438,50,0
2014-06-30 00:00:00,1.36415,1.36978,1.36404,1.36921,54993,50,0
2014-07-01 00:00:00,1.36916,1.37005,1.36755,1.36784,51264,50,0
2014-07-02 00:00:00,1.36786,1.36825,1.36419,1.36582,47839,50,0
2014-07-03 00:00:00,1.36587,1.36643,1.35962,1.36098,58193,50,0
2014-07-04 00:00:00,1.36096,1.36114,1.35855,1.35923,31424,50,0
2014-07-07 00:00:00,1.35922,1.3609200000000001,1.3576,1.36047,42509,50,0
2014-07-08 00:00:00,1.36048,1.36174,1.35882,1.36118,48102,50,0
2014-07-09 00:00:00,1.36123,1.36482,1.36023,1.36414,61446,50,0
2014-07-10 00:00:00,1.36412,1.36507,1.35892,1.36087,64073,50,0
2014-07-11 00:00:00,1.3608500000000001,1.3624800000000001,1.35924,1.36046,55638,50,0
2014-07-14 00:00:00,1.3596300000000001,1.36403,1.3596300000000001,1.3618999999999999,52258,50,0
2014-07-15 00:00:00,1.36189,1.36281,1.3562,1.3567,71587,50,0
2014-07-16 00:00:00,1.3567,1.3572600000000001,1.35209,1.35249,57176,50,0
2014-07-17 00:00:00,1.35248,1.35404,1.35165,1.35263,60207,50,0
2014-07-18 00:00:00,1.35263,1.3536000000000001,1.3491,1.35256,63586,50,0
2014-07-21 00:00:00,1.3526799999999999,1.35492,1.3513,1.3523399999999999,46998,50,0
2014-07-22 00:00:00,1.35236,1.35296,1.3458999999999999,1.34656,63316,50,0
2014-07-23 00:00:00,1.3465500000000001,1.34742,1.34549,1.34634,50765,50,0
2014-07-24 00:00:00,1.34633,1.34848,1.34383,1.34638,58507,50,0
2014-07-25 00:00:00,1.34636,1.34757,1.34214,1.34302,57233,50,0
2014-07-28 00:00:00,1.34288,1.34439,1.34268,1.34397,37823,50,0
2014-07-29 00:00:00,1.34392,1.34446,1.34043,1.34086,51203,50,0
2014-07-30 00:00:00,1.34086,1.34152,1.33669,1.3397000000000001,72032,50,0
2014-07-31 00:00:00,1.3397000000000001,1.34005,1.33716,1.33903,62862,50,0
2014-08-01 00:00:00,1.33904,1.34447,1.33785,1.3428200000000001,73652,50,0
2014-08-04 00:00:00,1.34283,1.3431600000000001,1.34094,1.34216,53863,50,0
2014-08-05 00:00:00,1.34218,1.3424800000000001,1.33583,1.3376000000000001,60252,50,0
2014-08-06 00:00:00,1.3376000000000001,1.33869,1.33332,1.33822,66918,50,0
2014-08-07 00:00:00,1.33822,1.33938,1.33372,1.33633,71160,50,0
2014-08-08 00:00:00,1.33631,1.34327,1.33435,1.3412,82964,50,0
2014-08-11 00:00:00,1.34098,1.34114,1.33804,1.3385,44890,50,0
2014-08-12 00:00:00,1.3385,1.33863,1.3336000000000001,1.3369,55245,50,0
2014-08-13 00:00:00,1.33691,1.34152,1.33423,1.3364099999999999,63098,50,0
2014-08-14 00:00:00,1.33644,1.34078,1.3348499999999999,1.33648,69441,50,0
2014-08-15 00:00:00,1.33648,1.34118,1.33589,1.3400400000000001,78895,50,0
2014-08-18 00:00:00,1.33908,1.33992,1.33529,1.3363399999999999,54582,50,0
2014-08-19 00:00:00,1.3363399999999999,1.3364099999999999,1.33132,1.33197,68778,50,0
2014-08-20 00:00:00,1.33198,1.3324099999999999,1.32553,1.32593,82063,50,0
2014-08-21 00:00:00,1.32593,1.32885,1.3242,1.32805,68465,50,0
2014-08-22 00:00:00,1.3281,1.3296700000000001,1.32206,1.32407,80197,50,0
2014-08-25 00:00:00,1.31963,1.32104,1.31839,1.3192,60727,50,0
2014-08-26 00:00:00,1.3192,1.32147,1.31647,1.3167499999999999,76419,50,0
2014-08-27 00:00:00,1.3167499999999999,1.321,1.31527,1.31929,80169,50,0
2014-08-28 00:00:00,1.31928,1.32207,1.31598,1.31819,83706,50,0
2014-08-29 00:00:00,1.31818,1.31962,1.31317,1.31325,77117,50,0
2014-09-01 00:00:00,1.3127,1.31454,1.3119100000000001,1.31285,45183,50,0
2014-09-02 00:00:00,1.31273,1.31368,1.31102,1.31327,69217,50,0
2014-09-03 00:00:00,1.31329,1.316,1.31222,1.31502,78711,50,0
2014-09-04 00:00:00,1.31501,1.31541,1.2920099999999999,1.29432,108374,50,0
2014-09-05 00:00:00,1.2943799999999999,1.29883,1.2922,1.29478,88771,50,0
2014-09-08 00:00:00,1.29538,1.2959,1.28821,1.28946,82203,50,0
2014-09-09 00:00:00,1.28943,1.29574,1.28594,1.2937400000000001,90351,50,0
2014-09-10 00:00:00,1.29373,1.29629,1.28838,1.2916699999999999,84412,50,0
2014-09-11 00:00:00,1.29165,1.29518,1.28972,1.29231,76787,50,0
2014-09-12 00:00:00,1.29236,1.29793,1.29091,1.2964,76396,50,0
2014-09-15 00:00:00,1.2972299999999999,1.2972299999999999,1.29087,1.29397,61522,50,0
2014-09-16 00:00:00,1.29397,1.29947,1.29224,1.29593,77316,50,0
2014-09-17 00:00:00,1.29583,1.29813,1.28521,1.28644,86511,50,0
2014-09-18 00:00:00,1.2865199999999999,1.29303,1.28345,1.2922799999999999,88496,50,0
2014-09-19 00:00:00,1.29226,1.2929,1.2828,1.28287,99610,50,0
2014-09-22 00:00:00,1.28321,1.28678,1.28166,1.2848600000000001,70604,50,0
2014-09-23 00:00:00,1.2849599999999999,1.29013,1.28427,1.28465,74484,50,0
2014-09-24 00:00:00,1.28464,1.28637,1.27743,1.27801,74803,50,0
2014-09-25 00:00:00,1.27802,1.27833,1.26981,1.27508,90631,50,0
2014-09-26 00:00:00,1.27505,1.2760799999999999,1.26772,1.26845,79401,50,0
2014-09-29 00:00:00,1.26816,1.27149,1.26638,1.26851,82093,50,0
2014-09-30 00:00:00,1.26766,1.27023,1.25711,1.26303,91678,50,0
2014-10-01 00:00:00,1.263,1.26396,1.25842,1.2622499999999999,109988,50,0
2014-10-02 00:00:00,1.2622200000000001,1.26987,1.2614,1.26684,135530,50,0
2014-10-03 00:00:00,1.26682,1.26746,1.2500499999999999,1.25137,112044,50,0
2014-10-06 00:00:00,1.25125,1.2674699999999999,1.25089,1.26551,105147,50,0
2014-10-07 00:00:00,1.26549,1.26818,1.25835,1.26688,154041,50,0
2014-10-08 00:00:00,1.2669000000000001,1.27488,1.26226,1.27341,158108,50,0
2014-10-09 00:00:00,1.27331,1.2791299999999999,1.26641,1.26907,172559,50,0
2014-10-10 00:00:00,1.2690299999999999,1.27161,1.26054,1.26277,135193,50,0
2014-10-13 00:00:00,1.26299,1.27615,1.26202,1.27515,124339,50,0
2014-10-14 00:00:00,1.27494,1.27682,1.264,1.26575,132058,50,0
2014-10-15 00:00:00,1.26576,1.28867,1.26247,1.28375,184303,50,0
2014-10-16 00:00:00,1.28375,1.28448,1.27057,1.28084,177945,50,0
2014-10-17 00:00:00,1.28086,1.28369,1.27437,1.27534,105869,50,0
2014-10-20 00:00:00,1.2747899999999999,1.28169,1.27312,1.27995,93619,50,0
2014-10-21 00:00:00,1.27997,1.28403,1.2714400000000001,1.27149,127993,50,0
2014-10-22 00:00:00,1.27149,1.2739500000000001,1.26371,1.26475,120490,50,0
2014-10-23 00:00:00,1.26475,1.26765,1.26135,1.26455,113089,50,0
2014-10-24 00:00:00,1.26456,1.26956,1.2634699999999999,1.26711,102820,50,0
2014-10-27 00:00:00,1.26712,1.2723,1.26657,1.26981,96031,50,0
2014-10-28 00:00:00,1.26982,1.27645,1.26847,1.27344,107936,50,0
2014-10-29 00:00:00,1.27341,1.27706,1.26309,1.2631000000000001,112259,50,0
2014-10-30 00:00:00,1.26316,1.26393,1.25465,1.26131,147190,50,0
2014-10-31 00:00:00,1.2612999999999999,1.26172,1.24853,1.2525,166358,50,0
2014-11-03 00:00:00,1.25028,1.25141,1.24376,1.24809,143165,50,0
2014-11-04 00:00:00,1.24809,1.25773,1.24809,1.25461,134804,50,0
2014-11-05 00:00:00,1.25464,1.25671,1.24572,1.24854,163514,50,0
2014-11-06 00:00:00,1.24854,1.25335,1.2364600000000001,1.23744,182686,50,0
2014-11-07 00:00:00,1.23745,1.24697,1.23581,1.24545,180397,50,0
2014-11-10 00:00:00,1.24682,1.2509299999999999,1.24187,1.24204,100176,50,0
2014-11-11 00:00:00,1.24204,1.24994,1.23943,1.24747,114775,50,0
2014-11-12 00:00:00,1.2475100000000001,1.24978,1.24192,1.2438,141564,50,0
2014-11-13 00:00:00,1.24378,1.24918,1.24264,1.24764,109075,50,0
2014-11-14 00:00:00,1.24766,1.25462,1.23984,1.25254,137567,50,0
2014-11-17 00:00:00,1.25309,1.25774,1.2445,1.24497,117064,50,0
2014-11-18 00:00:00,1.24493,1.25453,1.24433,1.25357,118549,50,0
2014-11-19 00:00:00,1.2536399999999999,1.26003,1.25122,1.25537,128446,50,0
2014-11-20 00:00:00,1.25536,1.25754,1.25042,1.25388,146608,50,0
2014-11-21 00:00:00,1.25387,1.25681,1.23749,1.23925,153113,50,0
2014-11-24 00:00:00,1.23609,1.2444600000000001,1.23589,1.24421,114835,50,0
2014-11-25 00:00:00,1.2442,1.24872,1.24023,1.24745,116544,50,0
2014-11-26 00:00:00,1.24742,1.25318,1.24437,1.2505600000000001,114180,50,0
2014-11-27 00:00:00,1.25055,1.25236,1.24647,1.2467,71435,50,0
2014-11-28 00:00:00,1.2467,1.24903,1.24264,1.24514,100884,50,0
2014-12-01 00:00:00,1.24613,1.25067,1.24193,1.24693,123328,50,0
2014-12-02 00:00:00,1.24699,1.2476099999999999,1.23767,1.2382900000000001,101160,50,0
2014-12-03 00:00:00,1.23828,1.23906,1.2301199999999999,1.2310699999999999,117894,50,0
2014-12-04 00:00:00,1.23105,1.24564,1.22808,1.23782,136309,50,0
2014-12-05 00:00:00,1.23782,1.2393,1.22709,1.2282899999999999,122544,50,0
2014-12-08 00:00:00,1.2286299999999999,1.23441,1.22472,1.23165,113149,50,0
2014-12-09 00:00:00,1.23162,1.24481,1.22921,1.23739,150098,50,0
2014-12-10 00:00:00,1.23737,1.2448299999999999,1.2362,1.24477,137853,50,0
2014-12-11 00:00:00,1.24479,1.24951,1.23702,1.24102,154936,50,0
2014-12-12 00:00:00,1.24103,1.24852,1.23843,1.24613,130391,50,0
2014-12-15 00:00:00,1.24711,1.24787,1.24146,1.24362,132030,50,0
2014-12-16 00:00:00,1.24371,1.25699,1.2434,1.25102,168346,50,0
2014-12-17 00:00:00,1.25103,1.25156,1.23213,1.23415,161153,50,0
2014-12-18 00:00:00,1.23416,1.23528,1.22657,1.2286,144744,50,0
2014-12-19 00:00:00,1.22859,1.23023,1.22201,1.22289,118516,50,0
2014-12-22 00:00:00,1.22184,1.22725,1.22166,1.22293,76351,50,0
2014-12-23 00:00:00,1.22296,1.22456,1.21648,1.21723,82406,50,0
2014-12-24 00:00:00,1.21723,1.222,1.21695,1.22032,56133,50,0
2014-12-26 00:00:00,1.22217,1.22265,1.21684,1.21776,41856,50,0
2014-12-29 00:00:00,1.21789,1.22211,1.21429,1.2151399999999999,71705,50,0
2014-12-30 00:00:00,1.21515,1.21874,1.21239,1.21539,80099,50,0
2014-12-31 00:00:00,1.21542,1.21698,1.20967,1.2101,62513,50,0
2015-01-02 00:00:00,1.21047,1.21076,1.20003,1.20023,98730,50,0
2015-01-05 00:00:00,1.19414,1.19764,1.18559,1.1932800000000001,131784,50,0
2015-01-06 00:00:00,1.1933,1.19688,1.18842,1.18894,133804,50,0
2015-01-07 00:00:00,1.18894,1.18966,1.18021,1.18394,142241,50,0
2015-01-08 00:00:00,1.18393,1.18474,1.17541,1.1791800000000001,116760,50,0
2015-01-09 00:00:00,1.17916,1.18462,1.17625,1.18404,135259,50,0
2015-01-12 00:00:00,1.18449,1.1871,1.17861,1.18339,116155,50,0
2015-01-13 00:00:00,1.1832799999999999,1.18598,1.17534,1.17727,136885,50,0
2015-01-14 00:00:00,1.17727,1.18464,1.17273,1.17886,159084,50,0
2015-01-15 00:00:00,1.17895,1.17926,1.15678,1.16322,219014,50,0
2015-01-16 00:00:00,1.16323,1.16488,1.14599,1.1561,190112,50,0
2015-01-19 00:00:00,1.15494,1.16389,1.15494,1.1607,108946,50,0
2015-01-20 00:00:00,1.16028,1.16149,1.1540300000000001,1.15494,115736,50,0
2015-01-21 00:00:00,1.1549800000000001,1.16803,1.15414,1.16096,138054,50,0
2015-01-22 00:00:00,1.161,1.1651,1.13161,1.13653,164890,50,0
2015-01-23 00:00:00,1.13654,1.13739,1.11145,1.1205,182032,50,0
2015-01-26 00:00:00,1.11483,1.12954,1.10974,1.1238299999999999,141975,50,0
2015-01-27 00:00:00,1.12388,1.14226,1.12236,1.13805,143940,50,0
2015-01-28 00:00:00,1.13809,1.13833,1.12762,1.1287,139797,50,0
2015-01-29 00:00:00,1.12873,1.13679,1.1262,1.13195,134935,50,0
2015-01-30 00:00:00,1.13196,1.13638,1.1278,1.12808,130637,50,0
2015-02-02 00:00:00,1.13003,1.13623,1.12924,1.13412,111915,50,0
2015-02-03 00:00:00,1.13407,1.15338,1.13124,1.14804,150599,50,0
2015-02-04 00:00:00,1.14815,1.14849,1.13155,1.13426,134715,50,0
2015-02-05 00:00:00,1.13428,1.14989,1.1304,1.1476899999999999,145258,50,0
2015-02-06 00:00:00,1.14764,1.1486,1.1311499999999999,1.1311499999999999,128760,50,0
2015-02-09 00:00:00,1.12937,1.13594,1.12703,1.1324,117681,50,0
2015-02-10 00:00:00,1.13241,1.1345399999999999,1.1273,1.13206,122893,50,0
2015-02-11 00:00:00,1.13204,1.13473,1.12797,1.13349,107367,50,0
2015-02-12 00:00:00,1.13325,1.14229,1.13022,1.14024,138449,50,0
2015-02-13 00:00:00,1.14023,1.14431,1.13794,1.1384,106262,50,0
2015-02-16 00:00:00,1.13975,1.14291,1.13195,1.1353900000000001,75082,50,0
2015-02-17 00:00:00,1.13536,1.1449,1.13219,1.14112,113124,50,0
2015-02-18 00:00:00,1.14111,1.1416,1.13338,1.13969,101637,50,0
2015-02-19 00:00:00,1.13971,1.14501,1.13552,1.13679,96698,50,0
2015-02-20 00:00:00,1.13677,1.14295,1.1279,1.1379299999999999,131471,50,0
2015-02-23 00:00:00,1.13921,1.1396,1.12953,1.13341,83029,50,0
2015-02-24 00:00:00,1.13343,1.1358,1.12882,1.13401,104418,50,0
2015-02-25 00:00:00,1.134,1.13888,1.13357,1.13605,98731,50,0
2015-02-26 00:00:00,1.13605,1.13795,1.11836,1.11977,109586,50,0
2015-02-27 00:00:00,1.1197300000000001,1.12452,1.11761,1.11959,117510,50,0
2015-03-02 00:00:00,1.11805,1.12406,1.11601,1.11839,90379,50,0
2015-03-03 00:00:00,1.11839,1.12176,1.11548,1.11758,95284,50,0
2015-03-04 00:00:00,1.11761,1.11856,1.10614,1.1078000000000001,108553,50,0
2015-03-05 00:00:00,1.10779,1.11144,1.09875,1.10299,126805,50,0
2015-03-06 00:00:00,1.1029,1.10327,1.08393,1.08428,129656,50,0
2015-03-09 00:00:00,1.08275,1.09065,1.08227,1.08516,95777,50,0
2015-03-10 00:00:00,1.08516,1.08558,1.06927,1.06975,154480,50,0
2015-03-11 00:00:00,1.06973,1.07171,1.05113,1.05469,169889,50,0
2015-03-12 00:00:00,1.05467,1.06839,1.04944,1.06348,170490,50,0
2015-03-13 00:00:00,1.06348,1.06353,1.04623,1.04954,143050,50,0
2015-03-16 00:00:00,1.04699,1.06194,1.04699,1.05676,120316,50,0
2015-03-17 00:00:00,1.05674,1.06508,1.05513,1.0597,110862,50,0
2015-03-18 00:00:00,1.05972,1.10348,1.058,1.08655,163138,50,0
2015-03-19 00:00:00,1.08659,1.09188,1.0613,1.06597,209338,50,0
2015-03-20 00:00:00,1.06596,1.08821,1.06492,1.08207,156633,50,0
2015-03-23 00:00:00,1.08399,1.09713,1.07674,1.09455,177232,50,0
2015-03-24 00:00:00,1.09453,1.10292,1.08906,1.09245,163148,50,0
2015-03-25 00:00:00,1.09244,1.10149,1.09009,1.09696,141203,50,0
2015-03-26 00:00:00,1.09692,1.10521,1.08563,1.08835,162261,50,0
2015-03-27 00:00:00,1.08839,1.09489,1.08012,1.0889,156974,50,0
2015-03-30 00:00:00,1.08861,1.08952,1.081,1.08328,129527,50,0
2015-03-31 00:00:00,1.08327,1.08454,1.0713,1.0731600000000001,142994,50,0
2015-04-01 00:00:00,1.07317,1.07999,1.07186,1.07632,148922,50,0
2015-04-02 00:00:00,1.07632,1.09053,1.07504,1.08798,133665,50,0
2015-04-03 00:00:00,1.08802,1.10271,1.08639,1.09674,70858,50,0
2015-04-06 00:00:00,1.09955,1.10357,1.09096,1.0922,77561,50,0
2015-04-07 00:00:00,1.09224,1.09549,1.08032,1.08148,137782,50,0
2015-04-08 00:00:00,1.08148,1.08875,1.07633,1.07801,151930,50,0
2015-04-09 00:00:00,1.07801,1.07886,1.06376,1.0659,138313,50,0
2015-04-10 00:00:00,1.06589,1.06835,1.05678,1.06025,137263,50,0
2015-04-13 00:00:00,1.05847,1.06192,1.05204,1.05671,146605,50,0
2015-04-14 00:00:00,1.05667,1.07074,1.05315,1.06544,147316,50,0
2015-04-15 00:00:00,1.06544,1.0702,1.05711,1.06839,168325,50,0
2015-04-16 00:00:00,1.06844,1.08177,1.06244,1.07612,198503,50,0
2015-04-17 00:00:00,1.07608,1.08488,1.07354,1.08058,174970,50,0
2015-04-20 00:00:00,1.0818,1.0822,1.07125,1.07372,137747,50,0
2015-04-21 00:00:00,1.07372,1.07813,1.06597,1.07354,138768,50,0
2015-04-22 00:00:00,1.07354,1.08008,1.07085,1.0725,147652,50,0
2015-04-23 00:00:00,1.07247,1.08458,1.06659,1.0824,158693,50,0
2015-04-24 00:00:00,1.08241,1.08999,1.0784799999999999,1.08729,156005,50,0
2015-04-27 00:00:00,1.0865,1.09265,1.08193,1.08913,132845,50,0
2015-04-28 00:00:00,1.08913,1.0991,1.08598,1.09808,147471,50,0
2015-04-29 00:00:00,1.09808,1.11878,1.09596,1.11282,177838,50,0
2015-04-30 00:00:00,1.11283,1.12661,1.10713,1.12239,195387,50,0
2015-05-01 00:00:00,1.12237,1.12887,1.11747,1.1197300000000001,135417,50,0
2015-05-04 00:00:00,1.11913,1.12246,1.11227,1.11458,119776,50,0
2015-05-05 00:00:00,1.11456,1.1223,1.10663,1.11853,146529,50,0
2015-05-06 00:00:00,1.11849,1.137,1.11748,1.13467,174892,50,0
2015-05-07 00:00:00,1.13468,1.13916,1.12372,1.12664,171607,50,0
2015-05-08 00:00:00,1.12659,1.12878,1.11791,1.1201,175718,50,0
2015-05-11 00:00:00,1.11972,1.12064,1.1131,1.11547,137764,50,0
2015-05-12 00:00:00,1.11546,1.12788,1.11343,1.12125,138839,50,0
2015-05-13 00:00:00,1.12129,1.13827,1.12025,1.13541,147979,50,0
2015-05-14 00:00:00,1.13536,1.14448,1.13406,1.14094,155740,50,0
2015-05-15 00:00:00,1.14093,1.14669,1.13239,1.14471,151020,50,0
2015-05-18 00:00:00,1.14468,1.14497,1.12986,1.13148,133376,50,0
2015-05-19 00:00:00,1.1314899999999999,1.13263,1.11189,1.1149499999999999,160299,50,0
2015-05-20 00:00:00,1.11496,1.1152,1.10625,1.10936,173572,50,0
2015-05-21 00:00:00,1.10935,1.11812,1.10799,1.11119,155902,50,0
2015-05-22 00:00:00,1.11119,1.12082,1.10022,1.10079,151173,50,0
2015-05-25 00:00:00,1.10015,1.10097,1.09594,1.09778,66382,50,0
2015-05-26 00:00:00,1.09774,1.09814,1.08633,1.08723,162047,50,0
2015-05-27 00:00:00,1.08723,1.09291,1.08191,1.09039,155647,50,0
2015-05-28 00:00:00,1.09038,1.09582,1.08678,1.09485,172798,50,0
2015-05-29 00:00:00,1.09485,1.10062,1.0925799999999999,1.09871,154138,50,0
2015-06-01 00:00:00,1.09798,1.09891,1.08871,1.09265,152688,50,0
2015-06-02 00:00:00,1.09267,1.11933,1.0916,1.11502,179421,50,0
2015-06-03 00:00:00,1.11506,1.12851,1.10794,1.1274,173210,50,0
2015-06-04 00:00:00,1.1274,1.13799,1.12226,1.12378,170385,50,0
2015-06-05 00:00:00,1.12376,1.12802,1.10494,1.11129,177475,50,0
2015-06-08 00:00:00,1.10964,1.13068,1.1084,1.1291,151629,50,0
2015-06-09 00:00:00,1.12912,1.13455,1.1214,1.12824,171891,50,0
2015-06-10 00:00:00,1.12813,1.13864,1.12607,1.13235,191235,50,0
2015-06-11 00:00:00,1.1323699999999999,1.13316,1.11822,1.12578,158994,50,0
2015-06-12 00:00:00,1.12576,1.12963,1.11511,1.12646,163091,50,0
2015-06-15 00:00:00,1.12111,1.12944,1.11891,1.12826,143676,50,0
2015-06-16 00:00:00,1.12835,1.13297,1.12049,1.12473,129212,50,0
2015-06-17 00:00:00,1.12476,1.13578,1.1209500000000001,1.13368,151216,50,0
2015-06-18 00:00:00,1.13371,1.14365,1.13302,1.13584,163019,50,0
2015-06-19 00:00:00,1.13584,1.13983,1.1292,1.1348799999999999,126113,50,0
2015-06-22 00:00:00,1.1376,1.14104,1.13116,1.13402,134193,50,0
2015-06-23 00:00:00,1.13406,1.13474,1.1135,1.11674,152194,50,0
2015-06-24 00:00:00,1.11674,1.12345,1.11543,1.1204,146354,50,0
2015-06-25 00:00:00,1.1204,1.12276,1.11536,1.12033,124550,50,0
2015-06-26 00:00:00,1.1204,1.12198,1.11301,1.11621,119206,50,0
2015-06-29 00:00:00,1.1004,1.1278,1.09544,1.12355,214205,50,0
2015-06-30 00:00:00,1.12357,1.12436,1.11127,1.11456,172125,50,0
2015-07-01 00:00:00,1.1146,1.11713,1.10427,1.10526,133515,50,0
2015-07-02 00:00:00,1.10534,1.11213,1.10322,1.10837,129410,50,0
2015-07-03 00:00:00,1.10838,1.11177,1.10657,1.11055,98240,50,0
2015-07-06 00:00:00,1.09921,1.10954,1.09692,1.10556,159399,50,0
2015-07-07 00:00:00,1.10558,1.10588,1.09162,1.10106,167487,50,0
2015-07-08 00:00:00,1.10111,1.10926,1.0974,1.10759,172308,50,0
2015-07-09 00:00:00,1.1076,1.11249,1.09914,1.10356,147836,50,0
2015-07-10 00:00:00,1.1036,1.12158,1.10303,1.1153,162427,50,0
2015-07-13 00:00:00,1.10935,1.11968,1.09962,1.10007,148210,50,0
2015-07-14 00:00:00,1.10045,1.10836,1.0965799999999999,1.10081,136132,50,0
2015-07-15 00:00:00,1.10082,1.10356,1.09298,1.09481,133659,50,0
2015-07-16 00:00:00,1.09467,1.09625,1.08555,1.08745,132268,50,0
2015-07-17 00:00:00,1.08745,1.0907,1.08282,1.08282,107418,50,0
2015-07-20 00:00:00,1.08303,1.08701,1.08087,1.08249,104210,50,0
2015-07-21 00:00:00,1.0824799999999999,1.09686,1.08117,1.0934,126320,50,0
2015-07-22 00:00:00,1.09339,1.09665,1.08699,1.09286,124500,50,0
2015-07-23 00:00:00,1.09286,1.10183,1.09217,1.09845,129048,50,0
2015-07-24 00:00:00,1.09845,1.09957,1.09253,1.0982,107137,50,0
2015-07-27 00:00:00,1.09813,1.11293,1.09689,1.10878,126208,50,0
2015-07-28 00:00:00,1.10884,1.10995,1.10221,1.106,109866,50,0
2015-07-29 00:00:00,1.10597,1.10838,1.0967,1.09833,115969,50,0
2015-07-30 00:00:00,1.09837,1.09895,1.08932,1.0931899999999999,116835,50,0
2015-07-31 00:00:00,1.09323,1.11141,1.09211,1.09836,135484,50,0
2015-08-03 00:00:00,1.09706,1.09958,1.09412,1.09498,108510,50,0
2015-08-04 00:00:00,1.09495,1.09875,1.0879,1.08809,116235,50,0
2015-08-05 00:00:00,1.08808,1.09329,1.08479,1.09056,119447,50,0
2015-08-06 00:00:00,1.09056,1.09435,1.0873599999999999,1.0925,103728,50,0
2015-08-07 00:00:00,1.09247,1.09783,1.08552,1.09659,116409,50,0
2015-08-10 00:00:00,1.09636,1.10414,1.09254,1.10186,97573,50,0
2015-08-11 00:00:00,1.1019,1.10882,1.09605,1.10416,138041,50,0
2015-08-12 00:00:00,1.10417,1.12135,1.10246,1.11575,142500,50,0
2015-08-13 00:00:00,1.11573,1.11888,1.108,1.11498,115683,50,0
2015-08-14 00:00:00,1.1149,1.11887,1.10979,1.11072,105251,50,0
2015-08-17 00:00:00,1.1115,1.11249,1.10586,1.10764,94992,50,0
2015-08-18 00:00:00,1.10768,1.10937,1.10175,1.1021,90499,50,0
2015-08-19 00:00:00,1.10218,1.11343,1.1018,1.11194,117276,50,0
2015-08-20 00:00:00,1.11194,1.12447,1.1107,1.12414,125841,50,0
2015-08-21 00:00:00,1.12411,1.13883,1.12292,1.13852,156976,50,0
2015-08-24 00:00:00,1.1376,1.17139,1.13694,1.16184,261346,50,0
2015-08-25 00:00:00,1.16184,1.16218,1.13969,1.15164,225504,50,0
2015-08-26 00:00:00,1.15165,1.15614,1.12916,1.13131,224067,50,0
2015-08-27 00:00:00,1.13136,1.13645,1.1203,1.12457,170655,50,0
2015-08-28 00:00:00,1.12439,1.13097,1.1156,1.11799,139996,50,0
2015-08-31 00:00:00,1.117,1.12625,1.11693,1.12105,115787,50,0
2015-09-01 00:00:00,1.12098,1.13321,1.12081,1.1313,167011,50,0
2015-09-02 00:00:00,1.1313,1.13195,1.12164,1.12269,146328,50,0
2015-09-03 00:00:00,1.12269,1.12432,1.10873,1.11231,137225,50,0
2015-09-04 00:00:00,1.1123,1.1187,1.10895,1.11398,141542,50,0
2015-09-07 00:00:00,1.1162,1.11777,1.11213,1.1169,94452,50,0
2015-09-08 00:00:00,1.1169,1.12294,1.11526,1.12015,126527,50,0
2015-09-09 00:00:00,1.12014,1.12163,1.11317,1.12065,135353,50,0
2015-09-10 00:00:00,1.12068,1.12953,1.11718,1.12795,155271,50,0
2015-09-11 00:00:00,1.1278299999999999,1.13494,1.12541,1.13344,132393,50,0
2015-09-14 00:00:00,1.13307,1.13731,1.12837,1.13157,100389,50,0
2015-09-15 00:00:00,1.13158,1.13287,1.12589,1.1268,111458,50,0
2015-09-16 00:00:00,1.1268,1.13205,1.12141,1.12893,107581,50,0
2015-09-17 00:00:00,1.12893,1.14412,1.12846,1.14343,135306,50,0
2015-09-18 00:00:00,1.14347,1.14601,1.12694,1.12998,143341,50,0
2015-09-21 00:00:00,1.12835,1.13301,1.11812,1.11892,114428,50,0
2015-09-22 00:00:00,1.11891,1.12075,1.11133,1.11194,116240,50,0
2015-09-23 00:00:00,1.1118999999999999,1.12136,1.11051,1.11856,121615,50,0
2015-09-24 00:00:00,1.11852,1.12959,1.11644,1.12292,141137,50,0
2015-09-25 00:00:00,1.12292,1.12306,1.11162,1.1191200000000001,141074,50,0
2015-09-28 00:00:00,1.1183,1.12476,1.11467,1.12442,134224,50,0
2015-09-29 00:00:00,1.12437,1.12814,1.11938,1.12483,139052,50,0
2015-09-30 00:00:00,1.12483,1.12613,1.11573,1.11758,120790,50,0
2015-10-01 00:00:00,1.11757,1.12091,1.11351,1.11938,111308,50,0
2015-10-02 00:00:00,1.11938,1.13184,1.11504,1.12098,140625,50,0
2015-10-05 00:00:00,1.12195,1.12893,1.11736,1.11862,128306,50,0
2015-10-06 00:00:00,1.1186,1.12795,1.11719,1.12703,113469,50,0
2015-10-07 00:00:00,1.12705,1.12842,1.12113,1.12372,123330,50,0
2015-10-08 00:00:00,1.12372,1.13272,1.12345,1.12755,117436,50,0
2015-10-09 00:00:00,1.12748,1.13871,1.12671,1.13573,121344,50,0
2015-10-12 00:00:00,1.13602,1.13968,1.13552,1.13578,74258,50,0
2015-10-13 00:00:00,1.13578,1.1411,1.13442,1.13787,102686,50,0
2015-10-14 00:00:00,1.13787,1.1489,1.13774,1.14735,115352,50,0
2015-10-15 00:00:00,1.14733,1.14951,1.13631,1.13856,128051,50,0
2015-10-16 00:00:00,1.13862,1.1396,1.13342,1.1344,106159,50,0
2015-10-19 00:00:00,1.13558,1.1379,1.13058,1.13259,95532,50,0
2015-10-20 00:00:00,1.13257,1.1387,1.13239,1.13448,91392,50,0
2015-10-21 00:00:00,1.13461,1.13773,1.13342,1.13385,90730,50,0
2015-10-22 00:00:00,1.13384,1.13511,1.11002,1.1108500000000001,138236,50,0
2015-10-23 00:00:00,1.1108500000000001,1.11398,1.09965,1.10161,146940,50,0
2015-10-26 00:00:00,1.10002,1.10682,1.10002,1.10576,105043,50,0
2015-10-27 00:00:00,1.1057,1.10786,1.10302,1.10501,101804,50,0
2015-10-28 00:00:00,1.10499,1.10957,1.08969,1.09219,127752,50,0
2015-10-29 00:00:00,1.09216,1.0985800000000001,1.0903100000000001,1.09757,127578,50,0
2015-10-30 00:00:00,1.09762,1.10725,1.09655,1.10038,145195,50,0
2015-11-02 00:00:00,1.10353,1.10528,1.10003,1.1015,97268,50,0
2015-11-03 00:00:00,1.1015,1.10301,1.09363,1.09629,101276,50,0
2015-11-04 00:00:00,1.09623,1.09678,1.08441,1.08643,121832,50,0
2015-11-05 00:00:00,1.08638,1.08973,1.08335,1.08836,120263,50,0
2015-11-06 00:00:00,1.08832,1.08937,1.07068,1.0737,123007,50,0
2015-11-09 00:00:00,1.07285,1.07901,1.07196,1.07512,118402,50,0
2015-11-10 00:00:00,1.07508,1.0764,1.06742,1.07241,115201,50,0
2015-11-11 00:00:00,1.07233,1.07736,1.07057,1.07423,101863,50,0
2015-11-12 00:00:00,1.07412,1.08302,1.06911,1.08125,148389,50,0
2015-11-13 00:00:00,1.08124,1.0817,1.0714,1.07691,130036,50,0
2015-11-16 00:00:00,1.074,1.0758,1.06746,1.06859,119240,50,0
2015-11-17 00:00:00,1.06859,1.06906,1.06307,1.06419,123329,50,0
2015-11-18 00:00:00,1.06419,1.06924,1.0617,1.0659,109515,50,0
2015-11-19 00:00:00,1.06588,1.07629,1.06554,1.07332,131397,50,0
2015-11-20 00:00:00,1.07328,1.07382,1.06401,1.06456,113751,50,0
2015-11-23 00:00:00,1.06382,1.06567,1.05939,1.06366,109509,50,0
2015-11-24 00:00:00,1.06366,1.06732,1.06197,1.06427,113422,50,0
2015-11-25 00:00:00,1.06423,1.06892,1.05661,1.06239,130610,50,0
2015-11-26 00:00:00,1.06239,1.06274,1.06,1.06097,67281,50,0
2015-11-27 00:00:00,1.06097,1.0638,1.05685,1.05886,82909,50,0
2015-11-30 00:00:00,1.05886,1.0594999999999999,1.05577,1.05639,90101,50,0
2015-12-01 00:00:00,1.05638,1.0637,1.05628,1.06318,106074,50,0
2015-12-02 00:00:00,1.06314,1.06363,1.05507,1.06128,117455,50,0
2015-12-03 00:00:00,1.06128,1.09811,1.05225,1.0939,180718,50,0
2015-12-04 00:00:00,1.09383,1.09561,1.0836,1.08748,174016,50,0
2015-12-07 00:00:00,1.08703,1.08875,1.0796000000000001,1.08366,104598,50,0
2015-12-08 00:00:00,1.08363,1.09024,1.08302,1.08916,115873,50,0
2015-12-09 00:00:00,1.08907,1.10427,1.08791,1.10243,140404,50,0
2015-12-10 00:00:00,1.10238,1.10244,1.09256,1.09405,124563,50,0
2015-12-11 00:00:00,1.09405,1.10307,1.09266,1.09808,142537,50,0
2015-12-14 00:00:00,1.09834,1.1048499999999999,1.09455,1.09913,147939,50,0
2015-12-15 00:00:00,1.09909,1.10596,1.09046,1.09283,136076,50,0
2015-12-16 00:00:00,1.09286,1.10113,1.08879,1.0911,159115,50,0
2015-12-17 00:00:00,1.09105,1.09138,1.08025,1.08254,133006,50,0
2015-12-18 00:00:00,1.08252,1.08744,1.08048,1.08628,144246,50,0
2015-12-21 00:00:00,1.08521,1.09388,1.0848,1.09138,108656,50,0
2015-12-22 00:00:00,1.09137,1.0984,1.09024,1.09559,98836,50,0
2015-12-23 00:00:00,1.09558,1.09569,1.08699,1.0911,81679,50,0
2015-12-24 00:00:00,1.09109,1.0967500000000001,1.09035,1.09524,47939,50,0
2015-12-28 00:00:00,1.09392,1.09925,1.09392,1.0967,60183,50,0
2015-12-29 00:00:00,1.0967,1.09917,1.08992,1.09196,71094,50,0
2015-12-30 00:00:00,1.09189,1.09437,1.09019,1.09318,75694,50,0
2015-12-31 00:00:00,1.09314,1.09372,1.08529,1.08656,54048,50,0
2016-01-04 00:00:00,1.08702,1.09464,1.07811,1.08295,130294,50,0
2016-01-05 00:00:00,1.08296,1.08388,1.07106,1.07469,105307,50,0
2016-01-06 00:00:00,1.07468,1.07995,1.07147,1.07802,125430,50,0
2016-01-07 00:00:00,1.07798,1.09401,1.07711,1.09294,154091,50,0
2016-01-08 00:00:00,1.09288,1.09335,1.08032,1.0919,161639,50,0
2016-01-11 00:00:00,1.09191,1.09697,1.08476,1.08588,129673,50,0
2016-01-12 00:00:00,1.08587,1.09001,1.08196,1.08565,125055,50,0
2016-01-13 00:00:00,1.08565,1.08876,1.08048,1.08764,132919,50,0
2016-01-14 00:00:00,1.08763,1.0943100000000001,1.08345,1.08643,153182,50,0
2016-01-15 00:00:00,1.08639,1.09845,1.08544,1.09113,164930,50,0
2016-01-18 00:00:00,1.09189,1.09277,1.0869,1.08908,96319,50,0
2016-01-19 00:00:00,1.08908,1.09388,1.08592,1.09069,117881,50,0
2016-01-20 00:00:00,1.09069,1.09759,1.08772,1.08883,157648,50,0
2016-01-21 00:00:00,1.08889,1.09214,1.07778,1.08732,186306,50,0
2016-01-22 00:00:00,1.08732,1.08765,1.07893,1.07895,135282,50,0
2016-01-25 00:00:00,1.07913,1.08568,1.07892,1.0848,106454,50,0
2016-01-26 00:00:00,1.08478,1.08742,1.08188,1.08692,106751,50,0
2016-01-27 00:00:00,1.08692,1.09163,1.08507,1.08931,127170,50,0
2016-01-28 00:00:00,1.08916,1.0967500000000001,1.08696,1.09388,122209,50,0
2016-01-29 00:00:00,1.09388,1.09486,1.08099,1.08307,162222,50,0
2016-02-01 00:00:00,1.0831,1.09127,1.08146,1.08878,107090,50,0
2016-02-02 00:00:00,1.08878,1.09399,1.0884,1.09183,110252,50,0
2016-02-03 00:00:00,1.09165,1.11454,1.09037,1.11029,163625,50,0
2016-02-04 00:00:00,1.11029,1.12389,1.10694,1.12073,184162,50,0
2016-02-05 00:00:00,1.12071,1.12462,1.11087,1.11529,159514,50,0
2016-02-08 00:00:00,1.11433,1.12158,1.10864,1.11926,156621,50,0
2016-02-09 00:00:00,1.11921,1.13378,1.11623,1.12923,206344,50,0
2016-02-10 00:00:00,1.12904,1.13114,1.11603,1.1289500000000001,212964,50,0
2016-02-11 00:00:00,1.1289500000000001,1.13763,1.1273900000000001,1.13223,251614,50,0
2016-02-12 00:00:00,1.13223,1.13336,1.12141,1.12526,185370,50,0
2016-02-15 00:00:00,1.12339,1.12496,1.11278,1.11546,125419,50,0
2016-02-16 00:00:00,1.11533,1.11929,1.11241,1.11437,146519,50,0
2016-02-17 00:00:00,1.11411,1.11791,1.11061,1.11266,147843,50,0
2016-02-18 00:00:00,1.11267,1.1149499999999999,1.1071,1.11058,142073,50,0
2016-02-19 00:00:00,1.11058,1.11391,1.10667,1.1126,139850,50,0
2016-02-22 00:00:00,1.11166,1.11246,1.10032,1.10289,123487,50,0
2016-02-23 00:00:00,1.10287,1.10526,1.099,1.1019,138577,50,0
2016-02-24 00:00:00,1.10188,1.1046,1.09574,1.10129,160383,50,0
2016-02-25 00:00:00,1.10126,1.105,1.09867,1.10176,140469,50,0
2016-02-26 00:00:00,1.10177,1.10682,1.09116,1.09246,142330,50,0
2016-02-29 00:00:00,1.09123,1.09624,1.08592,1.08724,128278,50,0
2016-03-01 00:00:00,1.08725,1.08934,1.08341,1.08663,119618,50,0
2016-03-02 00:00:00,1.08653,1.08809,1.08255,1.08681,110065,50,0
2016-03-03 00:00:00,1.08683,1.09727,1.08536,1.09565,120535,50,0
2016-03-04 00:00:00,1.09566,1.10433,1.0903100000000001,1.10028,145707,50,0
2016-03-07 00:00:00,1.09906,1.10257,1.094,1.1014,109239,50,0
2016-03-08 00:00:00,1.10134,1.10578,1.09935,1.10106,129319,50,0
2016-03-09 00:00:00,1.10106,1.10347,1.09459,1.09991,122182,50,0
2016-03-10 00:00:00,1.09986,1.12177,1.0822,1.11772,193874,50,0
2016-03-11 00:00:00,1.11772,1.12096,1.10802,1.11528,150515,50,0
2016-03-14 00:00:00,1.11361,1.11761,1.10778,1.11019,110894,50,0
2016-03-15 00:00:00,1.11013,1.11249,1.10718,1.11087,114046,50,0
2016-03-16 00:00:00,1.11084,1.12423,1.1058,1.12237,131635,50,0
2016-03-17 00:00:00,1.12237,1.13424,1.12053,1.13179,154503,50,0
2016-03-18 00:00:00,1.13178,1.13369,1.12559,1.1268799999999999,118262,50,0
2016-03-21 00:00:00,1.12623,1.12847,1.12343,1.12415,101689,50,0
2016-03-22 00:00:00,1.12413,1.12599,1.11883,1.12163,119284,50,0
2016-03-23 00:00:00,1.12171,1.12233,1.11593,1.11813,102475,50,0
2016-03-24 00:00:00,1.11813,1.11876,1.11441,1.11747,95909,50,0
2016-03-25 00:00:00,1.11748,1.11808,1.11537,1.11623,36059,50,0
2016-03-28 00:00:00,1.11619,1.12199,1.11529,1.11946,46863,50,0
2016-03-29 00:00:00,1.11954,1.13032,1.11689,1.12903,124096,50,0
2016-03-30 00:00:00,1.12902,1.13654,1.12835,1.1337,134951,50,0
2016-03-31 00:00:00,1.13371,1.14119,1.13101,1.13786,132240,50,0
2016-04-01 00:00:00,1.13784,1.14379,1.13348,1.13849,143663,50,0
2016-04-04 00:00:00,1.14008,1.14126,1.13574,1.13886,107820,50,0
2016-04-05 00:00:00,1.13891,1.14051,1.1335899999999999,1.13831,127939,50,0
2016-04-06 00:00:00,1.13831,1.14316,1.13265,1.13989,133856,50,0
2016-04-07 00:00:00,1.13989,1.14539,1.13375,1.13769,147128,50,0
2016-04-08 00:00:00,1.1377,1.14192,1.13489,1.13953,116630,50,0
2016-04-11 00:00:00,1.14163,1.14468,1.1372200000000001,1.14058,102535,50,0
2016-04-12 00:00:00,1.14057,1.1464699999999999,1.13457,1.1386,116278,50,0
2016-04-13 00:00:00,1.13861,1.13912,1.12682,1.12732,123657,50,0
2016-04-14 00:00:00,1.12732,1.12947,1.12338,1.12674,115668,50,0
2016-04-15 00:00:00,1.12674,1.1317,1.12457,1.12802,96592,50,0
2016-04-18 00:00:00,1.13012,1.1332,1.12737,1.13122,98568,50,0
2016-04-19 00:00:00,1.1311499999999999,1.13846,1.13034,1.13572,98749,50,0
2016-04-20 00:00:00,1.13571,1.13878,1.1290499999999999,1.12961,105838,50,0
2016-04-21 00:00:00,1.12961,1.13985,1.12698,1.1287,131313,50,0
2016-04-22 00:00:00,1.12879,1.13086,1.12181,1.12285,121451,50,0
2016-04-25 00:00:00,1.12176,1.12781,1.12176,1.12669,105186,50,0
2016-04-26 00:00:00,1.12633,1.13395,1.12563,1.12953,109625,50,0
2016-04-27 00:00:00,1.12972,1.13612,1.12718,1.13199,116290,50,0
2016-04-28 00:00:00,1.13202,1.13678,1.12962,1.13514,142956,50,0
2016-04-29 00:00:00,1.13514,1.14593,1.13471,1.1445400000000001,142047,50,0
2016-05-02 00:00:00,1.14602,1.15359,1.14482,1.15339,108315,50,0
2016-05-03 00:00:00,1.15343,1.16163,1.14956,1.14962,128070,50,0
2016-05-04 00:00:00,1.14961,1.15294,1.14668,1.14862,131645,50,0
2016-05-05 00:00:00,1.14863,1.14937,1.13858,1.14051,105628,50,0
2016-05-06 00:00:00,1.14048,1.14796,1.13865,1.14032,118895,50,0
2016-05-09 00:00:00,1.13954,1.14197,1.13753,1.13828,101414,50,0
2016-05-10 00:00:00,1.13827,1.1409799999999999,1.13587,1.1372,99087,50,0
2016-05-11 00:00:00,1.13718,1.14465,1.13689,1.1426,91298,50,0
2016-05-12 00:00:00,1.1426,1.14291,1.13706,1.13756,96276,50,0
2016-05-13 00:00:00,1.13757,1.13798,1.12829,1.1307,116359,50,0
2016-05-16 00:00:00,1.13114,1.13422,1.13022,1.13192,81621,50,0
2016-05-17 00:00:00,1.1320000000000001,1.13487,1.13018,1.13123,91596,50,0
2016-05-18 00:00:00,1.13124,1.13159,1.12141,1.12163,107862,50,0
2016-05-19 00:00:00,1.12155,1.12298,1.11799,1.12026,106653,50,0
2016-05-20 00:00:00,1.12026,1.12372,1.11962,1.1222,79950,50,0
2016-05-23 00:00:00,1.12085,1.12428,1.11874,1.1219999999999999,87082,50,0
2016-05-24 00:00:00,1.1219999999999999,1.12268,1.11324,1.11403,98966,50,0
2016-05-25 00:00:00,1.11404,1.1166800000000001,1.11287,1.11547,92727,50,0
2016-05-26 00:00:00,1.1155,1.12167,1.1149499999999999,1.11936,96996,50,0
2016-05-27 00:00:00,1.11934,1.12006,1.11107,1.11107,90508,50,0
2016-05-30 00:00:00,1.1113,1.11446,1.10979,1.11386,57290,50,0
2016-05-31 00:00:00,1.11382,1.11734,1.11221,1.11315,102263,50,0
2016-06-01 00:00:00,1.11313,1.11939,1.1114,1.11879,106805,50,0
2016-06-02 00:00:00,1.11878,1.1219999999999999,1.11452,1.11504,110465,50,0
2016-06-03 00:00:00,1.11503,1.13736,1.11368,1.13662,137389,50,0
2016-06-06 00:00:00,1.13559,1.13927,1.13258,1.13533,126202,50,0
2016-06-07 00:00:00,1.13536,1.13804,1.13387,1.13565,103753,50,0
2016-06-08 00:00:00,1.13567,1.14105,1.13544,1.1394,101212,50,0
2016-06-09 00:00:00,1.13933,1.14154,1.13055,1.13171,111664,50,0
2016-06-10 00:00:00,1.13164,1.13213,1.12453,1.12497,116948,50,0
2016-06-13 00:00:00,1.12493,1.13029,1.1232,1.12906,122367,50,0
2016-06-14 00:00:00,1.12907,1.12982,1.11888,1.12071,122623,50,0
2016-06-15 00:00:00,1.12072,1.12984,1.11897,1.12597,122705,50,0
2016-06-16 00:00:00,1.12597,1.12947,1.11308,1.12247,161133,50,0
2016-06-17 00:00:00,1.12241,1.12962,1.12227,1.1273900000000001,121564,50,0
2016-06-20 00:00:00,1.13311,1.13823,1.1302,1.13137,125692,50,0
2016-06-21 00:00:00,1.13136,1.13494,1.12414,1.12419,112052,50,0
2016-06-22 00:00:00,1.1242,1.13376,1.12366,1.12958,107664,50,0
2016-06-23 00:00:00,1.12958,1.14212,1.12948,1.13847,133145,50,0
2016-06-24 00:00:00,1.13847,1.1428,1.09118,1.10847,281003,50,0
2016-06-27 00:00:00,1.10068,1.10834,1.09707,1.10249,198285,50,0
2016-06-28 00:00:00,1.10247,1.11115,1.101,1.10633,139264,50,0
2016-06-29 00:00:00,1.10633,1.11303,1.10492,1.11231,135087,50,0
2016-06-30 00:00:00,1.11233,1.11544,1.10241,1.11063,154243,50,0
2016-07-01 00:00:00,1.1106,1.11692,1.10719,1.11282,119947,50,0
2016-07-04 00:00:00,1.1125,1.11595,1.10978,1.11532,69004,50,0
2016-07-05 00:00:00,1.11525,1.11862,1.10621,1.10753,103761,50,0
2016-07-06 00:00:00,1.10755,1.11114,1.10292,1.11005,136456,50,0
2016-07-07 00:00:00,1.11004,1.11072,1.10525,1.10614,111454,50,0
2016-07-08 00:00:00,1.10625,1.11203,1.10073,1.10476,111102,50,0
2016-07-11 00:00:00,1.10498,1.10745,1.10156,1.10575,106038,50,0
2016-07-12 00:00:00,1.10573,1.1126,1.1052,1.10601,115633,50,0
2016-07-13 00:00:00,1.10602,1.11198,1.1042,1.10891,111930,50,0
2016-07-14 00:00:00,1.10891,1.11648,1.10876,1.11184,123109,50,0
2016-07-15 00:00:00,1.11187,1.11488,1.10245,1.10278,119050,50,0
2016-07-18 00:00:00,1.10459,1.1084,1.10373,1.10749,92402,50,0
2016-07-19 00:00:00,1.1075,1.10801,1.09998,1.1020699999999999,94037,50,0
2016-07-20 00:00:00,1.1020699999999999,1.10302,1.09812,1.10133,93439,50,0
2016-07-21 00:00:00,1.10132,1.10596,1.0979700000000001,1.10261,116056,50,0
2016-07-22 00:00:00,1.10261,1.10409,1.09554,1.09748,97424,50,0
2016-07-25 00:00:00,1.09709,1.09985,1.09518,1.09947,81885,50,0
2016-07-26 00:00:00,1.09946,1.10297,1.09782,1.09864,89191,50,0
2016-07-27 00:00:00,1.0986,1.10647,1.09613,1.10577,105839,50,0
2016-07-28 00:00:00,1.10575,1.11195,1.10519,1.1077,102268,50,0
2016-07-29 00:00:00,1.10776,1.1197300000000001,1.10728,1.11697,123146,50,0
2016-08-01 00:00:00,1.11724,1.11836,1.11552,1.11609,81393,50,0
2016-08-02 00:00:00,1.1161,1.12336,1.11582,1.12228,92275,50,0
2016-08-03 00:00:00,1.12228,1.12269,1.11406,1.11486,79984,50,0
2016-08-04 00:00:00,1.11482,1.11562,1.11137,1.11287,87862,50,0
2016-08-05 00:00:00,1.11289,1.11612,1.10457,1.10807,80834,50,0
2016-08-08 00:00:00,1.10797,1.11051,1.1072,1.10876,65971,50,0
2016-08-09 00:00:00,1.10875,1.11225,1.10704,1.11161,76495,50,0
2016-08-10 00:00:00,1.11169,1.11902,1.11125,1.11755,89468,50,0
2016-08-11 00:00:00,1.11748,1.11914,1.11351,1.11369,84567,50,0
2016-08-12 00:00:00,1.11367,1.12213,1.11311,1.11506,86252,50,0
2016-08-15 00:00:00,1.11689,1.12037,1.11536,1.11828,70453,50,0
2016-08-16 00:00:00,1.11828,1.13224,1.11773,1.12781,108743,50,0
2016-08-17 00:00:00,1.12781,1.13158,1.12406,1.12889,101900,50,0
2016-08-18 00:00:00,1.12889,1.13662,1.12842,1.1353900000000001,116306,50,0
2016-08-19 00:00:00,1.13538,1.13597,1.1304,1.13192,100746,50,0
2016-08-22 00:00:00,1.13093,1.13305,1.12709,1.13199,93699,50,0
2016-08-23 00:00:00,1.13197,1.1355,1.13031,1.13046,88705,50,0
2016-08-24 00:00:00,1.13043,1.13113,1.12451,1.1263,91631,50,0
2016-08-25 00:00:00,1.12628,1.12974,1.12591,1.12838,73244,50,0
2016-08-26 00:00:00,1.12826,1.13409,1.11809,1.11929,109874,50,0
2016-08-29 00:00:00,1.11782,1.12077,1.11579,1.11885,89446,50,0
2016-08-30 00:00:00,1.11884,1.11923,1.1132,1.11421,86040,50,0
2016-08-31 00:00:00,1.11417,1.11654,1.11231,1.11574,92802,50,0
2016-09-01 00:00:00,1.11574,1.12052,1.11275,1.11966,94062,50,0
2016-09-02 00:00:00,1.11963,1.1252,1.11504,1.11519,103890,50,0
2016-09-05 00:00:00,1.11578,1.11823,1.11397,1.11471,63112,50,0
2016-09-06 00:00:00,1.11466,1.1263,1.11408,1.12552,96023,50,0
2016-09-07 00:00:00,1.12551,1.12711,1.12289,1.12389,96991,50,0
2016-09-08 00:00:00,1.12389,1.1327,1.12345,1.12597,112144,50,0
2016-09-09 00:00:00,1.1259299999999999,1.12851,1.11984,1.12302,104191,50,0
2016-09-12 00:00:00,1.12362,1.12682,1.12103,1.12342,114952,50,0
2016-09-13 00:00:00,1.12342,1.12604,1.12039,1.12195,111789,50,0
2016-09-14 00:00:00,1.12195,1.1273900000000001,1.12104,1.1249,98363,50,0
2016-09-15 00:00:00,1.12488,1.12839,1.12191,1.12429,109708,50,0
2016-09-16 00:00:00,1.12429,1.12497,1.11494,1.11522,99551,50,0
2016-09-19 00:00:00,1.11532,1.11976,1.11508,1.11735,81062,50,0
2016-09-20 00:00:00,1.11735,1.12132,1.11498,1.11504,94390,50,0
2016-09-21 00:00:00,1.11502,1.11965,1.1123,1.11893,127791,50,0
2016-09-22 00:00:00,1.11886,1.12571,1.11847,1.12074,97711,50,0
2016-09-23 00:00:00,1.1207,1.12404,1.11937,1.12231,89800,50,0
2016-09-26 00:00:00,1.12297,1.1279,1.1221,1.12535,86654,50,0
2016-09-27 00:00:00,1.12535,1.12587,1.11908,1.12144,89799,50,0
2016-09-28 00:00:00,1.12143,1.12367,1.11817,1.12169,84794,50,0
2016-09-29 00:00:00,1.12169,1.12496,1.11967,1.12211,90606,50,0
2016-09-30 00:00:00,1.1221700000000001,1.1250499999999999,1.11532,1.12364,113381,50,0
2016-10-03 00:00:00,1.12285,1.12436,1.12052,1.12112,67480,50,0
2016-10-04 00:00:00,1.1211,1.12388,1.11379,1.12045,97387,50,0
2016-10-05 00:00:00,1.12046,1.12333,1.11896,1.12041,82329,50,0
2016-10-06 00:00:00,1.12041,1.12125,1.11399,1.11496,84475,50,0
2016-10-07 00:00:00,1.1149499999999999,1.12047,1.11043,1.11962,130443,50,0
2016-10-10 00:00:00,1.1179000000000001,1.12033,1.11313,1.11375,72757,50,0
2016-10-11 00:00:00,1.11375,1.11423,1.10488,1.10537,100519,50,0
2016-10-12 00:00:00,1.10536,1.10676,1.10044,1.10071,106952,50,0
2016-10-13 00:00:00,1.1007,1.10576,1.09854,1.10555,103127,50,0
2016-10-14 00:00:00,1.1055,1.10583,1.09703,1.09708,94556,50,0
2016-10-17 00:00:00,1.09686,1.10079,1.09637,1.09988,79651,50,0
2016-10-18 00:00:00,1.09987,1.10261,1.09699,1.09802,81375,50,0
2016-10-19 00:00:00,1.09802,1.10047,1.09549,1.09733,81223,50,0
2016-10-20 00:00:00,1.0973,1.10393,1.09157,1.09289,93800,50,0
2016-10-21 00:00:00,1.09288,1.09296,1.08593,1.08791,85279,50,0
2016-10-24 00:00:00,1.08824,1.08995,1.08594,1.08809,75626,50,0
2016-10-25 00:00:00,1.08811,1.09048,1.08508,1.08881,94460,50,0
2016-10-26 00:00:00,1.08878,1.09466,1.08742,1.09077,91663,50,0
2016-10-27 00:00:00,1.09077,1.0942,1.08826,1.08958,105152,50,0
2016-10-28 00:00:00,1.08956,1.09914,1.08929,1.09834,118185,50,0
2016-10-31 00:00:00,1.09916,1.09916,1.09356,1.09799,85452,50,0
2016-11-01 00:00:00,1.09803,1.10689,1.09598,1.1055,97594,50,0
2016-11-02 00:00:00,1.10551,1.11229,1.10494,1.10971,107644,50,0
2016-11-03 00:00:00,1.10968,1.11258,1.10596,1.11045,99699,50,0
2016-11-04 00:00:00,1.11039,1.11412,1.10797,1.11379,88142,50,0
2016-11-07 00:00:00,1.10528,1.111,1.10273,1.104,89729,50,0
2016-11-08 00:00:00,1.104,1.10669,1.10087,1.10244,84731,50,0
2016-11-09 00:00:00,1.1024,1.1299299999999999,1.0907,1.09086,298691,50,0
2016-11-10 00:00:00,1.09091,1.09533,1.08647,1.0890900000000001,167722,50,0
2016-11-11 00:00:00,1.08891,1.09233,1.08302,1.08495,151987,50,0
2016-11-14 00:00:00,1.08323,1.08407,1.0709,1.07371,171366,50,0
2016-11-15 00:00:00,1.07371,1.08162,1.0714,1.07222,136257,50,0
2016-11-16 00:00:00,1.07222,1.07594,1.06661,1.06904,123740,50,0
2016-11-17 00:00:00,1.06905,1.07455,1.06199,1.06251,125906,50,0
2016-11-18 00:00:00,1.06252,1.0642800000000001,1.05692,1.05865,143607,50,0
2016-11-21 00:00:00,1.05928,1.06491,1.0578400000000001,1.06272,132989,50,0
2016-11-22 00:00:00,1.06271,1.06578,1.05837,1.06253,118851,50,0
2016-11-23 00:00:00,1.06253,1.06435,1.0526,1.0552,119946,50,0
2016-11-24 00:00:00,1.05519,1.05853,1.0518,1.05519,108983,50,0
2016-11-25 00:00:00,1.05517,1.06273,1.05384,1.05801,130246,50,0
2016-11-28 00:00:00,1.06105,1.06855,1.05634,1.06138,132614,50,0
2016-11-29 00:00:00,1.06138,1.06542,1.05648,1.0649,116644,50,0
2016-11-30 00:00:00,1.06491,1.06665,1.05526,1.0588,141977,50,0
2016-12-01 00:00:00,1.05869,1.06685,1.05844,1.0662,138123,50,0
2016-12-02 00:00:00,1.06612,1.06897,1.06251,1.06569,122251,50,0
2016-12-05 00:00:00,1.06438,1.07964,1.05059,1.07639,181704,50,0
2016-12-06 00:00:00,1.07638,1.07853,1.06984,1.07173,105046,50,0
2016-12-07 00:00:00,1.07173,1.07682,1.07098,1.07525,85045,50,0
2016-12-08 00:00:00,1.07521,1.08732,1.05971,1.06141,139281,50,0
2016-12-09 00:00:00,1.06128,1.06298,1.05309,1.05577,98194,50,0
2016-12-12 00:00:00,1.05292,1.06517,1.05251,1.06341,99670,50,0
2016-12-13 00:00:00,1.06334,1.06671,1.06036,1.06239,89905,50,0
2016-12-14 00:00:00,1.06235,1.067,1.04965,1.05331,113875,50,0
2016-12-15 00:00:00,1.0533,1.05392,1.03663,1.04127,159033,50,0
2016-12-16 00:00:00,1.04123,1.04741,1.04008,1.04483,114425,50,0
2016-12-19 00:00:00,1.04384,1.04793,1.03925,1.04012,96482,50,0
2016-12-20 00:00:00,1.04018,1.04178,1.03521,1.03861,91568,50,0
2016-12-21 00:00:00,1.03862,1.04511,1.03823,1.04226,83110,50,0
2016-12-22 00:00:00,1.04226,1.04991,1.042,1.04354,90195,50,0
2016-12-23 00:00:00,1.04346,1.04687,1.04264,1.04519,59698,50,0
2016-12-26 00:00:00,1.04521,1.04634,1.04422,1.04616,47152,50,0
2016-12-27 00:00:00,1.04497,1.04632,1.04322,1.04545,54158,50,0
2016-12-28 00:00:00,1.04545,1.04795,1.03719,1.04111,73431,50,0
2016-12-29 00:00:00,1.04099,1.04936,1.04078,1.04874,89642,50,0
2016-12-30 00:00:00,1.04869,1.0653,1.04826,1.05206,130128,50,0
2017-01-02 00:00:00,1.0516,1.05205,1.0506199999999999,1.05068,5386,50,0
2017-01-03 00:00:00,1.04487,1.049,1.03402,1.0405,111162,50,0
2017-01-04 00:00:00,1.04051,1.04997,1.03897,1.04888,113596,50,0
2017-01-05 00:00:00,1.04867,1.06151,1.04805,1.0605,155372,50,0
2017-01-06 00:00:00,1.06041,1.06212,1.05248,1.05312,120613,50,0
2017-01-09 00:00:00,1.05283,1.05829,1.05107,1.05716,104269,50,0
2017-01-10 00:00:00,1.05733,1.06269,1.05507,1.05536,124634,50,0
2017-01-11 00:00:00,1.05525,1.06226,1.04537,1.05808,152717,50,0
2017-01-12 00:00:00,1.05808,1.06846,1.05712,1.06114,157582,50,0
2017-01-13 00:00:00,1.06113,1.06752,1.0596,1.06411,120884,50,0
2017-01-16 00:00:00,1.06061,1.06358,1.05789,1.0596,91162,50,0
2017-01-17 00:00:00,1.05949,1.0719400000000001,1.05938,1.07128,149846,50,0
2017-01-18 00:00:00,1.07134,1.07149,1.0628,1.06288,116618,50,0
2017-01-19 00:00:00,1.06273,1.06765,1.0589,1.06635,138765,50,0
2017-01-20 00:00:00,1.06639,1.07094,1.06251,1.07007,133928,50,0
2017-01-23 00:00:00,1.07007,1.0769,1.0694,1.07635,128102,50,0
2017-01-24 00:00:00,1.07633,1.07748,1.07202,1.07303,110946,50,0
2017-01-25 00:00:00,1.073,1.07697,1.07112,1.0746,110610,50,0
2017-01-26 00:00:00,1.07461,1.07656,1.06576,1.06818,115622,50,0
2017-01-27 00:00:00,1.06802,1.07248,1.06583,1.06964,103996,50,0
2017-01-30 00:00:00,1.07173,1.074,1.06202,1.06931,107195,50,0
2017-01-31 00:00:00,1.06923,1.08122,1.06845,1.07973,146510,50,0
2017-02-01 00:00:00,1.07971,1.08074,1.073,1.07683,122297,50,0
2017-02-02 00:00:00,1.07675,1.08287,1.07557,1.07578,127587,50,0
2017-02-03 00:00:00,1.07569,1.07975,1.07107,1.07855,122773,50,0
2017-02-06 00:00:00,1.07873,1.07903,1.07056,1.07487,111738,50,0
2017-02-07 00:00:00,1.07478,1.07498,1.0656,1.0682,111094,50,0
2017-02-08 00:00:00,1.06822,1.07139,1.06405,1.06978,113951,50,0
2017-02-09 00:00:00,1.06976,1.07095,1.06507,1.06544,107566,50,0
2017-02-10 00:00:00,1.06538,1.06676,1.06076,1.06406,108653,50,0
2017-02-13 00:00:00,1.06273,1.06583,1.05919,1.0597,96243,50,0
2017-02-14 00:00:00,1.05971,1.06332,1.05608,1.0576699999999999,111379,50,0
2017-02-15 00:00:00,1.05759,1.06092,1.05212,1.05998,118400,50,0
2017-02-16 00:00:00,1.0599,1.06792,1.05908,1.06725,118570,50,0
2017-02-17 00:00:00,1.06719,1.06765,1.06052,1.06152,100419,50,0
2017-02-20 00:00:00,1.06051,1.06329,1.06031,1.06106,70901,50,0
2017-02-21 00:00:00,1.06106,1.06153,1.05256,1.05354,86671,50,0
2017-02-22 00:00:00,1.05353,1.05738,1.04936,1.05583,103558,50,0
2017-02-23 00:00:00,1.05583,1.05951,1.05375,1.05815,91805,50,0
2017-02-24 00:00:00,1.05803,1.06178,1.05565,1.056,101380,50,0
2017-02-27 00:00:00,1.05619,1.06304,1.05515,1.05858,102369,50,0
2017-02-28 00:00:00,1.05856,1.06301,1.05689,1.0576699999999999,108226,50,0
2017-03-01 00:00:00,1.05758,1.05892,1.0514000000000001,1.05475,134251,50,0
2017-03-02 00:00:00,1.05473,1.05514,1.04948,1.05055,105653,50,0
2017-03-03 00:00:00,1.05052,1.06239,1.0501800000000001,1.06214,119687,50,0
2017-03-06 00:00:00,1.06094,1.06401,1.05746,1.05808,94352,50,0
2017-03-07 00:00:00,1.05795,1.06025,1.05584,1.05661,82252,50,0
2017-03-08 00:00:00,1.05662,1.05742,1.05348,1.05399,93725,50,0
2017-03-09 00:00:00,1.05396,1.06153,1.05251,1.05761,118571,50,0
2017-03-10 00:00:00,1.05751,1.06992,1.05724,1.06732,113967,50,0
2017-03-13 00:00:00,1.06754,1.07142,1.0652,1.0653,100596,50,0
2017-03-14 00:00:00,1.06532,1.06627,1.05999,1.06038,88559,50,0
2017-03-15 00:00:00,1.06037,1.07399,1.06031,1.07342,108514,50,0
2017-03-16 00:00:00,1.07342,1.07702,1.07056,1.07656,112623,50,0
2017-03-17 00:00:00,1.07656,1.07824,1.07274,1.07379,94492,50,0
2017-03-20 00:00:00,1.07331,1.07772,1.07251,1.07393,73092,50,0
2017-03-21 00:00:00,1.07392,1.08192,1.0719,1.08101,106183,50,0
2017-03-22 00:00:00,1.08098,1.08246,1.07759,1.07964,101850,50,0
2017-03-23 00:00:00,1.07968,1.08049,1.07679,1.07825,95704,50,0
2017-03-24 00:00:00,1.07829,1.08178,1.07603,1.0796000000000001,90661,50,0
2017-03-27 00:00:00,1.08351,1.0906,1.08273,1.08644,90099,50,0
2017-03-28 00:00:00,1.08644,1.0872600000000001,1.07988,1.08112,72453,50,0
2017-03-29 00:00:00,1.08116,1.08266,1.07399,1.0766,88366,50,0
2017-03-30 00:00:00,1.07659,1.07697,1.06719,1.06744,83266,50,0
2017-03-31 00:00:00,1.06738,1.07018,1.06515,1.06569,88805,50,0
2017-04-03 00:00:00,1.06584,1.06809,1.06423,1.06684,68307,50,0
2017-04-04 00:00:00,1.06684,1.0677,1.06355,1.06728,65868,50,0
2017-04-05 00:00:00,1.06719,1.0689,1.06348,1.06623,77560,50,0
2017-04-06 00:00:00,1.06624,1.0684,1.06288,1.06439,81118,50,0
2017-04-07 00:00:00,1.06441,1.06668,1.05806,1.05905,99108,50,0
2017-04-10 00:00:00,1.05874,1.06066,1.05697,1.05953,61216,50,0
2017-04-11 00:00:00,1.05945,1.06299,1.05785,1.06043,67729,50,0
2017-04-12 00:00:00,1.06042,1.0675,1.0588899999999999,1.06643,75841,50,0
2017-04-13 00:00:00,1.06636,1.06775,1.0609,1.0613,71665,50,0
2017-04-14 00:00:00,1.06129,1.06298,1.06058,1.06103,42098,50,0
2017-04-17 00:00:00,1.0614,1.06705,1.06027,1.06436,47972,50,0
2017-04-18 00:00:00,1.06436,1.0735999999999999,1.06372,1.07306,77674,50,0
2017-04-19 00:00:00,1.07306,1.0737,1.06998,1.07096,62987,50,0
2017-04-20 00:00:00,1.07089,1.07775,1.07087,1.07167,67040,50,0
2017-04-21 00:00:00,1.07165,1.0738,1.06823,1.07247,64398,50,0
2017-04-24 00:00:00,1.09181,1.0919699999999999,1.08208,1.08674,100135,50,0
2017-04-25 00:00:00,1.08668,1.09499,1.08514,1.0925,69444,50,0
2017-04-26 00:00:00,1.0925,1.09504,1.08557,1.0903100000000001,90045,50,0
2017-04-27 00:00:00,1.09039,1.09328,1.08517,1.08711,86886,50,0
2017-04-28 00:00:00,1.0871,1.09475,1.08569,1.08983,81437,50,0
2017-05-01 00:00:00,1.091,1.0924,1.0884,1.08979,45328,50,0
2017-05-02 00:00:00,1.08982,1.09331,1.08882,1.09287,65127,50,0
2017-05-03 00:00:00,1.09285,1.09369,1.08827,1.08847,75058,50,0
2017-05-04 00:00:00,1.08846,1.09871,1.08749,1.09842,87964,50,0
2017-05-05 00:00:00,1.09839,1.09996,1.09475,1.09992,84317,50,0
2017-05-08 00:00:00,1.10188,1.10215,1.09162,1.09235,90963,50,0
2017-05-09 00:00:00,1.09233,1.09335,1.08633,1.0873599999999999,86624,50,0
2017-05-10 00:00:00,1.08718,1.08981,1.08533,1.0866,76841,50,0
2017-05-11 00:00:00,1.08659,1.08928,1.0839,1.086,69365,50,0
2017-05-12 00:00:00,1.08601,1.09342,1.08555,1.09318,73167,50,0
2017-05-15 00:00:00,1.09292,1.09893,1.09226,1.09742,69917,50,0
2017-05-16 00:00:00,1.09741,1.10971,1.09717,1.10821,76620,50,0
2017-05-17 00:00:00,1.10803,1.1162,1.10803,1.11582,88983,50,0
2017-05-18 00:00:00,1.11566,1.11718,1.10756,1.11015,108005,50,0
2017-05-19 00:00:00,1.11014,1.12117,1.1096,1.12076,73495,50,0
2017-05-22 00:00:00,1.11949,1.12634,1.11613,1.12371,72870,50,0
2017-05-23 00:00:00,1.12349,1.12679,1.1175,1.11821,91490,50,0
2017-05-24 00:00:00,1.11811,1.12199,1.11684,1.12182,84120,50,0
2017-05-25 00:00:00,1.12167,1.12502,1.11936,1.12101,66243,50,0
2017-05-26 00:00:00,1.12085,1.12345,1.11604,1.11786,72050,50,0
2017-05-29 00:00:00,1.11686,1.11898,1.1161699999999999,1.11627,49533,50,0
2017-05-30 00:00:00,1.11621,1.12052,1.11093,1.11853,73325,50,0
2017-05-31 00:00:00,1.11835,1.12521,1.11644,1.1243,76050,50,0
2017-06-01 00:00:00,1.12421,1.1256599999999999,1.1202,1.12122,64139,50,0
2017-06-02 00:00:00,1.12123,1.1285,1.12049,1.12798,63318,50,0
2017-06-05 00:00:00,1.12708,1.12836,1.12342,1.12538,53040,50,0
2017-06-06 00:00:00,1.12516,1.1284,1.12403,1.1277,62521,50,0
2017-06-07 00:00:00,1.12753,1.12825,1.1204,1.1255600000000001,71665,50,0
2017-06-08 00:00:00,1.12547,1.12691,1.11945,1.12125,84380,50,0
2017-06-09 00:00:00,1.12121,1.12358,1.11664,1.11957,87919,50,0
2017-06-12 00:00:00,1.12056,1.12321,1.11919,1.12013,55119,50,0
2017-06-13 00:00:00,1.12012,1.12248,1.11853,1.12098,53437,50,0
2017-06-14 00:00:00,1.12083,1.1295600000000001,1.11929,1.12168,96071,50,0
2017-06-15 00:00:00,1.12155,1.12284,1.1132,1.11456,91215,50,0
2017-06-16 00:00:00,1.11431,1.12015,1.11384,1.11943,61573,50,0
2017-06-19 00:00:00,1.12059,1.12128,1.1143,1.11475,58858,50,0
2017-06-20 00:00:00,1.11483,1.11649,1.11188,1.1133,66680,50,0
2017-06-21 00:00:00,1.11306,1.1169,1.11272,1.11675,62068,50,0
2017-06-22 00:00:00,1.11674,1.11778,1.11393,1.11507,56608,50,0
2017-06-23 00:00:00,1.11519,1.12087,1.1145100000000001,1.11926,48327,50,0
2017-06-26 00:00:00,1.11982,1.12197,1.11718,1.11808,63477,50,0
2017-06-27 00:00:00,1.11806,1.13492,1.11788,1.13368,95610,50,0
2017-06-28 00:00:00,1.13377,1.13906,1.12912,1.13768,117820,50,0
2017-06-29 00:00:00,1.13754,1.14453,1.1374,1.1440299999999999,105646,50,0
2017-06-30 00:00:00,1.14375,1.14452,1.1392,1.142,110039,50,0
2017-07-03 00:00:00,1.14151,1.14267,1.1355,1.13636,75560,50,0
2017-07-04 00:00:00,1.13644,1.13768,1.1335899999999999,1.13416,79698,50,0
2017-07-05 00:00:00,1.13422,1.13685,1.13124,1.13512,90835,50,0
2017-07-06 00:00:00,1.13496,1.14247,1.13297,1.14228,88774,50,0
2017-07-07 00:00:00,1.14206,1.14397,1.13794,1.1400000000000001,94663,50,0
2017-07-10 00:00:00,1.13964,1.14181,1.13816,1.13987,63409,50,0
2017-07-11 00:00:00,1.13964,1.14795,1.13827,1.1467,80896,50,0
2017-07-12 00:00:00,1.14626,1.14893,1.13916,1.14111,100608,50,0
2017-07-13 00:00:00,1.14102,1.14558,1.13703,1.13972,93819,50,0
2017-07-14 00:00:00,1.13948,1.14716,1.13913,1.14667,83858,50,0
2017-07-17 00:00:00,1.14673,1.14869,1.14347,1.14786,83045,50,0
2017-07-18 00:00:00,1.14749,1.15832,1.14714,1.1553,120838,50,0
2017-07-19 00:00:00,1.15513,1.1556,1.15099,1.15143,86764,50,0
2017-07-20 00:00:00,1.1510799999999999,1.1658,1.14791,1.16303,132865,50,0
2017-07-21 00:00:00,1.16271,1.16826,1.16191,1.16632,102408,50,0
2017-07-24 00:00:00,1.16626,1.16841,1.16258,1.16402,91657,50,0
2017-07-25 00:00:00,1.16411,1.1712,1.16307,1.16458,111391,50,0
2017-07-26 00:00:00,1.16436,1.17398,1.16125,1.17333,112393,50,0
2017-07-27 00:00:00,1.17324,1.17766,1.165,1.16753,132010,50,0
2017-07-28 00:00:00,1.1673499999999999,1.17639,1.16711,1.17488,113612,50,0
2017-07-31 00:00:00,1.17483,1.18452,1.17231,1.18414,104561,50,0
2017-08-01 00:00:00,1.18381,1.18441,1.17852,1.18012,109587,50,0
2017-08-02 00:00:00,1.17978,1.191,1.17934,1.18553,109813,50,0
2017-08-03 00:00:00,1.18523,1.1893,1.18305,1.18678,103370,50,0
2017-08-04 00:00:00,1.18667,1.18891,1.17281,1.17724,109552,50,0
2017-08-07 00:00:00,1.17708,1.18138,1.1769,1.17947,89487,50,0
2017-08-08 00:00:00,1.1791800000000001,1.18237,1.1715,1.17519,88567,50,0
2017-08-09 00:00:00,1.17485,1.17637,1.16887,1.17584,112104,50,0
2017-08-10 00:00:00,1.17544,1.17848,1.17041,1.17716,106672,50,0
2017-08-11 00:00:00,1.1769,1.18471,1.17485,1.1820599999999999,94385,50,0
2017-08-14 00:00:00,1.182,1.18383,1.17697,1.17795,90410,50,0
2017-08-15 00:00:00,1.17751,1.17924,1.1687,1.17339,100842,50,0
2017-08-16 00:00:00,1.1732,1.17784,1.1681300000000001,1.17664,116043,50,0
2017-08-17 00:00:00,1.17628,1.17899,1.16622,1.17231,130169,50,0
2017-08-18 00:00:00,1.17193,1.17744,1.17083,1.17581,103368,50,0
2017-08-21 00:00:00,1.17565,1.18279,1.17309,1.18141,69407,50,0
2017-08-22 00:00:00,1.18114,1.18241,1.1745,1.17617,91967,50,0
2017-08-23 00:00:00,1.1761,1.18232,1.17401,1.18067,101476,50,0
2017-08-24 00:00:00,1.18067,1.18176,1.1784,1.17993,97275,50,0
2017-08-25 00:00:00,1.18,1.19416,1.17732,1.19215,121921,50,0
2017-08-28 00:00:00,1.19414,1.19836,1.19168,1.19784,97477,50,0
2017-08-29 00:00:00,1.19774,1.20702,1.1945999999999999,1.19726,156783,50,0
2017-08-30 00:00:00,1.1969,1.1984,1.18802,1.18824,119708,50,0
2017-08-31 00:00:00,1.18799,1.19127,1.18231,1.19089,121618,50,0
2017-09-01 00:00:00,1.19049,1.19796,1.18502,1.1861,123006,50,0
2017-09-04 00:00:00,1.18766,1.1922,1.18716,1.18921,147696,50,0
2017-09-05 00:00:00,1.18911,1.19405,1.18682,1.1912099999999999,134913,50,0
2017-09-06 00:00:00,1.19081,1.19502,1.19029,1.19165,128124,50,0
2017-09-07 00:00:00,1.19138,1.20595,1.19134,1.20215,141029,50,0
2017-09-08 00:00:00,1.20194,1.20924,1.20147,1.20317,154659,50,0
2017-09-11 00:00:00,1.20204,1.20294,1.19478,1.19526,100181,50,0
2017-09-12 00:00:00,1.19505,1.19782,1.19263,1.19664,108137,50,0
2017-09-13 00:00:00,1.1966,1.19947,1.18729,1.18854,106056,50,0
2017-09-14 00:00:00,1.18818,1.1922,1.1838,1.19181,120206,50,0
2017-09-15 00:00:00,1.19181,1.19866,1.1901,1.19451,131525,50,0
2017-09-18 00:00:00,1.19279,1.19693,1.19149,1.19537,99576,50,0
2017-09-19 00:00:00,1.19498,1.20063,1.19497,1.1994,118823,50,0
2017-09-20 00:00:00,1.19935,1.2021600000000001,1.18613,1.1892800000000001,119501,50,0
2017-09-21 00:00:00,1.18908,1.19537,1.18656,1.19411,127005,50,0
2017-09-22 00:00:00,1.19395,1.20045,1.19349,1.1945999999999999,109336,50,0
2017-09-25 00:00:00,1.18983,1.1936499999999999,1.18319,1.18488,120419,50,0
2017-09-26 00:00:00,1.18465,1.18614,1.17578,1.17924,121751,50,0
2017-09-27 00:00:00,1.17913,1.17953,1.1717,1.17443,123180,50,0
2017-09-28 00:00:00,1.17433,1.18039,1.17211,1.17869,120522,50,0
2017-09-29 00:00:00,1.17839,1.18324,1.17725,1.18138,105166,50,0
2017-10-02 00:00:00,1.17921,1.18149,1.17302,1.17316,99233,50,0
2017-10-03 00:00:00,1.17313,1.17729,1.16961,1.17436,96196,50,0
2017-10-04 00:00:00,1.17422,1.17876,1.17348,1.17595,96409,50,0
2017-10-05 00:00:00,1.17595,1.17789,1.16991,1.17095,93430,50,0
2017-10-06 00:00:00,1.1710099999999999,1.17387,1.16694,1.17319,113302,50,0
2017-10-09 00:00:00,1.17356,1.1756,1.17195,1.17402,60953,50,0
2017-10-10 00:00:00,1.1739,1.18253,1.17389,1.1808,101512,50,0
2017-10-11 00:00:00,1.18066,1.18691,1.1795200000000001,1.18586,110310,50,0
2017-10-12 00:00:00,1.18571,1.18797,1.1827,1.183,78993,50,0
2017-10-13 00:00:00,1.18286,1.18751,1.18052,1.18192,80968,50,0
2017-10-16 00:00:00,1.181,1.18194,1.17804,1.17956,67512,50,0
2017-10-17 00:00:00,1.1795,1.18,1.17361,1.17658,71965,50,0
2017-10-18 00:00:00,1.17653,1.18053,1.17301,1.17866,74534,50,0
2017-10-19 00:00:00,1.1786699999999999,1.18578,1.1768,1.18512,87820,50,0
2017-10-20 00:00:00,1.18497,1.18579,1.1762299999999999,1.1779,91903,50,0
2017-10-23 00:00:00,1.1762,1.17773,1.17249,1.17489,70908,50,0
2017-10-24 00:00:00,1.1748,1.17927,1.17428,1.176,74001,50,0
2017-10-25 00:00:00,1.17594,1.18176,1.1753,1.18123,92193,50,0
2017-10-26 00:00:00,1.18124,1.18366,1.16403,1.16519,80180,50,0
2017-10-27 00:00:00,1.16519,1.16572,1.1574,1.1608100000000001,84900,50,0
2017-10-30 00:00:00,1.16023,1.1657899999999999,1.15936,1.16513,76795,50,0
2017-10-31 00:00:00,1.16483,1.16612,1.16251,1.16454,73711,50,0
2017-11-01 00:00:00,1.16439,1.16572,1.16063,1.16187,77362,50,0
2017-11-02 00:00:00,1.16165,1.16872,1.1613,1.16582,86909,50,0
2017-11-03 00:00:00,1.16563,1.169,1.15991,1.16079,70123,50,0
2017-11-06 00:00:00,1.1611,1.16241,1.15802,1.16093,71479,50,0
2017-11-07 00:00:00,1.16066,1.16153,1.1553200000000001,1.1586400000000001,77170,50,0
2017-11-08 00:00:00,1.15846,1.16109,1.1579,1.15946,74240,50,0
2017-11-09 00:00:00,1.1592500000000001,1.16548,1.15856,1.16408,87759,50,0
2017-11-10 00:00:00,1.16389,1.16779,1.16227,1.16636,72576,50,0
2017-11-13 00:00:00,1.16546,1.1675,1.16374,1.16657,57913,50,0
2017-11-14 00:00:00,1.1665,1.18047,1.16614,1.17977,73020,50,0
2017-11-15 00:00:00,1.17953,1.1859899999999999,1.17847,1.17914,91377,50,0
2017-11-16 00:00:00,1.1789100000000001,1.18008,1.17568,1.17675,80365,50,0
2017-11-17 00:00:00,1.17679,1.18216,1.17652,1.17882,82963,50,0
2017-11-20 00:00:00,1.17849,1.18085,1.17221,1.17327,87361,50,0
2017-11-21 00:00:00,1.1730800000000001,1.17576,1.1712799999999999,1.17379,64966,50,0
2017-11-22 00:00:00,1.17358,1.1827,1.17314,1.18221,69282,50,0
2017-11-23 00:00:00,1.1816,1.1856,1.18132,1.18474,51634,50,0
2017-11-24 00:00:00,1.18466,1.19443,1.18368,1.19317,62187,50,0
2017-11-27 00:00:00,1.19268,1.19611,1.18956,1.1898,68985,50,0
2017-11-28 00:00:00,1.18903,1.192,1.1827,1.1838899999999999,84472,50,0
2017-11-29 00:00:00,1.18344,1.18828,1.18174,1.18471,83981,50,0
2017-11-30 00:00:00,1.18442,1.19314,1.18089,1.19034,91033,50,0
2017-12-01 00:00:00,1.19003,1.19403,1.18509,1.18978,105916,50,0
2017-12-04 00:00:00,1.18611,1.18784,1.1829399999999999,1.18648,82679,50,0
2017-12-05 00:00:00,1.1864,1.18766,1.18008,1.1825700000000001,78191,50,0
2017-12-06 00:00:00,1.18234,1.18479,1.1780599999999999,1.17956,75955,50,0
2017-12-07 00:00:00,1.17913,1.18147,1.17719,1.17721,68171,50,0
2017-12-08 00:00:00,1.17702,1.17766,1.17303,1.1773,92586,50,0
2017-12-11 00:00:00,1.17644,1.18117,1.1763,1.17689,159694,50,0
2017-12-12 00:00:00,1.17663,1.17927,1.17175,1.17416,177006,50,0
2017-12-13 00:00:00,1.17395,1.18316,1.17293,1.18261,206464,50,0
2017-12-14 00:00:00,1.18236,1.1857199999999999,1.17707,1.1777,271704,50,0
2017-12-15 00:00:00,1.17758,1.18123,1.17483,1.175,235418,50,0
2017-12-18 00:00:00,1.17414,1.18343,1.17376,1.17811,228920,50,0
2017-12-19 00:00:00,1.17791,1.18487,1.17766,1.184,247718,50,0
2017-12-20 00:00:00,1.18369,1.19001,1.18288,1.18714,228641,50,0
2017-12-21 00:00:00,1.18692,1.18896,1.18492,1.18732,224058,50,0
2017-12-22 00:00:00,1.18715,1.18753,1.18168,1.18619,259300,50,0
2017-12-26 00:00:00,1.18712,1.18792,1.18465,1.18585,94419,50,0
2017-12-27 00:00:00,1.1856,1.19104,1.18532,1.18873,199818,50,0
2017-12-28 00:00:00,1.18923,1.1959,1.18923,1.19429,197587,50,0
2017-12-29 00:00:00,1.19408,1.20255,1.19362,1.19997,195122,50,0
2018-01-02 00:00:00,1.20107,1.20813,1.20077,1.20581,199935,50,0
2018-01-03 00:00:00,1.2056,1.20662,1.20012,1.20142,192180,50,0
2018-01-04 00:00:00,1.2012,1.20891,1.2004299999999999,1.20671,212374,50,0
2018-01-05 00:00:00,1.20654,1.20797,1.20206,1.20291,185078,50,0
2018-01-08 00:00:00,1.20257,1.20522,1.19556,1.19671,198092,50,0
2018-01-09 00:00:00,1.19651,1.19756,1.1915499999999999,1.1936499999999999,221315,50,0
2018-01-10 00:00:00,1.1934,1.20182,1.19232,1.19473,325130,50,0
2018-01-11 00:00:00,1.19449,1.20589,1.1929,1.20315,306770,50,0
2018-01-12 00:00:00,1.20294,1.22184,1.20291,1.22055,364746,50,0
2018-01-15 00:00:00,1.21969,1.22967,1.21874,1.22643,286516,50,0
2018-01-16 00:00:00,1.22624,1.22834,1.21951,1.22598,330638,50,0
2018-01-17 00:00:00,1.2258499999999999,1.23231,1.2177,1.21849,414695,50,0
2018-01-18 00:00:00,1.21825,1.22649,1.21646,1.2238,356412,50,0
2018-01-19 00:00:00,1.22354,1.22955,1.22151,1.22178,354382,50,0
2018-01-22 00:00:00,1.22632,1.2267000000000001,1.22136,1.22617,267908,50,0
2018-01-23 00:00:00,1.22582,1.23064,1.22229,1.22976,313116,50,0
2018-01-24 00:00:00,1.22966,1.24149,1.22905,1.24076,395244,50,0
2018-01-25 00:00:00,1.24064,1.25327,1.23683,1.23965,466252,50,0
2018-01-26 00:00:00,1.23933,1.24935,1.23702,1.24289,459782,50,0
2018-01-29 00:00:00,1.24213,1.24322,1.23372,1.23821,400511,50,0
2018-01-30 00:00:00,1.23793,1.24539,1.23345,1.24021,394885,50,0
2018-01-31 00:00:00,1.24001,1.24745,1.23865,1.24134,492115,50,0
2018-02-01 00:00:00,1.24106,1.2523,1.2385,1.2505,419780,50,0
2018-02-02 00:00:00,1.2511,1.25182,1.24089,1.24547,429150,50,0
2018-02-05 00:00:00,1.24259,1.24749,1.2381199999999999,1.2381199999999999,414959,50,0
2018-02-06 00:00:00,1.23813,1.24254,1.23136,1.23776,504670,50,0
2018-02-07 00:00:00,1.23732,1.24061,1.22527,1.22642,390652,50,0
2018-02-08 00:00:00,1.22595,1.2295,1.22121,1.22467,449840,50,0
2018-02-09 00:00:00,1.2244,1.22871,1.22095,1.22515,419038,50,0
2018-02-12 00:00:00,1.2242,1.22972,1.2235,1.22909,305896,50,0
2018-02-13 00:00:00,1.22884,1.2371,1.22842,1.23514,320869,50,0
2018-02-14 00:00:00,1.23477,1.24651,1.2276799999999999,1.24497,385609,50,0
2018-02-15 00:00:00,1.24476,1.25104,1.24464,1.25071,359142,50,0
2018-02-16 00:00:00,1.25018,1.25557,1.23928,1.24101,381757,50,0
2018-02-19 00:00:00,1.23997,1.2435,1.23691,1.24065,73281,50,0
2018-02-20 00:00:00,1.2404600000000001,1.24122,1.23197,1.23368,99833,50,0
2018-02-21 00:00:00,1.23349,1.23598,1.2281,1.22823,109215,50,0
2018-02-22 00:00:00,1.22815,1.2352,1.22597,1.23303,101161,50,0
2018-02-23 00:00:00,1.23273,1.2337,1.22798,1.22947,85469,50,0
2018-02-26 00:00:00,1.22906,1.23548,1.22777,1.23172,85634,50,0
2018-02-27 00:00:00,1.23143,1.23465,1.22218,1.22329,92125,50,0
2018-02-28 00:00:00,1.2230699999999999,1.22407,1.21884,1.21937,94109,50,0
2018-03-01 00:00:00,1.21913,1.2273100000000001,1.2155,1.22658,104503,50,0
2018-03-02 00:00:00,1.226,1.23357,1.22515,1.23189,100556,50,0
2018-03-05 00:00:00,1.23311,1.23643,1.22687,1.2335099999999999,96681,50,0
2018-03-06 00:00:00,1.23338,1.242,1.23291,1.24045,89459,50,0
2018-03-07 00:00:00,1.2402,1.24445,1.23847,1.24108,101841,50,0
2018-03-08 00:00:00,1.2409,1.24433,1.22981,1.2311,93851,50,0
2018-03-09 00:00:00,1.23086,1.2334100000000001,1.2273100000000001,1.23047,91594,50,0
2018-03-12 00:00:00,1.23101,1.23454,1.22904,1.23348,65896,50,0
2018-03-13 00:00:00,1.23343,1.24072,1.23145,1.2389999999999999,76009,50,0
2018-03-14 00:00:00,1.23872,1.24126,1.23471,1.23675,75270,50,0
2018-03-15 00:00:00,1.23648,1.23835,1.23001,1.23043,76208,50,0
2018-03-16 00:00:00,1.23023,1.23361,1.22604,1.22889,68238,50,0
2018-03-19 00:00:00,1.22841,1.2358500000000001,1.2258,1.2335,78217,50,0
2018-03-20 00:00:00,1.23331,1.23543,1.22397,1.22405,76095,50,0
2018-03-21 00:00:00,1.2239,1.23496,1.22389,1.23382,71593,50,0
2018-03-22 00:00:00,1.23373,1.23881,1.2285,1.2301,103737,50,0
2018-03-23 00:00:00,1.22998,1.23733,1.22994,1.23526,100379,50,0
2018-03-26 00:00:00,1.2347299999999999,1.24616,1.2347299999999999,1.24453,119832,50,0
2018-03-27 00:00:00,1.24453,1.24766,1.23723,1.2402,55027,50,0
2018-03-28 00:00:00,1.24,1.24216,1.23001,1.23075,45510,50,0
2018-03-29 00:00:00,1.23057,1.2335099999999999,1.22839,1.23,41559,50,0
2018-03-30 00:00:00,1.22977,1.23307,1.2294,1.23149,24475,50,0
2018-04-02 00:00:00,1.23149,1.23448,1.22823,1.23015,29405,50,0
2018-04-03 00:00:00,1.22989,1.2335,1.22537,1.22698,43809,50,0
2018-04-04 00:00:00,1.22665,1.23144,1.2257,1.22774,43454,50,0
2018-04-05 00:00:00,1.22741,1.22896,1.22183,1.22394,40359,50,0
2018-04-06 00:00:00,1.22367,1.22908,1.22155,1.22807,49789,50,0
2018-04-09 00:00:00,1.2279200000000001,1.23296,1.22602,1.23203,44881,50,0
2018-04-10 00:00:00,1.23169,1.23777,1.23031,1.23552,47056,50,0
2018-04-11 00:00:00,1.23525,1.23958,1.23469,1.23664,45386,50,0
2018-04-12 00:00:00,1.23661,1.23795,1.22997,1.2325,45424,50,0
2018-04-13 00:00:00,1.23228,1.23458,1.23071,1.23288,40878,50,0
2018-04-16 00:00:00,1.2324,1.23945,1.2324,1.2379,36837,50,0
2018-04-17 00:00:00,1.23757,1.24136,1.2336,1.23691,39090,50,0
2018-04-18 00:00:00,1.23667,1.23972,1.23419,1.23735,42194,50,0
2018-04-19 00:00:00,1.23697,1.24002,1.2328999999999999,1.23447,45461,50,0
2018-04-20 00:00:00,1.23421,1.23531,1.22495,1.22875,41640,50,0
2018-04-23 00:00:00,1.22704,1.22894,1.21976,1.22079,40365,50,0
2018-04-24 00:00:00,1.22052,1.22448,1.2181899999999999,1.22317,42873,50,0
2018-04-25 00:00:00,1.22299,1.22384,1.21599,1.21601,42811,50,0
2018-04-26 00:00:00,1.21576,1.22095,1.20963,1.2103,43078,50,0
2018-04-27 00:00:00,1.20999,1.21327,1.20556,1.21304,40663,50,0
2018-04-30 00:00:00,1.2116500000000001,1.21387,1.2064300000000001,1.20781,39622,50,0
2018-05-01 00:00:00,1.20736,1.20841,1.19817,1.1992099999999999,36982,50,0
2018-05-02 00:00:00,1.19897,1.20317,1.1938,1.19499,47152,50,0
2018-05-03 00:00:00,1.19478,1.20088,1.19475,1.1987700000000001,46981,50,0
2018-05-04 00:00:00,1.19845,1.19954,1.19112,1.19605,38556,50,0
2018-05-07 00:00:00,1.19584,1.19779,1.1898,1.19217,35431,50,0
2018-05-08 00:00:00,1.19193,1.19388,1.18382,1.18637,43336,50,0
2018-05-09 00:00:00,1.18616,1.18969,1.18228,1.18481,42159,50,0
2018-05-10 00:00:00,1.18481,1.19462,1.18432,1.19149,45275,50,0
2018-05-11 00:00:00,1.19118,1.19679,1.18914,1.1939,39667,50,0
2018-05-14 00:00:00,1.19387,1.19961,1.19261,1.19261,38481,50,0
2018-05-15 00:00:00,1.19238,1.19381,1.18202,1.18373,45240,50,0
2018-05-16 00:00:00,1.18352,1.18541,1.17637,1.18066,47458,50,0
2018-05-17 00:00:00,1.18042,1.18374,1.17765,1.17936,44930,50,0
2018-05-18 00:00:00,1.17905,1.18221,1.17499,1.17704,39288,50,0
2018-05-21 00:00:00,1.17715,1.17953,1.17167,1.17912,39322,50,0
2018-05-22 00:00:00,1.17889,1.18295,1.17569,1.17779,42994,50,0
2018-05-23 00:00:00,1.17751,1.17895,1.16759,1.16949,50928,50,0
2018-05-24 00:00:00,1.16926,1.17502,1.16909,1.17196,47602,50,0
2018-05-25 00:00:00,1.17172,1.17337,1.16458,1.1648,45732,50,0
2018-05-28 00:00:00,1.16798,1.17282,1.16075,1.16239,37205,50,0
2018-05-29 00:00:00,1.16206,1.16395,1.151,1.15396,51709,50,0
2018-05-30 00:00:00,1.15297,1.16761,1.15186,1.16624,48468,50,0
2018-05-31 00:00:00,1.166,1.17244,1.16416,1.16911,48422,50,0
2018-06-01 00:00:00,1.16878,1.17179,1.16175,1.16587,43340,50,0
2018-06-04 00:00:00,1.16571,1.17445,1.16571,1.16978,37174,50,0
2018-06-05 00:00:00,1.16968,1.17319,1.16527,1.1717,41714,50,0
2018-06-06 00:00:00,1.17154,1.17957,1.17085,1.17734,37753,50,0
2018-06-07 00:00:00,1.17734,1.18398,1.17728,1.17978,42140,50,0
2018-06-08 00:00:00,1.17973,1.1810100000000001,1.17272,1.17682,38598,50,0
2018-06-11 00:00:00,1.1773500000000001,1.18205,1.1771099999999999,1.17828,34477,50,0
2018-06-12 00:00:00,1.17813,1.1809,1.17336,1.17442,40129,50,0
2018-06-13 00:00:00,1.17429,1.18008,1.17254,1.17907,35860,50,0
2018-06-14 00:00:00,1.17904,1.1851099999999999,1.15631,1.15675,39391,50,0
2018-06-15 00:00:00,1.15652,1.16269,1.15432,1.16059,39095,50,0
2018-06-18 00:00:00,1.1583700000000001,1.16242,1.1565400000000001,1.16217,29644,50,0
2018-06-19 00:00:00,1.16222,1.16445,1.15308,1.1587399999999999,39911,50,0
2018-06-20 00:00:00,1.15862,1.16,1.15372,1.15702,34238,50,0
2018-06-21 00:00:00,1.15682,1.16333,1.15086,1.1602999999999999,40154,50,0
2018-06-22 00:00:00,1.15976,1.16747,1.15976,1.16577,38321,50,0
2018-06-25 00:00:00,1.16584,1.1713,1.16285,1.17036,37314,50,0
2018-06-26 00:00:00,1.17021,1.17204,1.1635,1.16459,39914,50,0
2018-06-27 00:00:00,1.16459,1.1672,1.15407,1.15528,40975,50,0
2018-06-28 00:00:00,1.15513,1.15995,1.15272,1.15687,40926,50,0
2018-06-29 00:00:00,1.15664,1.16901,1.15581,1.16829,43564,50,0
2018-07-02 00:00:00,1.16683,1.16878,1.15912,1.16391,33667,50,0
2018-07-03 00:00:00,1.16389,1.1673,1.16205,1.16562,33257,50,0
2018-07-04 00:00:00,1.16563,1.16818,1.16306,1.16554,25732,50,0
2018-07-05 00:00:00,1.16528,1.17201,1.165,1.16901,35897,50,0
2018-07-06 00:00:00,1.16878,1.17672,1.16801,1.17431,30537,50,0
2018-07-09 00:00:00,1.17374,1.17906,1.17327,1.17499,31778,50,0
2018-07-10 00:00:00,1.1749100000000001,1.1762299999999999,1.16906,1.17437,30620,50,0
2018-07-11 00:00:00,1.17439,1.17581,1.16654,1.16724,37296,50,0
2018-07-12 00:00:00,1.16723,1.16955,1.16497,1.16706,32564,50,0
2018-07-13 00:00:00,1.16706,1.16871,1.16131,1.16852,31452,50,0
2018-07-16 00:00:00,1.16896,1.17253,1.16757,1.17112,29562,50,0
2018-07-17 00:00:00,1.17107,1.17445,1.16498,1.16606,34399,50,0
2018-07-18 00:00:00,1.16598,1.16648,1.1602000000000001,1.16383,34386,50,0
2018-07-19 00:00:00,1.1638,1.16785,1.15749,1.16415,39646,50,0
2018-07-20 00:00:00,1.16407,1.17387,1.16263,1.17203,40422,50,0
2018-07-23 00:00:00,1.17225,1.17497,1.16837,1.16916,31430,50,0
2018-07-24 00:00:00,1.16916,1.17169,1.16546,1.16862,33189,50,0
2018-07-25 00:00:00,1.16862,1.17385,1.16644,1.17283,33564,50,0
2018-07-26 00:00:00,1.17279,1.17435,1.16403,1.16426,32651,50,0
2018-07-27 00:00:00,1.1642299999999999,1.16642,1.16208,1.16541,29834,50,0
2018-07-30 00:00:00,1.16548,1.17187,1.16482,1.17057,24684,50,0
2018-07-31 00:00:00,1.17049,1.17458,1.16844,1.16911,31615,50,0
2018-08-01 00:00:00,1.16906,1.16991,1.16572,1.16594,30336,50,0
2018-08-02 00:00:00,1.16594,1.1667399999999999,1.1582,1.15844,29396,50,0
2018-08-03 00:00:00,1.15839,1.16105,1.15604,1.15679,29621,50,0
2018-08-06 00:00:00,1.15682,1.15712,1.15305,1.15534,23706,50,0
2018-08-07 00:00:00,1.15531,1.16082,1.15502,1.15979,25547,50,0
2018-08-08 00:00:00,1.15978,1.16282,1.15733,1.16098,26051,50,0
2018-08-09 00:00:00,1.16098,1.16192,1.1526,1.15265,27368,50,0
2018-08-10 00:00:00,1.15251,1.15364,1.1388099999999999,1.14104,38690,50,0
2018-08-13 00:00:00,1.13781,1.14327,1.13651,1.14096,39624,50,0
2018-08-14 00:00:00,1.14097,1.14293,1.13302,1.1343,34374,50,0
2018-08-15 00:00:00,1.13421,1.13548,1.13011,1.13443,34430,50,0
2018-08-16 00:00:00,1.13437,1.14087,1.13358,1.1375899999999999,36189,50,0
2018-08-17 00:00:00,1.13751,1.14447,1.13664,1.1438,32421,50,0
2018-08-20 00:00:00,1.14379,1.14848,1.13943,1.1480299999999999,27344,50,0
2018-08-21 00:00:00,1.14807,1.1601,1.14795,1.15702,35994,50,0
2018-08-22 00:00:00,1.15701,1.16228,1.1553499999999999,1.15962,31238,50,0
2018-08-23 00:00:00,1.15953,1.15994,1.153,1.1537,30920,50,0
2018-08-24 00:00:00,1.15362,1.16397,1.15345,1.16212,30012,50,0
2018-08-27 00:00:00,1.16195,1.16934,1.15944,1.16775,26897,50,0
2018-08-28 00:00:00,1.1676199999999999,1.17333,1.16625,1.16938,31931,50,0
2018-08-29 00:00:00,1.16931,1.17099,1.16521,1.17064,32436,50,0
2018-08-30 00:00:00,1.17056,1.17182,1.16417,1.16706,32272,50,0
2018-08-31 00:00:00,1.16676,1.16899,1.15845,1.16005,35968,50,0
2018-09-03 00:00:00,1.15964,1.16279,1.15889,1.16178,23626,50,0
2018-09-04 00:00:00,1.1616,1.16192,1.15302,1.1581,32611,50,0
2018-09-05 00:00:00,1.15795,1.16381,1.1543,1.16294,35301,50,0
2018-09-06 00:00:00,1.16288,1.1659,1.16055,1.16225,35771,50,0
2018-09-07 00:00:00,1.16216,1.16494,1.15507,1.15527,35230,50,0
2018-09-10 00:00:00,1.1549,1.16155,1.1526399999999999,1.15918,29400,50,0
2018-09-11 00:00:00,1.15901,1.16436,1.15656,1.16035,30491,50,0
2018-09-12 00:00:00,1.16038,1.16495,1.15704,1.16258,31229,50,0
2018-09-13 00:00:00,1.16249,1.17009,1.16092,1.16901,31635,50,0
2018-09-14 00:00:00,1.16894,1.17216,1.16207,1.16219,30649,50,0
2018-09-17 00:00:00,1.16238,1.16981,1.1618,1.16825,26741,50,0
2018-09-18 00:00:00,1.16818,1.17244,1.16525,1.16646,35545,50,0
2018-09-19 00:00:00,1.16623,1.17148,1.16501,1.16721,32349,50,0
2018-09-20 00:00:00,1.16714,1.17844,1.16692,1.17769,36254,50,0
2018-09-21 00:00:00,1.17766,1.18026,1.1733,1.17484,31836,50,0
2018-09-24 00:00:00,1.17427,1.1815,1.17243,1.17474,27634,50,0
2018-09-25 00:00:00,1.17474,1.17924,1.17311,1.1766,30768,50,0
2018-09-26 00:00:00,1.17657,1.17976,1.1726,1.17372,34067,50,0
2018-09-27 00:00:00,1.17359,1.17571,1.16392,1.16408,36722,50,0
2018-09-28 00:00:00,1.16402,1.16512,1.157,1.16027,34432,50,0
2018-10-01 00:00:00,1.1616900000000001,1.16246,1.15636,1.1578,32192,50,0
2018-10-02 00:00:00,1.15779,1.15802,1.15054,1.15483,35084,50,0
2018-10-03 00:00:00,1.15463,1.15937,1.14648,1.14777,38725,50,0
2018-10-04 00:00:00,1.14775,1.15424,1.14634,1.15141,39285,50,0
2018-10-05 00:00:00,1.1513200000000001,1.15492,1.14843,1.15191,35929,50,0
2018-10-08 00:00:00,1.1522999999999999,1.15296,1.146,1.14912,30572,50,0
2018-10-09 00:00:00,1.14904,1.15032,1.14323,1.14908,38256,50,0
2018-10-10 00:00:00,1.14889,1.1545,1.14799,1.15187,37484,50,0
2018-10-11 00:00:00,1.15204,1.15993,1.15188,1.15932,49023,50,0
2018-10-12 00:00:00,1.15934,1.16103,1.1534200000000001,1.15584,39134,50,0
2018-10-15 00:00:00,1.15372,1.16061,1.15372,1.15792,36542,50,0
2018-10-16 00:00:00,1.15793,1.16214,1.15661,1.15737,36995,50,0
2018-10-17 00:00:00,1.15728,1.15804,1.1496,1.15,39160,50,0
2018-10-18 00:00:00,1.15003,1.15272,1.14495,1.14551,41920,50,0
2018-10-19 00:00:00,1.14513,1.15346,1.1433,1.15147,41206,50,0
2018-10-22 00:00:00,1.1515,1.155,1.1455899999999999,1.1464,34831,50,0
2018-10-23 00:00:00,1.1464,1.14933,1.1439300000000001,1.14701,39825,50,0
2018-10-24 00:00:00,1.14712,1.14765,1.13792,1.13919,39884,50,0
2018-10-25 00:00:00,1.13914,1.14323,1.13562,1.13744,39959,50,0
2018-10-26 00:00:00,1.1375,1.14207,1.13357,1.14021,42812,50,0
2018-10-29 00:00:00,1.13918,1.14164,1.13629,1.13727,37703,50,0
2018-10-30 00:00:00,1.1372,1.13878,1.13405,1.13436,37302,50,0
2018-10-31 00:00:00,1.13425,1.1360000000000001,1.13021,1.1311499999999999,36739,50,0
2018-11-01 00:00:00,1.13105,1.14237,1.13074,1.14083,39480,50,0
2018-11-02 00:00:00,1.14071,1.14558,1.13725,1.13866,39374,50,0
2018-11-05 00:00:00,1.13869,1.14238,1.13561,1.14068,34961,50,0
2018-11-06 00:00:00,1.14068,1.14378,1.1391499999999999,1.14258,35142,50,0
2018-11-07 00:00:00,1.14257,1.14996,1.13949,1.1426,46823,50,0
2018-11-08 00:00:00,1.14258,1.14462,1.1351499999999999,1.13629,40629,50,0
2018-11-09 00:00:00,1.13626,1.13689,1.13162,1.13342,38594,50,0
2018-11-12 00:00:00,1.1319,1.13303,1.12154,1.12177,37324,50,0
2018-11-13 00:00:00,1.12167,1.12935,1.12164,1.12884,40468,50,0
2018-11-14 00:00:00,1.12888,1.13474,1.12634,1.13084,44211,50,0
2018-11-15 00:00:00,1.13074,1.13622,1.12707,1.13269,43889,50,0
2018-11-16 00:00:00,1.13245,1.142,1.13215,1.14162,37307,50,0
2018-11-19 00:00:00,1.14128,1.14644,1.1394,1.14521,33591,50,0
2018-11-20 00:00:00,1.14514,1.14723,1.13588,1.13696,36526,50,0
2018-11-21 00:00:00,1.13692,1.14246,1.13643,1.13825,33580,50,0
2018-11-22 00:00:00,1.13795,1.1434,1.13795,1.14002,29129,50,0
2018-11-23 00:00:00,1.13998,1.14213,1.13276,1.13331,31734,50,0
2018-11-26 00:00:00,1.13398,1.13835,1.1325,1.13278,33826,50,0
2018-11-27 00:00:00,1.13268,1.13437,1.12775,1.1284,37396,50,0
2018-11-28 00:00:00,1.12851,1.13873,1.12672,1.13658,37073,50,0
2018-11-29 00:00:00,1.13658,1.14014,1.1348799999999999,1.13929,37273,50,0
2018-11-30 00:00:00,1.13928,1.1400299999999999,1.1305399999999999,1.13194,35470,50,0
2018-12-03 00:00:00,1.13489,1.13797,1.13194,1.1352,35427,50,0
2018-12-04 00:00:00,1.1352,1.14181,1.13189,1.13413,41051,50,0
2018-12-05 00:00:00,1.13406,1.13612,1.13107,1.1344400000000001,28358,50,0
2018-12-06 00:00:00,1.13441,1.1412499999999999,1.13211,1.137,42826,50,0
2018-12-07 00:00:00,1.1372,1.14235,1.13602,1.1394199999999999,38061,50,0
2018-12-10 00:00:00,1.13903,1.1442700000000001,1.1350500000000001,1.1354,40088,50,0
2018-12-11 00:00:00,1.13544,1.14001,1.13063,1.13172,37576,50,0
2018-12-12 00:00:00,1.13151,1.13871,1.13151,1.13679,37691,50,0
2018-12-13 00:00:00,1.13679,1.13932,1.13312,1.1358,33888,50,0
2018-12-14 00:00:00,1.13602,1.13649,1.127,1.1304,33640,50,0
2018-12-17 00:00:00,1.13043,1.13574,1.1296599999999999,1.1346,33659,50,0
2018-12-18 00:00:00,1.1346,1.14023,1.13368,1.13598,36319,50,0
2018-12-19 00:00:00,1.1359,1.1439300000000001,1.13589,1.13748,40590,50,0
2018-12-20 00:00:00,1.13725,1.1485400000000001,1.137,1.14456,44322,50,0
2018-12-21 00:00:00,1.14449,1.1474,1.13562,1.13686,40417,50,0
2018-12-24 00:00:00,1.13707,1.14383,1.13607,1.14054,31311,50,0
2018-12-26 00:00:00,1.13868,1.14199,1.13429,1.1351,27624,50,0
2018-12-27 00:00:00,1.13504,1.14539,1.13504,1.14285,44108,50,0
2018-12-28 00:00:00,1.14242,1.14728,1.14242,1.14398,39404,50,0
2018-12-31 00:00:00,1.14328,1.14659,1.14215,1.14453,26911,50,0
2019-01-02 00:00:00,1.1463,1.14967,1.13251,1.13435,103782,0,0
2019-01-03 00:00:00,1.13419,1.14112,1.12982,1.1394199999999999,132179,0,0
2019-01-04 00:00:00,1.13921,1.14192,1.13458,1.13972,108149,0,0
2019-01-07 00:00:00,1.13946,1.1482700000000001,1.13946,1.14741,77179,0,0
2019-01-08 00:00:00,1.1474199999999999,1.14846,1.14222,1.14413,81861,0,0
2019-01-09 00:00:00,1.14409,1.15575,1.14368,1.1543,111940,0,0
2019-01-10 00:00:00,1.15423,1.15698,1.14845,1.15003,104574,0,0
2019-01-11 00:00:00,1.14994,1.15404,1.14581,1.14644,92884,0,0
2019-01-14 00:00:00,1.14578,1.1482,1.14506,1.14689,79075,0,0
2019-01-15 00:00:00,1.14682,1.14897,1.13819,1.14124,105695,0,0
2019-01-16 00:00:00,1.14126,1.14248,1.13777,1.13913,80976,0,0
2019-01-17 00:00:00,1.13918,1.1406,1.137,1.13884,95968,0,0
2019-01-18 00:00:00,1.13874,1.14102,1.13532,1.13634,73480,0,0
2019-01-21 00:00:00,1.1360000000000001,1.13914,1.13569,1.13667,48361,0,0
2019-01-22 00:00:00,1.13659,1.13741,1.13362,1.13597,65712,0,0
2019-01-23 00:00:00,1.13588,1.13945,1.13506,1.13804,69178,0,0
2019-01-24 00:00:00,1.13811,1.13914,1.12894,1.13074,106131,0,0
2019-01-25 00:00:00,1.1302699999999999,1.14176,1.12998,1.14055,92754,0,0
2019-01-28 00:00:00,1.14002,1.1443699999999999,1.13901,1.14257,68678,0,0
2019-01-29 00:00:00,1.1427,1.14502,1.14112,1.14319,86956,0,0
2019-01-30 00:00:00,1.14322,1.15017,1.1406100000000001,1.1479300000000001,94598,0,0
2019-01-31 00:00:00,1.14788,1.1514199999999999,1.14357,1.14475,90940,0,0
2019-02-01 00:00:00,1.14458,1.14886,1.14343,1.14534,77444,0,0
2019-02-04 00:00:00,1.14507,1.14604,1.1424400000000001,1.14357,63131,0,0
2019-02-05 00:00:00,1.14346,1.14405,1.14012,1.14047,59115,0,0
2019-02-06 00:00:00,1.14049,1.14095,1.13608,1.13616,59073,0,0
2019-02-07 00:00:00,1.13616,1.13684,1.13246,1.13378,63748,0,0
2019-02-08 00:00:00,1.13382,1.13509,1.13212,1.1323400000000001,51927,0,0
2019-02-11 00:00:00,1.13208,1.13299,1.12673,1.12748,57646,0,0
2019-02-12 00:00:00,1.12754,1.13398,1.12576,1.13269,57554,0,0
2019-02-13 00:00:00,1.13247,1.13415,1.12603,1.12612,63715,0,0
2019-02-14 00:00:00,1.1259000000000001,1.13099,1.1249,1.12955,78495,0,0
2019-02-15 00:00:00,1.12952,1.13062,1.12341,1.1292200000000001,68019,0,0
2019-02-18 00:00:00,1.12918,1.1334,1.12888,1.13107,43227,0,0
2019-02-19 00:00:00,1.13077,1.1357599999999999,1.12756,1.13403,70881,0,0
2019-02-20 00:00:00,1.13394,1.13712,1.1325,1.1337,69267,0,0
2019-02-21 00:00:00,1.13357,1.13664,1.13204,1.13327,80917,0,0
2019-02-22 00:00:00,1.13341,1.13558,1.13162,1.1332,64225,0,0
2019-02-25 00:00:00,1.13338,1.13674,1.13278,1.13569,58180,0,0
2019-02-26 00:00:00,1.13571,1.1402700000000001,1.13452,1.13889,67588,0,0
2019-02-27 00:00:00,1.1388099999999999,1.14036,1.13623,1.13694,67147,0,0
2019-02-28 00:00:00,1.1369,1.14196,1.13594,1.13703,78742,0,0
2019-03-01 00:00:00,1.13699,1.14086,1.13533,1.13623,67377,0,0
2019-03-04 00:00:00,1.13823,1.13823,1.13091,1.13398,49825,0,0
2019-03-05 00:00:00,1.1339299999999999,1.13409,1.12896,1.1307,48857,0,0
2019-03-06 00:00:00,1.13076,1.13246,1.12856,1.13063,46608,0,0
2019-03-07 00:00:00,1.1306,1.13203,1.11762,1.11937,63606,0,0
2019-03-08 00:00:00,1.11936,1.1246,1.1185100000000001,1.1233,59823,0,0
2019-03-11 00:00:00,1.12308,1.12584,1.12219,1.12442,48260,0,0
2019-03-12 00:00:00,1.12447,1.1305,1.12445,1.12862,64568,0,0
2019-03-13 00:00:00,1.12872,1.13387,1.12775,1.13289,50438,0,0
2019-03-14 00:00:00,1.13266,1.13375,1.12942,1.13047,55759,0,0
2019-03-15 00:00:00,1.13026,1.1344400000000001,1.12967,1.1325,46353,0,0
2019-03-18 00:00:00,1.13201,1.1359,1.1319,1.13397,40312,0,0
2019-03-19 00:00:00,1.13334,1.13616,1.13318,1.13512,40658,0,0
2019-03-20 00:00:00,1.13512,1.1448,1.13355,1.1412,58401,0,0
2019-03-21 00:00:00,1.1413,1.14374,1.13425,1.13752,63297,0,0
2019-03-22 00:00:00,1.13733,1.13907,1.12733,1.13003,70529,0,0
2019-03-25 00:00:00,1.12885,1.13314,1.12859,1.13126,52172,0,0
2019-03-26 00:00:00,1.13119,1.1326,1.12632,1.12658,58045,0,0
2019-03-27 00:00:00,1.12655,1.12856,1.12422,1.1244,66997,0,0
2019-03-28 00:00:00,1.12436,1.12612,1.12137,1.12238,62974,0,0
2019-03-29 00:00:00,1.12178,1.12465,1.12099,1.12172,62060,0,0
2019-04-01 00:00:00,1.12248,1.12499,1.1204,1.12121,52826,0,0
2019-04-02 00:00:00,1.12121,1.12159,1.11837,1.12043,50042,0,0
2019-04-03 00:00:00,1.1204,1.12546,1.12001,1.1233,48947,0,0
2019-04-04 00:00:00,1.12318,1.12476,1.1206,1.12203,44455,0,0
2019-04-05 00:00:00,1.12193,1.1245,1.12101,1.12158,41548,0,0
2019-04-08 00:00:00,1.12141,1.12746,1.12103,1.12592,38096,0,0
2019-04-09 00:00:00,1.126,1.12843,1.12551,1.12631,43913,0,0
2019-04-10 00:00:00,1.12621,1.12873,1.12297,1.12745,48640,0,0
2019-04-11 00:00:00,1.12732,1.12875,1.125,1.12544,39806,0,0
2019-04-12 00:00:00,1.1251,1.1324,1.1251,1.12982,46331,0,0
2019-04-15 00:00:00,1.13035,1.1320999999999999,1.12976,1.1304,37916,0,0
2019-04-16 00:00:00,1.1303,1.1313900000000001,1.12797,1.12806,49970,0,0
2019-04-17 00:00:00,1.12797,1.13238,1.12789,1.12989,44859,0,0
2019-04-18 00:00:00,1.12927,1.1304,1.12262,1.12299,55742,0,0
2019-04-19 00:00:00,1.12283,1.12476,1.1227,1.12409,23457,0,0
2019-04-22 00:00:00,1.12398,1.12622,1.12359,1.1257,19530,0,0
2019-04-23 00:00:00,1.12568,1.12613,1.11924,1.12275,43179,0,0
2019-04-24 00:00:00,1.1226099999999999,1.12263,1.11407,1.11521,56944,0,0
2019-04-25 00:00:00,1.1154,1.11626,1.1118,1.11327,52799,0,0
2019-04-26 00:00:00,1.11283,1.1174,1.11125,1.11449,55644,0,0
2019-04-29 00:00:00,1.11448,1.11868,1.11447,1.11847,35371,0,0
2019-04-30 00:00:00,1.11852,1.1229,1.11758,1.12153,52116,0,0
2019-05-01 00:00:00,1.12137,1.12646,1.11872,1.11947,45231,0,0
2019-05-02 00:00:00,1.11948,1.12191,1.11707,1.11716,50788,0,0
2019-05-03 00:00:00,1.11712,1.12048,1.1135,1.12026,54869,0,0
2019-05-06 00:00:00,1.11709,1.12092,1.11659,1.11989,47003,0,0
2019-05-07 00:00:00,1.11994,1.12178,1.11666,1.11917,52531,0,0
2019-05-08 00:00:00,1.11898,1.12138,1.11828,1.1192,63547,0,0
2019-05-09 00:00:00,1.11902,1.1251,1.11735,1.12121,70970,0,0
2019-05-10 00:00:00,1.12134,1.12536,1.12113,1.1234,60990,0,0
2019-05-13 00:00:00,1.12298,1.12636,1.12231,1.12246,54152,0,0
2019-05-14 00:00:00,1.12209,1.12441,1.12012,1.1204,46971,0,0
2019-05-15 00:00:00,1.12033,1.12248,1.11781,1.12018,52399,0,0
2019-05-16 00:00:00,1.12016,1.12241,1.11663,1.11727,45859,0,0
2019-05-17 00:00:00,1.11732,1.11844,1.11552,1.11573,51001,0,0
2019-05-20 00:00:00,1.11598,1.11748,1.11507,1.11655,38838,0,0
2019-05-21 00:00:00,1.11651,1.11881,1.1142,1.11616,47707,0,0
2019-05-22 00:00:00,1.11574,1.11802,1.11487,1.11503,39671,0,0
2019-05-23 00:00:00,1.11502,1.11875,1.11071,1.1182,55672,0,0
2019-05-24 00:00:00,1.11812,1.12122,1.11726,1.12051,44770,0,0
2019-05-27 00:00:00,1.1209,1.12151,1.11871,1.11925,22013,0,0
2019-05-28 00:00:00,1.11923,1.11985,1.11593,1.11601,45274,0,0
2019-05-29 00:00:00,1.116,1.11725,1.11244,1.1131,48858,0,0
2019-05-30 00:00:00,1.11303,1.1143399999999999,1.11161,1.11294,39273,0,0
2019-05-31 00:00:00,1.11288,1.11798,1.11252,1.11691,59632,0,0
2019-06-03 00:00:00,1.11606,1.1262,1.11598,1.12411,58194,0,0
2019-06-04 00:00:00,1.12407,1.1277300000000001,1.12265,1.12518,62593,0,0
2019-06-05 00:00:00,1.12513,1.13068,1.12198,1.12203,67620,0,0
2019-06-06 00:00:00,1.12204,1.1309,1.12026,1.12754,68453,0,0
2019-06-07 00:00:00,1.12755,1.13477,1.12513,1.13326,60914,0,0
2019-06-10 00:00:00,1.1322,1.13304,1.12904,1.13117,45171,0,0
2019-06-11 00:00:00,1.13112,1.13376,1.13014,1.13257,54916,0,0
2019-06-12 00:00:00,1.13256,1.13435,1.12826,1.1287099999999999,54677,0,0
2019-06-13 00:00:00,1.12868,1.13038,1.12686,1.12766,51392,0,0
2019-06-14 00:00:00,1.12763,1.12892,1.12026,1.12112,59387,0,0
2019-06-17 00:00:00,1.12094,1.12471,1.12037,1.12177,38730,0,0
2019-06-18 00:00:00,1.12178,1.12428,1.11813,1.11941,68501,0,0
2019-06-19 00:00:00,1.11926,1.12543,1.11872,1.12263,60995,0,0
2019-06-20 00:00:00,1.12259,1.13174,1.12257,1.12913,77299,0,0
2019-06-21 00:00:00,1.12918,1.13778,1.12831,1.1369,71398,0,0
2019-06-24 00:00:00,1.13699,1.14041,1.13658,1.13984,51757,0,0
2019-06-25 00:00:00,1.13979,1.1412200000000001,1.13443,1.13668,73590,0,0
2019-06-26 00:00:00,1.13662,1.13913,1.13475,1.13685,64666,0,0
2019-06-27 00:00:00,1.13676,1.13816,1.13479,1.13693,55538,0,0
2019-06-28 00:00:00,1.1369,1.13935,1.13507,1.13697,52939,0,0
2019-07-01 00:00:00,1.13595,1.13712,1.12811,1.12851,59256,0,0
2019-07-02 00:00:00,1.12849,1.13212,1.12752,1.12862,49201,0,0
2019-07-03 00:00:00,1.1284,1.1311499999999999,1.12685,1.12778,47093,0,0
2019-07-04 00:00:00,1.12778,1.12951,1.12732,1.12843,23894,0,0
2019-07-05 00:00:00,1.12836,1.12877,1.12074,1.12254,50105,0,0
2019-07-08 00:00:00,1.12219,1.12344,1.1207,1.12143,36426,0,0
2019-07-09 00:00:00,1.12138,1.12188,1.11934,1.12075,39167,0,0
2019-07-10 00:00:00,1.1207799999999999,1.12644,1.12018,1.12504,55757,0,0
2019-07-11 00:00:00,1.1250499999999999,1.12858,1.12452,1.12546,55426,0,0
2019-07-12 00:00:00,1.12537,1.1274899999999999,1.12382,1.12707,48634,0,0
2019-07-15 00:00:00,1.12673,1.12839,1.1253199999999999,1.12578,37927,0,0
2019-07-16 00:00:00,1.12574,1.12635,1.12019,1.12094,46222,0,0
2019-07-17 00:00:00,1.12098,1.12336,1.11998,1.12251,39140,0,0
2019-07-18 00:00:00,1.12236,1.12805,1.12053,1.12772,57963,0,0
2019-07-19 00:00:00,1.12765,1.1282,1.1203400000000001,1.12219,55772,0,0
2019-07-22 00:00:00,1.12149,1.12254,1.12063,1.12088,38181,0,0
2019-07-23 00:00:00,1.12085,1.12096,1.11459,1.11511,42874,0,0
2019-07-24 00:00:00,1.11519,1.11559,1.1127,1.11394,43788,0,0
2019-07-25 00:00:00,1.11403,1.11878,1.11014,1.11466,64096,0,0
2019-07-26 00:00:00,1.1147,1.1151,1.11121,1.11283,41673,0,0
2019-07-29 00:00:00,1.11238,1.1151,1.1113,1.11452,33520,0,0
2019-07-30 00:00:00,1.11448,1.1161,1.11322,1.11558,45574,0,0
2019-07-31 00:00:00,1.1154,1.11622,1.10602,1.10765,65886,0,0
2019-08-01 00:00:00,1.10756,1.10959,1.10269,1.10849,83433,0,0
2019-08-02 00:00:00,1.10848,1.11164,1.10697,1.11055,89620,0,0
2019-08-05 00:00:00,1.11004,1.12132,1.10983,1.12029,83905,0,0
2019-08-06 00:00:00,1.1203,1.12497,1.11676,1.1201699999999999,81232,0,0
2019-08-07 00:00:00,1.11969,1.12419,1.11792,1.11994,94540,0,0
2019-08-08 00:00:00,1.12005,1.12327,1.1177,1.11796,68830,0,0
2019-08-09 00:00:00,1.11797,1.12231,1.11783,1.12009,56631,0,0
2019-08-12 00:00:00,1.11978,1.12307,1.11621,1.12136,53740,0,0
2019-08-13 00:00:00,1.12131,1.12286,1.11701,1.11711,78399,0,0
2019-08-14 00:00:00,1.11706,1.11908,1.11306,1.11385,70980,0,0
2019-08-15 00:00:00,1.11377,1.11584,1.10914,1.11093,81690,0,0
2019-08-16 00:00:00,1.11066,1.11122,1.10663,1.10897,57159,0,0
2019-08-19 00:00:00,1.10919,1.11138,1.10762,1.10781,41314,0,0
2019-08-20 00:00:00,1.10777,1.11068,1.10657,1.11005,43676,0,0
2019-08-21 00:00:00,1.10994,1.11072,1.10807,1.10845,39637,0,0
2019-08-22 00:00:00,1.10843,1.11134,1.10637,1.10793,51801,0,0
2019-08-23 00:00:00,1.1078999999999999,1.11533,1.10518,1.11427,69429,0,0
2019-08-26 00:00:00,1.11498,1.11639,1.10942,1.10993,89240,0,0
2019-08-27 00:00:00,1.11009,1.11159,1.10857,1.1090200000000001,58185,0,0
2019-08-28 00:00:00,1.10898,1.10979,1.10733,1.10779,52807,0,0
2019-08-29 00:00:00,1.10772,1.1093,1.1042,1.10565,55278,0,0
2019-08-30 00:00:00,1.10564,1.10604,1.09633,1.09903,56232,0,0
2019-09-02 00:00:00,1.09889,1.09967,1.09581,1.09666,35541,0,0
2019-09-03 00:00:00,1.09664,1.09789,1.09264,1.09735,61055,0,0
2019-09-04 00:00:00,1.0974,1.10386,1.09686,1.10345,55986,0,0
2019-09-05 00:00:00,1.10356,1.10848,1.10168,1.10344,59633,0,0
2019-09-06 00:00:00,1.10345,1.10574,1.10204,1.10253,57821,0,0
2019-09-09 00:00:00,1.10228,1.10681,1.10155,1.10462,44051,0,0
2019-09-10 00:00:00,1.10472,1.10596,1.10306,1.10426,45034,0,0
2019-09-11 00:00:00,1.10431,1.10556,1.09853,1.10105,43732,0,0
2019-09-12 00:00:00,1.10103,1.10873,1.09269,1.10638,76885,0,0
2019-09-13 00:00:00,1.10642,1.11096,1.10554,1.1072,54516,0,0
2019-09-16 00:00:00,1.10731,1.10865,1.09935,1.1004,53166,0,0
2019-09-17 00:00:00,1.09978,1.10746,1.09904,1.10721,57832,0,0
2019-09-18 00:00:00,1.10721,1.10757,1.10138,1.10293,56200,0,0
2019-09-19 00:00:00,1.10294,1.10736,1.1023,1.10407,56673,0,0
2019-09-20 00:00:00,1.10408,1.10677,1.09964,1.10196,54171,0,0
2019-09-23 00:00:00,1.10133,1.10254,1.09662,1.0993,52881,0,0
2019-09-24 00:00:00,1.09932,1.10241,1.09838,1.10202,54456,0,0
2019-09-25 00:00:00,1.10196,1.1023,1.09375,1.09427,55460,0,0
2019-09-26 00:00:00,1.09422,1.09674,1.09087,1.09198,54841,0,0
2019-09-27 00:00:00,1.09212,1.09587,1.09046,1.09416,52564,0,0
2019-09-30 00:00:00,1.09424,1.09478,1.08847,1.08994,48190,0,0
2019-10-01 00:00:00,1.08964,1.0943,1.08792,1.0931899999999999,60114,0,0
2019-10-02 00:00:00,1.09321,1.09637,1.09042,1.09592,54403,0,0
2019-10-03 00:00:00,1.09591,1.09994,1.09411,1.09636,61237,0,0
2019-10-04 00:00:00,1.09634,1.09972,1.09569,1.09783,54776,0,0
2019-10-07 00:00:00,1.09801,1.10006,1.0962,1.09705,43140,0,0
2019-10-08 00:00:00,1.09702,1.09958,1.0941,1.09558,59230,0,0
2019-10-09 00:00:00,1.09565,1.09904,1.09504,1.0971,46477,0,0
2019-10-10 00:00:00,1.09709,1.10338,1.09705,1.10058,70715,0,0
2019-10-11 00:00:00,1.10054,1.10628,1.10009,1.10353,72831,0,0
2019-10-14 00:00:00,1.10315,1.10428,1.10128,1.1026,41250,0,0
2019-10-15 00:00:00,1.10271,1.1046,1.09913,1.10323,62421,0,0
2019-10-16 00:00:00,1.10328,1.10856,1.10226,1.10719,65263,0,0
2019-10-17 00:00:00,1.10715,1.11398,1.10651,1.11243,61445,0,0
2019-10-18 00:00:00,1.11242,1.1171,1.11147,1.11682,49190,0,0
2019-10-21 00:00:00,1.1160700000000001,1.11795,1.11387,1.11498,42544,0,0
2019-10-22 00:00:00,1.11493,1.11568,1.11178,1.11248,45484,0,0
2019-10-23 00:00:00,1.11248,1.114,1.11062,1.11302,38319,0,0
2019-10-24 00:00:00,1.11305,1.11628,1.10932,1.1105,50516,0,0
2019-10-25 00:00:00,1.11038,1.1123,1.10732,1.108,35228,0,0
2019-10-28 00:00:00,1.10795,1.11066,1.10756,1.10998,31577,0,0
2019-10-29 00:00:00,1.10996,1.11185,1.10736,1.11107,38465,0,0
2019-10-30 00:00:00,1.11119,1.11516,1.108,1.11499,54520,0,0
2019-10-31 00:00:00,1.115,1.11755,1.11314,1.11515,55184,0,0
2019-11-01 00:00:00,1.1151200000000001,1.11718,1.11281,1.11651,43957,0,0
2019-11-04 00:00:00,1.1168,1.11755,1.11249,1.11285,37972,0,0
2019-11-05 00:00:00,1.11281,1.11403,1.10636,1.10739,51299,0,0
2019-11-06 00:00:00,1.10743,1.1093,1.10649,1.10666,39576,0,0
2019-11-07 00:00:00,1.10656,1.10917,1.1036,1.1050200000000001,56322,0,0
2019-11-08 00:00:00,1.10494,1.10556,1.10168,1.10198,41346,0,0
2019-11-11 00:00:00,1.10226,1.1043,1.10164,1.1033,28367,0,0
2019-11-12 00:00:00,1.10327,1.10386,1.10025,1.1009,38198,0,0
2019-11-13 00:00:00,1.10088,1.10204,1.09954,1.1007,41097,0,0
2019-11-14 00:00:00,1.10057,1.10276,1.0989,1.10208,39588,0,0
2019-11-15 00:00:00,1.10227,1.10568,1.1014599999999999,1.10524,32705,0,0
2019-11-18 00:00:00,1.10477,1.109,1.10477,1.10721,34151,0,0
2019-11-19 00:00:00,1.10716,1.1084,1.10628,1.10783,30240,0,0
2019-11-20 00:00:00,1.10782,1.10814,1.1053,1.10725,39001,0,0
2019-11-21 00:00:00,1.10725,1.1097,1.10523,1.10588,38824,0,0
2019-11-22 00:00:00,1.10585,1.10875,1.1014599999999999,1.10196,41084,0,0
2019-11-25 00:00:00,1.10161,1.10322,1.10036,1.10117,34713,0,0
2019-11-26 00:00:00,1.10135,1.10255,1.1007,1.1022,34633,0,0
2019-11-27 00:00:00,1.10198,1.10245,1.09923,1.09988,34154,0,0
2019-11-28 00:00:00,1.09992,1.10179,1.09985,1.10073,23781,0,0
2019-11-29 00:00:00,1.10073,1.10282,1.09812,1.10183,32193,0,0
2019-12-02 00:00:00,1.10227,1.10897,1.1003,1.10784,37524,0,0
2019-12-03 00:00:00,1.10787,1.10935,1.1066,1.10818,37198,0,0
2019-12-04 00:00:00,1.10812,1.11162,1.1066799999999999,1.10774,42386,0,0
2019-12-05 00:00:00,1.10773,1.11082,1.10772,1.1104,33114,0,0
2019-12-06 00:00:00,1.11041,1.11097,1.10398,1.10601,32442,0,0
2019-12-09 00:00:00,1.10492,1.1078000000000001,1.10492,1.10641,25188,0,0
2019-12-10 00:00:00,1.10634,1.10978,1.10629,1.10935,31684,0,0
2019-12-11 00:00:00,1.10923,1.11449,1.10704,1.113,40182,0,0
2019-12-12 00:00:00,1.11294,1.11543,1.11031,1.1132,51552,0,0
2019-12-13 00:00:00,1.11285,1.11992,1.11021,1.11187,72199,0,0
2019-12-16 00:00:00,1.11247,1.1158,1.11226,1.1144,36032,0,0
2019-12-17 00:00:00,1.1143,1.11746,1.11293,1.11508,39194,0,0
2019-12-18 00:00:00,1.1149,1.11542,1.11103,1.11134,34479,0,0
2019-12-19 00:00:00,1.11131,1.11443,1.11072,1.11202,38030,0,0
2019-12-20 00:00:00,1.11218,1.11248,1.10663,1.10764,33239,0,0
2019-12-23 00:00:00,1.10767,1.1096,1.107,1.10895,31112,0,0
2019-12-24 00:00:00,1.10887,1.1094,1.10692,1.10863,26465,0,0
2019-12-26 00:00:00,1.10885,1.1109,1.10824,1.10969,16006,0,0
2019-12-27 00:00:00,1.10975,1.11884,1.10943,1.11764,43184,0,0
2019-12-30 00:00:00,1.11704,1.12208,1.11704,1.11991,42522,0,0
2019-12-31 00:00:00,1.11987,1.12392,1.11972,1.12233,36511,0,0
2020-01-02 00:00:00,1.12119,1.12246,1.11636,1.11726,40413,0,0
2020-01-03 00:00:00,1.11717,1.11798,1.1125,1.11568,48272,0,0
2020-01-06 00:00:00,1.11577,1.12056,1.11572,1.11969,41393,0,0
2020-01-07 00:00:00,1.11968,1.11974,1.11336,1.11517,44674,0,0
2020-01-08 00:00:00,1.11519,1.11682,1.11018,1.11041,64999,0,0
2020-01-09 00:00:00,1.11053,1.11204,1.10923,1.11068,40036,0,0
2020-01-10 00:00:00,1.11057,1.11292,1.1085,1.1121,37811,0,0
2020-01-13 00:00:00,1.11106,1.1147,1.11106,1.11352,31470,0,0
2020-01-14 00:00:00,1.11339,1.11446,1.11044,1.11266,38939,0,0
2020-01-15 00:00:00,1.11276,1.11636,1.11185,1.11498,35118,0,0
2020-01-16 00:00:00,1.1149499999999999,1.11726,1.1128,1.11359,36266,0,0
2020-01-17 00:00:00,1.1136,1.11426,1.10863,1.10895,33689,0,0
2020-01-20 00:00:00,1.10901,1.11023,1.10767,1.1095,26733,0,0
2020-01-21 00:00:00,1.10939,1.1118,1.1081,1.1082,32602,0,0
2020-01-22 00:00:00,1.10818,1.10984,1.10702,1.10943,30658,0,0
2020-01-23 00:00:00,1.10927,1.11087,1.10364,1.10578,38665,0,0
2020-01-24 00:00:00,1.10531,1.10617,1.10198,1.10273,32602,0,0
2020-01-27 00:00:00,1.10302,1.10377,1.10098,1.10195,34547,0,0
2020-01-28 00:00:00,1.10189,1.10252,1.0998,1.10216,28707,0,0
2020-01-29 00:00:00,1.10223,1.10276,1.09924,1.10104,28998,0,0
2020-01-30 00:00:00,1.10093,1.10394,1.10047,1.10314,36072,0,0
2020-01-31 00:00:00,1.10314,1.10954,1.1017,1.10946,37993,0,0
2020-02-03 00:00:00,1.10932,1.10941,1.1037,1.10611,37051,0,0
2020-02-04 00:00:00,1.10583,1.10642,1.10328,1.10445,31634,0,0
2020-02-05 00:00:00,1.1044100000000001,1.10479,1.09936,1.09988,34543,0,0
2020-02-06 00:00:00,1.09987,1.1014,1.09644,1.09809,29464,0,0
2020-02-07 00:00:00,1.09824,1.0985,1.0942,1.09439,36454,0,0
2020-02-10 00:00:00,1.09444,1.09576,1.09078,1.09106,29464,0,0
2020-02-11 00:00:00,1.09108,1.0925,1.08916,1.09156,31116,0,0
2020-02-12 00:00:00,1.09151,1.09257,1.08653,1.08737,31563,0,0
2020-02-13 00:00:00,1.0873599999999999,1.08888,1.08341,1.08392,34163,0,0
2020-02-14 00:00:00,1.08409,1.08613,1.08274,1.08302,30600,0,0
2020-02-17 00:00:00,1.08371,1.0851,1.08292,1.08334,21653,0,0
2020-02-18 00:00:00,1.08351,1.08373,1.07856,1.0790899999999999,35082,0,0
2020-02-19 00:00:00,1.0791,1.08117,1.07822,1.08069,33209,0,0
2020-02-20 00:00:00,1.08044,1.08212,1.07778,1.07832,42794,0,0
2020-02-21 00:00:00,1.07846,1.08636,1.07828,1.08478,43328,0,0
2020-02-24 00:00:00,1.08129,1.08721,1.08052,1.08534,62331,0,0
2020-02-25 00:00:00,1.08527,1.08904,1.08302,1.0881,63793,0,0
2020-02-26 00:00:00,1.08811,1.09089,1.08552,1.08804,68956,0,0
2020-02-27 00:00:00,1.08814,1.10066,1.08773,1.09999,82761,0,0
2020-02-28 00:00:00,1.09995,1.10532,1.0951,1.10289,108618,0,0
2020-03-02 00:00:00,1.10428,1.11846,1.1036299999999999,1.11324,119851,0,0
2020-03-03 00:00:00,1.11333,1.12135,1.10954,1.117,112326,0,0
2020-03-04 00:00:00,1.11714,1.11875,1.10955,1.1135,76443,0,0
2020-03-05 00:00:00,1.11332,1.12449,1.11196,1.12369,69663,0,0
2020-03-06 00:00:00,1.12366,1.13548,1.12112,1.1289500000000001,124746,0,0
2020-03-09 00:00:00,1.13469,1.14951,1.13348,1.14353,190880,0,0
2020-03-10 00:00:00,1.14388,1.14581,1.12748,1.12815,176934,0,0
2020-03-11 00:00:00,1.12801,1.13668,1.12574,1.12703,127991,0,0
2020-03-12 00:00:00,1.1268799999999999,1.13336,1.10553,1.11852,174508,0,0
2020-03-13 00:00:00,1.11846,1.12213,1.10552,1.11002,168533,0,0
2020-03-16 00:00:00,1.10635,1.12365,1.10635,1.11814,213361,0,0
2020-03-17 00:00:00,1.11797,1.11891,1.0955,1.09987,173076,0,0
2020-03-18 00:00:00,1.09965,1.10451,1.08018,1.09166,194286,0,0
2020-03-19 00:00:00,1.09122,1.09812,1.06551,1.0693,214211,0,0
2020-03-20 00:00:00,1.06908,1.08308,1.06378,1.06973,235127,0,0
2020-03-23 00:00:00,1.07015,1.08278,1.06358,1.07242,209219,0,0
2020-03-24 00:00:00,1.07205,1.08882,1.07184,1.07872,170985,0,0
2020-03-25 00:00:00,1.07873,1.08939,1.07605,1.08809,151437,0,0
2020-03-26 00:00:00,1.08826,1.10587,1.08702,1.10331,163089,0,0
2020-03-27 00:00:00,1.10303,1.11472,1.09536,1.11391,149504,0,0
2020-03-30 00:00:00,1.11167,1.11441,1.101,1.10446,131050,0,0
2020-03-31 00:00:00,1.10398,1.10532,1.09268,1.10357,150870,0,0
2020-04-01 00:00:00,1.10286,1.10388,1.09028,1.09625,117156,0,0
2020-04-02 00:00:00,1.0961400000000001,1.09681,1.08207,1.08571,122752,0,0
2020-04-03 00:00:00,1.0855299999999999,1.08648,1.07727,1.08075,108423,0,0
2020-04-06 00:00:00,1.08081,1.08356,1.07685,1.07937,95127,0,0
2020-04-07 00:00:00,1.07931,1.09266,1.07834,1.0892,95627,0,0
2020-04-08 00:00:00,1.08903,1.09023,1.08302,1.08547,90380,0,0
2020-04-09 00:00:00,1.08561,1.0952,1.0841,1.09297,90497,0,0
2020-04-10 00:00:00,1.09291,1.09525,1.09171,1.09306,40002,0,0
2020-04-13 00:00:00,1.09486,1.09678,1.08927,1.09091,59001,0,0
2020-04-14 00:00:00,1.09055,1.09872,1.09016,1.09818,73928,0,0
2020-04-15 00:00:00,1.09784,1.09908,1.08564,1.09112,73448,0,0
2020-04-16 00:00:00,1.0907499999999999,1.09112,1.08165,1.0839,90027,0,0
2020-04-17 00:00:00,1.08382,1.08927,1.0812,1.08712,79622,0,0
2020-04-20 00:00:00,1.08634,1.08968,1.08413,1.08622,59800,0,0
2020-04-21 00:00:00,1.08602,1.08803,1.08165,1.0857,68361,0,0
2020-04-22 00:00:00,1.08563,1.08852,1.08034,1.08231,52255,0,0
2020-04-23 00:00:00,1.08226,1.08468,1.0756000000000001,1.07758,76840,0,0
2020-04-24 00:00:00,1.07762,1.08296,1.07272,1.08261,60781,0,0
2020-04-27 00:00:00,1.08208,1.086,1.08114,1.08294,54825,0,0
2020-04-28 00:00:00,1.08285,1.08884,1.08096,1.08197,55909,0,0
2020-04-29 00:00:00,1.0818,1.08856,1.08168,1.08732,57292,0,0
2020-04-30 00:00:00,1.08707,1.09726,1.0833,1.09516,78093,0,0
2020-05-01 00:00:00,1.09532,1.10188,1.09345,1.09806,55498,0,0
2020-05-04 00:00:00,1.09677,1.09737,1.08957,1.09038,58066,0,0
2020-05-05 00:00:00,1.09054,1.09259,1.08259,1.08375,61173,0,0
2020-05-06 00:00:00,1.08376,1.0845,1.0782,1.07959,57692,0,0
2020-05-07 00:00:00,1.07925,1.0834,1.07666,1.08318,64809,0,0
2020-05-08 00:00:00,1.08334,1.08756,1.08151,1.08384,51225,0,0
2020-05-11 00:00:00,1.08282,1.08506,1.08007,1.08066,54618,0,0
2020-05-12 00:00:00,1.08062,1.08854,1.07845,1.08485,58633,0,0
2020-05-13 00:00:00,1.0847,1.08966,1.08117,1.08189,63002,0,0
2020-05-14 00:00:00,1.08176,1.0824,1.0775,1.08044,55861,0,0
2020-05-15 00:00:00,1.08039,1.08512,1.0789,1.0819,52912,0,0
2020-05-18 00:00:00,1.08078,1.0927,1.0796000000000001,1.09142,51295,0,0
2020-05-19 00:00:00,1.09139,1.0976,1.09022,1.09228,54062,0,0
2020-05-20 00:00:00,1.09216,1.0999,1.09187,1.09781,50917,0,0
2020-05-21 00:00:00,1.09791,1.10083,1.09371,1.09493,52446,0,0
2020-05-22 00:00:00,1.09462,1.09537,1.08854,1.09032,45728,0,0
2020-05-25 00:00:00,1.08956,1.09146,1.08706,1.0897000000000001,30400,0,0
2020-05-26 00:00:00,1.08949,1.0996,1.08913,1.09825,52396,0,0
2020-05-27 00:00:00,1.09817,1.1031,1.0934,1.10093,82519,0,0
2020-05-28 00:00:00,1.10037,1.10936,1.09918,1.10773,73647,0,0
2020-05-29 00:00:00,1.10767,1.1145100000000001,1.1066,1.11007,88484,0,0
2020-06-01 00:00:00,1.11137,1.1154,1.11005,1.11339,74541,0,0
2020-06-02 00:00:00,1.11356,1.1196,1.11152,1.1169,81199,0,0
2020-06-03 00:00:00,1.11692,1.12579,1.11667,1.12337,91995,0,0
2020-06-04 00:00:00,1.12327,1.13623,1.11946,1.13355,99670,0,0
2020-06-05 00:00:00,1.13369,1.13838,1.12784,1.129,98291,0,0
2020-06-08 00:00:00,1.12924,1.1320000000000001,1.12684,1.1294,74109,0,0
2020-06-09 00:00:00,1.12941,1.1364,1.12411,1.1338300000000001,85032,0,0
2020-06-10 00:00:00,1.13395,1.14226,1.13219,1.13757,98594,0,0
2020-06-11 00:00:00,1.13729,1.1403699999999999,1.12888,1.1298,137591,0,0
2020-06-12 00:00:00,1.1294,1.13407,1.12127,1.12596,134118,0,0
2020-06-15 00:00:00,1.12333,1.13325,1.12263,1.13227,130575,0,0
2020-06-16 00:00:00,1.1323699999999999,1.13534,1.1228,1.12636,112568,0,0
2020-06-17 00:00:00,1.12633,1.1294,1.12068,1.12431,106590,0,0
2020-06-18 00:00:00,1.12439,1.12614,1.11855,1.12046,101303,0,0
2020-06-19 00:00:00,1.12054,1.12542,1.11682,1.11777,95876,0,0
2020-06-22 00:00:00,1.11824,1.12701,1.11686,1.12615,80544,0,0
2020-06-23 00:00:00,1.12579,1.1348799999999999,1.12332,1.13087,104337,0,0
2020-06-24 00:00:00,1.13077,1.13259,1.12484,1.125,97533,0,0
2020-06-25 00:00:00,1.12504,1.12598,1.11905,1.12182,95464,0,0
2020-06-26 00:00:00,1.12166,1.12394,1.11953,1.12185,69358,0,0
2020-06-29 00:00:00,1.12148,1.12879,1.1211,1.12426,75665,0,0
2020-06-30 00:00:00,1.12416,1.12618,1.1191,1.12336,79189,0,0
2020-07-01 00:00:00,1.12339,1.12752,1.11854,1.12512,77792,0,0
2020-07-02 00:00:00,1.12508,1.1302699999999999,1.12234,1.12394,77360,0,0
2020-07-03 00:00:00,1.12392,1.12513,1.12193,1.12474,65448,0,0
2020-07-06 00:00:00,1.12432,1.13456,1.12385,1.13089,72064,0,0
2020-07-07 00:00:00,1.1309,1.13326,1.12588,1.12744,80272,0,0
2020-07-08 00:00:00,1.12727,1.13518,1.12621,1.1329799999999999,74963,0,0
2020-07-09 00:00:00,1.13267,1.13708,1.12804,1.12848,89541,0,0
2020-07-10 00:00:00,1.12812,1.13248,1.1255,1.1299,74196,0,0
2020-07-13 00:00:00,1.13045,1.1374900000000001,1.13008,1.13428,66137,0,0
2020-07-14 00:00:00,1.13435,1.1408800000000001,1.13252,1.13999,91381,0,0
2020-07-15 00:00:00,1.13948,1.14521,1.13894,1.14115,81264,0,0
2020-07-16 00:00:00,1.1411,1.14416,1.13705,1.13822,81041,0,0
2020-07-17 00:00:00,1.13834,1.1443699999999999,1.1375,1.14246,61357,0,0
2020-07-20 00:00:00,1.1406,1.14679,1.14026,1.14478,94549,0,0
2020-07-21 00:00:00,1.14474,1.15398,1.14231,1.15286,110652,0,0
2020-07-22 00:00:00,1.15265,1.16015,1.1507,1.15703,131231,0,0
2020-07-23 00:00:00,1.15702,1.16269,1.15404,1.15971,122012,0,0
2020-07-24 00:00:00,1.15961,1.16583,1.15814,1.16556,119696,0,0
2020-07-27 00:00:00,1.16425,1.17814,1.16404,1.17513,133433,0,0
2020-07-28 00:00:00,1.17513,1.17737,1.16988,1.17168,134252,0,0
2020-07-29 00:00:00,1.1715,1.18062,1.17103,1.17903,126057,0,0
2020-07-30 00:00:00,1.17908,1.18484,1.17309,1.18468,130944,0,0
2020-07-31 00:00:00,1.18471,1.19088,1.17616,1.1773500000000001,164138,0,0
2020-08-03 00:00:00,1.17708,1.17968,1.1696,1.17627,122504,0,0
2020-08-04 00:00:00,1.17617,1.18062,1.1721300000000001,1.18027,115216,0,0
2020-08-05 00:00:00,1.18025,1.1905000000000001,1.1792799999999999,1.18641,110465,0,0
2020-08-06 00:00:00,1.1863,1.1916,1.1818,1.18768,139673,0,0
2020-08-07 00:00:00,1.18762,1.18831,1.17553,1.17868,134599,0,0
2020-08-10 00:00:00,1.17869,1.18008,1.17362,1.17366,88973,0,0
2020-08-11 00:00:00,1.17373,1.18079,1.17222,1.17395,128434,0,0
2020-08-12 00:00:00,1.17399,1.18166,1.17112,1.17854,126254,0,0
2020-08-13 00:00:00,1.1784,1.18642,1.17763,1.18146,111301,0,0
2020-08-14 00:00:00,1.18126,1.18505,1.17819,1.18404,99233,0,0
2020-08-17 00:00:00,1.18394,1.1881,1.18288,1.18701,85575,0,0
2020-08-18 00:00:00,1.18699,1.19658,1.1855,1.19314,112021,0,0
2020-08-19 00:00:00,1.1931,1.19527,1.18304,1.18392,117992,0,0
2020-08-20 00:00:00,1.18364,1.18687,1.18021,1.18612,123960,0,0
2020-08-21 00:00:00,1.186,1.18829,1.17542,1.17956,105822,0,0
2020-08-24 00:00:00,1.17892,1.18497,1.17844,1.17873,83966,0,0
2020-08-25 00:00:00,1.17875,1.18438,1.17843,1.18339,105019,0,0
2020-08-26 00:00:00,1.18342,1.18394,1.17724,1.18303,94957,0,0
2020-08-27 00:00:00,1.183,1.1902,1.17626,1.18217,157424,0,0
2020-08-28 00:00:00,1.18216,1.19199,1.1811099999999999,1.19063,139470,0,0
2020-08-31 00:00:00,1.1893799999999999,1.19661,1.1884000000000001,1.19363,114116,0,0
2020-09-01 00:00:00,1.19361,1.20115,1.19014,1.19118,136700,0,0
2020-09-02 00:00:00,1.19117,1.19288,1.18222,1.18542,114938,0,0
2020-09-03 00:00:00,1.18545,1.18646,1.1789100000000001,1.18515,130747,0,0
2020-09-04 00:00:00,1.18513,1.18655,1.17809,1.1837900000000001,134280,0,0
2020-09-07 00:00:00,1.18448,1.18487,1.18117,1.18127,63876,0,0
2020-09-08 00:00:00,1.18124,1.18275,1.17656,1.17738,130512,0,0
2020-09-09 00:00:00,1.17733,1.1834,1.17529,1.1803,113969,0,0
2020-09-10 00:00:00,1.18028,1.19174,1.17971,1.18147,138212,0,0
2020-09-11 00:00:00,1.1815,1.18742,1.18097,1.18446,96683,0,0
2020-09-14 00:00:00,1.18347,1.1888,1.18321,1.18638,72998,0,0
2020-09-15 00:00:00,1.18641,1.19006,1.18398,1.18466,81964,0,0
2020-09-16 00:00:00,1.18469,1.18825,1.17878,1.1816200000000001,117867,0,0
2020-09-17 00:00:00,1.18157,1.18524,1.17376,1.1847699999999999,127278,0,0
2020-09-18 00:00:00,1.1847699999999999,1.18706,1.18264,1.18426,91478,0,0
2020-09-21 00:00:00,1.18398,1.18717,1.17318,1.17715,109554,0,0
2020-09-22 00:00:00,1.17709,1.1773,1.1691799999999999,1.17048,119230,0,0
2020-09-23 00:00:00,1.17074,1.1718899999999999,1.16514,1.1660300000000001,119305,0,0
2020-09-24 00:00:00,1.16601,1.1687,1.16265,1.16682,118208,0,0
2020-09-25 00:00:00,1.16722,1.16851,1.16122,1.16307,95542,0,0
2020-09-28 00:00:00,1.16194,1.16802,1.1615199999999999,1.16667,82584,0,0
2020-09-29 00:00:00,1.16607,1.17455,1.16607,1.17433,85381,0,0
2020-09-30 00:00:00,1.17428,1.1755,1.16848,1.17208,117815,0,0
2020-10-01 00:00:00,1.17194,1.17698,1.17173,1.17456,120937,0,0
2020-10-02 00:00:00,1.17493,1.17493,1.16958,1.1716199999999999,128396,0,0
2020-10-05 00:00:00,1.17108,1.17976,1.17058,1.17845,78800,0,0
2020-10-06 00:00:00,1.1782,1.18078,1.17319,1.1733500000000001,100929,0,0
2020-10-07 00:00:00,1.17332,1.17819,1.1724999999999999,1.17629,90133,0,0
2020-10-08 00:00:00,1.17602,1.17817,1.17329,1.17603,75573,0,0
2020-10-09 00:00:00,1.17582,1.18309,1.17553,1.18302,73139,0,0
2020-10-12 00:00:00,1.18102,1.18268,1.17869,1.18119,59726,0,0
2020-10-13 00:00:00,1.18109,1.18154,1.17306,1.17455,74280,0,0
2020-10-14 00:00:00,1.17443,1.1771099999999999,1.17199,1.17469,75200,0,0
2020-10-15 00:00:00,1.17452,1.1757900000000001,1.16885,1.17074,80014,0,0
2020-10-16 00:00:00,1.17071,1.17463,1.16942,1.17147,70165,0,0
2020-10-19 00:00:00,1.17158,1.17938,1.17032,1.17709,70775,0,0
2020-10-20 00:00:00,1.1768399999999999,1.18408,1.17599,1.18224,69151,0,0
2020-10-21 00:00:00,1.18212,1.18808,1.18182,1.18611,86062,0,0
2020-10-22 00:00:00,1.18618,1.18669,1.18113,1.18187,73595,0,0
2020-10-23 00:00:00,1.18173,1.18648,1.17868,1.18614,70037,0,0
2020-10-26 00:00:00,1.18532,1.1859899999999999,1.18034,1.18092,69503,0,0
2020-10-27 00:00:00,1.18081,1.1838899999999999,1.17929,1.17954,58619,0,0
2020-10-28 00:00:00,1.17956,1.17971,1.17179,1.17462,82850,0,0
2020-10-29 00:00:00,1.17459,1.1759,1.16503,1.16731,88076,0,0
2020-10-30 00:00:00,1.16739,1.17044,1.16401,1.16454,88189,0,0
2020-11-02 00:00:00,1.16464,1.16558,1.16223,1.16403,73462,0,0
2020-11-03 00:00:00,1.16406,1.17398,1.16276,1.17202,63989,0,0
2020-11-04 00:00:00,1.1712799999999999,1.17709,1.16029,1.17231,180329,0,0
2020-11-05 00:00:00,1.17248,1.18598,1.17109,1.18269,123020,0,0
2020-11-06 00:00:00,1.18243,1.18911,1.17954,1.18752,116744,0,0
2020-11-09 00:00:00,1.18893,1.19201,1.17954,1.1813500000000001,151136,0,0
2020-11-10 00:00:00,1.1813,1.18433,1.17799,1.1817199999999999,126986,0,0
2020-11-11 00:00:00,1.1814,1.18327,1.17455,1.17788,75986,0,0
2020-11-12 00:00:00,1.17768,1.18232,1.17586,1.18056,79623,0,0
2020-11-13 00:00:00,1.18047,1.18374,1.1799,1.18325,62295,0,0
2020-11-16 00:00:00,1.18402,1.18689,1.18143,1.18539,73957,0,0
2020-11-17 00:00:00,1.18505,1.1893799999999999,1.18427,1.18611,62701,0,0
2020-11-18 00:00:00,1.1861,1.18909,1.18492,1.18544,68757,0,0
2020-11-19 00:00:00,1.18525,1.18825,1.18164,1.18735,71494,0,0
2020-11-20 00:00:00,1.18743,1.1891,1.18499,1.1858,62068,0,0
2020-11-23 00:00:00,1.18526,1.19059,1.17999,1.1841,71121,0,0
2020-11-24 00:00:00,1.18405,1.18959,1.18356,1.18927,71814,0,0
2020-11-25 00:00:00,1.18914,1.19298,1.18819,1.19139,78368,0,0
2020-11-26 00:00:00,1.19157,1.19409,1.18853,1.1913,45195,0,0
2020-11-27 00:00:00,1.19126,1.19637,1.19066,1.1960899999999999,51941,0,0
2020-11-30 00:00:00,1.19611,1.20034,1.19239,1.19257,78355,0,0
2020-12-01 00:00:00,1.19256,1.20766,1.19242,1.2072,82371,0,0
2020-12-02 00:00:00,1.20688,1.21185,1.20401,1.21156,88374,0,0
2020-12-03 00:00:00,1.21152,1.21746,1.21012,1.21479,80825,0,0
2020-12-04 00:00:00,1.21437,1.21776,1.21102,1.21209,85237,0,0
2020-12-07 00:00:00,1.21298,1.2166299999999999,1.20786,1.2109,82759,0,0
2020-12-08 00:00:00,1.21091,1.2134,1.20954,1.21046,80209,0,0
2020-12-09 00:00:00,1.21023,1.21473,1.20588,1.20814,78139,0,0
2020-12-10 00:00:00,1.2079900000000001,1.2159,1.20746,1.21416,97140,0,0
2020-12-11 00:00:00,1.2136,1.21629,1.21054,1.2113800000000001,79388,0,0
2020-12-14 00:00:00,1.21349,1.21768,1.21157,1.21431,69303,0,0
2020-12-15 00:00:00,1.21438,1.2169,1.21215,1.21528,68454,0,0
2020-12-16 00:00:00,1.21497,1.22123,1.21251,1.21994,83640,0,0
2020-12-17 00:00:00,1.21988,1.22728,1.21901,1.22669,72206,0,0
2020-12-18 00:00:00,1.2267299999999999,1.22711,1.22256,1.2255,66102,0,0
2020-12-21 00:00:00,1.22199,1.22529,1.21296,1.22435,115986,0,0
2020-12-22 00:00:00,1.2241,1.2257,1.21521,1.21628,86585,0,0
2020-12-23 00:00:00,1.2162,1.22211,1.21539,1.21861,82058,0,0
2020-12-24 00:00:00,1.21864,1.22156,1.21772,1.21808,40471,0,0
2020-12-28 00:00:00,1.21811,1.22504,1.21793,1.2214800000000001,69300,0,0
2020-12-29 00:00:00,1.22163,1.22752,1.2207,1.22498,66672,0,0
2020-12-30 00:00:00,1.22474,1.23101,1.2244,1.22998,71682,0,0
2020-12-31 00:00:00,1.22952,1.23094,1.22151,1.22168,64107,0,0
2021-01-04 00:00:00,1.22393,1.23096,1.22276,1.22521,103062,0,0
2021-01-05 00:00:00,1.22484,1.23058,1.22434,1.22986,95306,0,0
2021-01-06 00:00:00,1.2294100000000001,1.23495,1.22657,1.23263,142912,0,0
2021-01-07 00:00:00,1.23252,1.23444,1.22452,1.22693,106321,0,0
2021-01-08 00:00:00,1.22711,1.22847,1.21932,1.22194,120493,0,0
2021-01-11 00:00:00,1.22155,1.22212,1.21323,1.21502,99812,0,0
2021-01-12 00:00:00,1.21512,1.22096,1.21372,1.22077,90330,0,0
2021-01-13 00:00:00,1.22062,1.22228,1.21399,1.21578,87378,0,0
2021-01-14 00:00:00,1.21569,1.21788,1.21111,1.21545,96866,0,0
2021-01-15 00:00:00,1.21523,1.2162600000000001,1.20749,1.20757,84666,0,0
2021-01-18 00:00:00,1.20822,1.20869,1.20536,1.20759,62179,0,0
2021-01-19 00:00:00,1.2074799999999999,1.21451,1.20741,1.21286,73489,0,0
2021-01-20 00:00:00,1.2128700000000001,1.21583,1.20769,1.21057,80939,0,0
2021-01-21 00:00:00,1.21061,1.21732,1.21033,1.21679,87069,0,0
2021-01-22 00:00:00,1.21609,1.21897,1.21517,1.21713,76145,0,0
2021-01-25 00:00:00,1.21668,1.21834,1.2116,1.21415,80840,0,0
2021-01-26 00:00:00,1.21384,1.21759,1.21078,1.21598,77456,0,0
2021-01-27 00:00:00,1.21599,1.21698,1.20584,1.21121,110542,0,0
2021-01-28 00:00:00,1.21099,1.2142,1.20807,1.21222,110050,0,0
2021-01-29 00:00:00,1.21192,1.2156,1.20945,1.21367,119151,0,0
2021-02-01 00:00:00,1.2128,1.21366,1.20562,1.20609,93583,0,0
2021-02-02 00:00:00,1.20593,1.20878,1.20117,1.20431,85335,0,0
2021-02-03 00:00:00,1.2043300000000001,1.20502,1.20042,1.20353,68990,0,0
2021-02-04 00:00:00,1.20358,1.20429,1.19577,1.19611,74045,0,0
2021-02-05 00:00:00,1.1960899999999999,1.205,1.19522,1.20489,72942,0,0
2021-02-08 00:00:00,1.20374,1.2066,1.20198,1.20499,62435,0,0
2021-02-09 00:00:00,1.2043,1.21219,1.2043,1.21197,71517,0,0
2021-02-10 00:00:00,1.21182,1.21442,1.21088,1.21183,70380,0,0
2021-02-11 00:00:00,1.21178,1.21495,1.21136,1.21317,52308,0,0
2021-02-12 00:00:00,1.21288,1.21344,1.20816,1.21182,55425,0,0
2021-02-15 00:00:00,1.21242,1.21451,1.21167,1.21271,40212,0,0
2021-02-16 00:00:00,1.21274,1.21694,1.2095,1.21034,72120,0,0
2021-02-17 00:00:00,1.21066,1.21075,1.20233,1.20417,78266,0,0
2021-02-18 00:00:00,1.20329,1.20946,1.20329,1.20933,70235,0,0
2021-02-19 00:00:00,1.2089699999999999,1.21445,1.20824,1.21172,64587,0,0
2021-02-22 00:00:00,1.21124,1.21694,1.20914,1.21581,78547,0,0
2021-02-23 00:00:00,1.2154099999999999,1.21802,1.21354,1.21496,73824,0,0
2021-02-24 00:00:00,1.21494,1.21747,1.21093,1.21684,93821,0,0
2021-02-25 00:00:00,1.21632,1.2242899999999999,1.21562,1.21774,125634,0,0
2021-02-26 00:00:00,1.21707,1.21835,1.20623,1.20736,146666,0,0
2021-03-01 00:00:00,1.207,1.21012,1.20276,1.20484,86157,0,0
2021-03-02 00:00:00,1.20488,1.20944,1.19918,1.20905,86795,0,0
2021-03-03 00:00:00,1.20906,1.21132,1.20426,1.20623,88098,0,0
2021-03-04 00:00:00,1.20628,1.20663,1.19616,1.19721,117996,0,0
2021-03-05 00:00:00,1.19647,1.19767,1.1892800000000001,1.19101,129345,0,0
2021-03-08 00:00:00,1.19169,1.19323,1.18442,1.18465,101344,0,0
2021-03-09 00:00:00,1.18466,1.19159,1.18356,1.19008,91351,0,0
2021-03-10 00:00:00,1.19001,1.19298,1.18689,1.19291,87878,0,0
2021-03-11 00:00:00,1.19286,1.199,1.19157,1.19852,86722,0,0
2021-03-12 00:00:00,1.19856,1.19885,1.19101,1.19518,83727,0,0
2021-03-15 00:00:00,1.19433,1.19675,1.19112,1.19298,70096,0,0
2021-03-16 00:00:00,1.19272,1.19518,1.18822,1.19024,68815,0,0
2021-03-17 00:00:00,1.19021,1.19854,1.18862,1.1979899999999999,72252,0,0
2021-03-18 00:00:00,1.19785,1.19889,1.19061,1.19158,91493,0,0
2021-03-19 00:00:00,1.19136,1.19372,1.1874,1.19061,73104,0,0
2021-03-22 00:00:00,1.18716,1.19468,1.18709,1.19327,62329,0,0
2021-03-23 00:00:00,1.19322,1.19408,1.18422,1.18503,75286,0,0
2021-03-24 00:00:00,1.18491,1.18531,1.18097,1.18118,77507,0,0
2021-03-25 00:00:00,1.18127,1.18278,1.17619,1.17641,84517,0,0
2021-03-26 00:00:00,1.1764000000000001,1.1804999999999999,1.17634,1.17929,62612,0,0
2021-03-29 00:00:00,1.17908,1.17938,1.17606,1.17652,66581,0,0
2021-03-30 00:00:00,1.17645,1.17738,1.17113,1.17158,62294,0,0
2021-03-31 00:00:00,1.17166,1.17598,1.17041,1.173,63087,0,0
2021-04-01 00:00:00,1.17303,1.178,1.17126,1.17776,63938,0,0
2021-04-02 00:00:00,1.1776200000000001,1.1786699999999999,1.1749,1.1762299999999999,26806,0,0
2021-04-05 00:00:00,1.17548,1.18195,1.17379,1.18123,39147,0,0
2021-04-06 00:00:00,1.18121,1.18777,1.1795200000000001,1.18762,62495,0,0
2021-04-07 00:00:00,1.18748,1.19148,1.18609,1.18717,69575,0,0
2021-04-08 00:00:00,1.18636,1.19274,1.18608,1.19162,58961,0,0
2021-04-09 00:00:00,1.1913,1.19201,1.18671,1.19012,59557,0,0
2021-04-12 00:00:00,1.18898,1.19192,1.18712,1.19115,59188,0,0
2021-04-13 00:00:00,1.19102,1.19559,1.18781,1.19489,72141,0,0
2021-04-14 00:00:00,1.19485,1.19874,1.19454,1.19792,63580,0,0
2021-04-15 00:00:00,1.1979899999999999,1.19934,1.19561,1.19663,62310,0,0
2021-04-16 00:00:00,1.19616,1.1994799999999999,1.19505,1.19822,55436,0,0
2021-04-19 00:00:00,1.19718,1.20479,1.19425,1.20368,52287,0,0
2021-04-20 00:00:00,1.2037,1.20798,1.20223,1.20366,48048,0,0
2021-04-21 00:00:00,1.20354,1.20437,1.19985,1.20355,39802,0,0
2021-04-22 00:00:00,1.20346,1.20695,1.19936,1.2016,48025,0,0
2021-04-23 00:00:00,1.20146,1.21,1.20128,1.20975,42152,0,0
2021-04-26 00:00:00,1.20911,1.21169,1.20612,1.2086000000000001,40340,0,0
2021-04-27 00:00:00,1.20813,1.20929,1.20568,1.20916,37352,0,0
2021-04-28 00:00:00,1.20889,1.2134800000000001,1.20562,1.21257,46911,0,0
2021-04-29 00:00:00,1.21223,1.215,1.21021,1.2119900000000001,42687,0,0
2021-04-30 00:00:00,1.21161,1.21267,1.20167,1.20215,40926,0,0
2021-05-03 00:00:00,1.20308,1.20759,1.20084,1.20631,32237,0,0
2021-05-04 00:00:00,1.2063,1.2064,1.19991,1.20137,41978,0,0
2021-05-05 00:00:00,1.20102,1.20266,1.19861,1.20054,34795,0,0
2021-05-06 00:00:00,1.2004299999999999,1.20716,1.19932,1.20641,37473,0,0
2021-05-07 00:00:00,1.20646,1.21714,1.20528,1.21635,46035,0,0
2021-05-10 00:00:00,1.21596,1.21783,1.21278,1.21284,43501,0,0
2021-05-11 00:00:00,1.21272,1.21818,1.21231,1.21482,49558,0,0
2021-05-12 00:00:00,1.21454,1.21522,1.20656,1.20705,53870,0,0
2021-05-13 00:00:00,1.2067700000000001,1.21062,1.20515,1.20788,56278,0,0
2021-05-14 00:00:00,1.20783,1.21478,1.20709,1.21458,45191,0,0
2021-05-17 00:00:00,1.21428,1.21688,1.21261,1.21518,42521,0,0
2021-05-18 00:00:00,1.2151399999999999,1.22338,1.21492,1.22233,40867,0,0
2021-05-19 00:00:00,1.22226,1.2245300000000001,1.216,1.2176,56369,0,0
2021-05-20 00:00:00,1.2175799999999999,1.22292,1.2164,1.22282,42422,0,0
2021-05-21 00:00:00,1.2227999999999999,1.22398,1.21608,1.21803,45023,0,0
2021-05-24 00:00:00,1.21672,1.22299,1.21672,1.22163,41743,0,0
2021-05-25 00:00:00,1.22136,1.22664,1.22098,1.2252,48833,0,0
2021-05-26 00:00:00,1.22502,1.2263,1.2182,1.21925,43846,0,0
2021-05-27 00:00:00,1.21917,1.2215,1.21752,1.21945,47552,0,0
2021-05-28 00:00:00,1.21936,1.2205,1.21327,1.2193,48326,0,0
2021-05-31 00:00:00,1.21998,1.22314,1.21834,1.22268,27059,0,0
2021-06-01 00:00:00,1.22268,1.22544,1.22117,1.22133,41354,0,0
2021-06-02 00:00:00,1.2212399999999999,1.22266,1.21642,1.2209699999999999,42618,0,0
2021-06-03 00:00:00,1.2211400000000001,1.22142,1.21184,1.21265,45123,0,0
2021-06-04 00:00:00,1.21274,1.21856,1.2104,1.21665,44700,0,0
2021-06-07 00:00:00,1.21623,1.22019,1.21451,1.21886,34187,0,0
2021-06-08 00:00:00,1.21894,1.21942,1.21643,1.21716,39427,0,0
2021-06-09 00:00:00,1.21728,1.2218,1.21712,1.21784,31851,0,0
2021-06-10 00:00:00,1.21798,1.21946,1.21434,1.21762,47895,0,0
2021-06-11 00:00:00,1.21639,1.2193,1.20926,1.21081,40796,0,0
2021-06-14 00:00:00,1.2101899999999999,1.21305,1.20943,1.21193,36558,0,0
2021-06-15 00:00:00,1.21197,1.21474,1.21014,1.21255,38649,0,0
2021-06-16 00:00:00,1.21263,1.21349,1.1995,1.1995,51565,0,0
2021-06-17 00:00:00,1.19944,1.20064,1.1892,1.19051,65322,0,0
2021-06-18 00:00:00,1.19076,1.1925,1.18475,1.18625,67331,0,0
2021-06-21 00:00:00,1.1857,1.19213,1.18476,1.19176,59308,0,0
2021-06-22 00:00:00,1.1918199999999999,1.19526,1.1881,1.19406,51373,0,0
2021-06-23 00:00:00,1.19395,1.197,1.19116,1.19266,49385,0,0
2021-06-24 00:00:00,1.19257,1.19564,1.19178,1.19314,44634,0,0
2021-06-25 00:00:00,1.19318,1.19753,1.19264,1.19349,43432,0,0
2021-06-28 00:00:00,1.1933799999999999,1.19446,1.19025,1.19232,45198,0,0
2021-06-29 00:00:00,1.19231,1.19308,1.18777,1.18957,44296,0,0
2021-06-30 00:00:00,1.18968,1.1909,1.18452,1.18561,51579,0,0
2021-07-01 00:00:00,1.18581,1.1884299999999999,1.18375,1.18495,47568,0,0
2021-07-02 00:00:00,1.18505,1.18742,1.18075,1.18638,47879,0,0
2021-07-05 00:00:00,1.18622,1.18805,1.18514,1.18612,31745,0,0
2021-07-06 00:00:00,1.18624,1.1895,1.18072,1.18228,53807,0,0
2021-07-07 00:00:00,1.18234,1.1836,1.17817,1.17902,50956,0,0
2021-07-08 00:00:00,1.17902,1.1868,1.17836,1.18466,61441,0,0
2021-07-09 00:00:00,1.18397,1.1881,1.1825,1.18769,47470,0,0
2021-07-12 00:00:00,1.18699,1.18802,1.18362,1.18592,41310,0,0
2021-07-13 00:00:00,1.18608,1.18753,1.17724,1.17765,50267,0,0
2021-07-14 00:00:00,1.17766,1.1838899999999999,1.17719,1.18361,48271,0,0
2021-07-15 00:00:00,1.1837,1.18508,1.17964,1.18102,49193,0,0
2021-07-16 00:00:00,1.18142,1.18224,1.17923,1.18046,45096,0,0
2021-07-19 00:00:00,1.1808,1.18245,1.17639,1.1798899999999999,55388,0,0
2021-07-20 00:00:00,1.17961,1.18028,1.17557,1.17801,54565,0,0
2021-07-21 00:00:00,1.17813,1.18048,1.1752,1.1791800000000001,43967,0,0
2021-07-22 00:00:00,1.17925,1.18304,1.17574,1.17709,50015,0,0
2021-07-23 00:00:00,1.17708,1.17866,1.17545,1.17705,38467,0,0
2021-07-26 00:00:00,1.17736,1.18174,1.17634,1.18023,42179,0,0
2021-07-27 00:00:00,1.18032,1.18411,1.17702,1.1816,46116,0,0
2021-07-28 00:00:00,1.18168,1.18496,1.17724,1.18398,51193,0,0
2021-07-29 00:00:00,1.1844000000000001,1.1892800000000001,1.18405,1.18849,40285,0,0
2021-07-30 00:00:00,1.1887699999999999,1.19086,1.18516,1.1867,42399,0,0
2021-08-02 00:00:00,1.18645,1.18969,1.18591,1.18705,43172,0,0
2021-08-03 00:00:00,1.18705,1.18933,1.1853799999999999,1.18631,45439,0,0
2021-08-04 00:00:00,1.18631,1.18997,1.1832799999999999,1.18368,44440,0,0
2021-08-05 00:00:00,1.18368,1.1857199999999999,1.18282,1.18301,42035,0,0
2021-08-06 00:00:00,1.18301,1.18354,1.17544,1.17609,42226,0,0
2021-08-09 00:00:00,1.17573,1.1769,1.17349,1.17354,42402,0,0
2021-08-10 00:00:00,1.17354,1.17429,1.1710099999999999,1.172,37879,0,0
2021-08-11 00:00:00,1.172,1.17543,1.17062,1.17386,41080,0,0
2021-08-12 00:00:00,1.17386,1.17482,1.17237,1.17288,34171,0,0
2021-08-13 00:00:00,1.17288,1.18048,1.17263,1.17948,33192,0,0
2021-08-16 00:00:00,1.17935,1.18007,1.17675,1.17729,34187,0,0
2021-08-17 00:00:00,1.17729,1.17844,1.17074,1.17074,45908,0,0
2021-08-18 00:00:00,1.17074,1.17425,1.16937,1.17071,43789,0,0
2021-08-19 00:00:00,1.17071,1.17156,1.16658,1.16739,54566,0,0
2021-08-20 00:00:00,1.16739,1.17045,1.16639,1.16996,39640,0,0
2021-08-23 00:00:00,1.16946,1.17503,1.16906,1.17453,38400,0,0
2021-08-24 00:00:00,1.17453,1.1764999999999999,1.17273,1.17567,36061,0,0
2021-08-25 00:00:00,1.17567,1.17747,1.17261,1.17699,41003,0,0
2021-08-26 00:00:00,1.17699,1.1779,1.1746,1.17516,44320,0,0
2021-08-27 00:00:00,1.17516,1.18026,1.1735,1.17964,48839,0,0
2021-08-30 00:00:00,1.17931,1.181,1.1783,1.17961,33780,0,0
2021-08-31 00:00:00,1.17961,1.18451,1.17947,1.18081,50470,0,0
2021-09-01 00:00:00,1.18081,1.1857199999999999,1.17937,1.18392,44033,0,0
2021-09-02 00:00:00,1.18392,1.18761,1.18343,1.18753,37333,0,0
2021-09-03 00:00:00,1.18753,1.19091,1.1865700000000001,1.18787,47197,0,0
2021-09-06 00:00:00,1.1877,1.18862,1.18557,1.1868,27501,0,0
2021-09-07 00:00:00,1.1868,1.18853,1.18374,1.18423,48469,0,0
2021-09-08 00:00:00,1.18423,1.18513,1.1802,1.18153,56569,0,0
2021-09-09 00:00:00,1.18153,1.18411,1.18053,1.1823299999999999,59363,0,0
2021-09-10 00:00:00,1.1823299999999999,1.1851,1.18096,1.1811,46837,0,0
2021-09-13 00:00:00,1.1813500000000001,1.18171,1.17703,1.18091,46359,0,0
2021-09-14 00:00:00,1.18091,1.1846,1.18001,1.18014,52175,0,0
2021-09-15 00:00:00,1.18014,1.18321,1.17991,1.18136,51355,0,0
2021-09-16 00:00:00,1.18136,1.18208,1.17506,1.17666,52873,0,0
2021-09-17 00:00:00,1.17666,1.17888,1.17245,1.1724700000000001,50947,0,0
2021-09-20 00:00:00,1.17289,1.17364,1.17004,1.17262,52701,0,0
2021-09-21 00:00:00,1.17262,1.17487,1.1715,1.17229,52083,0,0
2021-09-22 00:00:00,1.17229,1.17555,1.16846,1.1688399999999999,63798,0,0
2021-09-23 00:00:00,1.1688399999999999,1.1750099999999999,1.16835,1.17371,62767,0,0
2021-09-24 00:00:00,1.17371,1.17476,1.17008,1.17201,47975,0,0
2021-09-27 00:00:00,1.17248,1.17253,1.16848,1.16919,52394,0,0
2021-09-28 00:00:00,1.16933,1.17032,1.16683,1.16829,58028,0,0
2021-09-29 00:00:00,1.16829,1.16901,1.15895,1.1596899999999999,62748,0,0
2021-09-30 00:00:00,1.1596899999999999,1.16096,1.15626,1.1576,61966,0,0
2021-10-01 00:00:00,1.1576,1.16075,1.15631,1.15928,60865,0,0
2021-10-04 00:00:00,1.1591,1.16401,1.15876,1.16194,50682,0,0
2021-10-05 00:00:00,1.16149,1.1622,1.15806,1.15962,46826,0,0
2021-10-06 00:00:00,1.15962,1.16005,1.15292,1.15561,56878,0,0
2021-10-07 00:00:00,1.15519,1.15723,1.15475,1.15496,45499,0,0
2021-10-08 00:00:00,1.15496,1.15861,1.15414,1.15728,53655,0,0
2021-10-11 00:00:00,1.15655,1.15867,1.1549,1.15509,42351,0,0
2021-10-12 00:00:00,1.15509,1.15702,1.15244,1.1528100000000001,51894,0,0
2021-10-13 00:00:00,1.1528100000000001,1.15973,1.15249,1.15934,60871,0,0
2021-10-14 00:00:00,1.15934,1.16246,1.1584,1.1596899999999999,50721,0,0
2021-10-15 00:00:00,1.1596899999999999,1.16187,1.1588,1.15989,54395,0,0
2021-10-18 00:00:00,1.15913,1.16225,1.1571799999999999,1.16104,57584,0,0
2021-10-19 00:00:00,1.16104,1.16694,1.16078,1.16326,55062,0,0
2021-10-20 00:00:00,1.16326,1.16587,1.16172,1.16504,56124,0,0
2021-10-21 00:00:00,1.16504,1.16676,1.16197,1.16241,59106,0,0
2021-10-22 00:00:00,1.16241,1.16556,1.16205,1.16448,61626,0,0
2021-10-25 00:00:00,1.1636,1.16651,1.1590799999999999,1.161,57207,0,0
2021-10-26 00:00:00,1.161,1.16258,1.15851,1.15956,49544,0,0
2021-10-27 00:00:00,1.15956,1.16259,1.1585,1.16016,61712,0,0
2021-10-28 00:00:00,1.16016,1.1692,1.15822,1.1682299999999999,72412,0,0
2021-10-29 00:00:00,1.1682299999999999,1.16902,1.15353,1.15612,70397,0,0
2021-11-01 00:00:00,1.15598,1.1609099999999999,1.1546,1.1606,45534,0,0
2021-11-02 00:00:00,1.1606,1.16134,1.15753,1.15795,53699,0,0
2021-11-03 00:00:00,1.15795,1.16163,1.15624,1.16107,59211,0,0
2021-11-04 00:00:00,1.16107,1.16166,1.15284,1.15539,57392,0,0
2021-11-05 00:00:00,1.15539,1.15732,1.15133,1.15676,60666,0,0
2021-11-08 00:00:00,1.15542,1.1595,1.15504,1.15866,48315,0,0
2021-11-09 00:00:00,1.15866,1.16086,1.157,1.15941,59202,0,0
2021-11-10 00:00:00,1.15941,1.15953,1.14759,1.14759,73535,0,0
2021-11-11 00:00:00,1.14759,1.14877,1.1443,1.1449,47690,0,0
2021-11-12 00:00:00,1.1449,1.14623,1.14328,1.1443,52590,0,0
2021-11-15 00:00:00,1.14435,1.14642,1.13563,1.1367,60528,0,0
2021-11-16 00:00:00,1.1367,1.13858,1.13092,1.13199,77278,0,0
2021-11-17 00:00:00,1.13199,1.13324,1.12637,1.13185,79906,0,0
2021-11-18 00:00:00,1.13185,1.13742,1.1313900000000001,1.13723,72080,0,0
2021-11-19 00:00:00,1.13721,1.13728,1.12499,1.12812,89603,0,0
2021-11-22 00:00:00,1.1287,1.1290499999999999,1.12308,1.12317,85378,0,0
2021-11-23 00:00:00,1.12317,1.12751,1.1226099999999999,1.12483,83040,0,0
2021-11-24 00:00:00,1.12483,1.12555,1.11862,1.12,86354,0,0
2021-11-25 00:00:00,1.12,1.12299,1.11954,1.1206,46552,0,0
2021-11-26 00:00:00,1.1206,1.1329,1.12049,1.13156,109597,0,0
2021-11-29 00:00:00,1.12978,1.13122,1.12584,1.12919,86695,0,0
2021-11-30 00:00:00,1.12919,1.1383,1.12356,1.13373,113565,0,0
2021-12-01 00:00:00,1.13373,1.13599,1.13026,1.13192,94485,0,0
2021-12-02 00:00:00,1.13192,1.1347800000000001,1.12953,1.13013,77728,0,0
2021-12-03 00:00:00,1.13013,1.13338,1.12666,1.13062,81295,0,0
2021-12-06 00:00:00,1.13011,1.13105,1.12667,1.12849,63181,0,0
2021-12-07 00:00:00,1.12849,1.12984,1.12276,1.12679,63250,0,0
2021-12-08 00:00:00,1.12679,1.1354899999999999,1.12591,1.13412,72404,0,0
2021-12-09 00:00:00,1.13412,1.13455,1.12785,1.12923,62817,0,0
2021-12-10 00:00:00,1.12923,1.13242,1.12652,1.13164,61238,0,0
2021-12-13 00:00:00,1.13111,1.13194,1.126,1.12852,45915,0,0
2021-12-14 00:00:00,1.12836,1.13239,1.12538,1.12584,44919,0,0
2021-12-15 00:00:00,1.12589,1.12992,1.12219,1.1294,51889,0,0
2021-12-16 00:00:00,1.12875,1.13604,1.12814,1.13302,53184,0,0
2021-12-17 00:00:00,1.13299,1.1349,1.1235,1.12365,46504,0,0
2021-12-20 00:00:00,1.12367,1.13038,1.12348,1.12771,46271,0,0
2021-12-21 00:00:00,1.12769,1.13028,1.12609,1.12866,40706,0,0
2021-12-22 00:00:00,1.12872,1.13423,1.12645,1.1327,38731,0,0
2021-12-23 00:00:00,1.13235,1.13423,1.12902,1.13274,35657,0,0
2021-12-24 00:00:00,1.13255,1.13435,1.13066,1.13206,29971,0,0
2021-12-27 00:00:00,1.13192,1.13344,1.13029,1.1327,25816,0,0
2021-12-28 00:00:00,1.1327099999999999,1.13334,1.12896,1.1308799999999999,27971,0,0
2021-12-29 00:00:00,1.13092,1.1369,1.12737,1.13471,36557,0,0
2021-12-30 00:00:00,1.13471,1.13599,1.12985,1.13256,34277,0,0
2021-12-31 00:00:00,1.13213,1.13864,1.13033,1.13847,29606,0,0
2022-01-03 00:00:00,1.1373199999999999,1.13785,1.12798,1.12974,39721,0,0
2022-01-04 00:00:00,1.12965,1.13225,1.12723,1.1287099999999999,46306,0,0
2022-01-05 00:00:00,1.12813,1.13464,1.12771,1.13123,47270,0,0
2022-01-06 00:00:00,1.13128,1.13319,1.12847,1.12986,50479,0,0
2022-01-07 00:00:00,1.1296599999999999,1.13649,1.12901,1.13614,43805,0,0
2022-01-10 00:00:00,1.13554,1.13609,1.12851,1.13281,47340,0,0
2022-01-11 00:00:00,1.13225,1.13753,1.1313,1.13687,45844,0,0
2022-01-12 00:00:00,1.13664,1.14528,1.13547,1.14413,48164,0,0
2022-01-13 00:00:00,1.14414,1.14816,1.14359,1.14542,48274,0,0
2022-01-14 00:00:00,1.14547,1.14829,1.13985,1.14151,51661,0,0
2022-01-17 00:00:00,1.14119,1.14345,1.13919,1.14062,32508,0,0
2022-01-18 00:00:00,1.14068,1.14215,1.13147,1.13278,58859,0,0
2022-01-19 00:00:00,1.13195,1.13572,1.1319,1.13423,48275,0,0
2022-01-20 00:00:00,1.13412,1.1369,1.13032,1.13116,49261,0,0
2022-01-21 00:00:00,1.13114,1.13599,1.13009,1.13438,49073,0,0
2022-01-24 00:00:00,1.13407,1.13451,1.12906,1.13248,55471,0,0
2022-01-25 00:00:00,1.13218,1.13292,1.12633,1.13018,48503,0,0
2022-01-26 00:00:00,1.13006,1.13108,1.12356,1.1242,55802,0,0
2022-01-27 00:00:00,1.12375,1.12435,1.1132,1.1145,61796,0,0
2022-01-28 00:00:00,1.11423,1.11737,1.11215,1.11479,58169,0,0
2022-01-31 00:00:00,1.11422,1.12478,1.11383,1.12331,55440,0,0
2022-02-01 00:00:00,1.12339,1.12788,1.1221,1.12741,52196,0,0
2022-02-02 00:00:00,1.1268799999999999,1.13302,1.12667,1.13043,44227,0,0
2022-02-03 00:00:00,1.1303,1.1451500000000001,1.12674,1.14396,64696,0,0
2022-02-04 00:00:00,1.1435,1.14839,1.14117,1.1451,65879,0,0
2022-02-07 00:00:00,1.14635,1.14635,1.14151,1.14418,54653,0,0
2022-02-08 00:00:00,1.14418,1.1448800000000001,1.13963,1.14171,47379,0,0
2022-02-09 00:00:00,1.14148,1.14479,1.1402700000000001,1.1423,42442,0,0
2022-02-10 00:00:00,1.14223,1.1495,1.1374900000000001,1.14279,67654,0,0
2022-02-11 00:00:00,1.14279,1.14299,1.1329799999999999,1.13476,75281,0,0
2022-02-14 00:00:00,1.1338,1.13691,1.12801,1.13068,74511,0,0
2022-02-15 00:00:00,1.13066,1.13684,1.12962,1.13578,57501,0,0
2022-02-16 00:00:00,1.13589,1.1396,1.1345,1.13734,52445,0,0
2022-02-17 00:00:00,1.13726,1.13861,1.13233,1.13614,68337,0,0
2022-02-18 00:00:00,1.13601,1.13769,1.13147,1.13232,53530,0,0
2022-02-21 00:00:00,1.13159,1.13906,1.13068,1.13101,42490,0,0
2022-02-22 00:00:00,1.13106,1.13669,1.12881,1.13252,69657,0,0
2022-02-23 00:00:00,1.1326100000000001,1.13591,1.13013,1.13048,46813,0,0
2022-02-24 00:00:00,1.13062,1.1308799999999999,1.11064,1.1192,124192,0,0
2022-02-25 00:00:00,1.11903,1.12742,1.11661,1.12718,82150,0,0
2022-02-28 00:00:00,1.1125,1.12465,1.1125,1.12184,104545,0,0
2022-03-01 00:00:00,1.12157,1.12331,1.10897,1.11237,88335,0,0
2022-03-02 00:00:00,1.11206,1.11435,1.10575,1.11196,96124,0,0
2022-03-03 00:00:00,1.11151,1.11217,1.10336,1.10656,76043,0,0
2022-03-04 00:00:00,1.10664,1.10679,1.08855,1.0927,92459,0,0
2022-03-07 00:00:00,1.09266,1.09323,1.08061,1.08542,119596,0,0
2022-03-08 00:00:00,1.08549,1.09583,1.08481,1.0897000000000001,113939,0,0
2022-03-09 00:00:00,1.08979,1.10952,1.08901,1.10754,85582,0,0
2022-03-10 00:00:00,1.10687,1.11214,1.09763,1.09884,91932,0,0
2022-03-11 00:00:00,1.09798,1.10436,1.0902,1.09131,85356,0,0
2022-03-14 00:00:00,1.09202,1.09939,1.09007,1.09399,78553,0,0
2022-03-15 00:00:00,1.09406,1.10198,1.09261,1.09538,86210,0,0
2022-03-16 00:00:00,1.09539,1.10467,1.0948,1.10339,95002,0,0
2022-03-17 00:00:00,1.10346,1.11376,1.10079,1.10923,70002,0,0
2022-03-18 00:00:00,1.10906,1.11185,1.10032,1.10511,69362,0,0
2022-03-21 00:00:00,1.10571,1.10702,1.10103,1.10159,62215,0,0
2022-03-22 00:00:00,1.10153,1.10458,1.0961,1.10251,71214,0,0
2022-03-23 00:00:00,1.10254,1.1044,1.09641,1.10054,61702,0,0
2022-03-24 00:00:00,1.10033,1.1014,1.09661,1.09975,66298,0,0
2022-03-25 00:00:00,1.0993,1.10379,1.0981,1.09835,67088,0,0
2022-03-28 00:00:00,1.09849,1.09996,1.09447,1.09871,77371,0,0
2022-03-29 00:00:00,1.09784,1.11371,1.09695,1.10854,92809,0,0
2022-03-30 00:00:00,1.10864,1.11711,1.108,1.11578,84517,0,0
2022-03-31 00:00:00,1.11571,1.11849,1.1061,1.1066,79855,0,0
2022-04-01 00:00:00,1.1062400000000001,1.10764,1.1028,1.10491,67986,0,0
2022-04-04 00:00:00,1.10325,1.10545,1.09607,1.09706,54823,0,0
2022-04-05 00:00:00,1.09703,1.09886,1.09001,1.09052,58308,0,0
2022-04-06 00:00:00,1.09046,1.09379,1.08746,1.0896,72661,0,0
2022-04-07 00:00:00,1.08913,1.09384,1.08648,1.08801,68981,0,0
2022-04-08 00:00:00,1.08758,1.08918,1.08364,1.0876,60528,0,0
2022-04-11 00:00:00,1.09218,1.09332,1.08728,1.08839,60386,0,0
2022-04-12 00:00:00,1.08834,1.09036,1.08213,1.08258,72195,0,0
2022-04-13 00:00:00,1.08269,1.08943,1.08089,1.08926,65718,0,0
2022-04-14 00:00:00,1.0879,1.09232,1.07575,1.08294,78421,0,0
2022-04-15 00:00:00,1.08274,1.08302,1.07964,1.08138,38953,0,0
2022-04-18 00:00:00,1.08034,1.08216,1.07699,1.07807,46512,0,0
2022-04-19 00:00:00,1.07762,1.08146,1.07611,1.07883,65717,0,0
2022-04-20 00:00:00,1.07873,1.08669,1.07827,1.08542,77562,0,0
2022-04-21 00:00:00,1.08486,1.09362,1.08236,1.0832600000000001,76727,0,0
2022-04-22 00:00:00,1.08344,1.08516,1.07707,1.0796000000000001,76148,0,0
2022-04-25 00:00:00,1.0806499999999999,1.08138,1.06968,1.07124,92428,0,0
2022-04-26 00:00:00,1.07114,1.07387,1.06358,1.06365,77044,0,0
2022-04-27 00:00:00,1.06375,1.06547,1.05145,1.05586,86608,0,0
2022-04-28 00:00:00,1.05603,1.05648,1.04712,1.04985,99212,0,0
2022-04-29 00:00:00,1.04972,1.05928,1.04911,1.05413,84479,0,0
2022-05-02 00:00:00,1.05613,1.05683,1.04903,1.05072,72853,0,0
2022-05-03 00:00:00,1.04997,1.05776,1.04922,1.05199,72069,0,0
2022-05-04 00:00:00,1.05192,1.0631,1.05061,1.0618,81853,0,0
2022-05-05 00:00:00,1.06184,1.06419,1.04927,1.05391,100702,0,0
2022-05-06 00:00:00,1.05401,1.05989,1.04827,1.05455,116476,0,0
2022-05-09 00:00:00,1.05393,1.05924,1.04951,1.05584,93855,0,0
2022-05-10 00:00:00,1.05536,1.05854,1.05254,1.05301,97904,0,0
2022-05-11 00:00:00,1.05246,1.05771,1.0502,1.05136,96740,0,0
2022-05-12 00:00:00,1.05117,1.05293,1.0354,1.03796,104098,0,0
2022-05-13 00:00:00,1.03758,1.04197,1.03494,1.0407,78359,0,0
2022-05-16 00:00:00,1.0403,1.04431,1.0389,1.04341,68182,0,0
2022-05-17 00:00:00,1.04315,1.05557,1.04285,1.05485,81481,0,0
2022-05-18 00:00:00,1.0546,1.05638,1.04602,1.04609,72454,0,0
2022-05-19 00:00:00,1.04613,1.06071,1.046,1.05836,100273,0,0
2022-05-20 00:00:00,1.05787,1.05988,1.05328,1.05599,76667,0,0
2022-05-23 00:00:00,1.05595,1.06974,1.05523,1.06922,73531,0,0
2022-05-24 00:00:00,1.06877,1.07485,1.06609,1.07361,78446,0,0
2022-05-25 00:00:00,1.07319,1.0739,1.06422,1.06795,79231,0,0
2022-05-26 00:00:00,1.06792,1.07315,1.06624,1.07291,68547,0,0
2022-05-27 00:00:00,1.072,1.07649,1.0697,1.07348,67480,0,0
2022-05-30 00:00:00,1.0731600000000001,1.07869,1.0724,1.07798,51123,0,0
2022-05-31 00:00:00,1.07741,1.0779,1.06789,1.07324,91903,0,0
2022-06-01 00:00:00,1.07318,1.07392,1.06271,1.06528,77399,0,0
2022-06-02 00:00:00,1.0644,1.07501,1.0644,1.07459,68968,0,0
2022-06-03 00:00:00,1.07437,1.07641,1.07041,1.07196,64652,0,0
2022-06-06 00:00:00,1.07168,1.0752,1.06835,1.06957,60483,0,0
2022-06-07 00:00:00,1.06957,1.0714299999999999,1.06521,1.07049,74804,0,0
2022-06-08 00:00:00,1.07036,1.07484,1.06713,1.07163,72727,0,0
2022-06-09 00:00:00,1.07179,1.07741,1.06112,1.06176,85160,0,0
2022-06-10 00:00:00,1.06154,1.06422,1.05058,1.05187,92199,0,0
2022-06-13 00:00:00,1.05136,1.052,1.03998,1.04067,109327,0,0
2022-06-14 00:00:00,1.04068,1.04848,1.0397,1.04176,110907,0,0
2022-06-15 00:00:00,1.04153,1.05078,1.0359,1.04461,134367,0,0
2022-06-16 00:00:00,1.04394,1.06014,1.03808,1.05512,129903,0,0
2022-06-17 00:00:00,1.05464,1.056,1.04443,1.04935,116885,0,0
2022-06-20 00:00:00,1.04749,1.05459,1.04743,1.05107,74732,0,0
2022-06-21 00:00:00,1.05066,1.05826,1.0506199999999999,1.05347,78702,0,0
2022-06-22 00:00:00,1.05307,1.06055,1.0469,1.05682,96630,0,0
2022-06-23 00:00:00,1.05647,1.0581,1.04827,1.05211,111559,0,0
2022-06-24 00:00:00,1.05191,1.05712,1.0512,1.05512,82618,0,0
2022-06-27 00:00:00,1.05444,1.06149,1.05444,1.05819,83021,0,0
2022-06-28 00:00:00,1.05817,1.06062,1.05035,1.05206,90358,0,0
2022-06-29 00:00:00,1.05172,1.05355,1.04351,1.04411,92762,0,0
2022-06-30 00:00:00,1.04386,1.04884,1.03825,1.04831,96296,0,0
2022-07-01 00:00:00,1.04787,1.0485,1.03655,1.04272,96164,0,0
2022-07-04 00:00:00,1.04162,1.04627,1.0416,1.0423,61819,0,0
2022-07-05 00:00:00,1.04178,1.04488,1.02351,1.02639,98411,0,0
2022-07-06 00:00:00,1.02658,1.02764,1.01617,1.01807,109888,0,0
2022-07-07 00:00:00,1.01807,1.02209,1.01441,1.01611,91162,0,0
2022-07-08 00:00:00,1.01623,1.01914,1.00718,1.01859,99207,0,0
2022-07-11 00:00:00,1.01741,1.01835,1.00337,1.004,93046,0,0
2022-07-12 00:00:00,1.00358,1.00738,1.0,1.00359,105917,0,0
2022-07-13 00:00:00,1.00372,1.01219,0.9998,1.00576,113466,0,0
2022-07-14 00:00:00,1.00558,1.00591,0.99522,1.00187,117523,0,0
2022-07-15 00:00:00,1.00127,1.00979,1.00069,1.00878,95233,0,0
2022-07-18 00:00:00,1.00814,1.02012,1.00785,1.01439,81791,0,0
2022-07-19 00:00:00,1.01377,1.02693,1.01196,1.02212,91490,0,0
2022-07-20 00:00:00,1.02227,1.02731,1.01554,1.01832,82729,0,0
2022-07-21 00:00:00,1.01741,1.0278,1.01534,1.02292,99169,0,0
2022-07-22 00:00:00,1.02257,1.02554,1.01297,1.0215,92171,0,0
2022-07-25 00:00:00,1.02088,1.02578,1.01786,1.02181,84177,0,0
2022-07-26 00:00:00,1.02152,1.025,1.01076,1.01173,77623,0,0
2022-07-27 00:00:00,1.01147,1.02207,1.00966,1.01989,82680,0,0
2022-07-28 00:00:00,1.01997,1.02345,1.0114,1.01965,100453,0,0
2022-07-29 00:00:00,1.01972,1.02545,1.01461,1.02261,94308,0,0
2022-08-01 00:00:00,1.02146,1.02753,1.02054,1.02611,86658,0,0
2022-08-02 00:00:00,1.02605,1.02938,1.01634,1.01656,106825,0,0
2022-08-03 00:00:00,1.01658,1.02097,1.01226,1.01646,92074,0,0
2022-08-04 00:00:00,1.01603,1.02538,1.01543,1.02459,84066,0,0
2022-08-05 00:00:00,1.0245,1.02522,1.01416,1.01778,80717,0,0
2022-08-08 00:00:00,1.01738,1.0222,1.01591,1.01935,68148,0,0
2022-08-09 00:00:00,1.01945,1.02473,1.01885,1.02131,55847,0,0
2022-08-10 00:00:00,1.02124,1.03685,1.02022,1.02993,77072,0,0
2022-08-11 00:00:00,1.02993,1.03644,1.02754,1.03185,78552,0,0
2022-08-12 00:00:00,1.03155,1.03275,1.02383,1.0259,67139,0,0
2022-08-15 00:00:00,1.02547,1.02683,1.01546,1.01592,62307,0,0
2022-08-16 00:00:00,1.0162,1.01948,1.01225,1.0171,73207,0,0
2022-08-17 00:00:00,1.01649,1.02029,1.01454,1.01777,89900,0,0
2022-08-18 00:00:00,1.01767,1.01931,1.00797,1.00864,82579,0,0
2022-08-19 00:00:00,1.00834,1.00955,1.00319,1.00393,73735,0,0
2022-08-22 00:00:00,1.00348,1.00465,0.99262,0.99418,78311,0,0
2022-08-23 00:00:00,0.99417,1.00179,0.99001,0.99676,92848,0,0
2022-08-24 00:00:00,0.99661,0.99988,0.99101,0.99651,76217,0,0
2022-08-25 00:00:00,0.99623,1.00335,0.9949,0.99743,77581,0,0
2022-08-26 00:00:00,0.99733,1.00901,0.99465,0.99651,84594,0,0
2022-08-29 00:00:00,0.99629,1.00292,0.99141,0.99976,93881,0,0
2022-08-30 00:00:00,0.99976,1.00548,0.9982,1.00146,109095,0,0
2022-08-31 00:00:00,1.00146,1.00792,0.99713,1.0052,110688,0,0
2022-09-01 00:00:00,1.0052,1.0054,0.9911,0.9947,110951,0,0
2022-09-02 00:00:00,0.9947,1.00336,0.9936,0.99562,110871,0,0
2022-09-05 00:00:00,0.99218,0.9944,0.9878,0.99312,83600,0,0
2022-09-06 00:00:00,0.99312,0.99863,0.98641,0.99066,123555,0,0
2022-09-07 00:00:00,0.99064,1.00109,0.98757,1.00063,103804,0,0
2022-09-08 00:00:00,1.00063,1.00294,0.99307,0.99989,119561,0,0
2022-09-09 00:00:00,0.99989,1.01132,0.99921,1.00462,96373,0,0
2022-09-12 00:00:00,1.0103,1.01977,1.00597,1.01212,99661,0,0
2022-09-13 00:00:00,1.01212,1.01871,0.99664,0.99668,104105,0,0
2022-09-14 00:00:00,0.99668,1.00235,0.99554,0.99794,114464,0,0
2022-09-15 00:00:00,0.99794,1.00179,0.99557,0.99971,80126,0,0
2022-09-16 00:00:00,0.99971,1.00367,0.99448,1.00131,91509,0,0
2022-09-19 00:00:00,1.00075,1.00291,0.99658,1.00244,71952,0,0
2022-09-20 00:00:00,1.00244,1.00505,0.99552,0.99693,89271,0,0
2022-09-21 00:00:00,0.99693,0.99751,0.98125,0.98369,110217,0,0
2022-09-22 00:00:00,0.98369,0.99072,0.98077,0.98339,136333,0,0
2022-09-23 00:00:00,0.98321,0.98518,0.96676,0.96907,115904,0,0
2022-09-26 00:00:00,0.96673,0.97097,0.95496,0.9608,170147,0,0
2022-09-27 00:00:00,0.9608,0.9671,0.9569,0.95925,138631,0,0
2022-09-28 00:00:00,0.95925,0.97508,0.95356,0.97361,167220,0,0
2022-09-29 00:00:00,0.97361,0.98147,0.96356,0.98127,147663,0,0
2022-09-30 00:00:00,0.98127,0.98533,0.97345,0.98014,155055,0,0
2022-10-03 00:00:00,0.979,0.98445,0.97526,0.98244,132336,0,0
2022-10-04 00:00:00,0.98244,0.99995,0.98061,0.99852,130527,0,0
2022-10-05 00:00:00,0.99852,0.99949,0.98348,0.9886,121016,0,0
2022-10-06 00:00:00,0.9886,0.99264,0.97881,0.97911,140740,0,0
2022-10-07 00:00:00,0.97911,0.98168,0.97262,0.97403,120856,0,0
2022-10-10 00:00:00,0.9734,0.97533,0.96819,0.97034,117243,0,0
2022-10-11 00:00:00,0.97034,0.97745,0.96705,0.97052,143666,0,0
2022-10-12 00:00:00,0.97052,0.97346,0.96679,0.97031,135642,0,0
2022-10-13 00:00:00,0.97031,0.98059,0.96316,0.97776,148758,0,0
2022-10-14 00:00:00,0.97776,0.98084,0.97069,0.97232,139900,0,0
2022-10-17 00:00:00,0.97153,0.98521,0.97135,0.98436,125205,0,0
2022-10-18 00:00:00,0.98439,0.98756,0.98126,0.98603,133735,0,0
2022-10-19 00:00:00,0.98603,0.98724,0.97574,0.97724,124844,0,0
2022-10-20 00:00:00,0.97724,0.98454,0.97547,0.97878,138094,0,0
2022-10-21 00:00:00,0.97878,0.98691,0.97049,0.98594,166772,0,0
2022-10-24 00:00:00,0.98698,0.98992,0.98069,0.98734,163896,0,0
2022-10-25 00:00:00,0.98734,0.99768,0.98487,0.99678,127393,0,0
2022-10-26 00:00:00,0.99678,1.00887,0.99435,1.00831,137432,0,0
2022-10-27 00:00:00,1.0082,1.00938,0.99576,0.99641,137657,0,0
2022-10-28 00:00:00,0.99641,0.99982,0.99266,0.99663,126092,0,0
2022-10-31 00:00:00,0.99542,0.9966,0.98731,0.98826,100877,0,0
2022-11-01 00:00:00,0.98826,0.99537,0.98531,0.98738,114284,0,0
2022-11-02 00:00:00,0.98738,0.99761,0.98129,0.9816,123048,0,0
2022-11-03 00:00:00,0.9816,0.98397,0.97301,0.97495,120796,0,0
2022-11-04 00:00:00,0.97495,0.99666,0.97396,0.99582,138083,0,0
2022-11-07 00:00:00,0.98998,1.00339,0.98998,1.00207,128353,0,0
2022-11-08 00:00:00,1.00207,1.00964,0.99726,1.00729,111087,0,0
2022-11-09 00:00:00,1.00729,1.00883,0.99926,1.00118,135348,0,0
2022-11-10 00:00:00,1.00118,1.02219,0.99356,1.02078,147484,0,0
2022-11-11 00:00:00,1.02078,1.03642,1.01631,1.03532,154144,0,0
2022-11-14 00:00:00,1.03389,1.03588,1.02716,1.03254,141234,0,0
2022-11-15 00:00:00,1.03254,1.04803,1.02801,1.03473,170388,0,0
2022-11-16 00:00:00,1.03473,1.04386,1.03309,1.03939,147313,0,0
2022-11-17 00:00:00,1.03939,1.04067,1.03053,1.03645,128357,0,0
2022-11-18 00:00:00,1.03645,1.03959,1.03136,1.03247,114218,0,0
2022-11-21 00:00:00,1.03193,1.03333,1.02229,1.02413,113128,0,0
2022-11-22 00:00:00,1.02413,1.03082,1.02377,1.03028,99829,0,0
2022-11-23 00:00:00,1.03028,1.04052,1.02964,1.03948,112441,0,0
2022-11-24 00:00:00,1.03948,1.04486,1.03819,1.04107,87032,0,0
2022-11-25 00:00:00,1.04107,1.04293,1.0354700000000001,1.0389,93159,0,0
2022-11-28 00:00:00,1.03713,1.04969,1.03303,1.03398,121622,0,0
2022-11-29 00:00:00,1.03398,1.03942,1.032,1.03291,119611,0,0
2022-11-30 00:00:00,1.03291,1.04287,1.029,1.04084,131515,0,0
2022-12-01 00:00:00,1.04084,1.05334,1.03928,1.05253,142923,0,0
2022-12-02 00:00:00,1.05244,1.05449,1.04282,1.05406,127012,0,0
2022-12-05 00:00:00,1.05313,1.05949,1.04802,1.04931,110164,0,0
2022-12-06 00:00:00,1.04932,1.05331,1.04592,1.0467,111797,0,0
2022-12-07 00:00:00,1.0467,1.05497,1.04431,1.05058,113455,0,0
2022-12-08 00:00:00,1.05058,1.05647,1.04896,1.05548,96061,0,0
2022-12-09 00:00:00,1.05548,1.0588,1.05014,1.05323,105962,0,0
2022-12-12 00:00:00,1.05255,1.05799,1.0506,1.05386,91852,0,0
2022-12-13 00:00:00,1.05383,1.06731,1.05279,1.06323,124102,0,0
2022-12-14 00:00:00,1.06323,1.06951,1.06189,1.0681,128289,0,0
2022-12-15 00:00:00,1.0681,1.07357,1.05925,1.0626,124257,0,0
2022-12-16 00:00:00,1.0626,1.06628,1.0585,1.0586,106249,0,0
2022-12-19 00:00:00,1.05815,1.06579,1.05757,1.0607,100969,0,0
2022-12-20 00:00:00,1.0607,1.06586,1.0579,1.06232,144312,0,0
2022-12-21 00:00:00,1.06232,1.06453,1.0590600000000001,1.06046,100565,0,0
2022-12-22 00:00:00,1.06046,1.06593,1.05733,1.05982,100469,0,0
2022-12-23 00:00:00,1.05982,1.06331,1.05868,1.06162,98171,0,0
2022-12-27 00:00:00,1.06104,1.06693,1.06104,1.06386,66493,0,0
2022-12-28 00:00:00,1.06386,1.06741,1.06066,1.06122,89722,0,0
2022-12-29 00:00:00,1.06122,1.06905,1.06053,1.0662,89709,0,0
2022-12-30 00:00:00,1.0662,1.07131,1.06387,1.07056,109969,0,0
2023-01-02 00:00:00,1.0695000000000001,1.07058,1.06494,1.06577,20238,0,0
2023-01-03 00:00:00,1.06577,1.06831,1.05196,1.05488,134779,0,0
2023-01-04 00:00:00,1.05483,1.06352,1.05405,1.06038,134855,0,0
2023-01-05 00:00:00,1.06038,1.0631599999999999,1.05151,1.05217,126386,0,0
2023-01-06 00:00:00,1.05217,1.06479,1.0482,1.06454,127251,0,0
2023-01-09 00:00:00,1.06388,1.07605,1.06327,1.07327,118211,0,0
2023-01-10 00:00:00,1.07327,1.07596,1.07122,1.07339,117278,0,0
2023-01-11 00:00:00,1.07339,1.07763,1.07254,1.07564,96684,0,0
2023-01-12 00:00:00,1.07564,1.08669,1.07271,1.08507,133150,0,0
2023-01-13 00:00:00,1.08507,1.08679,1.07806,1.08321,120146,0,0
2023-01-16 00:00:00,1.08285,1.08743,1.08018,1.08212,75337,0,0
2023-01-17 00:00:00,1.08212,1.08692,1.07746,1.0788,114891,0,0
2023-01-18 00:00:00,1.0788,1.08873,1.07663,1.07942,143345,0,0
2023-01-19 00:00:00,1.07942,1.08399,1.07825,1.08308,111292,0,0
2023-01-20 00:00:00,1.08308,1.0859,1.08025,1.08552,93131,0,0
2023-01-23 00:00:00,1.08667,1.09267,1.08465,1.08712,101110,0,0
2023-01-24 00:00:00,1.08712,1.08979,1.08353,1.08882,88668,0,0
2023-01-25 00:00:00,1.08882,1.09236,1.08575,1.0915,90843,0,0
2023-01-26 00:00:00,1.0915,1.09293,1.08507,1.08912,87287,0,0
2023-01-27 00:00:00,1.08912,1.09003,1.0838,1.08674,83105,0,0
2023-01-30 00:00:00,1.08623,1.0913599999999999,1.08394,1.08512,85130,0,0
2023-01-31 00:00:00,1.08512,1.08749,1.08023,1.08615,90374,0,0
2023-02-01 00:00:00,1.08615,1.10004,1.08524,1.09896,99792,0,0
2023-02-02 00:00:00,1.09896,1.1033,1.08853,1.09108,119999,0,0
2023-02-03 00:00:00,1.09102,1.094,1.07925,1.07927,111413,0,0
2023-02-06 00:00:00,1.07816,1.07988,1.07095,1.07251,97804,0,0
2023-02-07 00:00:00,1.07251,1.07662,1.06692,1.07278,118659,0,0
2023-02-08 00:00:00,1.07278,1.07605,1.07095,1.07142,86901,0,0
2023-02-09 00:00:00,1.07142,1.07907,1.07052,1.07382,90179,0,0
2023-02-10 00:00:00,1.07382,1.07528,1.06665,1.06771,95232,0,0
2023-02-13 00:00:00,1.06801,1.073,1.06556,1.07249,77169,0,0
2023-02-14 00:00:00,1.07249,1.08048,1.07069,1.07358,115659,0,0
2023-02-15 00:00:00,1.07358,1.07446,1.06607,1.06869,89035,0,0
2023-02-16 00:00:00,1.06869,1.07224,1.06546,1.06728,97219,0,0
2023-02-17 00:00:00,1.06728,1.06983,1.06129,1.06943,85989,0,0
2023-02-20 00:00:00,1.0684,1.07046,1.06706,1.06841,49825,0,0
2023-02-21 00:00:00,1.06841,1.06981,1.0637699999999999,1.06461,86534,0,0
2023-02-22 00:00:00,1.06461,1.06641,1.05992,1.06047,92523,0,0
2023-02-23 00:00:00,1.06047,1.06277,1.05773,1.05941,83520,0,0
2023-02-24 00:00:00,1.05941,1.06144,1.05363,1.05452,95966,0,0
2023-02-27 00:00:00,1.05474,1.06196,1.05332,1.06089,80257,0,0
2023-02-28 00:00:00,1.06089,1.06455,1.05739,1.05756,80222,0,0
2023-03-01 00:00:00,1.05756,1.06915,1.05655,1.06687,96887,0,0
2023-03-02 00:00:00,1.06687,1.06729,1.05764,1.05973,95632,0,0
2023-03-03 00:00:00,1.05973,1.06385,1.05883,1.06335,83989,0,0
2023-03-06 00:00:00,1.0622,1.06943,1.06191,1.06827,77113,0,0
2023-03-07 00:00:00,1.06827,1.06944,1.0546,1.05489,98141,0,0
2023-03-08 00:00:00,1.05489,1.05739,1.05246,1.05441,83819,0,0
2023-03-09 00:00:00,1.05441,1.05912,1.05366,1.05818,73912,0,0
2023-03-10 00:00:00,1.05818,1.07006,1.05742,1.06387,127719,0,0
2023-03-13 00:00:00,1.0681,1.07486,1.06505,1.07311,175390,0,0
2023-03-14 00:00:00,1.07311,1.07497,1.06791,1.07331,133164,0,0
2023-03-15 00:00:00,1.07331,1.07599,1.0516,1.05753,147918,0,0
2023-03-16 00:00:00,1.05753,1.06356,1.05504,1.06126,137607,0,0
2023-03-17 00:00:00,1.06129,1.06853,1.0602,1.06649,104123,0,0
2023-03-20 00:00:00,1.0683,1.07309,1.06315,1.07236,112425,0,0
2023-03-21 00:00:00,1.07236,1.07884,1.07041,1.07697,82672,0,0
2023-03-22 00:00:00,1.07697,1.09124,1.07591,1.08547,93829,0,0
2023-03-23 00:00:00,1.08547,1.09297,1.08245,1.08322,103474,0,0
2023-03-24 00:00:00,1.08322,1.08385,1.07132,1.07596,110506,0,0
2023-03-27 00:00:00,1.07746,1.08002,1.07451,1.07983,79262,0,0
2023-03-28 00:00:00,1.07983,1.08484,1.07939,1.08459,72824,0,0
2023-03-29 00:00:00,1.08459,1.08714,1.08181,1.08443,75793,0,0
2023-03-30 00:00:00,1.08443,1.09262,1.08238,1.09054,76000,0,0
2023-03-31 00:00:00,1.09054,1.09257,1.08367,1.08425,78644,0,0
2023-04-03 00:00:00,1.08395,1.09166,1.07884,1.09027,83940,0,0
2023-04-04 00:00:00,1.09027,1.09733,1.0883099999999999,1.09558,77799,0,0
2023-04-05 00:00:00,1.09558,1.09697,1.08912,1.0907,73890,0,0
2023-04-06 00:00:00,1.0907,1.09377,1.0884800000000001,1.09206,60692,0,0
2023-04-07 00:00:00,1.09206,1.09242,1.08764,1.08992,28218,0,0
2023-04-10 00:00:00,1.08986,1.09173,1.08313,1.0860400000000001,52159,0,0
2023-04-11 00:00:00,1.0860400000000001,1.0928,1.08551,1.09132,61643,0,0
2023-04-12 00:00:00,1.09132,1.10003,1.09061,1.09911,66427,0,0
2023-04-13 00:00:00,1.09911,1.10677,1.09769,1.1047,63793,0,0
2023-04-14 00:00:00,1.1047,1.10759,1.09724,1.09929,70898,0,0
2023-04-17 00:00:00,1.09872,1.09999,1.09093,1.09273,65683,0,0
2023-04-18 00:00:00,1.09273,1.0983,1.09188,1.09733,60095,0,0
2023-04-19 00:00:00,1.09733,1.0984,1.09175,1.0956,63819,0,0
2023-04-20 00:00:00,1.0956,1.09897,1.09336,1.09705,66793,0,0
2023-04-21 00:00:00,1.09705,1.09938,1.09382,1.09888,64602,0,0
2023-04-24 00:00:00,1.09903,1.10501,1.0966,1.1046,58241,0,0
2023-04-25 00:00:00,1.1046,1.1067,1.09643,1.0973600000000001,68985,0,0
2023-04-26 00:00:00,1.0973600000000001,1.10955,1.09667,1.10389,83186,0,0
2023-04-27 00:00:00,1.10389,1.10634,1.09923,1.10289,72554,0,0
2023-04-28 00:00:00,1.10289,1.1045,1.09626,1.1017,92430,0,0
2023-05-01 00:00:00,1.10129,1.10355,1.09645,1.09763,56754,0,0
2023-05-02 00:00:00,1.09763,1.10079,1.09424,1.09991,71066,0,0
2023-05-03 00:00:00,1.09991,1.10915,1.09974,1.10621,80739,0,0
2023-05-04 00:00:00,1.10621,1.10913,1.09864,1.10119,96589,0,0
2023-05-05 00:00:00,1.10119,1.1048,1.09669,1.10177,69892,0,0
2023-05-08 00:00:00,1.10195,1.10537,1.10002,1.10038,54446,0,0
2023-05-09 00:00:00,1.10038,1.10059,1.09413,1.09615,60223,0,0
2023-05-10 00:00:00,1.09615,1.10068,1.09418,1.09824,71382,0,0
2023-05-11 00:00:00,1.09824,1.09981,1.09003,1.09155,75374,0,0
2023-05-12 00:00:00,1.09155,1.09354,1.08479,1.0849199999999999,63128,0,0
2023-05-15 00:00:00,1.08548,1.08908,1.08454,1.08742,54389,0,0
2023-05-16 00:00:00,1.08742,1.09046,1.08551,1.08625,61354,0,0
2023-05-17 00:00:00,1.08625,1.08737,1.08104,1.08386,62042,0,0
2023-05-18 00:00:00,1.08386,1.0848,1.07627,1.07701,60503,0,0
2023-05-19 00:00:00,1.07701,1.08287,1.07602,1.08054,71199,0,0
2023-05-22 00:00:00,1.08031,1.08313,1.07956,1.08124,66820,0,0
2023-05-23 00:00:00,1.08124,1.08206,1.0760399999999999,1.07705,70336,0,0
2023-05-24 00:00:00,1.07705,1.08013,1.07484,1.07492,76158,0,0
2023-05-25 00:00:00,1.07492,1.07568,1.07075,1.07251,71851,0,0
2023-05-26 00:00:00,1.07234,1.07585,1.0702,1.07234,65795,0,0
2023-05-29 00:00:00,1.07118,1.07436,1.07056,1.07092,28919,0,0
2023-05-30 00:00:00,1.07062,1.07466,1.06728,1.07339,71318,0,0
2023-05-31 00:00:00,1.07252,1.07359,1.06354,1.06878,77865,0,0
2023-06-01 00:00:00,1.06813,1.07686,1.06619,1.07622,70520,0,0
2023-06-02 00:00:00,1.07622,1.07791,1.07053,1.0707200000000001,63761,0,0
2023-06-05 00:00:00,1.07091,1.07225,1.06748,1.07123,62297,0,0
2023-06-06 00:00:00,1.07123,1.07328,1.0667200000000001,1.06921,55495,0,0
2023-06-07 00:00:00,1.06921,1.07398,1.06684,1.06989,55143,0,0
2023-06-08 00:00:00,1.06989,1.0787,1.06914,1.07829,55756,0,0
2023-06-09 00:00:00,1.07829,1.07853,1.07429,1.07478,52426,0,0
2023-06-12 00:00:00,1.07437,1.0789900000000001,1.0733,1.07577,54912,0,0
2023-06-13 00:00:00,1.07577,1.08234,1.07502,1.07927,64678,0,0
2023-06-14 00:00:00,1.07927,1.08638,1.07739,1.08308,64514,0,0
2023-06-15 00:00:00,1.08308,1.09527,1.08039,1.09454,65661,0,0
2023-06-16 00:00:00,1.09454,1.09705,1.09182,1.09404,61421,0,0
2023-06-19 00:00:00,1.09393,1.09464,1.09074,1.09214,42028,0,0
2023-06-20 00:00:00,1.09214,1.09462,1.08925,1.09179,63746,0,0
2023-06-21 00:00:00,1.09179,1.09908,1.09058,1.09863,66358,0,0
2023-06-22 00:00:00,1.09863,1.10125,1.09487,1.09556,60919,0,0
2023-06-23 00:00:00,1.09556,1.09586,1.08446,1.08936,64920,0,0
2023-06-26 00:00:00,1.09028,1.09201,1.08876,1.0905,52435,0,0
2023-06-27 00:00:00,1.0905,1.09768,1.09025,1.09608,60058,0,0
2023-06-28 00:00:00,1.09608,1.09627,1.0897000000000001,1.09125,61692,0,0
2023-06-29 00:00:00,1.09125,1.09414,1.08603,1.08638,64886,0,0
2023-06-30 00:00:00,1.08638,1.09318,1.08355,1.09077,57283,0,0
2023-07-03 00:00:00,1.09086,1.09338,1.08705,1.09127,45398,0,0
2023-07-04 00:00:00,1.09127,1.09163,1.08766,1.08772,29563,0,0
2023-07-05 00:00:00,1.08772,1.09078,1.08511,1.08531,46282,0,0
2023-07-06 00:00:00,1.08531,1.09006,1.08339,1.0892,58586,0,0
2023-07-07 00:00:00,1.08911,1.09733,1.08672,1.09671,56807,0,0
2023-07-10 00:00:00,1.0956,1.10012,1.09437,1.10009,44650,0,0
2023-07-11 00:00:00,1.10009,1.10267,1.09772,1.10082,45319,0,0
2023-07-12 00:00:00,1.10082,1.11401,1.1,1.1131199999999999,57342,0,0
2023-07-13 00:00:00,1.1131199999999999,1.12279,1.11259,1.12258,58086,0,0
2023-07-14 00:00:00,1.1212,1.12449,1.12044,1.12241,54414,0,0
2023-07-17 00:00:00,1.12308,1.12487,1.1203400000000001,1.12376,42017,0,0
2023-07-18 00:00:00,1.12376,1.12756,1.12092,1.12272,60451,0,0
2023-07-19 00:00:00,1.12272,1.12401,1.11746,1.12021,56793,0,0
2023-07-20 00:00:00,1.12021,1.1229,1.11186,1.1129,55133,0,0
2023-07-21 00:00:00,1.1129,1.11448,1.11081,1.11244,49108,0,0
2023-07-24 00:00:00,1.11226,1.11469,1.10602,1.10639,54667,0,0
2023-07-25 00:00:00,1.10639,1.10868,1.10209,1.10541,49565,0,0
2023-07-26 00:00:00,1.10541,1.11064,1.10381,1.10852,60608,0,0
2023-07-27 00:00:00,1.10852,1.11497,1.09659,1.09762,79575,0,0
2023-07-28 00:00:00,1.09762,1.10474,1.09439,1.10129,80806,0,0
2023-07-31 00:00:00,1.10194,1.10458,1.09934,1.09965,52415,0,0
2023-08-01 00:00:00,1.09965,1.10028,1.09526,1.09834,50821,0,0
2023-08-02 00:00:00,1.09834,1.1019,1.09181,1.09379,62615,0,0
2023-08-03 00:00:00,1.09379,1.09627,1.09125,1.09486,62152,0,0
2023-08-04 00:00:00,1.09486,1.10419,1.09347,1.10063,59552,0,0
2023-08-07 00:00:00,1.10126,1.10142,1.09656,1.10028,45166,0,0
2023-08-08 00:00:00,1.10028,1.10109,1.09293,1.09561,51131,0,0
2023-08-09 00:00:00,1.09561,1.09953,1.09483,1.09733,42622,0,0
2023-08-10 00:00:00,1.09733,1.10654,1.0967500000000001,1.09804,64628,0,0
2023-08-11 00:00:00,1.09804,1.10049,1.0943100000000001,1.09447,52972,0,0
2023-08-14 00:00:00,1.09465,1.09601,1.0875,1.09057,55071,0,0
2023-08-15 00:00:00,1.09057,1.09524,1.08968,1.09042,63572,0,0
2023-08-16 00:00:00,1.09042,1.09345,1.08718,1.08789,56135,0,0
2023-08-17 00:00:00,1.08804,1.0918,1.08564,1.0872,65155,0,0
2023-08-18 00:00:00,1.0872,1.08938,1.08452,1.08686,61344,0,0
2023-08-21 00:00:00,1.0866500000000001,1.0913599999999999,1.08657,1.0895299999999999,55568,0,0
2023-08-22 00:00:00,1.0895299999999999,1.09304,1.08331,1.0845,54989,0,0
2023-08-23 00:00:00,1.0845,1.08714,1.08027,1.08617,57786,0,0
2023-08-24 00:00:00,1.08617,1.08766,1.08049,1.08099,50462,0,0
2023-08-25 00:00:00,1.08099,1.08416,1.07659,1.07936,60299,0,0
2023-08-28 00:00:00,1.07951,1.08219,1.07911,1.08181,42644,0,0
2023-08-29 00:00:00,1.08181,1.08919,1.07824,1.08783,59303,0,0
2023-08-30 00:00:00,1.08783,1.09454,1.0855299999999999,1.09228,61375,0,0
2023-08-31 00:00:00,1.09228,1.09393,1.08354,1.08434,61651,0,0
2023-09-01 00:00:00,1.08434,1.08818,1.07719,1.07732,67411,0,0
2023-09-04 00:00:00,1.07748,1.08088,1.07715,1.07962,30938,0,0
2023-09-05 00:00:00,1.0792,1.07984,1.07066,1.07218,60524,0,0
2023-09-06 00:00:00,1.07215,1.07488,1.07026,1.07258,58855,0,0
2023-09-07 00:00:00,1.07217,1.07318,1.06864,1.06955,53665,0,0
2023-09-08 00:00:00,1.06964,1.07437,1.06929,1.06986,53124,0,0
2023-09-11 00:00:00,1.07134,1.07593,1.0707200000000001,1.0749900000000001,53110,0,0
2023-09-12 00:00:00,1.07414,1.07688,1.07056,1.07539,49940,0,0
2023-09-13 00:00:00,1.07491,1.07648,1.07111,1.07292,62692,0,0
2023-09-14 00:00:00,1.07276,1.07521,1.0632,1.06438,68213,0,0
2023-09-15 00:00:00,1.06339,1.06878,1.06334,1.06595,55887,0,0
2023-09-18 00:00:00,1.06568,1.06987,1.06549,1.06921,44177,0,0
2023-09-19 00:00:00,1.06814,1.07178,1.06753,1.0679,45476,0,0
2023-09-20 00:00:00,1.06775,1.07368,1.06501,1.06602,58116,0,0
2023-09-21 00:00:00,1.06571,1.06735,1.06168,1.0661,66325,0,0
2023-09-22 00:00:00,1.06535,1.06717,1.06151,1.06431,49357,0,0
2023-09-25 00:00:00,1.06467,1.06555,1.05759,1.05914,43075,0,0
2023-09-26 00:00:00,1.05916,1.0609,1.0562,1.05708,49058,0,0
2023-09-27 00:00:00,1.05662,1.0574,1.04882,1.05023,58788,0,0
2023-09-28 00:00:00,1.0501800000000001,1.05788,1.0491,1.05651,60642,0,0
2023-09-29 00:00:00,1.05563,1.0617,1.05563,1.05736,57888,0,0
2023-10-02 00:00:00,1.05651,1.0592,1.04774,1.04775,54263,0,0
2023-10-03 00:00:00,1.04766,1.04932,1.04481,1.04658,63802,0,0
2023-10-04 00:00:00,1.04623,1.05322,1.04515,1.05033,57701,0,0
2023-10-05 00:00:00,1.05012,1.05516,1.04988,1.05503,67861,0,0
2023-10-06 00:00:00,1.05395,1.06,1.04828,1.05842,75261,0,0
2023-10-09 00:00:00,1.05477,1.05745,1.05196,1.05661,68201,0,0
2023-10-10 00:00:00,1.05581,1.06199,1.05546,1.06043,77290,0,0
2023-10-11 00:00:00,1.05985,1.06347,1.0581,1.06185,73578,0,0
2023-10-12 00:00:00,1.0609,1.06397,1.05258,1.05276,72400,0,0
2023-10-13 00:00:00,1.05269,1.05585,1.0495700000000001,1.05065,68473,0,0
2023-10-16 00:00:00,1.05103,1.05626,1.0505,1.05589,57293,0,0
2023-10-17 00:00:00,1.05581,1.05948,1.0533,1.05756,65670,0,0
2023-10-18 00:00:00,1.05698,1.05941,1.05232,1.05359,65070,0,0
2023-10-19 00:00:00,1.05318,1.06166,1.05283,1.05812,79746,0,0
2023-10-20 00:00:00,1.05791,1.06036,1.05651,1.05927,62791,0,0
2023-10-23 00:00:00,1.05936,1.0678,1.05716,1.06682,62160,0,0
2023-10-24 00:00:00,1.0665,1.06941,1.05832,1.05904,64711,0,0
2023-10-25 00:00:00,1.05855,1.06067,1.05655,1.05656,63495,0,0
2023-10-26 00:00:00,1.05686,1.05692,1.05215,1.05624,67361,0,0
2023-10-27 00:00:00,1.05525,1.0597,1.05355,1.05634,60574,0,0
2023-10-30 00:00:00,1.05643,1.06251,1.05473,1.06147,53178,0,0
2023-10-31 00:00:00,1.06149,1.0675,1.05577,1.05751,70581,0,0
2023-11-01 00:00:00,1.05711,1.05807,1.05168,1.05693,74715,0,0
2023-11-02 00:00:00,1.0565,1.06676,1.05635,1.06217,67864,0,0
2023-11-03 00:00:00,1.06185,1.07467,1.06147,1.07286,61142,0,0
2023-11-06 00:00:00,1.07228,1.07563,1.07158,1.07164,44305,0,0
2023-11-07 00:00:00,1.07136,1.07223,1.06641,1.06996,45651,0,0
2023-11-08 00:00:00,1.06988,1.07161,1.06595,1.07079,43372,0,0
2023-11-09 00:00:00,1.07055,1.0725500000000001,1.06598,1.06674,50548,0,0
2023-11-10 00:00:00,1.06656,1.06928,1.06562,1.06839,48297,0,0
2023-11-13 00:00:00,1.06825,1.07062,1.06651,1.06984,43946,0,0
2023-11-14 00:00:00,1.06943,1.08871,1.06925,1.08785,61613,0,0
2023-11-15 00:00:00,1.08757,1.08853,1.08315,1.08463,62158,0,0
2023-11-16 00:00:00,1.08461,1.08955,1.08304,1.08521,51206,0,0
2023-11-17 00:00:00,1.08467,1.09139,1.08249,1.09129,49243,0,0
2023-11-20 00:00:00,1.09067,1.09519,1.08977,1.09397,47023,0,0
2023-11-21 00:00:00,1.09364,1.09652,1.09002,1.09098,50249,0,0
2023-11-22 00:00:00,1.09069,1.0923,1.08524,1.08882,51768,0,0
2023-11-23 00:00:00,1.08859,1.09304,1.08798,1.0904,29502,0,0
2023-11-24 00:00:00,1.09024,1.09485,1.08951,1.09355,35023,0,0
2023-11-27 00:00:00,1.0943,1.09593,1.09252,1.09529,43427,0,0
2023-11-28 00:00:00,1.09531,1.1009,1.09345,1.09946,53649,0,0
2023-11-29 00:00:00,1.0990199999999999,1.10169,1.09602,1.09685,57207,0,0
2023-11-30 00:00:00,1.09682,1.09839,1.08791,1.08878,62564,0,0
2023-12-01 00:00:00,1.08847,1.09128,1.08287,1.08785,62884,0,0
2023-12-04 00:00:00,1.08763,1.08948,1.08042,1.08354,61092,0,0
2023-12-05 00:00:00,1.08341,1.08475,1.07783,1.0796999999999999,61489,0,0
2023-12-06 00:00:00,1.07891,1.08044,1.07585,1.07636,53642,0,0
2023-12-07 00:00:00,1.07623,1.08174,1.07552,1.07926,65416,0,0
2023-12-08 00:00:00,1.07912,1.08008,1.07237,1.07583,71746,0,0
2023-12-11 00:00:00,1.0758,1.0779,1.07417,1.07641,48730,0,0
2023-12-12 00:00:00,1.07612,1.08281,1.07548,1.07939,54754,0,0
2023-12-13 00:00:00,1.07914,1.08964,1.07732,1.08743,64777,0,0
2023-12-14 00:00:00,1.08716,1.10093,1.08701,1.09913,87898,0,0
2023-12-15 00:00:00,1.09913,1.10037,1.08887,1.0894,74434,0,0
2023-12-18 00:00:00,1.08962,1.09313,1.0892,1.09236,58479,0,0
2023-12-19 00:00:00,1.09195,1.09874,1.09127,1.09801,53768,0,0
2023-12-20 00:00:00,1.09796,1.09823,1.09297,1.09422,51450,0,0
2023-12-21 00:00:00,1.09387,1.10121,1.09353,1.10099,62015,0,0
2023-12-22 00:00:00,1.10087,1.10402,1.09939,1.10127,73092,0,0
2023-12-26 00:00:00,1.10035,1.10448,1.10035,1.1042,34924,0,0
2023-12-27 00:00:00,1.10409,1.11226,1.10285,1.11062,59225,0,0
2023-12-28 00:00:00,1.11013,1.11395,1.10552,1.10614,62012,0,0
2023-12-29 00:00:00,1.106,1.10844,1.10336,1.10361,68374,0,0
2024-01-02 00:00:00,1.10405,1.10439,1.09382,1.09411,69049,0,0
2024-01-03 00:00:00,1.09413,1.09655,1.08932,1.09218,76014,0,0
2024-01-04 00:00:00,1.09188,1.09722,1.09104,1.09453,63225,0,0
2024-01-05 00:00:00,1.09411,1.09983,1.08768,1.09405,83166,0,0
2024-01-08 00:00:00,1.09405,1.09788,1.09227,1.09493,59856,0,0
2024-01-09 00:00:00,1.09496,1.09662,1.09106,1.09305,64067,0,0
2024-01-10 00:00:00,1.09275,1.09726,1.09221,1.09718,54667,0,0
2024-01-11 00:00:00,1.09665,1.09987,1.09303,1.09728,78677,0,0
2024-01-12 00:00:00,1.09686,1.0987,1.09359,1.09499,68960,0,0
2024-01-15 00:00:00,1.09468,1.09677,1.09336,1.09499,40909,0,0
2024-01-16 00:00:00,1.09479,1.09507,1.08622,1.08752,74084,0,0
2024-01-17 00:00:00,1.08716,1.08845,1.08446,1.08815,65728,0,0
2024-01-18 00:00:00,1.08806,1.09068,1.08468,1.0875,64856,0,0
2024-01-19 00:00:00,1.08725,1.08976,1.08652,1.08972,55546,0,0
2024-01-22 00:00:00,1.08895,1.09094,1.088,1.08824,49650,0,0
2024-01-23 00:00:00,1.08825,1.09162,1.08217,1.08534,56814,0,0
2024-01-24 00:00:00,1.0845,1.09323,1.08413,1.08844,66482,0,0
2024-01-25 00:00:00,1.08816,1.09018,1.08217,1.08458,68019,0,0
2024-01-26 00:00:00,1.08427,1.08857,1.0813,1.08537,58484,0,0
2024-01-29 00:00:00,1.08415,1.08502,1.07959,1.08331,52206,0,0
2024-01-30 00:00:00,1.08308,1.08572,1.0812,1.08449,57791,0,0
2024-01-31 00:00:00,1.08392,1.08875,1.07948,1.08174,92709,0,0
2024-02-01 00:00:00,1.08165,1.08748,1.078,1.08719,82845,0,0
2024-02-02 00:00:00,1.08706,1.08975,1.07806,1.0786,69975,0,0
2024-02-05 00:00:00,1.07855,1.07861,1.07234,1.07423,61878,0,0
2024-02-06 00:00:00,1.0739,1.07624,1.07228,1.07539,60559,0,0
2024-02-07 00:00:00,1.07522,1.0784,1.07488,1.07725,55284,0,0
2024-02-08 00:00:00,1.07698,1.0789,1.07417,1.07775,50985,0,0
2024-02-09 00:00:00,1.07758,1.0795,1.07623,1.07847,51863,0,0
2024-02-12 00:00:00,1.0778,1.08055,1.07559,1.07715,40408,0,0
2024-02-13 00:00:00,1.07712,1.07949,1.07006,1.07086,59815,0,0
2024-02-14 00:00:00,1.07078,1.07346,1.06951,1.07276,51580,0,0
2024-02-15 00:00:00,1.07252,1.07849,1.07223,1.07721,51935,0,0
2024-02-16 00:00:00,1.07685,1.07875,1.07322,1.07764,52657,0,0
2024-02-19 00:00:00,1.07713,1.07894,1.07621,1.07781,30744,0,0
2024-02-20 00:00:00,1.07771,1.08389,1.07617,1.08076,52923,0,0
2024-02-21 00:00:00,1.08045,1.08244,1.07901,1.08197,48976,0,0
2024-02-22 00:00:00,1.08153,1.08881,1.0803,1.08226,56468,0,0
2024-02-23 00:00:00,1.08186,1.08395,1.0812,1.0819,46549,0,0
2024-02-26 00:00:00,1.08286,1.08598,1.08128,1.08513,40972,0,0
2024-02-27 00:00:00,1.08476,1.08659,1.08331,1.08447,43001,0,0
2024-02-28 00:00:00,1.08419,1.08459,1.07968,1.08382,47094,0,0
2024-02-29 00:00:00,1.08348,1.08559,1.07959,1.08049,61334,0,0
2024-03-01 00:00:00,1.07997,1.08432,1.07983,1.0838700000000001,54330,0,0
2024-03-04 00:00:00,1.08335,1.08668,1.08335,1.08551,40211,0,0
2024-03-05 00:00:00,1.08531,1.08762,1.08404,1.08567,46208,0,0
2024-03-06 00:00:00,1.08534,1.09154,1.08422,1.08989,51469,0,0
2024-03-07 00:00:00,1.08972,1.09491,1.0868,1.09479,55498,0,0
2024-03-08 00:00:00,1.09445,1.09813,1.09174,1.09376,61752,0,0
2024-03-11 00:00:00,1.09398,1.09482,1.09147,1.09251,42275,0,0
2024-03-12 00:00:00,1.09203,1.09438,1.09022,1.09261,50194,0,0
2024-03-13 00:00:00,1.09247,1.09639,1.09203,1.0948,40777,0,0
2024-03-14 00:00:00,1.09474,1.09548,1.08807,1.0883,47506,0,0
2024-03-15 00:00:00,1.08811,1.08997,1.0873,1.08867,39340,0,0
2024-03-18 00:00:00,1.0886,1.09062,1.08662,1.08716,32434,0,0
2024-03-19 00:00:00,1.08708,1.08766,1.08348,1.08655,40277,0,0
2024-03-20 00:00:00,1.08623,1.09228,1.08365,1.09222,47413,0,0
2024-03-21 00:00:00,1.09192,1.09427,1.08555,1.08595,50994,0,0
2024-03-22 00:00:00,1.08567,1.08681,1.08018,1.08068,40541,0,0
2024-03-25 00:00:00,1.08063,1.08426,1.08023,1.08373,34768,0,0
2024-03-26 00:00:00,1.08361,1.08644,1.08245,1.08313,42645,0,0
2024-03-27 00:00:00,1.08302,1.0839,1.08109,1.08276,40352,0,0
2024-03-28 00:00:00,1.08254,1.08269,1.07751,1.0787,46362,0,0
2024-03-29 00:00:00,1.07865,1.08051,1.0768,1.0789900000000001,30613,0,0
2024-04-01 00:00:00,1.07864,1.07989,1.0731,1.0743,33762,0,0
2024-04-02 00:00:00,1.07392,1.07791,1.07247,1.0769,43221,0,0
2024-04-03 00:00:00,1.07686,1.0836999999999999,1.07641,1.08359,44982,0,0
2024-04-04 00:00:00,1.0831,1.08766,1.08289,1.08364,39930,0,0
2024-04-05 00:00:00,1.08336,1.0848,1.07915,1.08364,52952,0,0
2024-04-08 00:00:00,1.08347,1.08622,1.0821,1.08593,40753,0,0
2024-04-09 00:00:00,1.08554,1.08852,1.08478,1.08566,36460,0,0
2024-04-10 00:00:00,1.08555,1.0866500000000001,1.07288,1.07423,60207,0,0
2024-04-11 00:00:00,1.0742099999999999,1.07566,1.06993,1.07258,58219,0,0
2024-04-12 00:00:00,1.0726,1.07293,1.06226,1.06404,55643,0,0
2024-04-15 00:00:00,1.06302,1.06653,1.06204,1.06237,67434,0,0
2024-04-16 00:00:00,1.06216,1.06536,1.06013,1.06184,79971,0,0
2024-04-17 00:00:00,1.06157,1.06798,1.06063,1.06727,67191,0,0
2024-04-18 00:00:00,1.06717,1.069,1.06412,1.06436,56697,0,0
2024-04-19 00:00:00,1.06417,1.0677699999999999,1.06106,1.06563,80963,0,0
2024-04-22 00:00:00,1.0651,1.06707,1.06241,1.06536,45796,0,0
2024-04-23 00:00:00,1.06521,1.07114,1.06386,1.07024,54585,0,0
2024-04-24 00:00:00,1.0701,1.07142,1.06781,1.06992,46415,0,0
2024-04-25 00:00:00,1.0692,1.07397,1.06785,1.0729899999999999,58681,0,0
2024-04-26 00:00:00,1.07274,1.07529,1.0674,1.06927,57371,0,0
2024-04-29 00:00:00,1.06877,1.07338,1.06877,1.07198,65209,0,0
2024-04-30 00:00:00,1.0719400000000001,1.07355,1.06647,1.06656,65207,0,0
2024-05-01 00:00:00,1.06641,1.07328,1.06495,1.07136,66855,0,0
2024-05-02 00:00:00,1.07062,1.07303,1.06743,1.07246,69637,0,0
2024-05-03 00:00:00,1.0723799999999999,1.08127,1.0722,1.07617,74832,0,0
2024-05-06 00:00:00,1.0758,1.07908,1.07552,1.077,40353,0,0
2024-05-07 00:00:00,1.07645,1.07875,1.07479,1.0755,42924,0,0
2024-05-08 00:00:00,1.07515,1.07575,1.07351,1.07479,37426,0,0
2024-05-09 00:00:00,1.07455,1.07845,1.0724,1.07801,43624,0,0
2024-05-10 00:00:00,1.07791,1.07901,1.0760399999999999,1.07694,42331,0,0
2024-05-13 00:00:00,1.07695,1.08069,1.07652,1.07898,38739,0,0
2024-05-14 00:00:00,1.07858,1.08257,1.07669,1.08196,46097,0,0
2024-05-15 00:00:00,1.08176,1.0886,1.08132,1.08835,54781,0,0
2024-05-16 00:00:00,1.08832,1.08951,1.08544,1.08667,46095,0,0
2024-05-17 00:00:00,1.08628,1.08785,1.08357,1.0869,37690,0,0
2024-05-20 00:00:00,1.08649,1.08846,1.08544,1.08562,34780,0,0
2024-05-21 00:00:00,1.08558,1.08749,1.08428,1.08539,44114,0,0
2024-05-22 00:00:00,1.08533,1.08636,1.08175,1.0822,46414,0,0
2024-05-23 00:00:00,1.08195,1.08611,1.08048,1.08154,53663,0,0
2024-05-24 00:00:00,1.08106,1.08578,1.08056,1.08455,40606,0,0
2024-05-27 00:00:00,1.08445,1.08676,1.084,1.0855,24567,0,0
2024-05-28 00:00:00,1.0857,1.08891,1.08502,1.08566,44640,0,0
2024-05-29 00:00:00,1.0856,1.086,1.08,1.08006,48358,0,0
2024-05-30 00:00:00,1.07997,1.08451,1.07885,1.08317,45659,0,0
2024-05-31 00:00:00,1.08273,1.08824,1.08112,1.08472,55854,0,0
2024-06-03 00:00:00,1.0845,1.09046,1.08279,1.09039,47422,0,0
2024-06-04 00:00:00,1.09008,1.09161,1.0859,1.0879,57032,0,0
2024-06-05 00:00:00,1.08782,1.08915,1.08544,1.08685,48968,0,0
2024-06-06 00:00:00,1.08682,1.0902,1.0862,1.08878,46299,0,0
2024-06-07 00:00:00,1.0887,1.09045,1.07997,1.08011,58995,0,0
2024-06-10 00:00:00,1.07702,1.07817,1.07328,1.07652,50829,0,0
2024-06-11 00:00:00,1.0762,1.07736,1.07195,1.07404,49930,0,0
2024-06-12 00:00:00,1.0735999999999999,1.08524,1.07344,1.08092,73258,0,0
2024-06-13 00:00:00,1.08055,1.08165,1.07329,1.07383,58798,0,0
2024-06-14 00:00:00,1.07343,1.07451,1.06677,1.07029,69737,0,0
2024-06-17 00:00:00,1.06999,1.07379,1.06865,1.07335,54114,0,0
2024-06-18 00:00:00,1.07319,1.07615,1.07101,1.07395,55852,0,0
2024-06-19 00:00:00,1.07375,1.07534,1.07249,1.07423,33343,0,0
2024-06-20 00:00:00,1.07408,1.07488,1.07019,1.07025,51256,0,0
2024-06-21 00:00:00,1.0701100000000001,1.07206,1.06711,1.06915,53518,0,0
2024-06-24 00:00:00,1.06831,1.07465,1.06828,1.07335,46855,0,0
2024-06-25 00:00:00,1.07325,1.07442,1.06908,1.07135,44047,0,0
2024-06-26 00:00:00,1.07066,1.0718,1.06661,1.06799,51064,0,0
2024-06-27 00:00:00,1.06783,1.07265,1.06772,1.07033,53512,0,0
2024-06-28 00:00:00,1.07028,1.07248,1.06854,1.07125,63660,0,0
2024-07-01 00:00:00,1.07428,1.07765,1.07199,1.07398,59883,0,0
2024-07-02 00:00:00,1.07343,1.07471,1.071,1.07452,49167,0,0
2024-07-03 00:00:00,1.07426,1.08169,1.07364,1.07872,46767,0,0
2024-07-04 00:00:00,1.07823,1.0814,1.07806,1.08117,27806,0,0
2024-07-05 00:00:00,1.08104,1.08426,1.07987,1.08396,51683,0,0
2024-07-08 00:00:00,1.07987,1.08451,1.07974,1.08244,47030,0,0
2024-07-09 00:00:00,1.08226,1.08334,1.08056,1.08132,42386,0,0
2024-07-10 00:00:00,1.08124,1.08305,1.0811,1.08297,37402,0,0
2024-07-11 00:00:00,1.0827,1.09001,1.08225,1.0867,59746,0,0
2024-07-12 00:00:00,1.08635,1.09114,1.08613,1.09056,55836,0,0
2024-07-15 00:00:00,1.08817,1.09224,1.08797,1.08941,53965,0,0
2024-07-16 00:00:00,1.0892,1.09056,1.08717,1.08982,49080,0,0
2024-07-17 00:00:00,1.08983,1.09481,1.08952,1.0939,58809,0,0
2024-07-18 00:00:00,1.09369,1.09411,1.08937,1.08954,56079,0,0
2024-07-19 00:00:00,1.0895299999999999,1.09018,1.08758,1.08825,50424,0,0
2024-07-22 00:00:00,1.08829,1.09027,1.08732,1.089,44766,0,0
2024-07-23 00:00:00,1.08861,1.08968,1.08439,1.0853,42050,0,0
2024-07-24 00:00:00,1.08523,1.08666,1.08257,1.0839,53923,0,0
2024-07-25 00:00:00,1.08381,1.087,1.08283,1.08449,67761,0,0
2024-07-26 00:00:00,1.08448,1.08683,1.08421,1.08556,50613,0,0
2024-07-29 00:00:00,1.0854300000000001,1.087,1.08029,1.08203,43978,0,0
2024-07-30 00:00:00,1.08171,1.08358,1.07983,1.08132,46621,0,0
2024-07-31 00:00:00,1.08129,1.08495,1.0802,1.08258,77737,0,0
2024-08-01 00:00:00,1.08225,1.08356,1.07775,1.0790899999999999,74509,0,0
2024-08-02 00:00:00,1.07879,1.09266,1.07819,1.09103,90698,0,0
2024-08-05 00:00:00,1.09217,1.10091,1.08927,1.09507,142459,0,0
2024-08-06 00:00:00,1.09467,1.09631,1.09038,1.0931,99293,0,0
2024-08-07 00:00:00,1.09228,1.09367,1.09055,1.09223,75140,0,0
2024-08-08 00:00:00,1.0918,1.09452,1.08816,1.09182,70430,0,0
2024-08-09 00:00:00,1.09121,1.09314,1.0909200000000001,1.09154,47195,0,0
2024-08-12 00:00:00,1.09122,1.09395,1.09099,1.09318,38553,0,0
2024-08-13 00:00:00,1.0928,1.09997,1.09138,1.09928,47461,0,0
2024-08-14 00:00:00,1.0984099999999999,1.10474,1.09806,1.10122,50418,0,0
2024-08-15 00:00:00,1.10105,1.10156,1.09497,1.0971,44330,0,0
2024-08-16 00:00:00,1.09693,1.10296,1.09692,1.10271,37785,0,0
2024-08-19 00:00:00,1.1025800000000001,1.10863,1.10222,1.10849,46024,0,0
2024-08-20 00:00:00,1.10795,1.11305,1.10719,1.11291,52419,0,0
2024-08-21 00:00:00,1.11231,1.11742,1.10988,1.11498,61075,0,0
2024-08-22 00:00:00,1.1147,1.11646,1.10982,1.11111,54436,0,0
2024-08-23 00:00:00,1.11045,1.12009,1.11045,1.11924,61408,0,0
2024-08-26 00:00:00,1.11853,1.1201699999999999,1.11501,1.1161,54448,0,0
2024-08-27 00:00:00,1.11579,1.11906,1.11503,1.11838,48322,0,0
2024-08-28 00:00:00,1.11781,1.1185100000000001,1.11051,1.11196,57033,0,0
2024-08-29 00:00:00,1.11183,1.114,1.10558,1.10774,65515,0,0
2024-08-30 00:00:00,1.10725,1.10951,1.10439,1.10473,61402,0,0
2024-09-02 00:00:00,1.10454,1.10775,1.10421,1.10721,34817,0,0
2024-09-03 00:00:00,1.10661,1.10728,1.10263,1.10434,58768,0,0
2024-09-04 00:00:00,1.10396,1.10952,1.10338,1.10828,56793,0,0
2024-09-05 00:00:00,1.10795,1.11196,1.10748,1.11101,59915,0,0
2024-09-06 00:00:00,1.11062,1.1155599999999999,1.10657,1.10855,77301,0,0
2024-09-09 00:00:00,1.10794,1.1091199999999999,1.10337,1.10347,48902,0,0
2024-09-10 00:00:00,1.10342,1.10498,1.10152,1.1019,42647,0,0
2024-09-11 00:00:00,1.10175,1.10549,1.10021,1.10109,64965,0,0
2024-09-12 00:00:00,1.10123,1.1075,1.10057,1.10746,55121,0,0
2024-09-13 00:00:00,1.10726,1.11018,1.10701,1.10752,54118,0,0
2024-09-16 00:00:00,1.10754,1.11376,1.10725,1.11321,49010,0,0
2024-09-17 00:00:00,1.11313,1.11463,1.11113,1.1114,57307,0,0
2024-09-18 00:00:00,1.11119,1.11891,1.10967,1.11173,71144,0,0
2024-09-19 00:00:00,1.11122,1.11789,1.1068500000000001,1.11615,87732,0,0
2024-09-20 00:00:00,1.11585,1.11819,1.11361,1.11629,67498,0,0
2024-09-23 00:00:00,1.11578,1.11674,1.10832,1.11106,63177,0,0
2024-09-24 00:00:00,1.11101,1.11808,1.1103399999999999,1.11797,58715,0,0
2024-09-25 00:00:00,1.11757,1.12141,1.11216,1.11323,63467,0,0
2024-09-26 00:00:00,1.11292,1.11893,1.11258,1.11765,72028,0,0
2024-09-27 00:00:00,1.11744,1.1203,1.11248,1.11631,80319,0,0
2024-09-30 00:00:00,1.11554,1.1209,1.11136,1.11345,70684,0,0
2024-10-01 00:00:00,1.11289,1.11441,1.10459,1.10677,76843,0,0
2024-10-02 00:00:00,1.10651,1.10829,1.10327,1.10451,56308,0,0
2024-10-03 00:00:00,1.10357,1.10492,1.10084,1.10294,62176,0,0
2024-10-04 00:00:00,1.10279,1.10396,1.09514,1.09747,59200,0,0
2024-10-07 00:00:00,1.09623,1.09869,1.09544,1.09737,61005,0,0
2024-10-08 00:00:00,1.0971,1.09972,1.0961,1.09803,53122,0,0
2024-10-09 00:00:00,1.09739,1.09809,1.09363,1.0939,51812,0,0
2024-10-10 00:00:00,1.09357,1.09549,1.09002,1.09365,69820,0,0
2024-10-11 00:00:00,1.09251,1.09538,1.0925,1.09347,49807,0,0
2024-10-14 00:00:00,1.09264,1.09368,1.08882,1.09091,51161,0,0
2024-10-15 00:00:00,1.0903,1.09168,1.08819,1.08911,58300,0,0
2024-10-16 00:00:00,1.08915,1.09015,1.08533,1.08617,53585,0,0
2024-10-17 00:00:00,1.08619,1.08738,1.0811,1.08303,67511,0,0
2024-10-18 00:00:00,1.08256,1.08694,1.08242,1.08672,50959,0,0
2024-10-21 00:00:00,1.08601,1.08718,1.08112,1.08141,51078,0,0
2024-10-22 00:00:00,1.08116,1.08381,1.07924,1.07982,53695,0,0
2024-10-23 00:00:00,1.07946,1.08067,1.07612,1.07821,58036,0,0
2024-10-24 00:00:00,1.07794,1.08298,1.07706,1.08279,69905,0,0
2024-10-25 00:00:00,1.08253,1.08394,1.0793,1.07955,59074,0,0
2024-10-28 00:00:00,1.07895,1.08276,1.07788,1.08117,63715,0,0
2024-10-29 00:00:00,1.08121,1.08263,1.07689,1.0818,70082,0,0
2024-10-30 00:00:00,1.08098,1.08714,1.08081,1.08545,71084,0,0
2024-10-31 00:00:00,1.08525,1.08882,1.08442,1.08834,80752,0,0
2024-11-01 00:00:00,1.08815,1.09058,1.08318,1.08331,70756,0,0
2024-11-04 00:00:00,1.0883,1.09148,1.08699,1.0877,69009,0,0
2024-11-05 00:00:00,1.08754,1.09366,1.08719,1.09294,53598,0,0
2024-11-06 00:00:00,1.09237,1.09368,1.06824,1.07288,168567,0,0
2024-11-07 00:00:00,1.0728,1.08246,1.07128,1.08023,101551,0,0
2024-11-08 00:00:00,1.08022,1.08053,1.06868,1.07184,93530,0,0
2024-11-11 00:00:00,1.07057,1.0728,1.06285,1.06556,72350,0,0
2024-11-12 00:00:00,1.06482,1.06633,1.0594999999999999,1.0623,92987,0,0
2024-11-13 00:00:00,1.06191,1.06543,1.05557,1.05634,106665,0,0
2024-11-14 00:00:00,1.05613,1.05826,1.04961,1.053,115350,0,0
2024-11-15 00:00:00,1.05251,1.05931,1.05164,1.05395,105238,0,0
2024-11-18 00:00:00,1.05289,1.06072,1.05275,1.05984,86236,0,0
2024-11-19 00:00:00,1.05962,1.06012,1.05233,1.05955,104427,0,0
2024-11-20 00:00:00,1.05863,1.06099,1.05068,1.0543,85934,0,0
2024-11-21 00:00:00,1.0538,1.0555,1.04621,1.04742,101627,0,0
2024-11-22 00:00:00,1.04715,1.04982,1.03317,1.04162,121999,0,0
2024-11-25 00:00:00,1.04742,1.05304,1.04489,1.04958,117591,0,0
2024-11-26 00:00:00,1.04918,1.05449,1.04251,1.0489,130649,0,0
2024-11-27 00:00:00,1.04844,1.05878,1.04746,1.05661,118857,0,0
2024-11-28 00:00:00,1.05607,1.05691,1.05276,1.05536,73493,0,0
2024-11-29 00:00:00,1.05478,1.05972,1.05414,1.0576,107583,0,0
2024-12-02 00:00:00,1.0572,1.0572,1.04607,1.04981,131181,0,0
2024-12-03 00:00:00,1.04961,1.05351,1.04807,1.0509,106722,0,0
2024-12-04 00:00:00,1.05021,1.05441,1.04723,1.05102,122140,0,0
2024-12-05 00:00:00,1.05093,1.05898,1.05057,1.05873,97951,0,0
2024-12-06 00:00:00,1.0581,1.06299,1.05423,1.05672,104383,0,0
2024-12-09 00:00:00,1.05611,1.05945,1.05323,1.05527,91072,0,0
2024-12-10 00:00:00,1.05519,1.05682,1.04985,1.05271,92844,0,0
2024-12-11 00:00:00,1.05218,1.05395,1.04803,1.04964,108319,0,0
2024-12-12 00:00:00,1.04911,1.05311,1.04638,1.04666,115586,0,0
2024-12-13 00:00:00,1.04652,1.05242,1.04533,1.05025,94175,0,0
2024-12-16 00:00:00,1.04846,1.05248,1.04732,1.0511,86614,0,0
2024-12-17 00:00:00,1.0509,1.05344,1.04791,1.04914,89375,0,0
2024-12-18 00:00:00,1.04909,1.05129,1.0344,1.03527,108972,0,0
2024-12-19 00:00:00,1.0348600000000001,1.04224,1.03473,1.03624,135711,0,0
2024-12-20 00:00:00,1.03609,1.04474,1.03432,1.04249,114827,0,0
2024-12-23 00:00:00,1.04265,1.04454,1.03843,1.04064,77352,0,0
2024-12-24 00:00:00,1.04032,1.04101,1.03836,1.03922,45920,0,0
2024-12-26 00:00:00,1.04021,1.04301,1.03905,1.04229,44991,0,0
2024-12-27 00:00:00,1.04145,1.04441,1.0405,1.04209,62849,0,0
2024-12-30 00:00:00,1.04268,1.04584,1.03717,1.04064,82110,0,0
2024-12-31 00:00:00,1.03993,1.04245,1.0344,1.03548,79442,0,0
2025-01-02 00:00:00,1.035,1.03755,1.02239,1.02672,104227,0,0
2025-01-03 00:00:00,1.0257,1.031,1.02529,1.03083,79242,0,0
2025-01-06 00:00:00,1.03008,1.04368,1.02932,1.03896,127544,0,0
2025-01-07 00:00:00,1.03822,1.04344,1.03392,1.03397,106492,0,0
2025-01-08 00:00:00,1.03397,1.03576,1.02733,1.03189,108118,0,0
2025-01-09 00:00:00,1.03116,1.03215,1.02837,1.02993,76839,0,0
2025-01-10 00:00:00,1.02987,1.03119,1.02109,1.02441,112264,0,0
2025-01-13 00:00:00,1.02361,1.02498,1.01776,1.02416,112750,0,0
2025-01-14 00:00:00,1.02364,1.03088,1.0234,1.03084,118301,0,0
2025-01-15 00:00:00,1.03017,1.03546,1.02586,1.02902,106394,0,0
2025-01-16 00:00:00,1.02857,1.03151,1.026,1.03016,107381,0,0
2025-01-17 00:00:00,1.02955,1.03306,1.02654,1.02692,97834,0,0
2025-01-20 00:00:00,1.02765,1.04344,1.02662,1.04167,104067,0,0
2025-01-21 00:00:00,1.04086,1.04354,1.03418,1.04231,136920,0,0
2025-01-22 00:00:00,1.04209,1.04573,1.03923,1.04098,104489,0,0
2025-01-23 00:00:00,1.04094,1.0438,1.03717,1.0415,106483,0,0
2025-01-24 00:00:00,1.04147,1.05215,1.04108,1.04923,112542,0,0
2025-01-27 00:00:00,1.04757,1.05332,1.04541,1.04918,129070,0,0
2025-01-28 00:00:00,1.04875,1.04926,1.0414,1.04301,111380,0,0
2025-01-29 00:00:00,1.04229,1.04436,1.03825,1.04202,116495,0,0
2025-01-30 00:00:00,1.04139,1.04677,1.0386,1.03917,108605,0,0
2025-01-31 00:00:00,1.03887,1.0434,1.03499,1.0358,138783,0,0
2025-02-03 00:00:00,1.02383,1.035,1.02105,1.03431,191871,0,0
2025-02-04 00:00:00,1.03368,1.03876,1.02723,1.03785,122053,0,0
2025-02-05 00:00:00,1.03717,1.0443,1.03698,1.04027,106266,0,0
2025-02-06 00:00:00,1.03966,1.04066,1.03528,1.03823,94366,0,0
2025-02-07 00:00:00,1.0382,1.04128,1.03053,1.03263,114725,0,0
2025-02-10 00:00:00,1.02835,1.03365,1.02815,1.03073,81208,0,0
2025-02-11 00:00:00,1.03026,1.03814,1.02922,1.03617,75982,0,0
2025-02-12 00:00:00,1.03585,1.04299,1.03173,1.03832,111364,0,0
2025-02-13 00:00:00,1.03827,1.04671,1.03731,1.04644,127582,0,0
2025-02-14 00:00:00,1.04608,1.05142,1.04473,1.04903,95211,0,0
2025-02-17 00:00:00,1.04785,1.05064,1.04672,1.04835,65124,0,0
2025-02-18 00:00:00,1.0477,1.04865,1.04353,1.04455,82453,0,0
2025-02-19 00:00:00,1.04422,1.04614,1.0401,1.04222,64131,0,0
2025-02-20 00:00:00,1.04199,1.05036,1.04182,1.05008,68013,0,0
2025-02-21 00:00:00,1.04944,1.05059,1.04495,1.04574,70555,0,0
2025-02-24 00:00:00,1.04653,1.05283,1.0453,1.04674,80862,0,0
2025-02-25 00:00:00,1.04622,1.05192,1.04565,1.05147,75410,0,0
2025-02-26 00:00:00,1.0511,1.05285,1.04752,1.04844,83668,0,0
2025-02-27 00:00:00,1.04799,1.04926,1.0397,1.03982,82825,0,0
2025-02-28 00:00:00,1.03972,1.04198,1.03603,1.0375,88558,0,0
2025-03-03 00:00:00,1.04035,1.05041,1.03886,1.04871,94767,0,0
2025-03-04 00:00:00,1.04854,1.06275,1.0471,1.06263,120524,0,0
2025-03-05 00:00:00,1.06167,1.07968,1.06023,1.07878,130552,0,0
2025-03-06 00:00:00,1.07851,1.08536,1.07657,1.0784,127076,0,0
2025-03-07 00:00:00,1.07815,1.08887,1.07793,1.08334,104323,0,0
2025-03-10 00:00:00,1.08287,1.08745,1.08054,1.08336,97075,0,0
2025-03-11 00:00:00,1.08291,1.09472,1.08267,1.09191,99610,0,0
2025-03-12 00:00:00,1.09152,1.0932,1.0876,1.08871,91601,0,0
2025-03-13 00:00:00,1.08861,1.08971,1.08228,1.08513,86626,0,0
2025-03-14 00:00:00,1.08489,1.09126,1.0831,1.08769,81592,0,0
2025-03-17 00:00:00,1.08781,1.09295,1.08689,1.09222,69997,0,0
2025-03-18 00:00:00,1.09161,1.09545,1.08928,1.0944,67208,0,0
2025-03-19 00:00:00,1.09451,1.0946,1.08607,1.09017,75911,0,0
2025-03-20 00:00:00,1.08988,1.09172,1.0815,1.08528,73460,0,0
2025-03-21 00:00:00,1.08444,1.08611,1.07974,1.08144,75451,0,0
2025-03-24 00:00:00,1.0812,1.08582,1.07818,1.08006,76293,0,0
2025-03-25 00:00:00,1.07991,1.08301,1.07772,1.07912,67453,0,0
2025-03-26 00:00:00,1.07894,1.08026,1.07439,1.07525,71356,0,0
2025-03-27 00:00:00,1.07512,1.0821,1.0733,1.08014,77586,0,0
2025-03-28 00:00:00,1.07977,1.08447,1.0765,1.08279,68123,0,0
2025-03-31 00:00:00,1.08253,1.08493,1.07843,1.08137,81126,0,0
2025-04-01 00:00:00,1.08168,1.083,1.07786,1.07907,76126,0,0
2025-04-02 00:00:00,1.07867,1.09242,1.07805,1.08524,80658,0,0
2025-04-03 00:00:00,1.08442,1.11471,1.0805,1.10512,159366,0,0
2025-04-04 00:00:00,1.10501,1.11076,1.09244,1.09639,192525,0,0
2025-04-07 00:00:00,1.08871,1.10499,1.08788,1.09039,210144,0,0
2025-04-08 00:00:00,1.09015,1.09918,1.08888,1.09568,159302,0,0
2025-04-09 00:00:00,1.09543,1.10949,1.09137,1.09454,217455,0,0
2025-04-10 00:00:00,1.09457,1.12415,1.0943100000000001,1.11983,176552,0,0
2025-04-11 00:00:00,1.11928,1.14739,1.11864,1.13595,202805,0,0
2025-04-14 00:00:00,1.13127,1.14246,1.12963,1.13496,139949,0,0
2025-04-15 00:00:00,1.13411,1.13788,1.12644,1.1280999999999999,113147,0,0
2025-04-16 00:00:00,1.12803,1.14127,1.12786,1.1397599999999999,134037,0,0
2025-04-17 00:00:00,1.13904,1.14095,1.13355,1.13631,117726,0,0
2025-04-18 00:00:00,1.13615,1.13975,1.13582,1.1390500000000001,90243,0,0
2025-04-21 00:00:00,1.13948,1.15731,1.1391499999999999,1.1512,114996,0,0
2025-04-22 00:00:00,1.1514,1.15472,1.14175,1.14202,122231,0,0
2025-04-23 00:00:00,1.142,1.14398,1.13081,1.13145,144731,0,0
2025-04-24 00:00:00,1.1314,1.13979,1.13126,1.13883,99055,0,0
2025-04-25 00:00:00,1.13849,1.1391499999999999,1.1316,1.13628,93474,0,0
2025-04-28 00:00:00,1.13622,1.1425,1.1329799999999999,1.14187,86343,0,0
2025-04-29 00:00:00,1.14129,1.14219,1.13703,1.13848,91943,0,0
2025-04-30 00:00:00,1.13805,1.13994,1.13171,1.13276,96528,0,0
2025-05-01 00:00:00,1.13223,1.1341,1.12661,1.12893,86401,0,0
2025-05-02 00:00:00,1.12845,1.13808,1.12744,1.13005,104051,0,0
2025-05-05 00:00:00,1.12965,1.13649,1.12899,1.1313900000000001,94022,0,0
2025-05-06 00:00:00,1.13118,1.13811,1.12801,1.13684,91137,0,0
2025-05-07 00:00:00,1.13617,1.13781,1.12916,1.12997,110155,0,0
2025-05-08 00:00:00,1.12973,1.13364,1.1212,1.12283,108111,0,0
2025-05-09 00:00:00,1.12214,1.1293,1.1197,1.12465,90114,0,0
2025-05-12 00:00:00,1.11974,1.12428,1.10657,1.1085,120328,0,0
2025-05-13 00:00:00,1.10846,1.11949,1.10845,1.11838,86428,0,0
2025-05-14 00:00:00,1.11816,1.12657,1.11644,1.11719,98259,0,0
2025-05-15 00:00:00,1.11695,1.12279,1.11654,1.11824,82067,0,0
2025-05-16 00:00:00,1.11855,1.12195,1.11313,1.11627,79046,0,0
2025-05-19 00:00:00,1.11743,1.12882,1.11688,1.12399,93809,0,0
2025-05-20 00:00:00,1.12335,1.12859,1.12184,1.12836,89364,0,0
2025-05-21 00:00:00,1.12795,1.13628,1.12785,1.13281,102810,0,0
2025-05-22 00:00:00,1.13254,1.13449,1.12562,1.12789,102609,0,0
2025-05-23 00:00:00,1.12755,1.13755,1.12755,1.13595,95791,0,0
2025-05-26 00:00:00,1.13608,1.14187,1.13577,1.13862,68141,0,0
2025-05-27 00:00:00,1.13782,1.14072,1.13235,1.13272,85942,0,0
2025-05-28 00:00:00,1.13255,1.13451,1.12841,1.12899,88761,0,0
2025-05-29 00:00:00,1.12918,1.1384400000000001,1.12104,1.13645,111159,0,0
2025-05-30 00:00:00,1.13679,1.13898,1.13128,1.13473,100214,0,0
2025-06-02 00:00:00,1.13433,1.1449799999999999,1.13432,1.14419,91791,0,0
2025-06-03 00:00:00,1.14352,1.14546,1.13643,1.13695,81412,0,0
2025-06-04 00:00:00,1.13685,1.14344,1.13575,1.14167,84876,0,0
2025-06-05 00:00:00,1.14129,1.14951,1.14049,1.14436,96289,0,0
2025-06-06 00:00:00,1.14425,1.14572,1.1372,1.1394199999999999,85622,0,0
2025-06-09 00:00:00,1.1393,1.14392,1.13868,1.14197,64349,0,0
2025-06-10 00:00:00,1.14193,1.14475,1.1373199999999999,1.1424400000000001,79395,0,0
2025-06-11 00:00:00,1.14215,1.14994,1.14054,1.14866,86695,0,0
2025-06-12 00:00:00,1.14843,1.16316,1.14838,1.15844,102900,0,0
2025-06-13 00:00:00,1.15775,1.16146,1.14892,1.15497,123986,0,0
2025-06-16 00:00:00,1.15303,1.16146,1.15241,1.1559300000000001,95481,0,0
2025-06-17 00:00:00,1.1556,1.15804,1.14747,1.14798,95588,0,0
2025-06-18 00:00:00,1.14796,1.15303,1.14612,1.14776,95040,0,0
2025-06-19 00:00:00,1.14767,1.15,1.14465,1.14959,74290,0,0
2025-06-20 00:00:00,1.14923,1.1543700000000001,1.14878,1.15218,80842,0,0
2025-06-23 00:00:00,1.14553,1.15817,1.1453,1.15778,110063,0,0
2025-06-24 00:00:00,1.15758,1.16416,1.15729,1.16089,100600,0,0
2025-06-25 00:00:00,1.1608,1.16651,1.15904,1.1659,79748,0,0
2025-06-26 00:00:00,1.16541,1.17447,1.16524,1.17012,99250,0,0
2025-06-27 00:00:00,1.16919,1.17539,1.16808,1.17146,89016,0,0
2025-06-30 00:00:00,1.17206,1.17883,1.17079,1.17877,85694,0,0
2025-07-01 00:00:00,1.17814,1.18298,1.17616,1.18054,83947,0,0
2025-07-02 00:00:00,1.18026,1.181,1.17471,1.17991,74637,0,0
2025-07-03 00:00:00,1.1795200000000001,1.181,1.17177,1.1757,70484,0,0
2025-07-04 00:00:00,1.1757,1.17874,1.17514,1.17723,62495,0,0
2025-07-07 00:00:00,1.1779600000000001,1.17901,1.16872,1.1708,73463,0,0
2025-07-08 00:00:00,1.17078,1.17652,1.1683,1.17249,79143,0,0
2025-07-09 00:00:00,1.17174,1.17294,1.16898,1.17209,69591,0,0
2025-07-10 00:00:00,1.17115,1.17494,1.16628,1.17003,65892,0,0
2025-07-11 00:00:00,1.16981,1.17138,1.16649,1.16901,80885,0,0
2025-07-14 00:00:00,1.16639,1.16978,1.16546,1.16654,69866,0,0
2025-07-15 00:00:00,1.16605,1.16927,1.1593,1.16019,74517,0,0
2025-07-16 00:00:00,1.1596899999999999,1.17217,1.15626,1.16411,94018,0,0
2025-07-17 00:00:00,1.16324,1.16424,1.15572,1.15968,71643,0,0
2025-07-18 00:00:00,1.1587399999999999,1.16719,1.1587399999999999,1.16255,69844,0,0
2025-07-21 00:00:00,1.16273,1.17166,1.16148,1.1692,65776,0,0
2025-07-22 00:00:00,1.16905,1.17605,1.16792,1.17537,60581,0,0
2025-07-23 00:00:00,1.17502,1.17751,1.17113,1.1768,75154,0,0
2025-07-24 00:00:00,1.1766,1.17887,1.1730800000000001,1.17466,73041,0,0
2025-07-25 00:00:00,1.17483,1.17608,1.17031,1.17408,72517,0,0
2025-07-28 00:00:00,1.17497,1.17703,1.15851,1.15871,80485,0,0
2025-07-29 00:00:00,1.15885,1.15992,1.15192,1.15449,84406,0,0
2025-07-30 00:00:00,1.15453,1.15726,1.14008,1.14038,89979,0,0
2025-07-31 00:00:00,1.14033,1.14605,1.14022,1.14124,80927,0,0
2025-08-01 00:00:00,1.1413,1.1597,1.13919,1.15873,110461,0,0
2025-08-04 00:00:00,1.15902,1.15963,1.15499,1.15716,82336,0,0
2025-08-05 00:00:00,1.15653,1.15878,1.1528100000000001,1.15728,73307,0,0
2025-08-06 00:00:00,1.15705,1.16685,1.15646,1.16592,66094,0,0
2025-08-07 00:00:00,1.16529,1.16988,1.16113,1.1663000000000001,78664,0,0
2025-08-08 00:00:00,1.16615,1.16794,1.16292,1.16413,69605,0,0
2025-08-11 00:00:00,1.1645,1.16756,1.15903,1.16147,55783,0,0
2025-08-12 00:00:00,1.16083,1.16971,1.15988,1.16729,82101,0,0
2025-08-13 00:00:00,1.16713,1.17302,1.1668,1.17053,61859,0,0
2025-08-14 00:00:00,1.17046,1.1715,1.16312,1.16467,72803,0,0
2025-08-15 00:00:00,1.16474,1.1715200000000001,1.1646,1.1703999999999999,61841,0,0
2025-08-18 00:00:00,1.17092,1.1716,1.16561,1.16599,59360,0,0
2025-08-19 00:00:00,1.16584,1.16928,1.16392,1.1645699999999999,58384,0,0
2025-08-20 00:00:00,1.1643,1.16738,1.16225,1.16487,66330,0,0
2025-08-21 00:00:00,1.16482,1.16627,1.16013,1.16052,69200,0,0
2025-08-22 00:00:00,1.16059,1.17425,1.15831,1.17217,76227,0,0
2025-08-25 00:00:00,1.17184,1.17257,1.16029,1.16176,62434,0,0
2025-08-26 00:00:00,1.16158,1.16654,1.16024,1.16406,82594,0,0
2025-08-27 00:00:00,1.16441,1.16476,1.15743,1.16372,64512,0,0
2025-08-28 00:00:00,1.16287,1.16974,1.16287,1.16821,64610,0,0
2025-08-29 00:00:00,1.16769,1.17088,1.16512,1.1685,67891,0,0
2025-09-01 00:00:00,1.16889,1.17363,1.1679,1.17111,49039,0,0
2025-09-02 00:00:00,1.17058,1.17183,1.16132,1.16404,91551,0,0
2025-09-03 00:00:00,1.16384,1.1682,1.16082,1.16605,73221,0,0
2025-09-04 00:00:00,1.16581,1.16694,1.16302,1.16496,70145,0,0
2025-09-05 00:00:00,1.16442,1.17594,1.16437,1.1718,82793,0,0
2025-09-08 00:00:00,1.17081,1.17659,1.17038,1.1763,70006,0,0
2025-09-09 00:00:00,1.17588,1.17801,1.17038,1.17093,78006,0,0
2025-09-10 00:00:00,1.17065,1.17302,1.16828,1.16933,74366,0,0
2025-09-11 00:00:00,1.1693,1.1746,1.16597,1.17331,78375,0,0
2025-09-12 00:00:00,1.17312,1.17478,1.17014,1.17353,67242,0,0
2025-09-15 00:00:00,1.17297,1.1774499999999999,1.17165,1.17601,58778,0,0
2025-09-16 00:00:00,1.17609,1.18784,1.17576,1.18662,83441,0,0
2025-09-17 00:00:00,1.18647,1.19188,1.18078,1.18123,85463,0,0
2025-09-18 00:00:00,1.18108,1.18482,1.17502,1.17858,90101,0,0
2025-09-19 00:00:00,1.1780599999999999,1.17926,1.1729,1.17446,79321,0,0
2025-09-22 00:00:00,1.17397,1.18029,1.17263,1.18012,65994,0,0
2025-09-23 00:00:00,1.1793,1.182,1.17784,1.18143,76042,0,0
2025-09-24 00:00:00,1.1812,1.18188,1.17283,1.17376,76955,0,0
2025-09-25 00:00:00,1.1736,1.1754,1.1645699999999999,1.16648,83322,0,0
2025-09-26 00:00:00,1.16566,1.17071,1.16535,1.16999,77388,0,0
2025-09-29 00:00:00,1.17002,1.17546,1.16977,1.17263,70781,0,0
2025-09-30 00:00:00,1.17228,1.17617,1.17123,1.17329,74396,0,0
2025-10-01 00:00:00,1.17337,1.17786,1.17156,1.17299,94019,0,0
2025-10-02 00:00:00,1.17205,1.17583,1.16833,1.1716199999999999,71406,0,0
2025-10-03 00:00:00,1.17124,1.17592,1.17124,1.17417,68183,0,0
2025-10-06 00:00:00,1.17244,1.17309,1.1652,1.17121,91863,0,0
2025-10-07 00:00:00,1.17064,1.17144,1.16476,1.16576,75543,0,0
2025-10-08 00:00:00,1.16534,1.16612,1.15987,1.16279,81226,0,0
2025-10-09 00:00:00,1.16189,1.16482,1.15423,1.15647,94666,0,0
2025-10-10 00:00:00,1.15546,1.1631,1.1552,1.16209,88466,0,0
2025-10-13 00:00:00,1.16051,1.16299,1.15576,1.15698,85017,0,0
2025-10-14 00:00:00,1.15666,1.16149,1.1543,1.16072,97121,0,0
2025-10-15 00:00:00,1.16056,1.16477,1.1602000000000001,1.16465,83797,0,0
2025-10-16 00:00:00,1.16426,1.16943,1.16414,1.16868,88896,0,0
2025-10-17 00:00:00,1.16805,1.1728399999999999,1.16499,1.1650800000000001,93916,0,0
2025-10-20 00:00:00,1.16635,1.16755,1.16387,1.16407,70235,0,0
2025-10-21 00:00:00,1.16389,1.16552,1.15978,1.15992,83095,0,0
2025-10-22 00:00:00,1.15982,1.16225,1.1577,1.16097,74936,0,0
2025-10-23 00:00:00,1.1607,1.16202,1.15855,1.1617,62491,0,0
2025-10-24 00:00:00,1.16114,1.16488,1.16011,1.16257,72665,0,0
2025-10-27 00:00:00,1.16343,1.1652,1.16178,1.16446,63215,0,0
2025-10-28 00:00:00,1.16432,1.16688,1.16257,1.16505,72343,0,0
2025-10-29 00:00:00,1.16503,1.16659,1.1577600000000001,1.15989,89190,0,0
2025-10-30 00:00:00,1.1599,1.16374,1.15472,1.1564,83357,0,0
2025-10-31 00:00:00,1.15637,1.15775,1.15217,1.1537,68197,0,0
2025-11-03 00:00:00,1.15322,1.1541299999999999,1.15052,1.15188,63835,0,0
2025-11-04 00:00:00,1.15163,1.15336,1.14731,1.14809,69295,0,0
2025-11-05 00:00:00,1.14801,1.1498,1.14689,1.14916,66077,0,0
2025-11-06 00:00:00,1.14901,1.15522,1.14899,1.15462,67804,0,0
2025-11-07 00:00:00,1.1538,1.1591,1.15298,1.15656,65003,0,0
2025-11-10 00:00:00,1.15556,1.15829,1.15411,1.1556,63285,0,0
2025-11-11 00:00:00,1.1550799999999999,1.16059,1.15473,1.15821,62182,0,0
2025-11-12 00:00:00,1.15809,1.15978,1.1562999999999999,1.1592,61447,0,0
2025-11-13 00:00:00,1.15909,1.1656,1.15792,1.1633499999999999,72784,0,0
2025-11-14 00:00:00,1.16344,1.16537,1.16064,1.16208,80563,0,0
2025-11-17 00:00:00,1.16135,1.16244,1.15819,1.15914,61744,0,0
2025-11-18 00:00:00,1.15892,1.16079,1.15714,1.15801,69693,0,0
2025-11-19 00:00:00,1.1576,1.15974,1.15183,1.15373,72642,0,0
2025-11-20 00:00:00,1.15369,1.15499,1.15025,1.15278,85044,0,0
2025-11-21 00:00:00,1.15217,1.15525,1.14911,1.1513200000000001,84962,0,0
2025-11-24 00:00:00,1.15119,1.15505,1.15021,1.15201,59192,0,0
2025-11-25 00:00:00,1.15167,1.15859,1.15117,1.15692,72550,0,0
2025-11-26 00:00:00,1.15667,1.16008,1.15473,1.15955,81731,0,0
2025-11-27 00:00:00,1.15895,1.16135,1.15767,1.15954,51405,0,0
2025-11-28 00:00:00,1.15927,1.16077,1.15551,1.1596899999999999,110026,0,0
2025-12-01 00:00:00,1.15915,1.1652,1.15896,1.16095,79766,0,0
2025-12-02 00:00:00,1.16065,1.16259,1.15914,1.16246,62496,0,0
2025-12-03 00:00:00,1.1622,1.16777,1.16195,1.16707,66528,0,0
2025-12-04 00:00:00,1.1663000000000001,1.16822,1.16411,1.16442,68447,0,0
2025-12-05 00:00:00,1.16412,1.16719,1.16281,1.1643,58816,0,0
2025-12-08 00:00:00,1.16353,1.1672,1.16163,1.16369,68595,0,0
2025-12-09 00:00:00,1.16327,1.16573,1.1615199999999999,1.16261,65863,0,0
2025-12-10 00:00:00,1.16215,1.16997,1.16215,1.16952,76091,0,0
2025-12-11 00:00:00,1.16936,1.17627,1.16811,1.17373,73085,0,0
2025-12-12 00:00:00,1.17377,1.17499,1.17197,1.1739600000000001,64125,0,0
2025-12-15 00:00:00,1.17324,1.17689,1.17265,1.17532,63103,0,0
2025-12-16 00:00:00,1.1748,1.1804000000000001,1.17346,1.17471,75451,0,0
2025-12-17 00:00:00,1.17447,1.17584,1.1703000000000001,1.174,69915,0,0
2025-12-18 00:00:00,1.17378,1.17631,1.17127,1.17231,72180,0,0
2025-12-19 00:00:00,1.17204,1.17379,1.17031,1.17077,63649,0,0
2025-12-22 00:00:00,1.17151,1.17695,1.17064,1.1761300000000001,56459,0,0
2025-12-23 00:00:00,1.17548,1.1802,1.17503,1.17931,62809,0,0
2025-12-24 00:00:00,1.17895,1.18079,1.17729,1.17817,51595,0,0
2025-12-26 00:00:00,1.17751,1.17967,1.17616,1.17709,63315,0,0
2025-12-29 00:00:00,1.17636,1.1789,1.17497,1.17719,68008,0,0
2025-12-30 00:00:00,1.17657,1.17798,1.17432,1.17478,57833,0,0
2025-12-31 00:00:00,1.17442,1.17594,1.17202,1.1740599999999999,58703,0,0
2026-01-02 00:00:00,1.17451,1.1764999999999999,1.17132,1.1718899999999999,60503,0,0
2026-01-05 00:00:00,1.17204,1.17288,1.16592,1.17214,72590,0,0
2026-01-06 00:00:00,1.17179,1.17429,1.16839,1.16883,65143,0,0
2026-01-07 00:00:00,1.16834,1.17025,1.16729,1.1675200000000001,62989,0,0
2026-01-08 00:00:00,1.16738,1.1683,1.16428,1.1659,60182,0,0
2026-01-09 00:00:00,1.16492,1.16621,1.16183,1.16334,65049,0,0
2026-01-12 00:00:00,1.16276,1.16984,1.16218,1.1666,65363,0,0
2026-01-13 00:00:00,1.16647,1.16775,1.16343,1.1642299999999999,63533,0,0
2026-01-14 00:00:00,1.16418,1.16617,1.16352,1.16444,60349,0,0
2026-01-15 00:00:00,1.16402,1.16471,1.15932,1.16089,59014,0,0
2026-01-16 00:00:00,1.16023,1.1627399999999999,1.15846,1.15985,60787,0,0
2026-01-19 00:00:00,1.15784,1.16488,1.15751,1.16458,63588,0,0
2026-01-20 00:00:00,1.16426,1.17689,1.16326,1.17262,90892,0,0
2026-01-21 00:00:00,1.17198,1.1743000000000001,1.1676199999999999,1.16875,85444,0,0
2026-01-22 00:00:00,1.16806,1.17564,1.16699,1.17549,73255,0,0
2026-01-23 00:00:00,1.17476,1.18336,1.1728399999999999,1.18286,82681,0,0
2026-01-26 00:00:00,1.18574,1.1907,1.1835,1.18793,101798,0,0
2026-01-27 00:00:00,1.1873,1.20824,1.18505,1.204,100681,0,0
2026-01-28 00:00:00,1.20371,1.20448,1.1896,1.19535,115649,0,0
2026-01-29 00:00:00,1.19518,1.19963,1.1905999999999999,1.19707,115356,0,0
2026-01-30 00:00:00,1.19607,1.19748,1.18499,1.18505,134667,0,0
2026-02-02 00:00:00,1.18473,1.18748,1.17761,1.17893,117482,0,0
2026-02-03 00:00:00,1.17842,1.1829,1.17802,1.18176,87182,0,0
2026-02-04 00:00:00,1.18121,1.1837900000000001,1.17907,1.18049,87579,0,0
2026-02-05 00:00:00,1.1801300000000001,1.18217,1.17748,1.17779,92508,0,0
2026-02-06 00:00:00,1.17737,1.18263,1.1766,1.18147,67609,0,0
2026-02-09 00:00:00,1.1803,1.19268,1.1803,1.19152,81313,0,0
2026-02-10 00:00:00,1.19096,1.19288,1.1886700000000001,1.18948,70929,0,0
2026-02-11 00:00:00,1.18904,1.19275,1.18332,1.1871,83082,0,0
2026-02-12 00:00:00,1.1873,1.18902,1.18524,1.18707,83108,0,0
2026-02-13 00:00:00,1.18653,1.18845,1.18472,1.1868400000000001,75333,0,0
2026-02-16 00:00:00,1.18665,1.18723,1.18463,1.18509,43213,0,0
2026-02-17 00:00:00,1.18493,1.18545,1.18049,1.18533,69520,0,0
2026-02-18 00:00:00,1.18515,1.18576,1.17818,1.17823,61406,0,0
2026-02-19 00:00:00,1.17831,1.18076,1.17422,1.17721,69076,0,0
2026-02-20 00:00:00,1.1768,1.1807699999999999,1.17436,1.17812,89429,0,0
2026-02-23 00:00:00,1.1791,1.18348,1.17746,1.17849,81865,0,0
2026-02-24 00:00:00,1.17872,1.17963,1.1766,1.17718,69303,0,0
2026-02-25 00:00:00,1.1773,1.18142,1.1771099999999999,1.18097,68876,0,0
2026-02-26 00:00:00,1.18068,1.18289,1.17742,1.17974,68939,0,0
2026-02-27 00:00:00,1.17932,1.1827,1.1789100000000001,1.18167,75497,0,0
2026-03-02 00:00:00,1.17639,1.17958,1.16719,1.16896,114579,0,0
2026-03-03 00:00:00,1.16824,1.17069,1.15305,1.16113,137623,0,0
2026-03-04 00:00:00,1.16102,1.16547,1.15749,1.16345,112599,0,0
2026-03-05 00:00:00,1.16286,1.16474,1.1559,1.16078,122867,0,0
2026-03-06 00:00:00,1.1609,1.16216,1.15462,1.16177,119813,0,0
2026-03-09 00:00:00,1.15449,1.16376,1.15073,1.1636,159521,0,0
2026-03-10 00:00:00,1.16294,1.16672,1.16059,1.1609,123579,0,0
2026-03-11 00:00:00,1.16069,1.16458,1.1561,1.15665,108225,0,0
2026-03-12 00:00:00,1.15648,1.15746,1.15097,1.151,97771,0,0
2026-03-13 00:00:00,1.15102,1.15297,1.14107,1.14163,103362,0,0
2026-03-16 00:00:00,1.14185,1.15248,1.14145,1.15049,91868,0,0
2026-03-17 00:00:00,1.1503700000000001,1.15473,1.14662,1.15401,81151,0,0
2026-03-18 00:00:00,1.15361,1.15553,1.1449799999999999,1.14513,93331,0,0
2026-03-19 00:00:00,1.14502,1.16163,1.14431,1.15885,128714,0,0
2026-03-20 00:00:00,1.15884,1.15949,1.15249,1.15702,104182,0,0
2026-03-23 00:00:00,1.15375,1.1639599999999999,1.14846,1.16106,163292,0,0
2026-03-24 00:00:00,1.161,1.16282,1.15573,1.16064,134478,0,0
2026-03-25 00:00:00,1.16055,1.16305,1.15555,1.15591,109372,0,0
2026-03-26 00:00:00,1.1556899999999999,1.15723,1.15194,1.15277,87042,0,0
2026-03-27 00:00:00,1.15256,1.15477,1.15019,1.15097,87231,0,0
2026-03-30 00:00:00,1.1498599999999999,1.15212,1.14433,1.14611,83113,0,0
2026-03-31 00:00:00,1.14602,1.15633,1.14474,1.15531,109796,0,0
2026-04-01 00:00:00,1.15504,1.1627,1.15504,1.15904,104004,0,0
2026-04-02 00:00:00,1.15846,1.16058,1.15092,1.1538599999999999,104765,0,0
2026-04-03 00:00:00,1.1533,1.15491,1.15103,1.15157,36519,0,0
2026-04-06 00:00:00,1.1519,1.1571500000000001,1.15051,1.15426,80491,0,0
2026-04-07 00:00:00,1.15384,1.1605,1.15244,1.15962,96622,0,0
2026-04-08 00:00:00,1.15924,1.17217,1.1589,1.16617,135672,0,0
2026-04-09 00:00:00,1.16545,1.17234,1.16505,1.16989,78370,0,0
2026-04-10 00:00:00,1.16965,1.17393,1.16776,1.17248,68322,0,0
2026-04-13 00:00:00,1.16638,1.17656,1.16629,1.17578,78812,0,0
2026-04-14 00:00:00,1.17515,1.1811099999999999,1.17508,1.17954,68250,0,0
2026-04-15 00:00:00,1.17932,1.1808,1.17721,1.17987,71378,0,0
2026-04-16 00:00:00,1.17972,1.18239,1.17673,1.17816,68096,0,0
2026-04-17 00:00:00,1.17742,1.1849,1.17601,1.17642,81073,0,0
2026-04-20 00:00:00,1.17385,1.179,1.17291,1.17878,80583,0,0
2026-04-21 00:00:00,1.17825,1.1791,1.1719,1.17431,84930,0,0
2026-04-22 00:00:00,1.1743999999999999,1.17626,1.1703000000000001,1.17056,68857,0,0
2026-04-23 00:00:00,1.17024,1.17164,1.16693,1.16821,89649,0,0
2026-04-24 00:00:00,1.1681300000000001,1.17233,1.1673,1.17181,75026,0,0
2026-04-27 00:00:00,1.16951,1.17548,1.16943,1.17197,61244,0,0
2026-04-28 00:00:00,1.1718600000000001,1.1727,1.16776,1.17123,72989,0,0
2026-04-29 00:00:00,1.17076,1.17206,1.16614,1.16747,77184,0,0
2026-04-30 00:00:00,1.16741,1.17417,1.16554,1.17303,106991,0,0
2026-05-01 00:00:00,1.17271,1.17851,1.17148,1.17206,78670,0,0
2026-05-04 00:00:00,1.17453,1.17475,1.16811,1.16912,92569,0,0
2026-05-05 00:00:00,1.16897,1.17136,1.16767,1.16925,65812,0,0
2026-05-06 00:00:00,1.16889,1.17967,1.16889,1.17476,96164,0,0
2026-05-07 00:00:00,1.17447,1.17783,1.17222,1.17226,91554,0,0
2026-05-08 00:00:00,1.1724,1.17877,1.17214,1.17846,72015,0,0
2026-05-11 00:00:00,1.1746699999999999,1.17879,1.17449,1.17816,62643,0,0
2026-05-12 00:00:00,1.1777199999999999,1.17877,1.17221,1.17397,72190,0,0
2026-05-13 00:00:00,1.1731,1.17417,1.16956,1.17136,60548,0,0
2026-05-14 00:00:00,1.1707,1.17215,1.16656,1.1669,64983,0,0
2026-05-15 00:00:00,1.16659,1.16727,1.16171,1.16251,81827,0,0
2026-05-18 00:00:00,1.16172,1.16608,1.16085,1.16553,85207,0,0
2026-05-19 00:00:00,1.16502,1.16616,1.15922,1.16055,79534,0,0
2026-05-20 00:00:00,1.15987,1.1645,1.15829,1.16249,84240,0,0
2026-05-21 00:00:00,1.1619,1.16355,1.15764,1.16166,92175,0,0
2026-05-22 00:00:00,1.16119,1.16204,1.15884,1.16011,64613,0,0
2026-05-25 00:00:00,1.16349,1.16527,1.16292,1.16429,49674,0,0
2026-05-26 00:00:00,1.16371,1.1645,1.16164,1.16312,60474,0,0
2026-05-27 00:00:00,1.16229,1.16614,1.162,1.16253,70817,0,0
2026-05-28 00:00:00,1.16235,1.1661299999999999,1.1586400000000001,1.16492,73386,0,0
2026-05-29 00:00:00,1.16459,1.1685699999999999,1.16252,1.16605,67777,0,0
2026-06-01 00:00:00,1.16521,1.16648,1.1607,1.16316,70619,0,0
2026-06-02 00:00:00,1.16284,1.16556,1.16136,1.16304,53221,0,0
2026-06-03 00:00:00,1.16253,1.16334,1.1595,1.15984,66298,0,0
2026-06-04 00:00:00,1.15955,1.16452,1.15946,1.16105,61680,0,0
2026-06-05 00:00:00,1.16098,1.16443,1.15178,1.15208,78208,0,0
2026-06-08 00:00:00,1.15093,1.15547,1.15001,1.15318,87703,0,0
2026-06-09 00:00:00,1.1533,1.15781,1.15271,1.15435,81985,0,0
2026-06-10 00:00:00,1.1541,1.15731,1.15333,1.15356,92726,0,0
2026-06-11 00:00:00,1.15332,1.15899,1.1503,1.15782,103917,0,0
2026-06-12 00:00:00,1.15739,1.15895,1.15573,1.15668,90776,0,0
2026-06-15 00:00:00,1.15732,1.1622,1.15703,1.15891,71828,0,0
2026-06-16 00:00:00,1.15895,1.16197,1.15751,1.1608,65168,0,0
2026-06-17 00:00:00,1.16069,1.16166,1.14779,1.15006,80827,0,0
2026-06-18 00:00:00,1.14974,1.15283,1.1451500000000001,1.14572,94774,0,0
2026-06-19 00:00:00,1.14524,1.14805,1.14181,1.1467100000000001,66800,0,0
2026-06-22 00:00:00,1.14606,1.14736,1.1419,1.14277,78502,0,0
2026-06-23 00:00:00,1.14235,1.14391,1.1375899999999999,1.1381000000000001,75299,0,0
2026-06-24 00:00:00,1.13794,1.13837,1.13247,1.13579,84379,0,0
2026-06-25 00:00:00,1.1357,1.1388,1.13336,1.1369799999999999,80524,0,0
2026-06-26 00:00:00,1.13685,1.14339,1.13544,1.13852,81446,0,0
2026-06-29 00:00:00,1.1384,1.14306,1.13789,1.14238,69081,0,0
2026-06-30 00:00:00,1.14192,1.14369,1.13828,1.14213,72673,0,0
2026-07-01 00:00:00,1.14155,1.1423,1.1362,1.13771,78105,0,0
2026-07-02 00:00:00,1.13744,1.14728,1.13744,1.14331,88842,0,0
2026-07-03 00:00:00,1.1428,1.14623,1.14206,1.14355,63491,0,0
2026-07-06 00:00:00,1.14334,1.14449,1.14086,1.14406,62849,0,0
2026-07-07 00:00:00,1.14386,1.1448,1.14084,1.14114,66296,0,0
2026-07-08 00:00:00,1.14116,1.14317,1.13914,1.14167,88199,0,0
2026-07-09 00:00:00,1.14174,1.14494,1.14146,1.14297,61487,0,0
2026-07-10 00:00:00,1.14289,1.14607,1.14114,1.14147,72410,0,0
2026-07-13 00:00:00,1.1401,1.14458,1.13774,1.13806,83071,0,0
2026-07-14 00:00:00,1.13819,1.14622,1.1378,1.14207,92531,0,0
2026-07-15 00:00:00,1.14209,1.14825,1.14062,1.14631,80237,0,0
2026-07-16 00:00:00,1.14597,1.14764,1.14314,1.14424,69886,0,0
2026-07-17 00:00:00,1.14369,1.14523,1.14246,1.14379,62913,0,0
2026-07-20 00:00:00,1.1425,1.14495,1.14026,1.14138,60933,0,0
2026-07-21 00:00:00,1.14106,1.14287,1.13974,1.1398,54154,0,0
2026-07-22 00:00:00,1.1394,1.14215,1.13939,1.14116,58301,0,0
2026-07-23 00:00:00,1.14065,1.14358,1.13641,1.13768,72926,0,0
2026-07-24 00:00:00,1.13711,1.14012,1.13651,1.13707,61548,0,0
2026-07-27 00:00:00,1.13898,1.14182,1.13668,1.13674,64227,0,0
2026-07-28 00:00:00,1.13658,1.14052,1.13535,1.13857,57690,0,0
2026-07-29 00:00:00,1.13839,1.14709,1.13746,1.14665,77286,0,0
2026-07-30 00:00:00,1.14575,1.15369,1.14345,1.15276,88715,0,0
2026-07-31 00:00:00,1.15236,1.15472,1.14554,1.1529099999999999,94246,0,0
2026-08-03 00:00:00,1.15435,1.15588,1.15006,1.15078,75362,0,0
2026-08-04 00:00:00,1.15041,1.1534,1.15023,1.1531500000000001,63789,0,0
2026-08-05 00:00:00,1.15256,1.15595,1.15256,1.15531,65671,0,0
2026-08-06 00:00:00,1.15509,1.1559599999999999,1.15149,1.15232,55863,0,0
2026-08-07 00:00:00,1.15214,1.15809,1.15174,1.15583,62608,0,0
