time,open,high,low,close,tick_volume,spread,real_volume
2024-12-30 02:00:00,1.04295,1.04314,1.04259,1.04276,1388,0,0
2024-12-30 03:00:00,1.04276,1.04311,1.04253,1.04255,1171,0,0
2024-12-30 04:00:00,1.04255,1.04276,1.04242,1.04258,1165,0,0
2024-12-30 05:00:00,1.04258,1.04258,1.04211,1.04247,1220,0,0
2024-12-30 06:00:00,1.04247,1.04262,1.04244,1.04254,950,0,0
2024-12-30 07:00:00,1.04254,1.04268,1.0423,1.04253,1181,0,0
2024-12-30 08:00:00,1.04253,1.04316,1.0425200000000001,1.04289,1669,0,0
2024-12-30 09:00:00,1.04287,1.0429599999999999,1.04211,1.0427,2965,0,0
2024-12-30 10:00:00,1.04267,1.04299,1.04094,1.04128,4288,0,0
2024-12-30 11:00:00,1.04128,1.04395,1.0411,1.04341,4319,0,0
2024-12-30 12:00:00,1.04341,1.04442,1.04329,1.04383,4314,0,0
2024-12-30 13:00:00,1.04383,1.04524,1.0437,1.04481,3699,0,0
2024-12-30 14:00:00,1.04481,1.04584,1.04391,1.04494,4258,0,0
2024-12-30 15:00:00,1.04494,1.04521,1.03852,1.03881,7099,0,0
2024-12-30 16:00:00,1.03881,1.0409,1.03799,1.04054,8660,0,0
2024-12-30 17:00:00,1.04054,1.04059,1.03717,1.03804,9091,0,0
2024-12-30 18:00:00,1.03805,1.03917,1.03749,1.03859,6885,0,0
2024-12-30 19:00:00,1.03859,1.03955,1.03846,1.03942,4594,0,0
2024-12-30 20:00:00,1.03943,1.04072,1.03938,1.04046,3765,0,0
2024-12-30 21:00:00,1.04046,1.04054,1.0396,1.03965,3681,0,0
2024-12-30 22:00:00,1.03964,1.04052,1.03952,1.03988,2985,1,0
2024-12-30 23:00:00,1.03988,1.04068,1.03984,1.04064,1169,1,0
2024-12-31 00:00:00,1.03993,1.04051,1.0394,1.04042,405,10,0
2024-12-31 01:00:00,1.04043,1.0406,1.03975,1.04057,1043,0,0
2024-12-31 02:00:00,1.04057,1.0406,1.03971,1.04035,1365,0,0
2024-12-31 03:00:00,1.04036,1.04134,1.04022,1.04122,2671,0,0
2024-12-31 04:00:00,1.04122,1.0415,1.04081,1.04126,1839,0,0
2024-12-31 05:00:00,1.04127,1.04135,1.04074,1.04088,1360,0,0
2024-12-31 06:00:00,1.04087,1.04093,1.04038,1.04044,1081,0,0
2024-12-31 07:00:00,1.04043,1.04078,1.04026,1.04039,1071,0,0
2024-12-31 08:00:00,1.04039,1.0406,1.03997,1.04039,1690,0,0
2024-12-31 09:00:00,1.04039,1.0413000000000001,1.04024,1.04119,2875,0,0
2024-12-31 10:00:00,1.04119,1.04201,1.04059,1.04183,4445,0,0
2024-12-31 11:00:00,1.04183,1.04245,1.04117,1.04187,4223,0,0
2024-12-31 12:00:00,1.04186,1.04201,1.04054,1.04131,4526,0,0
2024-12-31 13:00:00,1.04131,1.04194,1.04054,1.04104,3180,0,0
2024-12-31 14:00:00,1.04104,1.04145,1.03913,1.03929,3991,0,0
2024-12-31 15:00:00,1.03929,1.03974,1.03835,1.03931,5807,0,0
2024-12-31 16:00:00,1.03932,1.03943,1.03749,1.03761,7108,0,0
2024-12-31 17:00:00,1.03761,1.03893,1.03526,1.03548,9859,0,0
2024-12-31 18:00:00,1.03548,1.03614,1.0346899999999999,1.03503,7148,0,0
2024-12-31 19:00:00,1.03504,1.0355,1.0344,1.03485,6008,0,0
2024-12-31 20:00:00,1.03487,1.03568,1.03456,1.03531,4473,0,0
2024-12-31 21:00:00,1.03531,1.03648,1.03517,1.03548,3274,0,0
2025-01-02 00:00:00,1.035,1.03567,1.03414,1.03549,358,4,0
2025-01-02 01:00:00,1.0354,1.03566,1.03464,1.03509,1707,0,0
2025-01-02 02:00:00,1.0351,1.03565,1.03474,1.03521,2156,0,0
2025-01-02 03:00:00,1.03521,1.03609,1.03444,1.03579,3679,0,0
2025-01-02 04:00:00,1.03579,1.03713,1.03578,1.0371,1627,0,0
2025-01-02 05:00:00,1.03712,1.03743,1.03683,1.03717,1447,0,0
2025-01-02 06:00:00,1.03718,1.03755,1.03666,1.03694,1273,0,0
2025-01-02 07:00:00,1.03694,1.03708,1.0362,1.03641,1262,0,0
2025-01-02 08:00:00,1.0364,1.03651,1.036,1.03638,2186,0,0
2025-01-02 09:00:00,1.03638,1.03726,1.03625,1.0363,3795,0,0
2025-01-02 10:00:00,1.0363,1.03711,1.03463,1.03629,6536,0,0
2025-01-02 11:00:00,1.0363,1.03704,1.03494,1.03517,4665,0,0
2025-01-02 12:00:00,1.03517,1.0357,1.03136,1.0317,6453,0,0
2025-01-02 13:00:00,1.03169,1.03342,1.0315,1.03322,4824,0,0
2025-01-02 14:00:00,1.03322,1.03344,1.0315,1.03183,4839,0,0
2025-01-02 15:00:00,1.03183,1.03298,1.03114,1.03135,8561,0,0
2025-01-02 16:00:00,1.03135,1.0324,1.0302,1.03039,7776,0,0
2025-01-02 17:00:00,1.03038,1.03089,1.02726,1.02742,10356,0,0
2025-01-02 18:00:00,1.02742,1.02764,1.02239,1.02613,11710,0,0
2025-01-02 19:00:00,1.02613,1.02681,1.02513,1.0265,7212,0,0
2025-01-02 20:00:00,1.0265,1.02664,1.02558,1.02566,4355,0,0
2025-01-02 21:00:00,1.02566,1.02597,1.02479,1.0251,3718,0,0
2025-01-02 22:00:00,1.02511,1.02645,1.02506,1.02614,2637,1,0
2025-01-02 23:00:00,1.02614,1.02686,1.02613,1.02672,1095,1,0
2025-01-03 00:00:00,1.0257,1.02665,1.02529,1.02652,282,4,0
2025-01-03 01:00:00,1.02646,1.02683,1.02615,1.02679,769,0,0
2025-01-03 02:00:00,1.02679,1.02736,1.0266,1.02731,1290,0,0
2025-01-03 03:00:00,1.02731,1.02731,1.02666,1.02676,2003,0,0
2025-01-03 04:00:00,1.02675,1.02747,1.02669,1.02724,1883,0,0
2025-01-03 05:00:00,1.02724,1.02746,1.02688,1.02709,1481,0,0
2025-01-03 06:00:00,1.02709,1.0271,1.02672,1.02698,1061,0,0
2025-01-03 07:00:00,1.02698,1.02737,1.02647,1.02719,1576,0,0
2025-01-03 08:00:00,1.02718,1.02794,1.02717,1.02792,1495,0,0
2025-01-03 09:00:00,1.02792,1.0285,1.02687,1.02809,6071,0,0
2025-01-03 10:00:00,1.02809,1.02882,1.02729,1.02805,5452,0,0
2025-01-03 11:00:00,1.02805,1.03,1.02804,1.0290300000000001,4958,0,0
2025-01-03 12:00:00,1.02902,1.02938,1.02792,1.02813,3701,0,0
2025-01-03 13:00:00,1.02813,1.03029,1.02813,1.02975,3618,0,0
2025-01-03 14:00:00,1.02974,1.0301,1.02944,1.02957,4019,0,0
2025-01-03 15:00:00,1.02958,1.03003,1.02915,1.02933,4712,0,0
2025-01-03 16:00:00,1.02933,1.03023,1.02879,1.02993,5484,0,0
2025-01-03 17:00:00,1.02985,1.0306,1.02729,1.02893,10065,0,0
2025-01-03 18:00:00,1.02892,1.02999,1.02835,1.02908,4966,0,0
2025-01-03 19:00:00,1.02909,1.03059,1.02909,1.02981,4763,0,0
2025-01-03 20:00:00,1.02981,1.03024,1.02926,1.02974,3133,0,0
2025-01-03 21:00:00,1.02972,1.0306,1.02939,1.03012,2619,0,0
2025-01-03 22:00:00,1.03012,1.03074,1.02988,1.03058,2631,1,0
2025-01-03 23:00:00,1.03057,1.031,1.03047,1.03083,1210,1,0
2025-01-06 00:00:00,1.03008,1.03068,1.02932,1.03015,332,5,0
2025-01-06 01:00:00,1.03012,1.03081,1.03001,1.03053,1271,0,0
2025-01-06 02:00:00,1.03053,1.03055,1.02957,1.0303,2474,0,0
2025-01-06 03:00:00,1.0303,1.03136,1.03014,1.03123,2976,0,0
2025-01-06 04:00:00,1.03123,1.03178,1.03109,1.03162,2538,0,0
2025-01-06 05:00:00,1.03161,1.03184,1.03132,1.03165,1766,0,0
2025-01-06 06:00:00,1.03165,1.03176,1.0313,1.03153,1140,0,0
2025-01-06 07:00:00,1.03154,1.03182,1.03086,1.0309,1957,0,0
2025-01-06 08:00:00,1.0309,1.03166,1.03078,1.03127,2267,0,0
2025-01-06 09:00:00,1.03134,1.03285,1.031,1.03274,3540,0,0
2025-01-06 10:00:00,1.03274,1.03528,1.03267,1.03503,6709,0,0
2025-01-06 11:00:00,1.03503,1.03689,1.03403,1.03557,8401,0,0
2025-01-06 12:00:00,1.03557,1.03582,1.03349,1.03353,4649,0,0
2025-01-06 13:00:00,1.03352,1.04328,1.03288,1.04219,14864,0,0
2025-01-06 14:00:00,1.04219,1.04307,1.03922,1.0411,9284,0,0
2025-01-06 15:00:00,1.0411,1.04368,1.04046,1.04168,10834,0,0
2025-01-06 16:00:00,1.04169,1.04239,1.03525,1.03926,14794,0,0
2025-01-06 17:00:00,1.03926,1.03989,1.03714,1.03937,12712,0,0
2025-01-06 18:00:00,1.03939,1.04028,1.03854,1.0397,7956,0,0
2025-01-06 19:00:00,1.0397,1.0397,1.03793,1.03874,4675,0,0
2025-01-06 20:00:00,1.03874,1.03893,1.03772,1.0382,4314,0,0
2025-01-06 21:00:00,1.0382,1.03918,1.0379,1.03884,4028,0,0
2025-01-06 22:00:00,1.03883,1.0392,1.03858,1.03878,2794,1,0
2025-01-06 23:00:00,1.03879,1.03924,1.03862,1.03896,1269,1,0
2025-01-07 00:00:00,1.03822,1.03914,1.03779,1.03893,511,9,0
2025-01-07 01:00:00,1.03887,1.03902,1.03817,1.03833,898,0,0
2025-01-07 02:00:00,1.03833,1.03855,1.03773,1.03844,2491,0,0
2025-01-07 03:00:00,1.03844,1.03849,1.03763,1.03813,2893,0,0
2025-01-07 04:00:00,1.03814,1.03855,1.03801,1.03824,2087,0,0
2025-01-07 05:00:00,1.03824,1.0393,1.03802,1.03929,1502,0,0
2025-01-07 06:00:00,1.03929,1.03944,1.03905,1.03918,1330,0,0
2025-01-07 07:00:00,1.03918,1.04032,1.03909,1.03968,2310,0,0
2025-01-07 08:00:00,1.03968,1.04042,1.03964,1.03975,2574,0,0
2025-01-07 09:00:00,1.03975,1.04245,1.03975,1.04148,5798,0,0
2025-01-07 10:00:00,1.04148,1.04255,1.04033,1.0425200000000001,6495,0,0
2025-01-07 11:00:00,1.04249,1.04344,1.04242,1.04272,5463,0,0
2025-01-07 12:00:00,1.04272,1.04344,1.04168,1.0428,5331,0,0
2025-01-07 13:00:00,1.04279,1.04285,1.04051,1.04135,4370,0,0
2025-01-07 14:00:00,1.04134,1.0417,1.03873,1.03894,6201,0,0
2025-01-07 15:00:00,1.03894,1.04052,1.03867,1.03967,6314,0,0
2025-01-07 16:00:00,1.03965,1.03978,1.03893,1.03917,6573,0,0
2025-01-07 17:00:00,1.03911,1.03911,1.03552,1.0373,13283,0,0
2025-01-07 18:00:00,1.03728,1.03815,1.03628,1.03683,9806,0,0
2025-01-07 19:00:00,1.03683,1.0374,1.03539,1.0366900000000001,7131,0,0
2025-01-07 20:00:00,1.0366900000000001,1.03695,1.03495,1.03545,5507,0,0
2025-01-07 21:00:00,1.03545,1.03597,1.03522,1.03552,3685,0,0
2025-01-07 22:00:00,1.0355,1.03559,1.03441,1.03444,2978,1,0
2025-01-07 23:00:00,1.03442,1.03442,1.03392,1.03397,961,1,0
2025-01-08 00:00:00,1.03397,1.03423,1.03355,1.03417,301,3,0
2025-01-08 01:00:00,1.03415,1.03451,1.0339,1.03417,1137,0,0
2025-01-08 02:00:00,1.03417,1.03493,1.03417,1.03468,2275,0,0
2025-01-08 03:00:00,1.03468,1.03531,1.03455,1.03529,2354,0,0
2025-01-08 04:00:00,1.0352999999999999,1.03549,1.03514,1.03542,1509,0,0
2025-01-08 05:00:00,1.03542,1.03542,1.03464,1.03479,1276,0,0
2025-01-08 06:00:00,1.03478,1.03521,1.03475,1.03513,1084,0,0
2025-01-08 07:00:00,1.03513,1.0356,1.03497,1.03549,1550,0,0
2025-01-08 08:00:00,1.0355,1.03576,1.03463,1.03516,1962,0,0
2025-01-08 09:00:00,1.03511,1.03517,1.03285,1.03325,5677,0,0
2025-01-08 10:00:00,1.03324,1.03398,1.03181,1.03188,6897,0,0
2025-01-08 11:00:00,1.03188,1.03265,1.03156,1.03196,5685,0,0
2025-01-08 12:00:00,1.03196,1.03213,1.03102,1.03191,4788,0,0
2025-01-08 13:00:00,1.03191,1.032,1.02733,1.02978,10612,0,0
2025-01-08 14:00:00,1.02978,1.03001,1.02808,1.02828,7780,0,0
2025-01-08 15:00:00,1.02827,1.03043,1.02808,1.03035,11391,0,0
2025-01-08 16:00:00,1.03035,1.03075,1.02891,1.02914,8586,0,0
2025-01-08 17:00:00,1.02914,1.03099,1.02914,1.03017,7586,0,0
2025-01-08 18:00:00,1.03018,1.03147,1.02947,1.03127,6475,0,0
2025-01-08 19:00:00,1.03126,1.03135,1.02983,1.03055,5355,0,0
2025-01-08 20:00:00,1.03055,1.03158,1.03054,1.03129,4634,0,0
2025-01-08 21:00:00,1.03129,1.03244,1.03081,1.0309,5253,0,0
2025-01-08 22:00:00,1.03089,1.03168,1.03079,1.03162,2983,1,0
2025-01-08 23:00:00,1.03162,1.03198,1.03147,1.03189,968,1,0
2025-01-09 00:00:00,1.03116,1.03184,1.03116,1.03181,166,3,0
2025-01-09 01:00:00,1.03176,1.03186,1.03133,1.03134,849,0,0
2025-01-09 02:00:00,1.03134,1.03149,1.03049,1.03132,2334,0,0
2025-01-09 03:00:00,1.03132,1.03174,1.03115,1.03143,2423,0,0
2025-01-09 04:00:00,1.03143,1.03201,1.03142,1.03166,1798,0,0
2025-01-09 05:00:00,1.03165,1.03215,1.0311,1.03112,1727,0,0
2025-01-09 06:00:00,1.03112,1.03124,1.03057,1.03091,1669,0,0
2025-01-09 07:00:00,1.03091,1.03127,1.03055,1.03067,1931,0,0
2025-01-09 08:00:00,1.03068,1.03083,1.02972,1.03003,3445,0,0
2025-01-09 09:00:00,1.03002,1.03083,1.02879,1.02911,6161,0,0
2025-01-09 10:00:00,1.0291,1.03078,1.02837,1.03077,7049,0,0
2025-01-09 11:00:00,1.03077,1.03175,1.03032,1.03058,5837,0,0
2025-01-09 12:00:00,1.03058,1.03126,1.02996,1.03031,5245,0,0
2025-01-09 13:00:00,1.03032,1.03046,1.02969,1.03012,4920,0,0
2025-01-09 14:00:00,1.03012,1.03051,1.02961,1.03034,4182,0,0
2025-01-09 15:00:00,1.03034,1.03192,1.03009,1.03079,5792,0,0
2025-01-09 16:00:00,1.0308,1.03147,1.03053,1.03074,5380,0,0
2025-01-09 17:00:00,1.03074,1.03098,1.02949,1.02994,4859,0,0
2025-01-09 18:00:00,1.02994,1.03011,1.02911,1.02975,3826,0,0
2025-01-09 19:00:00,1.02975,1.03017,1.02939,1.02973,2896,0,0
2025-01-09 20:00:00,1.02973,1.03024,1.02941,1.03003,1715,0,0
2025-01-09 21:00:00,1.03003,1.03021,1.02977,1.02979,1103,0,0
2025-01-09 22:00:00,1.02981,1.03035,1.02981,1.03011,878,1,0
2025-01-09 23:00:00,1.0301,1.03011,1.02989,1.02993,654,1,0
2025-01-10 00:00:00,1.02987,1.03006,1.02955,1.02999,312,11,0
2025-01-10 01:00:00,1.02996,1.03009,1.02957,1.02966,856,0,0
2025-01-10 02:00:00,1.02966,1.03004,1.02924,1.02955,2037,0,0
2025-01-10 03:00:00,1.02955,1.03044,1.02938,1.0302,2620,0,0
2025-01-10 04:00:00,1.0302,1.03036,1.02984,1.03014,1791,0,0
2025-01-10 05:00:00,1.03014,1.03033,1.02979,1.02986,1385,0,0
2025-01-10 06:00:00,1.02986,1.03,1.02937,1.02953,1413,0,0
2025-01-10 07:00:00,1.02953,1.02975,1.02849,1.0286,1855,0,0
2025-01-10 08:00:00,1.0286,1.02885,1.02813,1.02819,2480,0,0
2025-01-10 09:00:00,1.02819,1.02972,1.02814,1.02971,3512,0,0
2025-01-10 10:00:00,1.02971,1.03119,1.02929,1.03028,5994,0,0
2025-01-10 11:00:00,1.03028,1.03058,1.02993,1.03001,4502,0,0
2025-01-10 12:00:00,1.03001,1.03058,1.03,1.03023,3865,0,0
2025-01-10 13:00:00,1.03023,1.03054,1.0299,1.03017,3777,0,0
2025-01-10 14:00:00,1.03017,1.03094,1.02992,1.03058,4302,0,0
2025-01-10 15:00:00,1.03058,1.03118,1.02109,1.02564,13463,0,0
2025-01-10 16:00:00,1.02564,1.02728,1.02445,1.02509,15328,0,0
2025-01-10 17:00:00,1.02509,1.02785,1.02364,1.02506,13034,0,0
2025-01-10 18:00:00,1.02506,1.02512,1.02277,1.02373,9610,0,0
2025-01-10 19:00:00,1.02373,1.02507,1.0233,1.02445,6259,0,0
2025-01-10 20:00:00,1.02445,1.0246,1.02361,1.02415,4725,0,0
2025-01-10 21:00:00,1.02415,1.02491,1.0235,1.02455,4249,0,0
2025-01-10 22:00:00,1.02454,1.0246,1.0237,1.02446,3516,1,0
2025-01-10 23:00:00,1.02445,1.02489,1.02416,1.02441,1379,1,0
2025-01-13 00:00:00,1.02361,1.02461,1.02352,1.02461,376,8,0
2025-01-13 01:00:00,1.02459,1.02471,1.02388,1.02431,1399,0,0
2025-01-13 02:00:00,1.02431,1.02455,1.02367,1.02423,2046,0,0
2025-01-13 03:00:00,1.02423,1.02498,1.02395,1.02419,3563,0,0
2025-01-13 04:00:00,1.02419,1.02451,1.02386,1.02402,2556,0,0
2025-01-13 05:00:00,1.02402,1.02407,1.02129,1.02155,3147,0,0
2025-01-13 06:00:00,1.02155,1.02199,1.02079,1.02118,2537,0,0
2025-01-13 07:00:00,1.02118,1.02204,1.02105,1.02194,2558,0,0
2025-01-13 08:00:00,1.02194,1.02249,1.02145,1.02173,3157,0,0
2025-01-13 09:00:00,1.02173,1.02236,1.02078,1.02155,6313,0,0
2025-01-13 10:00:00,1.02155,1.02313,1.02139,1.02214,8477,0,0
2025-01-13 11:00:00,1.02214,1.02241,1.01776,1.01935,10068,0,0
2025-01-13 12:00:00,1.01935,1.02074,1.01928,1.0202,6417,0,0
2025-01-13 13:00:00,1.0202,1.02041,1.01862,1.0196,6138,0,0
2025-01-13 14:00:00,1.0196,1.02062,1.01881,1.02028,6652,0,0
2025-01-13 15:00:00,1.02028,1.02208,1.01966,1.02086,7545,0,0
2025-01-13 16:00:00,1.02086,1.02128,1.02004,1.02081,8199,0,0
2025-01-13 17:00:00,1.02081,1.02089,1.01959,1.01971,8603,0,0
2025-01-13 18:00:00,1.01971,1.02175,1.01919,1.02084,6516,0,0
2025-01-13 19:00:00,1.02084,1.02196,1.02072,1.02179,5079,0,0
2025-01-13 20:00:00,1.02179,1.02214,1.02123,1.02163,3546,0,0
2025-01-13 21:00:00,1.02163,1.02164,1.02071,1.02072,3270,0,0
2025-01-13 22:00:00,1.02072,1.02175,1.02069,1.02167,2507,1,0
2025-01-13 23:00:00,1.02167,1.02469,1.02163,1.02416,2081,1,0
2025-01-14 00:00:00,1.02364,1.02717,1.0234,1.02585,1001,2,0
2025-01-14 01:00:00,1.02579,1.02776,1.02509,1.02637,3453,0,0
2025-01-14 02:00:00,1.02637,1.02641,1.02459,1.02482,3230,0,0
2025-01-14 03:00:00,1.02482,1.025,1.02413,1.0249,4590,0,0
2025-01-14 04:00:00,1.0249,1.02502,1.02387,1.02447,2741,0,0
2025-01-14 05:00:00,1.02447,1.02551,1.02438,1.02487,2223,0,0
2025-01-14 06:00:00,1.02487,1.02552,1.02454,1.02504,1626,0,0
2025-01-14 07:00:00,1.02504,1.02517,1.02425,1.0245,2458,0,0
2025-01-14 08:00:00,1.0245,1.02532,1.0245,1.02525,3282,0,0
2025-01-14 09:00:00,1.02525,1.02661,1.02501,1.02543,7019,0,0
2025-01-14 10:00:00,1.02543,1.02748,1.02531,1.02618,8072,0,0
2025-01-14 11:00:00,1.02618,1.02665,1.02537,1.02597,6676,0,0
2025-01-14 12:00:00,1.02597,1.02635,1.02521,1.026,5106,0,0
2025-01-14 13:00:00,1.026,1.02631,1.02526,1.02539,4292,0,0
2025-01-14 14:00:00,1.02539,1.02551,1.02397,1.02482,5423,0,0
2025-01-14 15:00:00,1.02482,1.02732,1.02396,1.02534,11723,0,0
2025-01-14 16:00:00,1.02534,1.02748,1.02436,1.0268,10733,0,0
2025-01-14 17:00:00,1.0268,1.02957,1.02633,1.02949,10622,0,0
2025-01-14 18:00:00,1.02949,1.03045,1.02828,1.02916,8820,0,0
2025-01-14 19:00:00,1.02916,1.02916,1.02792,1.02882,5068,0,0
2025-01-14 20:00:00,1.02882,1.03004,1.02867,1.02992,3212,0,0
2025-01-14 21:00:00,1.02992,1.03055,1.02964,1.02981,2656,0,0
2025-01-14 22:00:00,1.02981,1.03088,1.02965,1.03018,2922,1,0
2025-01-14 23:00:00,1.03017,1.03085,1.03007,1.03084,1353,1,0
2025-01-15 00:00:00,1.03017,1.03074,1.03007,1.03066,198,9,0
2025-01-15 01:00:00,1.03058,1.03082,1.03024,1.03062,901,0,0
2025-01-15 02:00:00,1.03062,1.03062,1.02999,1.03014,2160,0,0
2025-01-15 03:00:00,1.03014,1.03048,1.02981,1.03002,2513,0,0
2025-01-15 04:00:00,1.03002,1.03016,1.02954,1.02973,2082,0,0
2025-01-15 05:00:00,1.02973,1.03022,1.02966,1.03019,1432,0,0
2025-01-15 06:00:00,1.03019,1.03026,1.02978,1.03024,1355,0,0
2025-01-15 07:00:00,1.03024,1.03052,1.02928,1.02934,2380,0,0
2025-01-15 08:00:00,1.02934,1.02988,1.0292,1.02964,2205,0,0
2025-01-15 09:00:00,1.02964,1.03082,1.02869,1.03061,7514,0,0
2025-01-15 10:00:00,1.03061,1.03171,1.02944,1.02966,6521,0,0
2025-01-15 11:00:00,1.02966,1.03131,1.02962,1.03098,5291,0,0
2025-01-15 12:00:00,1.03098,1.03141,1.03009,1.03075,4017,0,0
2025-01-15 13:00:00,1.03075,1.03122,1.02997,1.03013,3998,0,0
2025-01-15 14:00:00,1.03013,1.03065,1.02936,1.03,4885,0,0
2025-01-15 15:00:00,1.03,1.03546,1.02963,1.03445,12563,0,0
2025-01-15 16:00:00,1.03445,1.03457,1.03252,1.03275,12106,0,0
2025-01-15 17:00:00,1.03275,1.0331,1.0299,1.03061,10463,0,0
2025-01-15 18:00:00,1.03061,1.03078,1.02586,1.02811,9216,0,0
2025-01-15 19:00:00,1.02811,1.02933,1.02809,1.02858,5062,0,0
2025-01-15 20:00:00,1.02858,1.02929,1.02847,1.02922,3358,0,0
2025-01-15 21:00:00,1.02922,1.02947,1.02892,1.02932,2533,0,0
2025-01-15 22:00:00,1.02932,1.0299,1.0290300000000001,1.02959,2556,1,0
2025-01-15 23:00:00,1.02959,1.02963,1.02881,1.02902,1085,1,0
2025-01-16 00:00:00,1.02857,1.02928,1.02835,1.02913,632,4,0
2025-01-16 01:00:00,1.0291,1.02957,1.02898,1.02953,1232,0,0
2025-01-16 02:00:00,1.02953,1.02998,1.02849,1.02989,3172,0,0
2025-01-16 03:00:00,1.02989,1.02995,1.02878,1.02898,4164,0,0
2025-01-16 04:00:00,1.02898,1.02933,1.0285,1.02871,3254,0,0
2025-01-16 05:00:00,1.02871,1.0289,1.02848,1.02889,1760,0,0
2025-01-16 06:00:00,1.02889,1.02938,1.02856,1.02872,1627,0,0
2025-01-16 07:00:00,1.02872,1.02874,1.02811,1.02826,2064,0,0
2025-01-16 08:00:00,1.02825,1.02896,1.02824,1.02888,2672,0,0
2025-01-16 09:00:00,1.02888,1.03015,1.0286,1.02976,4919,0,0
2025-01-16 10:00:00,1.02976,1.03002,1.02882,1.02959,5815,0,0
2025-01-16 11:00:00,1.02959,1.02989,1.02818,1.02863,5227,0,0
2025-01-16 12:00:00,1.02863,1.02961,1.0283,1.02858,3878,0,0
2025-01-16 13:00:00,1.02858,1.02919,1.02841,1.02902,3727,0,0
2025-01-16 14:00:00,1.02902,1.02902,1.02643,1.0272,5715,0,0
2025-01-16 15:00:00,1.0272,1.02852,1.026,1.02816,9829,0,0
2025-01-16 16:00:00,1.02816,1.02839,1.0268,1.02792,7892,0,0
2025-01-16 17:00:00,1.02792,1.03057,1.02743,1.03009,12692,0,0
2025-01-16 18:00:00,1.03009,1.03115,1.02862,1.03025,10040,0,0
2025-01-16 19:00:00,1.03025,1.03151,1.02942,1.02966,6562,0,0
2025-01-16 20:00:00,1.02966,1.03028,1.02937,1.03002,3387,0,0
2025-01-16 21:00:00,1.03002,1.03077,1.02976,1.03018,3517,0,0
2025-01-16 22:00:00,1.03018,1.03038,1.02972,1.03002,2439,1,0
2025-01-16 23:00:00,1.03001,1.03037,1.02968,1.03016,1165,1,0
2025-01-17 00:00:00,1.02955,1.03024,1.02928,1.03012,483,13,0
2025-01-17 01:00:00,1.03006,1.03045,1.02999,1.03015,804,0,0
2025-01-17 02:00:00,1.03015,1.03066,1.02984,1.03048,2013,0,0
2025-01-17 03:00:00,1.03048,1.03095,1.03017,1.03052,2254,0,0
2025-01-17 04:00:00,1.03052,1.03092,1.03032,1.03035,2269,0,0
2025-01-17 05:00:00,1.03035,1.0305,1.03001,1.03008,1604,0,0
2025-01-17 06:00:00,1.03008,1.03012,1.02921,1.02939,1380,0,0
2025-01-17 07:00:00,1.02938,1.02952,1.02876,1.02931,1950,0,0
2025-01-17 08:00:00,1.02931,1.02939,1.02853,1.0290300000000001,2178,0,0
2025-01-17 09:00:00,1.0290300000000001,1.02911,1.02777,1.02847,5450,0,0
2025-01-17 10:00:00,1.02847,1.02986,1.02847,1.0297,5026,0,0
2025-01-17 11:00:00,1.0297,1.0304,1.02894,1.02967,5383,0,0
2025-01-17 12:00:00,1.02967,1.03061,1.02965,1.03038,3574,0,0
2025-01-17 13:00:00,1.03038,1.03099,1.02988,1.03046,4163,0,0
2025-01-17 14:00:00,1.03046,1.03065,1.02905,1.02931,5163,0,0
2025-01-17 15:00:00,1.02931,1.02995,1.02856,1.0290300000000001,7110,0,0
2025-01-17 16:00:00,1.0290300000000001,1.03023,1.02654,1.02986,11612,0,0
2025-01-17 17:00:00,1.02986,1.03306,1.02955,1.02992,12160,0,0
2025-01-17 18:00:00,1.02992,1.03003,1.02821,1.02864,6842,0,0
2025-01-17 19:00:00,1.02864,1.02912,1.02789,1.02808,4945,0,0
2025-01-17 20:00:00,1.02808,1.0292,1.02792,1.02812,3788,0,0
2025-01-17 21:00:00,1.02812,1.0284200000000001,1.02727,1.02762,3178,0,0
2025-01-17 22:00:00,1.02762,1.02815,1.02737,1.02754,3323,1,0
2025-01-17 23:00:00,1.02753,1.02753,1.02682,1.02692,1182,1,0
2025-01-20 00:00:00,1.02765,1.028,1.027,1.0274,597,6,0
2025-01-20 01:00:00,1.02737,1.02806,1.02662,1.02804,1736,0,0
2025-01-20 02:00:00,1.02804,1.02901,1.0278,1.02863,2564,0,0
2025-01-20 03:00:00,1.02863,1.02927,1.02793,1.02904,2959,0,0
2025-01-20 04:00:00,1.02904,1.02922,1.02871,1.0291,2550,0,0
2025-01-20 05:00:00,1.0291,1.03064,1.02908,1.0306,2670,0,0
2025-01-20 06:00:00,1.0306,1.03072,1.03018,1.03042,1798,0,0
2025-01-20 07:00:00,1.03042,1.03064,1.03019,1.03027,1587,0,0
2025-01-20 08:00:00,1.03027,1.03189,1.02997,1.03107,2930,0,0
2025-01-20 09:00:00,1.03107,1.03185,1.03061,1.03168,4059,0,0
2025-01-20 10:00:00,1.03168,1.03177,1.03071,1.031,5550,0,0
2025-01-20 11:00:00,1.031,1.0317,1.03053,1.03063,5403,0,0
2025-01-20 12:00:00,1.03063,1.03225,1.03063,1.03152,4044,0,0
2025-01-20 13:00:00,1.03152,1.03264,1.0313,1.03259,3575,0,0
2025-01-20 14:00:00,1.03259,1.03264,1.03152,1.03203,3985,0,0
2025-01-20 15:00:00,1.03203,1.04001,1.03077,1.03979,13676,0,0
2025-01-20 16:00:00,1.03979,1.043,1.03796,1.04149,13698,0,0
2025-01-20 17:00:00,1.04149,1.04299,1.0385,1.04005,9986,0,0
2025-01-20 18:00:00,1.04005,1.04057,1.03906,1.03987,5191,0,0
2025-01-20 19:00:00,1.03987,1.04023,1.03536,1.03858,7071,0,0
2025-01-20 20:00:00,1.03858,1.03966,1.03833,1.03966,1999,0,0
2025-01-20 21:00:00,1.03966,1.04232,1.03906,1.04208,2343,0,0
2025-01-20 22:00:00,1.04206,1.04344,1.04119,1.04161,2725,1,0
2025-01-20 23:00:00,1.04161,1.04194,1.04099,1.04167,1371,1,0
2025-01-21 00:00:00,1.04086,1.04183,1.04054,1.04124,471,8,0
2025-01-21 01:00:00,1.04101,1.04255,1.04083,1.04211,3899,0,0
2025-01-21 02:00:00,1.04211,1.04344,1.03528,1.03625,10115,0,0
2025-01-21 03:00:00,1.03625,1.03979,1.03559,1.03702,11493,0,0
2025-01-21 04:00:00,1.03702,1.03903,1.03693,1.03875,5779,0,0
2025-01-21 05:00:00,1.03875,1.04009,1.03854,1.03875,4730,0,0
2025-01-21 06:00:00,1.03875,1.0399,1.0385,1.039,3132,0,0
2025-01-21 07:00:00,1.039,1.03922,1.03776,1.0379,2867,0,0
2025-01-21 08:00:00,1.0379,1.03814,1.03666,1.03692,4095,0,0
2025-01-21 09:00:00,1.03692,1.03861,1.03653,1.03736,6296,0,0
2025-01-21 10:00:00,1.03736,1.03736,1.03503,1.03609,6729,0,0
2025-01-21 11:00:00,1.03609,1.03637,1.03418,1.03535,7250,0,0
2025-01-21 12:00:00,1.03535,1.03594,1.03433,1.03529,6297,0,0
2025-01-21 13:00:00,1.03529,1.0358,1.03433,1.03532,5168,0,0
2025-01-21 14:00:00,1.03532,1.03584,1.03459,1.03541,6957,0,0
2025-01-21 15:00:00,1.03541,1.03778,1.03528,1.03777,7611,0,0
2025-01-21 16:00:00,1.03777,1.03985,1.03729,1.0387,9405,0,0
2025-01-21 17:00:00,1.0387,1.04104,1.03786,1.04008,11085,0,0
2025-01-21 18:00:00,1.04008,1.04228,1.03987,1.04224,7659,0,0
2025-01-21 19:00:00,1.04224,1.04298,1.04213,1.04215,4963,0,0
2025-01-21 20:00:00,1.04215,1.04354,1.04199,1.04293,3736,0,0
2025-01-21 21:00:00,1.04293,1.04305,1.0416,1.0418,3308,0,0
2025-01-21 22:00:00,1.0418,1.04215,1.04158,1.04199,2564,1,0
2025-01-21 23:00:00,1.04195,1.04298,1.04188,1.04231,1311,1,0
2025-01-22 00:00:00,1.04209,1.0432,1.04209,1.04255,551,3,0
2025-01-22 01:00:00,1.04254,1.04276,1.03923,1.04059,4957,0,0
2025-01-22 02:00:00,1.04059,1.04246,1.04058,1.04232,3560,0,0
2025-01-22 03:00:00,1.04232,1.04234,1.04078,1.04098,3753,0,0
2025-01-22 04:00:00,1.04098,1.04163,1.04064,1.04136,3149,0,0
2025-01-22 05:00:00,1.04136,1.04157,1.04102,1.04121,1992,0,0
2025-01-22 06:00:00,1.04121,1.04213,1.04111,1.0417399999999999,1758,0,0
2025-01-22 07:00:00,1.0417399999999999,1.04182,1.04085,1.04156,2326,0,0
2025-01-22 08:00:00,1.04156,1.04185,1.04002,1.04038,3684,0,0
2025-01-22 09:00:00,1.04038,1.04198,1.04036,1.0412,5265,0,0
2025-01-22 10:00:00,1.0412,1.04241,1.04097,1.04232,7875,0,0
2025-01-22 11:00:00,1.04232,1.04473,1.04201,1.04464,7010,0,0
2025-01-22 12:00:00,1.04464,1.04573,1.04427,1.04501,6128,0,0
2025-01-22 13:00:00,1.04501,1.04564,1.04407,1.04428,4302,0,0
2025-01-22 14:00:00,1.04428,1.0443,1.04312,1.04381,5053,0,0
2025-01-22 15:00:00,1.04381,1.04459,1.04223,1.04317,6958,0,0
2025-01-22 16:00:00,1.04317,1.04321,1.04143,1.04249,8279,0,0
2025-01-22 17:00:00,1.04249,1.0425200000000001,1.04147,1.042,8147,0,0
2025-01-22 18:00:00,1.042,1.04228,1.04123,1.04197,5772,0,0
2025-01-22 19:00:00,1.04197,1.04205,1.0412,1.04171,4091,0,0
2025-01-22 20:00:00,1.04171,1.04212,1.04119,1.04163,3186,0,0
2025-01-22 21:00:00,1.04163,1.04228,1.04157,1.04201,2827,0,0
2025-01-22 22:00:00,1.04201,1.0423,1.0411299999999999,1.04121,2701,1,0
2025-01-22 23:00:00,1.04122,1.04131,1.04079,1.04098,1165,1,0
2025-01-23 00:00:00,1.04094,1.04142,1.04044,1.04073,359,6,0
2025-01-23 01:00:00,1.04069,1.04093,1.04054,1.04079,1217,0,0
2025-01-23 02:00:00,1.04079,1.04118,1.04069,1.04102,2238,0,0
2025-01-23 03:00:00,1.04102,1.04159,1.04022,1.04039,4407,0,0
2025-01-23 04:00:00,1.04039,1.04062,1.03972,1.04037,3252,0,0
2025-01-23 05:00:00,1.04037,1.04091,1.0403,1.04088,1938,0,0
2025-01-23 06:00:00,1.04089,1.04128,1.04087,1.04111,1968,0,0
2025-01-23 07:00:00,1.04111,1.04116,1.04043,1.04055,2786,0,0
2025-01-23 08:00:00,1.04055,1.04121,1.04031,1.04035,2633,0,0
2025-01-23 09:00:00,1.04035,1.04057,1.03902,1.04001,5790,0,0
2025-01-23 10:00:00,1.04001,1.04025,1.03904,1.03941,5324,0,0
2025-01-23 11:00:00,1.03941,1.04148,1.03935,1.04117,5395,0,0
2025-01-23 12:00:00,1.04117,1.04203,1.04101,1.04115,4019,0,0
2025-01-23 13:00:00,1.04115,1.04141,1.04014,1.04034,4644,0,0
2025-01-23 14:00:00,1.04034,1.04061,1.03943,1.04035,5137,0,0
2025-01-23 15:00:00,1.04035,1.0415,1.03975,1.04107,7797,0,0
2025-01-23 16:00:00,1.04107,1.0418,1.0406,1.04088,6966,0,0
2025-01-23 17:00:00,1.04088,1.041,1.03871,1.03972,8266,0,0
2025-01-23 18:00:00,1.03972,1.04292,1.03717,1.04195,14280,0,0
2025-01-23 19:00:00,1.04195,1.0438,1.0414,1.04354,5977,0,0
2025-01-23 20:00:00,1.04354,1.0437,1.04219,1.04241,3854,0,0
2025-01-23 21:00:00,1.04241,1.04267,1.04201,1.04229,3555,0,0
2025-01-23 22:00:00,1.04228,1.0429,1.04159,1.04176,3442,1,0
2025-01-23 23:00:00,1.04176,1.04195,1.04128,1.0415,1239,1,0
2025-01-24 00:00:00,1.04147,1.0418,1.04108,1.0416,351,8,0
2025-01-24 01:00:00,1.04158,1.04179,1.04117,1.04158,763,0,0
2025-01-24 02:00:00,1.04158,1.04231,1.04136,1.04193,2099,0,0
2025-01-24 03:00:00,1.04193,1.04204,1.04119,1.04158,2501,0,0
2025-01-24 04:00:00,1.04158,1.04491,1.04158,1.04486,6520,0,0
2025-01-24 05:00:00,1.04486,1.04538,1.04367,1.04462,5611,0,0
2025-01-24 06:00:00,1.04462,1.04514,1.04436,1.04473,3097,0,0
2025-01-24 07:00:00,1.04473,1.04539,1.0444,1.04512,2291,0,0
2025-01-24 08:00:00,1.04512,1.04703,1.04492,1.04576,5538,0,0
2025-01-24 09:00:00,1.04576,1.04649,1.04474,1.0461,7185,0,0
2025-01-24 10:00:00,1.0461,1.04952,1.04579,1.04936,9751,0,0
2025-01-24 11:00:00,1.04936,1.05151,1.0491,1.04945,8052,0,0
2025-01-24 12:00:00,1.04945,1.04978,1.04863,1.04891,4390,0,0
2025-01-24 13:00:00,1.04891,1.04932,1.04813,1.04862,3787,0,0
2025-01-24 14:00:00,1.04862,1.04876,1.04735,1.04739,3821,0,0
2025-01-24 15:00:00,1.04739,1.04798,1.04638,1.04688,6269,0,0
2025-01-24 16:00:00,1.04688,1.04943,1.04673,1.0491,8179,0,0
2025-01-24 17:00:00,1.0491,1.05207,1.04892,1.05163,10934,0,0
2025-01-24 18:00:00,1.05163,1.05204,1.05054,1.05145,7039,0,0
2025-01-24 19:00:00,1.05145,1.05215,1.05101,1.05111,4555,0,0
2025-01-24 20:00:00,1.05111,1.05121,1.04941,1.04952,3304,0,0
2025-01-24 21:00:00,1.04952,1.04987,1.0492,1.04953,2690,0,0
2025-01-24 22:00:00,1.04952,1.04963,1.04882,1.04946,2471,1,0
2025-01-24 23:00:00,1.04946,1.04973,1.04909,1.04923,1344,1,0
2025-01-27 00:00:00,1.04757,1.04834,1.04754,1.0482,323,11,0
2025-01-27 01:00:00,1.04818,1.04846,1.04653,1.04676,2567,0,0
2025-01-27 02:00:00,1.04676,1.0476,1.04655,1.04727,3072,0,0
2025-01-27 03:00:00,1.04727,1.04787,1.04615,1.0463,4641,0,0
2025-01-27 04:00:00,1.0463,1.04665,1.04592,1.04659,2951,0,0
2025-01-27 05:00:00,1.04659,1.04777,1.04635,1.04684,3457,0,0
2025-01-27 06:00:00,1.04684,1.04691,1.04599,1.04636,2327,0,0
2025-01-27 07:00:00,1.04636,1.04649,1.04561,1.0463,2568,0,0
2025-01-27 08:00:00,1.0463,1.04653,1.04572,1.04594,3139,0,0
2025-01-27 09:00:00,1.04594,1.04711,1.04541,1.04573,6073,0,0
2025-01-27 10:00:00,1.04573,1.04888,1.04545,1.04876,8517,0,0
2025-01-27 11:00:00,1.04876,1.04939,1.04752,1.04887,9322,0,0
2025-01-27 12:00:00,1.04887,1.05092,1.04887,1.05056,9236,0,0
2025-01-27 13:00:00,1.05056,1.05182,1.05045,1.0513,8014,0,0
2025-01-27 14:00:00,1.0513,1.05281,1.05091,1.05215,7325,0,0
2025-01-27 15:00:00,1.05215,1.05332,1.05099,1.05199,9501,0,0
2025-01-27 16:00:00,1.05199,1.05244,1.0508,1.05094,9560,0,0
2025-01-27 17:00:00,1.05094,1.051,1.04941,1.04991,8805,0,0
2025-01-27 18:00:00,1.04991,1.05076,1.04893,1.0491,7311,0,0
2025-01-27 19:00:00,1.0491,1.04946,1.0485,1.04889,5627,0,0
2025-01-27 20:00:00,1.04889,1.04942,1.0482,1.0485,5258,0,0
2025-01-27 21:00:00,1.0485,1.0493,1.04793,1.04925,4493,0,0
2025-01-27 22:00:00,1.04927,1.04943,1.04873,1.0488,3829,1,0
2025-01-27 23:00:00,1.0488,1.04922,1.04859,1.04918,1154,1,0
2025-01-28 00:00:00,1.04875,1.04926,1.0486,1.04883,253,2,0
2025-01-28 01:00:00,1.04875,1.04879,1.0428,1.04372,7506,0,0
2025-01-28 02:00:00,1.04372,1.04518,1.04327,1.04455,6198,0,0
2025-01-28 03:00:00,1.04455,1.04567,1.04302,1.0438,4424,0,0
2025-01-28 04:00:00,1.0438,1.0441799999999999,1.0425,1.04337,5000,0,0
2025-01-28 05:00:00,1.04337,1.04395,1.04294,1.04294,2834,0,0
2025-01-28 06:00:00,1.04294,1.04346,1.04258,1.04337,2098,0,0
2025-01-28 07:00:00,1.04337,1.0439,1.04334,1.04366,1580,0,0
2025-01-28 08:00:00,1.04366,1.04442,1.04339,1.04377,2385,0,0
2025-01-28 09:00:00,1.04377,1.04431,1.04283,1.04341,6054,0,0
2025-01-28 10:00:00,1.04341,1.04358,1.04195,1.04254,8024,0,0
2025-01-28 11:00:00,1.04254,1.04443,1.04227,1.04353,6889,0,0
2025-01-28 12:00:00,1.04353,1.04372,1.04249,1.0425,4746,0,0
2025-01-28 13:00:00,1.0425,1.04327,1.04228,1.04236,4008,0,0
2025-01-28 14:00:00,1.04236,1.04256,1.0414,1.04204,5439,0,0
2025-01-28 15:00:00,1.04204,1.0431300000000001,1.0417399999999999,1.04249,6397,0,0
2025-01-28 16:00:00,1.04249,1.04409,1.04242,1.04316,7121,0,0
2025-01-28 17:00:00,1.04316,1.04396,1.04213,1.04244,7561,0,0
2025-01-28 18:00:00,1.04244,1.04329,1.04227,1.04263,6851,0,0
2025-01-28 19:00:00,1.04263,1.04347,1.04248,1.04283,3878,0,0
2025-01-28 20:00:00,1.04283,1.04382,1.0423499999999999,1.04266,4748,0,0
2025-01-28 21:00:00,1.04266,1.04367,1.04227,1.04351,3318,0,0
2025-01-28 22:00:00,1.04351,1.04355,1.04295,1.04316,2957,1,0
2025-01-28 23:00:00,1.04316,1.04341,1.043,1.04301,1111,1,0
2025-01-29 00:00:00,1.04229,1.04285,1.04229,1.04283,507,10,0
2025-01-29 01:00:00,1.04279,1.04302,1.04265,1.04274,855,0,0
2025-01-29 02:00:00,1.04274,1.04345,1.04271,1.04306,2550,0,0
2025-01-29 03:00:00,1.04306,1.04342,1.04274,1.04274,2334,0,0
2025-01-29 04:00:00,1.04274,1.04356,1.0426,1.04338,1958,0,0
2025-01-29 05:00:00,1.04338,1.04391,1.04314,1.04376,2271,0,0
2025-01-29 06:00:00,1.04376,1.04426,1.04376,1.04387,1709,0,0
2025-01-29 07:00:00,1.04387,1.04409,1.0435699999999999,1.04402,1912,0,0
2025-01-29 08:00:00,1.04402,1.04436,1.04367,1.04375,3285,0,0
2025-01-29 09:00:00,1.04375,1.0438,1.04133,1.04161,4911,0,0
2025-01-29 10:00:00,1.04161,1.04305,1.04161,1.04244,5715,0,0
2025-01-29 11:00:00,1.04244,1.04249,1.04023,1.0404,6029,0,0
2025-01-29 12:00:00,1.0404,1.04084,1.0395,1.04036,5442,0,0
2025-01-29 13:00:00,1.04036,1.04082,1.03971,1.04016,4334,0,0
2025-01-29 14:00:00,1.04016,1.04048,1.03937,1.0404,5201,0,0
2025-01-29 15:00:00,1.0404,1.04057,1.03825,1.03878,7589,0,0
2025-01-29 16:00:00,1.03878,1.04016,1.03863,1.04012,6728,0,0
2025-01-29 17:00:00,1.04012,1.04271,1.03948,1.04194,9074,0,0
2025-01-29 18:00:00,1.04194,1.0424,1.04117,1.04158,7691,0,0
2025-01-29 19:00:00,1.04158,1.04284,1.04155,1.04215,6015,0,0
2025-01-29 20:00:00,1.04215,1.04245,1.04149,1.04183,4235,0,0
2025-01-29 21:00:00,1.04183,1.04288,1.03883,1.04158,15359,0,0
2025-01-29 22:00:00,1.04158,1.04256,1.04051,1.04104,8880,1,0
2025-01-29 23:00:00,1.04103,1.04217,1.0409,1.04202,1911,1,0
2025-01-30 00:00:00,1.04139,1.04214,1.04138,1.04206,442,15,0
2025-01-30 01:00:00,1.04202,1.04275,1.0418,1.04247,1540,0,0
2025-01-30 02:00:00,1.04247,1.04289,1.0424,1.04261,2002,0,0
2025-01-30 03:00:00,1.04261,1.04261,1.04192,1.04203,2054,0,0
2025-01-30 04:00:00,1.04203,1.04268,1.04201,1.04231,2072,0,0
2025-01-30 05:00:00,1.04231,1.04265,1.04225,1.04253,2073,0,0
2025-01-30 06:00:00,1.04253,1.04278,1.04178,1.04193,1970,0,0
2025-01-30 07:00:00,1.04193,1.0422,1.04178,1.04218,1888,0,0
2025-01-30 08:00:00,1.04218,1.04226,1.0411,1.04141,2547,0,0
2025-01-30 09:00:00,1.04141,1.04238,1.04096,1.04234,3904,0,0
2025-01-30 10:00:00,1.04234,1.04289,1.04163,1.04218,5657,0,0
2025-01-30 11:00:00,1.04217,1.04227,1.04022,1.04077,6562,0,0
2025-01-30 12:00:00,1.04077,1.04121,1.03961,1.04007,5258,0,0
2025-01-30 13:00:00,1.04007,1.04009,1.03915,1.0392,4527,0,0
2025-01-30 14:00:00,1.0392,1.04059,1.03904,1.04033,4787,0,0
2025-01-30 15:00:00,1.04033,1.04599,1.04016,1.04562,10711,0,0
2025-01-30 16:00:00,1.04562,1.04677,1.04194,1.04283,12315,0,0
2025-01-30 17:00:00,1.04283,1.04422,1.04271,1.04315,9143,0,0
2025-01-30 18:00:00,1.04315,1.04346,1.04171,1.04198,6014,0,0
2025-01-30 19:00:00,1.04198,1.04233,1.04096,1.04173,5010,0,0
2025-01-30 20:00:00,1.04173,1.04255,1.04156,1.04249,3016,0,0
2025-01-30 21:00:00,1.0425,1.043,1.04231,1.04281,2142,0,0
2025-01-30 22:00:00,1.04283,1.04322,1.0386,1.04075,8360,1,0
2025-01-30 23:00:00,1.04074,1.04141,1.03871,1.03917,4611,1,0
2025-01-31 00:00:00,1.03887,1.03935,1.0384,1.03853,630,13,0
2025-01-31 01:00:00,1.03862,1.03982,1.03848,1.03969,1987,0,0
2025-01-31 02:00:00,1.03969,1.04023,1.03853,1.0387,2757,0,0
2025-01-31 03:00:00,1.0387,1.03925,1.03766,1.03887,4415,0,0
2025-01-31 04:00:00,1.03887,1.0395,1.03869,1.03898,3385,0,0
2025-01-31 05:00:00,1.03898,1.03912,1.03839,1.03852,2461,0,0
2025-01-31 06:00:00,1.03852,1.03898,1.0383,1.03876,2062,0,0
2025-01-31 07:00:00,1.03876,1.03908,1.03848,1.0389,2464,0,0
2025-01-31 08:00:00,1.03889,1.03955,1.03875,1.03947,2551,0,0
2025-01-31 09:00:00,1.03947,1.04128,1.03917,1.04041,5928,0,0
2025-01-31 10:00:00,1.04041,1.04068,1.03803,1.03844,6165,0,0
2025-01-31 11:00:00,1.03844,1.03848,1.03655,1.03835,8158,0,0
2025-01-31 12:00:00,1.03835,1.03839,1.03739,1.03765,5662,0,0
2025-01-31 13:00:00,1.03765,1.03801,1.03722,1.03758,4451,0,0
2025-01-31 14:00:00,1.03758,1.03858,1.03747,1.03826,4572,0,0
2025-01-31 15:00:00,1.03826,1.03952,1.0377,1.03822,8744,0,0
2025-01-31 16:00:00,1.03822,1.03826,1.03668,1.03689,8439,0,0
2025-01-31 17:00:00,1.03689,1.04008,1.03604,1.03964,9511,0,0
2025-01-31 18:00:00,1.03964,1.04076,1.03863,1.03997,7634,0,0
2025-01-31 19:00:00,1.03997,1.0434,1.03902,1.04201,11660,0,0
2025-01-31 20:00:00,1.04201,1.04218,1.03615,1.03701,12449,0,0
2025-01-31 21:00:00,1.03701,1.03792,1.03647,1.03764,8316,0,0
2025-01-31 22:00:00,1.03764,1.03816,1.0363,1.03735,7619,1,0
2025-01-31 23:00:00,1.03737,1.03873,1.03499,1.0358,6763,1,0
2025-02-03 00:00:00,1.02383,1.02558,1.0238,1.02491,1699,18,0
2025-02-03 01:00:00,1.0249,1.02701,1.0232,1.02472,9609,0,0
2025-02-03 02:00:00,1.02472,1.02674,1.02105,1.0232,12065,0,0
2025-02-03 03:00:00,1.0232,1.02522,1.02222,1.0238,8775,0,0
2025-02-03 04:00:00,1.0238,1.02382,1.02211,1.02236,7454,0,0
2025-02-03 05:00:00,1.02236,1.0225,1.02125,1.02215,4951,0,0
2025-02-03 06:00:00,1.02215,1.02397,1.02206,1.02266,6514,0,0
2025-02-03 07:00:00,1.02266,1.02432,1.02257,1.02402,4452,0,0
2025-02-03 08:00:00,1.02402,1.02516,1.02395,1.02433,5314,0,0
2025-02-03 09:00:00,1.02433,1.02493,1.02223,1.02252,8687,0,0
2025-02-03 10:00:00,1.02252,1.02512,1.02131,1.02438,9489,0,0
2025-02-03 11:00:00,1.02438,1.02542,1.02257,1.02298,6908,0,0
2025-02-03 12:00:00,1.02298,1.02444,1.02296,1.02436,5534,0,0
2025-02-03 13:00:00,1.02436,1.02558,1.02366,1.02523,5498,0,0
2025-02-03 14:00:00,1.02523,1.0278,1.02514,1.02579,7910,0,0
2025-02-03 15:00:00,1.02579,1.02872,1.02575,1.02641,9158,0,0
2025-02-03 16:00:00,1.02641,1.0266,1.02473,1.0249,9837,0,0
2025-02-03 17:00:00,1.0249,1.03356,1.02419,1.03164,19537,0,0
2025-02-03 18:00:00,1.03164,1.03216,1.0273,1.02764,14819,0,0
2025-02-03 19:00:00,1.02764,1.03021,1.0270299999999999,1.02799,10207,0,0
2025-02-03 20:00:00,1.02799,1.02877,1.02691,1.02785,8481,0,0
2025-02-03 21:00:00,1.02785,1.02971,1.02784,1.02845,5043,0,0
2025-02-03 22:00:00,1.02846,1.02993,1.02829,1.02955,3559,1,0
2025-02-03 23:00:00,1.02952,1.035,1.02928,1.03431,6371,1,0
2025-02-04 00:00:00,1.03368,1.03447,1.03302,1.0341,417,18,0
2025-02-04 01:00:00,1.03406,1.03507,1.03265,1.03281,4099,0,0
2025-02-04 02:00:00,1.03281,1.03312,1.03164,1.03181,3658,0,0
2025-02-04 03:00:00,1.03181,1.03226,1.03087,1.0322,4951,0,0
2025-02-04 04:00:00,1.0322,1.03239,1.03166,1.0322,4059,0,0
2025-02-04 05:00:00,1.0322,1.0324,1.03119,1.03147,3356,0,0
2025-02-04 06:00:00,1.03147,1.03151,1.03062,1.03063,2548,0,0
2025-02-04 07:00:00,1.03062,1.03063,1.02723,1.02934,8904,0,0
2025-02-04 08:00:00,1.02934,1.03077,1.02925,1.03066,4351,0,0
2025-02-04 09:00:00,1.03066,1.03174,1.03001,1.03116,5525,0,0
2025-02-04 10:00:00,1.03116,1.03356,1.03089,1.03343,9149,0,0
2025-02-04 11:00:00,1.03343,1.03494,1.03323,1.03388,6208,0,0
2025-02-04 12:00:00,1.03388,1.03433,1.03256,1.03348,4509,0,0
2025-02-04 13:00:00,1.03348,1.03351,1.03222,1.03224,3912,0,0
2025-02-04 14:00:00,1.03224,1.03282,1.03205,1.03254,4717,0,0
2025-02-04 15:00:00,1.03254,1.03405,1.03242,1.03405,6276,0,0
2025-02-04 16:00:00,1.03405,1.03661,1.03401,1.03584,8618,0,0
2025-02-04 17:00:00,1.03584,1.0386,1.03568,1.03804,11839,0,0
2025-02-04 18:00:00,1.03804,1.03874,1.03734,1.03786,7349,0,0
2025-02-04 19:00:00,1.03786,1.03791,1.03659,1.03767,6565,0,0
2025-02-04 20:00:00,1.03767,1.03862,1.03744,1.0381,3670,0,0
2025-02-04 21:00:00,1.0381,1.03854,1.03772,1.03818,3675,0,0
2025-02-04 22:00:00,1.03819,1.03857,1.03793,1.03853,2519,1,0
2025-02-04 23:00:00,1.03852,1.03876,1.03779,1.03785,1179,1,0
2025-02-05 00:00:00,1.03717,1.03789,1.03698,1.03769,514,15,0
2025-02-05 01:00:00,1.03748,1.03804,1.03711,1.03716,1483,0,0
2025-02-05 02:00:00,1.03716,1.03819,1.037,1.03787,2878,0,0
2025-02-05 03:00:00,1.03787,1.03866,1.03726,1.03735,4831,0,0
2025-02-05 04:00:00,1.03735,1.0385,1.03731,1.03844,3729,0,0
2025-02-05 05:00:00,1.03844,1.03861,1.03793,1.03796,2408,0,0
2025-02-05 06:00:00,1.03795,1.03824,1.03764,1.03785,1941,0,0
2025-02-05 07:00:00,1.03785,1.03787,1.03734,1.03777,2459,0,0
2025-02-05 08:00:00,1.03777,1.03939,1.03742,1.03852,3388,0,0
2025-02-05 09:00:00,1.03852,1.04098,1.03824,1.04026,6305,0,0
2025-02-05 10:00:00,1.04026,1.04085,1.03903,1.04041,7950,0,0
2025-02-05 11:00:00,1.04041,1.04177,1.04018,1.04039,6506,0,0
2025-02-05 12:00:00,1.04039,1.04304,1.04021,1.0425200000000001,5856,0,0
2025-02-05 13:00:00,1.0425200000000001,1.04255,1.04117,1.04149,4147,0,0
2025-02-05 14:00:00,1.04149,1.04218,1.0411,1.0419100000000001,4097,0,0
2025-02-05 15:00:00,1.0419100000000001,1.04257,1.04017,1.04078,8227,0,0
2025-02-05 16:00:00,1.04078,1.04262,1.04062,1.04192,8020,0,0
2025-02-05 17:00:00,1.04192,1.0443,1.04153,1.04222,11359,0,0
2025-02-05 18:00:00,1.04222,1.04247,1.04107,1.0418,6533,0,0
2025-02-05 19:00:00,1.0418,1.04241,1.04106,1.04198,3808,0,0
2025-02-05 20:00:00,1.04198,1.04217,1.04144,1.04158,3113,0,0
2025-02-05 21:00:00,1.04158,1.0417,1.04046,1.0407,3191,0,0
2025-02-05 22:00:00,1.0407,1.0407,1.0401,1.04048,2299,1,0
2025-02-05 23:00:00,1.04047,1.04065,1.03969,1.04027,1224,1,0
2025-02-06 00:00:00,1.03966,1.04032,1.03966,1.04028,247,6,0
2025-02-06 01:00:00,1.04028,1.04066,1.03971,1.03986,1296,0,0
2025-02-06 02:00:00,1.03986,1.04024,1.03951,1.03977,2593,0,0
2025-02-06 03:00:00,1.03977,1.04046,1.03956,1.04026,3687,0,0
2025-02-06 04:00:00,1.04026,1.04054,1.03911,1.03951,3247,0,0
2025-02-06 05:00:00,1.03951,1.03965,1.03899,1.03919,2507,0,0
2025-02-06 06:00:00,1.03919,1.03937,1.03854,1.03872,1787,0,0
2025-02-06 07:00:00,1.03872,1.03904,1.03863,1.03867,2086,0,0
2025-02-06 08:00:00,1.03867,1.03925,1.03857,1.03902,2662,0,0
2025-02-06 09:00:00,1.03902,1.03915,1.0378,1.03802,4527,0,0
2025-02-06 10:00:00,1.03802,1.0381,1.03564,1.03649,6397,0,0
2025-02-06 11:00:00,1.03649,1.03678,1.03565,1.03597,4442,0,0
2025-02-06 12:00:00,1.03597,1.03664,1.03561,1.03625,4020,0,0
2025-02-06 13:00:00,1.03625,1.03676,1.03582,1.0362,4066,0,0
2025-02-06 14:00:00,1.0362,1.03642,1.03528,1.03619,7642,0,0
2025-02-06 15:00:00,1.03619,1.03674,1.0352999999999999,1.03602,7549,0,0
2025-02-06 16:00:00,1.03602,1.03747,1.03596,1.03624,6951,0,0
2025-02-06 17:00:00,1.03624,1.03764,1.03611,1.03693,8384,0,0
2025-02-06 18:00:00,1.03693,1.03762,1.0366900000000001,1.03671,5182,0,0
2025-02-06 19:00:00,1.03671,1.03804,1.03661,1.03791,3477,0,0
2025-02-06 20:00:00,1.03791,1.03967,1.03736,1.03893,5114,0,0
2025-02-06 21:00:00,1.03893,1.03913,1.03802,1.03847,3169,0,0
2025-02-06 22:00:00,1.03847,1.03909,1.0384,1.03886,2333,1,0
2025-02-06 23:00:00,1.03884,1.03894,1.03823,1.03823,1001,1,0
2025-02-07 00:00:00,1.0382,1.03848,1.03798,1.03827,159,13,0
2025-02-07 01:00:00,1.0382,1.03867,1.03816,1.03851,1123,0,0
2025-02-07 02:00:00,1.03851,1.03908,1.03775,1.03778,2560,0,0
2025-02-07 03:00:00,1.03778,1.03868,1.03744,1.0384,3893,0,0
2025-02-07 04:00:00,1.0384,1.03862,1.03811,1.03842,2854,0,0
2025-02-07 05:00:00,1.03842,1.03849,1.03775,1.03798,2035,0,0
2025-02-07 06:00:00,1.03799,1.03835,1.03759,1.03812,1655,0,0
2025-02-07 07:00:00,1.03812,1.03817,1.03741,1.03752,2208,0,0
2025-02-07 08:00:00,1.03752,1.03772,1.03727,1.03762,2515,0,0
2025-02-07 09:00:00,1.03762,1.03902,1.03741,1.03892,3460,0,0
2025-02-07 10:00:00,1.03892,1.04,1.03856,1.03978,4554,0,0
2025-02-07 11:00:00,1.03978,1.03993,1.03901,1.03913,4121,0,0
2025-02-07 12:00:00,1.03913,1.03916,1.03793,1.03816,3464,0,0
2025-02-07 13:00:00,1.03815,1.03841,1.03776,1.03824,3065,0,0
2025-02-07 14:00:00,1.03824,1.03824,1.03685,1.03746,3836,0,0
2025-02-07 15:00:00,1.03746,1.04128,1.03488,1.03636,11924,0,0
2025-02-07 16:00:00,1.03636,1.03887,1.0360800000000001,1.03846,9570,0,0
2025-02-07 17:00:00,1.03846,1.03877,1.03278,1.03553,12293,0,0
2025-02-07 18:00:00,1.03553,1.03553,1.03218,1.0328,13657,0,0
2025-02-07 19:00:00,1.0328,1.03607,1.03053,1.03219,12218,0,0
2025-02-07 20:00:00,1.03219,1.03357,1.0321,1.03253,4317,0,0
2025-02-07 21:00:00,1.03253,1.03369,1.03238,1.03323,4419,0,0
2025-02-07 22:00:00,1.03326,1.03383,1.03215,1.03278,3195,1,0
2025-02-07 23:00:00,1.03279,1.03324,1.03247,1.03263,1630,1,0
2025-02-10 00:00:00,1.02835,1.0301,1.02815,1.02896,988,7,0
2025-02-10 01:00:00,1.02895,1.03136,1.02894,1.03097,2994,0,0
2025-02-10 02:00:00,1.03097,1.03184,1.03095,1.03104,3288,0,0
2025-02-10 03:00:00,1.03104,1.03146,1.03,1.03031,4155,0,0
2025-02-10 04:00:00,1.03031,1.03067,1.02987,1.02998,2733,0,0
2025-02-10 05:00:00,1.02998,1.03116,1.02997,1.03115,1853,0,0
2025-02-10 06:00:00,1.03116,1.03159,1.03112,1.03134,1504,0,0
2025-02-10 07:00:00,1.03133,1.03216,1.03133,1.03164,1741,0,0
2025-02-10 08:00:00,1.03164,1.03199,1.03124,1.03189,2419,0,0
2025-02-10 09:00:00,1.03189,1.03255,1.03102,1.03131,5051,0,0
2025-02-10 10:00:00,1.03131,1.0323,1.03069,1.03222,6249,0,0
2025-02-10 11:00:00,1.03222,1.03348,1.0321,1.03271,5047,0,0
2025-02-10 12:00:00,1.03271,1.03338,1.03235,1.03301,3345,0,0
2025-02-10 13:00:00,1.03301,1.03365,1.03204,1.03209,3920,0,0
2025-02-10 14:00:00,1.03209,1.03225,1.03087,1.03139,4576,0,0
2025-02-10 15:00:00,1.03139,1.03264,1.03139,1.03217,4501,0,0
2025-02-10 16:00:00,1.03217,1.03236,1.03045,1.03112,5865,0,0
2025-02-10 17:00:00,1.03112,1.03199,1.03108,1.03151,5762,0,0
2025-02-10 18:00:00,1.03151,1.03181,1.03046,1.03114,4961,0,0
2025-02-10 19:00:00,1.03115,1.03148,1.03069,1.03124,3041,0,0
2025-02-10 20:00:00,1.03124,1.0316,1.03061,1.03073,2635,0,0
2025-02-10 21:00:00,1.03073,1.03109,1.03054,1.03068,2188,0,0
2025-02-10 22:00:00,1.03068,1.03083,1.03049,1.03068,1750,1,0
2025-02-10 23:00:00,1.03068,1.03082,1.03051,1.03073,642,1,0
2025-02-11 00:00:00,1.03026,1.03077,1.03008,1.03036,436,26,0
2025-02-11 01:00:00,1.03033,1.03063,1.02985,1.03007,1920,0,0
2025-02-11 02:00:00,1.03007,1.03067,1.03,1.03049,1289,0,0
2025-02-11 03:00:00,1.03049,1.0305,1.03003,1.03021,2513,0,0
2025-02-11 04:00:00,1.03021,1.03029,1.02924,1.02933,2500,0,0
2025-02-11 05:00:00,1.02933,1.03006,1.02922,1.02984,1857,0,0
2025-02-11 06:00:00,1.02984,1.03043,1.02978,1.03042,1592,0,0
2025-02-11 07:00:00,1.03042,1.03059,1.03023,1.03047,1675,0,0
2025-02-11 08:00:00,1.03047,1.03105,1.03041,1.03054,2728,0,0
2025-02-11 09:00:00,1.03054,1.03079,1.03011,1.03035,3744,0,0
2025-02-11 10:00:00,1.03035,1.03197,1.03,1.03182,4794,0,0
2025-02-11 11:00:00,1.03182,1.0322,1.03129,1.03179,4556,0,0
2025-02-11 12:00:00,1.03179,1.0325,1.03146,1.03163,3746,0,0
2025-02-11 13:00:00,1.03163,1.03227,1.03161,1.03218,2728,0,0
2025-02-11 14:00:00,1.03218,1.03286,1.03207,1.03222,3837,0,0
2025-02-11 15:00:00,1.03222,1.03261,1.03167,1.03226,4535,0,0
2025-02-11 16:00:00,1.03226,1.03371,1.03218,1.03324,5001,0,0
2025-02-11 17:00:00,1.03324,1.03433,1.03284,1.034,6639,0,0
2025-02-11 18:00:00,1.034,1.03515,1.03392,1.0346,5262,0,0
2025-02-11 19:00:00,1.0346,1.03487,1.03437,1.03456,3081,0,0
2025-02-11 20:00:00,1.03456,1.03514,1.03446,1.03456,2760,0,0
2025-02-11 21:00:00,1.03456,1.03814,1.03421,1.03581,4619,0,0
2025-02-11 22:00:00,1.0358,1.03675,1.03576,1.0363,3189,1,0
2025-02-11 23:00:00,1.0363,1.0364,1.03589,1.03617,981,1,0
2025-02-12 00:00:00,1.03585,1.03629,1.0358,1.03595,302,5,0
2025-02-12 01:00:00,1.03588,1.03675,1.03582,1.03632,1032,0,0
2025-02-12 02:00:00,1.03632,1.03644,1.03565,1.03575,1981,0,0
2025-02-12 03:00:00,1.03575,1.03641,1.03542,1.03607,3321,0,0
2025-02-12 04:00:00,1.03607,1.03677,1.03604,1.03627,2588,0,0
2025-02-12 05:00:00,1.03627,1.03653,1.03588,1.03621,2458,0,0
2025-02-12 06:00:00,1.03621,1.03634,1.03563,1.03565,1886,0,0
2025-02-12 07:00:00,1.03565,1.03596,1.03551,1.03586,1933,0,0
2025-02-12 08:00:00,1.03586,1.03601,1.03573,1.03592,2054,0,0
2025-02-12 09:00:00,1.03592,1.03792,1.03588,1.03761,4481,0,0
2025-02-12 10:00:00,1.03761,1.038,1.03681,1.03713,5913,0,0
2025-02-12 11:00:00,1.03713,1.03741,1.03649,1.03735,4242,0,0
2025-02-12 12:00:00,1.03735,1.03773,1.03702,1.03755,3658,0,0
2025-02-12 13:00:00,1.03755,1.03857,1.03738,1.03754,4186,0,0
2025-02-12 14:00:00,1.03754,1.03791,1.03722,1.0373,4040,0,0
2025-02-12 15:00:00,1.0373,1.03762,1.03173,1.03332,12293,0,0
2025-02-12 16:00:00,1.03332,1.03535,1.03254,1.03501,9732,0,0
2025-02-12 17:00:00,1.03501,1.03826,1.03383,1.03744,12145,0,0
2025-02-12 18:00:00,1.03744,1.03967,1.03505,1.03914,8590,0,0
2025-02-12 19:00:00,1.03914,1.04274,1.03907,1.04263,9957,0,0
2025-02-12 20:00:00,1.04263,1.04299,1.03875,1.03895,6605,0,0
2025-02-12 21:00:00,1.03895,1.03934,1.03849,1.03911,3657,0,0
2025-02-12 22:00:00,1.0391,1.03975,1.0388,1.03918,2677,1,0
2025-02-12 23:00:00,1.03918,1.03923,1.03807,1.03832,1633,1,0
2025-02-13 00:00:00,1.03827,1.03839,1.03803,1.03824,499,27,0
2025-02-13 01:00:00,1.0382,1.03924,1.03815,1.03924,1402,0,0
2025-02-13 02:00:00,1.03924,1.04005,1.03883,1.03897,2189,0,0
2025-02-13 03:00:00,1.03897,1.04018,1.03875,1.03996,3954,0,0
2025-02-13 04:00:00,1.03996,1.04077,1.03968,1.04043,3013,0,0
2025-02-13 05:00:00,1.04043,1.04218,1.04036,1.0419100000000001,2664,0,0
2025-02-13 06:00:00,1.0419100000000001,1.04354,1.04186,1.04348,3694,0,0
2025-02-13 07:00:00,1.04348,1.04385,1.04308,1.0435,3654,0,0
2025-02-13 08:00:00,1.0435,1.04401,1.04288,1.0431,4596,0,0
2025-02-13 09:00:00,1.0431,1.04367,1.04228,1.04258,6668,0,0
2025-02-13 10:00:00,1.04258,1.04267,1.04105,1.04138,6757,0,0
2025-02-13 11:00:00,1.04138,1.04264,1.04112,1.04233,5438,0,0
2025-02-13 12:00:00,1.04232,1.04292,1.04136,1.0416,4202,0,0
2025-02-13 13:00:00,1.0416,1.04274,1.03928,1.04029,6121,0,0
2025-02-13 14:00:00,1.04029,1.04034,1.03859,1.03901,6554,0,0
2025-02-13 15:00:00,1.03901,1.0407,1.03755,1.03925,9933,0,0
2025-02-13 16:00:00,1.03925,1.04015,1.03817,1.03995,8569,0,0
2025-02-13 17:00:00,1.03995,1.04381,1.03995,1.04333,13389,0,0
2025-02-13 18:00:00,1.04333,1.04453,1.04244,1.04273,6809,0,0
2025-02-13 19:00:00,1.04273,1.0439,1.0425200000000001,1.04257,4508,0,0
2025-02-13 20:00:00,1.04257,1.04317,1.03731,1.04094,10954,0,0
2025-02-13 21:00:00,1.04094,1.04427,1.04087,1.04371,6469,0,0
2025-02-13 22:00:00,1.04371,1.04658,1.04356,1.04617,3914,1,0
2025-02-13 23:00:00,1.04619,1.04671,1.04572,1.04644,1632,1,0
2025-02-14 00:00:00,1.04608,1.04673,1.04592,1.04659,325,5,0
2025-02-14 01:00:00,1.0467,1.04674,1.04557,1.04617,1875,0,0
2025-02-14 02:00:00,1.04617,1.04671,1.0458,1.04609,2858,0,0
2025-02-14 03:00:00,1.04609,1.0467,1.04584,1.04594,3887,0,0
2025-02-14 04:00:00,1.04594,1.04611,1.04555,1.04569,2754,0,0
2025-02-14 05:00:00,1.04569,1.04617,1.0454,1.04591,2066,0,0
2025-02-14 06:00:00,1.0459,1.04639,1.0455,1.04551,1870,0,0
2025-02-14 07:00:00,1.0455,1.04561,1.04473,1.04527,2321,0,0
2025-02-14 08:00:00,1.04527,1.0461,1.04518,1.04586,3390,0,0
2025-02-14 09:00:00,1.04586,1.04722,1.04584,1.04649,5544,0,0
2025-02-14 10:00:00,1.04649,1.04863,1.04638,1.0477,6942,0,0
2025-02-14 11:00:00,1.0477,1.04878,1.04759,1.04812,5278,0,0
2025-02-14 12:00:00,1.04812,1.04829,1.04645,1.04672,4202,0,0
2025-02-14 13:00:00,1.04672,1.04692,1.04632,1.04675,4094,0,0
2025-02-14 14:00:00,1.04675,1.04748,1.04572,1.04717,4615,0,0
2025-02-14 15:00:00,1.04717,1.0498,1.04712,1.04884,8891,0,0
2025-02-14 16:00:00,1.04884,1.05142,1.04875,1.05089,7613,0,0
2025-02-14 17:00:00,1.05089,1.05127,1.04912,1.05084,8406,0,0
2025-02-14 18:00:00,1.05084,1.05101,1.04972,1.04978,5627,0,0
2025-02-14 19:00:00,1.04978,1.05089,1.04943,1.05072,3689,0,0
2025-02-14 20:00:00,1.05072,1.05081,1.04998,1.05044,2914,0,0
2025-02-14 21:00:00,1.05044,1.05049,1.04949,1.04985,2530,0,0
2025-02-14 22:00:00,1.04985,1.04985,1.04912,1.04921,2171,1,0
2025-02-14 23:00:00,1.04921,1.04948,1.04884,1.04903,1349,1,0
2025-02-17 00:00:00,1.04785,1.04883,1.04759,1.04876,306,6,0
2025-02-17 01:00:00,1.04871,1.04939,1.04844,1.04884,2581,0,0
2025-02-17 02:00:00,1.04884,1.04934,1.04856,1.04923,1957,0,0
2025-02-17 03:00:00,1.04923,1.05064,1.04897,1.05053,3007,0,0
2025-02-17 04:00:00,1.05054,1.05054,1.0496,1.05012,2346,0,0
2025-02-17 05:00:00,1.05012,1.05036,1.04944,1.04948,2680,0,0
2025-02-17 06:00:00,1.04948,1.04973,1.04895,1.0495700000000001,1814,0,0
2025-02-17 07:00:00,1.0495700000000001,1.04982,1.04849,1.04899,3369,0,0
2025-02-17 08:00:00,1.04899,1.04934,1.04879,1.04917,3018,0,0
2025-02-17 09:00:00,1.04917,1.04954,1.04806,1.04827,5559,0,0
2025-02-17 10:00:00,1.04827,1.04848,1.04713,1.04745,6252,0,0
2025-02-17 11:00:00,1.04745,1.04814,1.04715,1.04744,4398,0,0
2025-02-17 12:00:00,1.04744,1.04894,1.04732,1.0489,3555,0,0
2025-02-17 13:00:00,1.0489,1.04892,1.04778,1.04818,3268,0,0
2025-02-17 14:00:00,1.04818,1.0485,1.04686,1.04721,3943,0,0
2025-02-17 15:00:00,1.04721,1.04764,1.04672,1.04745,3123,0,0
2025-02-17 16:00:00,1.04745,1.04794,1.04715,1.04783,3033,0,0
2025-02-17 17:00:00,1.04783,1.04842,1.04744,1.04795,3321,0,0
2025-02-17 18:00:00,1.04795,1.04832,1.0477,1.04789,2485,0,0
2025-02-17 19:00:00,1.04789,1.04846,1.04782,1.04828,1443,0,0
2025-02-17 20:00:00,1.04828,1.04828,1.04794,1.04822,953,0,0
2025-02-17 21:00:00,1.04822,1.04838,1.04797,1.04816,1077,0,0
2025-02-17 22:00:00,1.04816,1.04837,1.04807,1.04835,841,1,0
2025-02-17 23:00:00,1.04835,1.04852,1.0482,1.04835,795,1,0
2025-02-18 00:00:00,1.0477,1.04839,1.04722,1.04798,375,11,0
2025-02-18 01:00:00,1.04794,1.04857,1.04753,1.0485,881,0,0
2025-02-18 02:00:00,1.0485,1.04865,1.04729,1.04752,2428,0,0
2025-02-18 03:00:00,1.04752,1.04757,1.04628,1.04664,3930,0,0
2025-02-18 04:00:00,1.04663,1.04707,1.04657,1.04678,3171,0,0
2025-02-18 05:00:00,1.04678,1.04724,1.04622,1.04632,3712,0,0
2025-02-18 06:00:00,1.04632,1.0464,1.04557,1.04571,2944,0,0
2025-02-18 07:00:00,1.04571,1.04591,1.04524,1.04552,3307,0,0
2025-02-18 08:00:00,1.04552,1.04633,1.04547,1.04614,3175,0,0
2025-02-18 09:00:00,1.04614,1.04693,1.04589,1.04636,4381,0,0
2025-02-18 10:00:00,1.04636,1.04692,1.04549,1.0457,5196,0,0
2025-02-18 11:00:00,1.0457,1.04652,1.04556,1.0464,4289,0,0
2025-02-18 12:00:00,1.0464,1.04672,1.04589,1.04624,3757,0,0
2025-02-18 13:00:00,1.04624,1.0465,1.04615,1.04629,2625,0,0
2025-02-18 14:00:00,1.04629,1.0467,1.0453,1.04555,4012,0,0
2025-02-18 15:00:00,1.04555,1.04571,1.0442,1.04449,5516,0,0
2025-02-18 16:00:00,1.04449,1.04548,1.04417,1.04526,5724,0,0
2025-02-18 17:00:00,1.04526,1.04669,1.04516,1.04663,6725,0,0
2025-02-18 18:00:00,1.04663,1.04695,1.04541,1.04569,4843,0,0
2025-02-18 19:00:00,1.04569,1.04569,1.04393,1.04459,3782,0,0
2025-02-18 20:00:00,1.04459,1.04479,1.04353,1.0444,3269,0,0
2025-02-18 21:00:00,1.0444,1.04497,1.04407,1.04452,1765,0,0
2025-02-18 22:00:00,1.04452,1.04478,1.04412,1.04477,1514,1,0
2025-02-18 23:00:00,1.04474,1.04495,1.04446,1.04455,1132,1,0
2025-02-19 00:00:00,1.04422,1.04516,1.04422,1.04506,1719,4,0
2025-02-19 01:00:00,1.04506,1.0451,1.0445,1.04482,914,0,0
2025-02-19 02:00:00,1.04482,1.04493,1.0444,1.04458,1687,0,0
2025-02-19 03:00:00,1.04458,1.0448,1.04412,1.04464,2394,0,0
2025-02-19 04:00:00,1.04464,1.04521,1.04448,1.04519,1998,0,0
2025-02-19 05:00:00,1.04519,1.0452,1.04478,1.04513,1393,0,0
2025-02-19 06:00:00,1.04513,1.04531,1.04485,1.04524,1370,0,0
2025-02-19 07:00:00,1.04524,1.04563,1.0449,1.04562,1366,0,0
2025-02-19 08:00:00,1.04562,1.04614,1.04546,1.04551,2057,0,0
2025-02-19 09:00:00,1.04551,1.04596,1.04489,1.04513,3269,0,0
2025-02-19 10:00:00,1.04513,1.0456,1.04388,1.04407,3707,0,0
2025-02-19 11:00:00,1.04407,1.04436,1.04285,1.04292,3264,0,0
2025-02-19 12:00:00,1.04292,1.04299,1.0419,1.04239,3184,0,0
2025-02-19 13:00:00,1.04239,1.04332,1.04204,1.04246,4148,0,0
2025-02-19 14:00:00,1.04246,1.04319,1.0422,1.04283,3357,0,0
2025-02-19 15:00:00,1.04283,1.04352,1.04253,1.04339,3343,0,0
2025-02-19 16:00:00,1.04339,1.04378,1.04277,1.04342,3923,0,0
2025-02-19 17:00:00,1.04342,1.04413,1.04217,1.04243,5285,0,0
2025-02-19 18:00:00,1.04243,1.04251,1.04044,1.04048,4103,0,0
2025-02-19 19:00:00,1.04048,1.04132,1.0401,1.04098,2839,0,0
2025-02-19 20:00:00,1.04098,1.04219,1.04088,1.04198,2444,0,0
2025-02-19 21:00:00,1.04198,1.04326,1.0418,1.04258,3403,0,0
2025-02-19 22:00:00,1.04253,1.04265,1.04209,1.04253,2165,1,0
2025-02-19 23:00:00,1.04253,1.04263,1.04219,1.04222,799,1,0
2025-02-20 00:00:00,1.04199,1.04258,1.04182,1.04244,458,2,0
2025-02-20 01:00:00,1.04244,1.04256,1.04199,1.04208,861,0,0
2025-02-20 02:00:00,1.04208,1.04302,1.04198,1.04293,2288,0,0
2025-02-20 03:00:00,1.04293,1.04327,1.04189,1.04215,3064,0,0
2025-02-20 04:00:00,1.04215,1.04376,1.04204,1.04356,3757,0,0
2025-02-20 05:00:00,1.04356,1.04362,1.0427,1.04314,2198,0,0
2025-02-20 06:00:00,1.04314,1.0432,1.04243,1.04302,1791,0,0
2025-02-20 07:00:00,1.04302,1.04342,1.04271,1.04278,1861,0,0
2025-02-20 08:00:00,1.04278,1.04344,1.04247,1.0425200000000001,2039,0,0
2025-02-20 09:00:00,1.0425200000000001,1.04335,1.04237,1.04316,3054,0,0
2025-02-20 10:00:00,1.04316,1.0442,1.04297,1.04333,3745,0,0
2025-02-20 11:00:00,1.04333,1.04383,1.04288,1.04371,2888,0,0
2025-02-20 12:00:00,1.04371,1.0444,1.04343,1.04425,2847,0,0
2025-02-20 13:00:00,1.04425,1.04463,1.04311,1.04383,2548,0,0
2025-02-20 14:00:00,1.04383,1.04438,1.04334,1.04356,3749,0,0
2025-02-20 15:00:00,1.04356,1.04548,1.0435,1.04482,4321,0,0
2025-02-20 16:00:00,1.04482,1.04605,1.04423,1.04468,5303,0,0
2025-02-20 17:00:00,1.04468,1.04754,1.04421,1.0474,5570,0,0
2025-02-20 18:00:00,1.0474,1.04784,1.04644,1.04751,3970,0,0
2025-02-20 19:00:00,1.04751,1.04946,1.04713,1.04892,3330,0,0
2025-02-20 20:00:00,1.04892,1.04986,1.04856,1.04979,3041,0,0
2025-02-20 21:00:00,1.04979,1.05033,1.04895,1.05017,2686,0,0
2025-02-20 22:00:00,1.05017,1.05033,1.04952,1.05028,1767,1,0
2025-02-20 23:00:00,1.05027,1.05036,1.05003,1.05008,877,1,0
2025-02-21 00:00:00,1.04944,1.04985,1.04917,1.04976,603,10,0
2025-02-21 01:00:00,1.04976,1.05059,1.04975,1.05005,1140,0,0
2025-02-21 02:00:00,1.05005,1.05005,1.04893,1.04902,1896,0,0
2025-02-21 03:00:00,1.04902,1.04932,1.04847,1.0487,2947,0,0
2025-02-21 04:00:00,1.0487,1.05031,1.04866,1.05025,3090,0,0
2025-02-21 05:00:00,1.05025,1.05046,1.04994,1.05027,2186,0,0
2025-02-21 06:00:00,1.05027,1.05048,1.04976,1.04992,1229,0,0
2025-02-21 07:00:00,1.04992,1.05009,1.04918,1.04932,1871,0,0
2025-02-21 08:00:00,1.04932,1.0493999999999999,1.04881,1.04888,2285,0,0
2025-02-21 09:00:00,1.04888,1.04996,1.04888,1.04923,3125,0,0
2025-02-21 10:00:00,1.04923,1.04943,1.04681,1.04767,5294,0,0
2025-02-21 11:00:00,1.04767,1.04812,1.04668,1.04693,3582,0,0
2025-02-21 12:00:00,1.04693,1.04722,1.04648,1.04654,2843,0,0
2025-02-21 13:00:00,1.04654,1.0474,1.04634,1.04694,2409,0,0
2025-02-21 14:00:00,1.04694,1.04711,1.04596,1.0462,2736,0,0
2025-02-21 15:00:00,1.0462,1.04778,1.04616,1.04752,3152,0,0
2025-02-21 16:00:00,1.04752,1.04926,1.04704,1.04809,5387,0,0
2025-02-21 17:00:00,1.04809,1.04863,1.04527,1.04542,6150,0,0
2025-02-21 18:00:00,1.04542,1.0458,1.04495,1.04547,3779,0,0
2025-02-21 19:00:00,1.04547,1.04642,1.04522,1.0463,3047,0,0
2025-02-21 20:00:00,1.0463,1.04679,1.04511,1.046,4277,0,0
2025-02-21 21:00:00,1.046,1.04665,1.04572,1.04621,3351,0,0
2025-02-21 22:00:00,1.04616,1.04646,1.04575,1.04607,2663,1,0
2025-02-21 23:00:00,1.04607,1.04621,1.04557,1.04574,1513,1,0
2025-02-24 00:00:00,1.04653,1.04805,1.04613,1.04739,1299,1,0
2025-02-24 01:00:00,1.04739,1.04846,1.0471,1.0474,2126,0,0
2025-02-24 02:00:00,1.0474,1.05073,1.04718,1.05043,4038,0,0
2025-02-24 03:00:00,1.05043,1.05205,1.05026,1.0518,5158,0,0
2025-02-24 04:00:00,1.0518,1.05283,1.05157,1.05229,4275,0,0
2025-02-24 05:00:00,1.05229,1.05258,1.05166,1.05194,2634,0,0
2025-02-24 06:00:00,1.05194,1.05206,1.05115,1.05156,1812,0,0
2025-02-24 07:00:00,1.05156,1.05197,1.05103,1.05166,2825,0,0
2025-02-24 08:00:00,1.05166,1.05166,1.05013,1.05089,2344,0,0
2025-02-24 09:00:00,1.05089,1.05149,1.04869,1.04913,4862,0,0
2025-02-24 10:00:00,1.04913,1.04923,1.04698,1.04801,4963,0,0
2025-02-24 11:00:00,1.04801,1.04848,1.04691,1.04722,4236,0,0
2025-02-24 12:00:00,1.04722,1.04805,1.04672,1.04802,3334,0,0
2025-02-24 13:00:00,1.04802,1.04812,1.04642,1.04686,2470,0,0
2025-02-24 14:00:00,1.04686,1.04725,1.04604,1.04689,2604,0,0
2025-02-24 15:00:00,1.04689,1.04756,1.04651,1.04671,3362,0,0
2025-02-24 16:00:00,1.04671,1.04699,1.0453,1.04605,4447,0,0
2025-02-24 17:00:00,1.04605,1.04706,1.04601,1.0469,5405,0,0
2025-02-24 18:00:00,1.0469,1.04801,1.04656,1.04777,3826,0,0
2025-02-24 19:00:00,1.04777,1.04837,1.04683,1.04726,3709,0,0
2025-02-24 20:00:00,1.04726,1.04857,1.0471,1.04807,2950,0,0
2025-02-24 21:00:00,1.04807,1.04842,1.04728,1.04753,3230,0,0
2025-02-24 22:00:00,1.04753,1.04795,1.04646,1.04652,3851,1,0
2025-02-24 23:00:00,1.04652,1.04683,1.04619,1.04674,1102,1,0
2025-02-25 00:00:00,1.04622,1.04699,1.04616,1.04686,692,2,0
2025-02-25 01:00:00,1.04686,1.04687,1.04604,1.04614,951,0,0
2025-02-25 02:00:00,1.04614,1.04643,1.04597,1.04634,1614,0,0
2025-02-25 03:00:00,1.04634,1.04657,1.04608,1.04651,2317,0,0
2025-02-25 04:00:00,1.04651,1.04748,1.0465,1.04745,2548,0,0
2025-02-25 05:00:00,1.04745,1.04763,1.04716,1.04734,2175,0,0
2025-02-25 06:00:00,1.04734,1.04772,1.04728,1.04733,1397,0,0
2025-02-25 07:00:00,1.04733,1.04782,1.04725,1.04769,1734,0,0
2025-02-25 08:00:00,1.04769,1.04802,1.04729,1.04769,1938,0,0
2025-02-25 09:00:00,1.04769,1.04777,1.04637,1.04645,4412,0,0
2025-02-25 10:00:00,1.04645,1.04785,1.04565,1.04702,5194,0,0
2025-02-25 11:00:00,1.04702,1.04787,1.04686,1.04731,3898,0,0
2025-02-25 12:00:00,1.04731,1.04741,1.04654,1.04727,3081,0,0
2025-02-25 13:00:00,1.04727,1.04896,1.04715,1.04893,3053,0,0
2025-02-25 14:00:00,1.04893,1.05002,1.04886,1.04938,4002,0,0
2025-02-25 15:00:00,1.04938,1.05096,1.04937,1.05005,3812,0,0
2025-02-25 16:00:00,1.05005,1.05048,1.04921,1.05024,4845,0,0
2025-02-25 17:00:00,1.05024,1.05192,1.04953,1.04988,6726,0,0
2025-02-25 18:00:00,1.04988,1.05059,1.04949,1.0498,5416,0,0
2025-02-25 19:00:00,1.0498,1.05022,1.04842,1.05021,3765,0,0
2025-02-25 20:00:00,1.05021,1.05182,1.05021,1.05088,3919,0,0
2025-02-25 21:00:00,1.05088,1.05127,1.05049,1.05106,3345,0,0
2025-02-25 22:00:00,1.05106,1.05191,1.05092,1.05162,3252,1,0
2025-02-25 23:00:00,1.05162,1.05176,1.05132,1.05147,1324,1,0
2025-02-26 00:00:00,1.0511,1.05134,1.05109,1.05122,255,3,0
2025-02-26 01:00:00,1.05122,1.05229,1.05118,1.05205,1288,0,0
2025-02-26 02:00:00,1.05205,1.05251,1.05198,1.05228,1985,0,0
2025-02-26 03:00:00,1.05228,1.05236,1.05142,1.05156,3241,0,0
2025-02-26 04:00:00,1.05156,1.05172,1.05045,1.05067,2744,0,0
2025-02-26 05:00:00,1.05067,1.05085,1.05016,1.05046,2055,0,0
2025-02-26 06:00:00,1.05046,1.05054,1.04971,1.04976,1576,0,0
2025-02-26 07:00:00,1.04976,1.04984,1.04906,1.04918,2212,0,0
2025-02-26 08:00:00,1.04918,1.04963,1.04875,1.04943,2369,0,0
2025-02-26 09:00:00,1.04943,1.05019,1.04927,1.04941,3766,0,0
2025-02-26 10:00:00,1.04941,1.05115,1.04919,1.05024,4594,0,0
2025-02-26 11:00:00,1.05024,1.05031,1.04951,1.04973,3604,0,0
2025-02-26 12:00:00,1.04973,1.05007,1.04915,1.04979,3463,0,0
2025-02-26 13:00:00,1.04979,1.0502,1.0487,1.04919,2928,0,0
2025-02-26 14:00:00,1.04919,1.04947,1.04752,1.0477,3590,0,0
2025-02-26 15:00:00,1.0477,1.04945,1.04767,1.04844,4463,0,0
2025-02-26 16:00:00,1.04844,1.04925,1.04825,1.04895,5374,0,0
2025-02-26 17:00:00,1.04895,1.0509,1.04796,1.05058,6437,0,0
2025-02-26 18:00:00,1.05058,1.05155,1.05024,1.05135,5247,0,0
2025-02-26 19:00:00,1.05135,1.05285,1.04835,1.04923,7784,0,0
2025-02-26 20:00:00,1.04923,1.05005,1.04853,1.04883,5585,0,0
2025-02-26 21:00:00,1.04883,1.04935,1.04823,1.0491,4509,0,0
2025-02-26 22:00:00,1.04909,1.0491,1.04808,1.04861,3104,1,0
2025-02-26 23:00:00,1.04861,1.04879,1.04786,1.04844,1495,1,0
2025-02-27 00:00:00,1.04799,1.04876,1.04799,1.0487,171,13,0
2025-02-27 01:00:00,1.0487,1.04926,1.0486,1.0488,871,0,0
2025-02-27 02:00:00,1.0488,1.0488,1.04769,1.04776,2121,0,0
2025-02-27 03:00:00,1.04776,1.04832,1.04732,1.04787,2819,0,0
2025-02-27 04:00:00,1.04787,1.04805,1.04707,1.04713,2650,0,0
2025-02-27 05:00:00,1.04713,1.04744,1.0465,1.04659,1967,0,0
2025-02-27 06:00:00,1.04659,1.04695,1.04593,1.04628,2180,0,0
2025-02-27 07:00:00,1.04628,1.04654,1.04618,1.04653,1940,0,0
2025-02-27 08:00:00,1.04653,1.04728,1.04637,1.04716,2472,0,0
2025-02-27 09:00:00,1.04716,1.048,1.04686,1.04751,3236,0,0
2025-02-27 10:00:00,1.04751,1.04801,1.04707,1.04783,4364,0,0
2025-02-27 11:00:00,1.04783,1.0485,1.0475,1.0484,3441,0,0
2025-02-27 12:00:00,1.0484,1.04842,1.04741,1.04815,3398,0,0
2025-02-27 13:00:00,1.04815,1.04872,1.0476,1.04762,3172,0,0
2025-02-27 14:00:00,1.04762,1.0484,1.04736,1.04769,3696,0,0
2025-02-27 15:00:00,1.04769,1.04896,1.04196,1.04237,8082,0,0
2025-02-27 16:00:00,1.04237,1.04416,1.04142,1.04201,8397,0,0
2025-02-27 17:00:00,1.04201,1.04276,1.04098,1.04149,7240,0,0
2025-02-27 18:00:00,1.04149,1.0416,1.04035,1.04136,5141,0,0
2025-02-27 19:00:00,1.04136,1.04181,1.04006,1.04072,4106,0,0
2025-02-27 20:00:00,1.04072,1.0417399999999999,1.04072,1.0417,3457,0,0
2025-02-27 21:00:00,1.0417,1.04176,1.04032,1.04044,3510,0,0
2025-02-27 22:00:00,1.04044,1.04084,1.04015,1.04053,2941,1,0
2025-02-27 23:00:00,1.04053,1.04054,1.0397,1.03982,1453,1,0
2025-02-28 00:00:00,1.03972,1.03988,1.03882,1.03944,668,1,0
2025-02-28 01:00:00,1.03944,1.04005,1.03926,1.0394,1122,0,0
2025-02-28 02:00:00,1.0394,1.04028,1.0394,1.04025,2596,0,0
2025-02-28 03:00:00,1.04025,1.04042,1.03848,1.03852,3721,0,0
2025-02-28 04:00:00,1.03852,1.03915,1.03807,1.03828,3361,0,0
2025-02-28 05:00:00,1.03828,1.03894,1.03816,1.03882,2704,0,0
2025-02-28 06:00:00,1.03882,1.03912,1.03864,1.03868,1803,0,0
2025-02-28 07:00:00,1.03868,1.03903,1.03845,1.03891,1874,0,0
2025-02-28 08:00:00,1.03891,1.03891,1.03829,1.03876,2986,0,0
2025-02-28 09:00:00,1.03876,1.04006,1.03859,1.0396,4189,0,0
2025-02-28 10:00:00,1.0396,1.04042,1.03951,1.04011,4034,0,0
2025-02-28 11:00:00,1.04011,1.04079,1.03948,1.03956,3808,0,0
2025-02-28 12:00:00,1.03956,1.04059,1.03927,1.03995,2635,0,0
2025-02-28 13:00:00,1.03995,1.04011,1.03938,1.0399,2559,0,0
2025-02-28 14:00:00,1.0399,1.04078,1.03978,1.04069,3197,0,0
2025-02-28 15:00:00,1.04069,1.04162,1.04056,1.04071,4884,0,0
2025-02-28 16:00:00,1.04071,1.04141,1.04012,1.04097,5144,0,0
2025-02-28 17:00:00,1.04097,1.04198,1.03936,1.04002,6583,0,0
2025-02-28 18:00:00,1.04002,1.04114,1.03984,1.04019,6676,0,0
2025-02-28 19:00:00,1.04019,1.041,1.03903,1.03968,5388,0,0
2025-02-28 20:00:00,1.03968,1.03984,1.0363,1.03639,7399,0,0
2025-02-28 21:00:00,1.03639,1.03738,1.03603,1.03677,4902,0,0
2025-02-28 22:00:00,1.03677,1.03771,1.03622,1.0375,4404,1,0
2025-02-28 23:00:00,1.03746,1.03771,1.03686,1.0375,1921,1,0
2025-03-03 00:00:00,1.04035,1.04048,1.03994,1.04032,480,1,0
2025-03-03 01:00:00,1.04031,1.04211,1.03998,1.04121,3039,0,0
2025-03-03 02:00:00,1.04121,1.04201,1.04025,1.04095,3667,0,0
2025-03-03 03:00:00,1.04095,1.04231,1.04075,1.04199,3854,0,0
2025-03-03 04:00:00,1.04199,1.04234,1.04151,1.04201,2572,0,0
2025-03-03 05:00:00,1.04201,1.04202,1.04102,1.0417,2799,0,0
2025-03-03 06:00:00,1.0417,1.04206,1.04166,1.0418,1553,0,0
2025-03-03 07:00:00,1.0418,1.04196,1.04127,1.04146,1806,0,0
2025-03-03 08:00:00,1.04146,1.04165,1.04069,1.04085,2492,0,0
2025-03-03 09:00:00,1.04085,1.04103,1.04019,1.04056,4150,0,0
2025-03-03 10:00:00,1.04056,1.04068,1.03886,1.04011,4729,0,0
2025-03-03 11:00:00,1.04011,1.0429,1.04011,1.04272,3511,0,0
2025-03-03 12:00:00,1.04272,1.04449,1.04272,1.04421,4878,0,0
2025-03-03 13:00:00,1.04421,1.0458,1.04405,1.04527,4138,0,0
2025-03-03 14:00:00,1.04527,1.04763,1.04526,1.04704,5271,0,0
2025-03-03 15:00:00,1.04704,1.04764,1.04596,1.0472,4416,0,0
2025-03-03 16:00:00,1.0472,1.04908,1.04689,1.04825,5228,0,0
2025-03-03 17:00:00,1.04825,1.05036,1.04769,1.04849,7472,0,0
2025-03-03 18:00:00,1.04849,1.05012,1.04844,1.04964,4988,0,0
2025-03-03 19:00:00,1.04964,1.04968,1.0487,1.04903,3739,0,0
2025-03-03 20:00:00,1.04903,1.05041,1.04822,1.04874,4532,0,0
2025-03-03 21:00:00,1.04874,1.04938,1.04723,1.04729,5272,0,0
2025-03-03 22:00:00,1.04729,1.04853,1.04666,1.04822,7902,1,0
2025-03-03 23:00:00,1.0482,1.04926,1.04804,1.04871,2279,1,0
2025-03-04 00:00:00,1.04854,1.04875,1.04825,1.04861,530,5,0
2025-03-04 01:00:00,1.04861,1.04923,1.04767,1.04857,1739,0,0
2025-03-04 02:00:00,1.04857,1.04889,1.04766,1.04881,3780,0,0
2025-03-04 03:00:00,1.04881,1.0496,1.04826,1.04887,5367,0,0
2025-03-04 04:00:00,1.04887,1.04899,1.04806,1.04811,3734,0,0
2025-03-04 05:00:00,1.04811,1.04839,1.04752,1.04775,2951,0,0
2025-03-04 06:00:00,1.04775,1.04804,1.04715,1.0478,2670,0,0
2025-03-04 07:00:00,1.0478,1.04861,1.0471,1.04839,3707,0,0
2025-03-04 08:00:00,1.04839,1.04896,1.04792,1.04858,2917,0,0
2025-03-04 09:00:00,1.04858,1.05004,1.04813,1.04933,5548,0,0
2025-03-04 10:00:00,1.04933,1.05238,1.04866,1.05188,7175,0,0
2025-03-04 11:00:00,1.05188,1.0527,1.05098,1.05125,5202,0,0
2025-03-04 12:00:00,1.05125,1.05193,1.05027,1.05117,4677,0,0
2025-03-04 13:00:00,1.05117,1.05445,1.051,1.05441,4681,0,0
2025-03-04 14:00:00,1.05441,1.05568,1.05365,1.0553,5823,0,0
2025-03-04 15:00:00,1.0553,1.05594,1.0531,1.0539,6720,0,0
2025-03-04 16:00:00,1.0539,1.05484,1.05209,1.05217,7663,0,0
2025-03-04 17:00:00,1.05217,1.05279,1.04967,1.05263,7917,0,0
2025-03-04 18:00:00,1.05263,1.05392,1.05156,1.05335,7047,0,0
2025-03-04 19:00:00,1.05335,1.05439,1.05309,1.05416,6537,0,0
2025-03-04 20:00:00,1.05416,1.05911,1.0538,1.0590600000000001,7959,0,0
2025-03-04 21:00:00,1.0590600000000001,1.0602,1.05868,1.06007,5415,0,0
2025-03-04 22:00:00,1.06007,1.06239,1.06006,1.06086,6514,1,0
2025-03-04 23:00:00,1.06093,1.06275,1.06082,1.06263,4251,1,0
2025-03-05 00:00:00,1.06167,1.06252,1.06163,1.06188,405,9,0
2025-03-05 01:00:00,1.06188,1.0637,1.06188,1.06234,2026,0,0
2025-03-05 02:00:00,1.06234,1.06275,1.06108,1.0621,3606,0,0
2025-03-05 03:00:00,1.0621,1.06274,1.06089,1.0613,5960,0,0
2025-03-05 04:00:00,1.0613,1.06161,1.06041,1.06044,4743,0,0
2025-03-05 05:00:00,1.06044,1.06204,1.06023,1.0618,4539,0,0
2025-03-05 06:00:00,1.0618,1.06258,1.06157,1.06191,2656,0,0
2025-03-05 07:00:00,1.06191,1.06323,1.06187,1.06314,2820,0,0
2025-03-05 08:00:00,1.06314,1.0639,1.06247,1.06322,3878,0,0
2025-03-05 09:00:00,1.06322,1.06762,1.06301,1.06744,7587,0,0
2025-03-05 10:00:00,1.06744,1.06995,1.06591,1.06979,8427,0,0
2025-03-05 11:00:00,1.06979,1.07219,1.0695999999999999,1.07121,7166,0,0
2025-03-05 12:00:00,1.07121,1.0715,1.06839,1.0697,5451,0,0
2025-03-05 13:00:00,1.0697,1.06985,1.06766,1.0679,4714,0,0
2025-03-05 14:00:00,1.0679,1.07139,1.06789,1.06961,6126,0,0
2025-03-05 15:00:00,1.06961,1.07224,1.06861,1.07156,8490,0,0
2025-03-05 16:00:00,1.07156,1.07769,1.07141,1.0769,9453,0,0
2025-03-05 17:00:00,1.0769,1.07707,1.07413,1.07651,10298,0,0
2025-03-05 18:00:00,1.07651,1.07867,1.0761,1.07673,8426,0,0
2025-03-05 19:00:00,1.07673,1.07878,1.07627,1.07851,7258,0,0
2025-03-05 20:00:00,1.07851,1.07883,1.07642,1.07736,7217,0,0
2025-03-05 21:00:00,1.07736,1.07908,1.07703,1.07901,4415,0,0
2025-03-05 22:00:00,1.07901,1.07968,1.07877,1.07922,3384,1,0
2025-03-05 23:00:00,1.07922,1.07928,1.07856,1.07878,1507,1,0
2025-03-06 00:00:00,1.07851,1.07923,1.07851,1.07903,221,1,0
2025-03-06 01:00:00,1.07903,1.07953,1.07872,1.07943,1240,0,0
2025-03-06 02:00:00,1.07943,1.0803,1.07874,1.07946,3306,0,0
2025-03-06 03:00:00,1.07946,1.08201,1.07898,1.08155,4542,0,0
2025-03-06 04:00:00,1.08155,1.08191,1.07982,1.08054,5168,0,0
2025-03-06 05:00:00,1.08054,1.08055,1.07884,1.079,3460,0,0
2025-03-06 06:00:00,1.079,1.0804,1.07844,1.08033,2385,0,0
2025-03-06 07:00:00,1.08033,1.08117,1.08005,1.08103,3020,0,0
2025-03-06 08:00:00,1.08103,1.08198,1.07994,1.08031,3950,0,0
2025-03-06 09:00:00,1.08031,1.08222,1.07923,1.07994,7369,0,0
2025-03-06 10:00:00,1.07994,1.08167,1.07934,1.08014,9480,0,0
2025-03-06 11:00:00,1.08014,1.08068,1.07806,1.07998,7470,0,0
2025-03-06 12:00:00,1.07998,1.08034,1.07832,1.07918,5686,0,0
2025-03-06 13:00:00,1.07918,1.08007,1.07834,1.07991,4911,0,0
2025-03-06 14:00:00,1.07991,1.08068,1.07883,1.07999,4427,0,0
2025-03-06 15:00:00,1.07999,1.0845,1.07907,1.08263,9122,0,0
2025-03-06 16:00:00,1.08263,1.0841,1.08118,1.0836999999999999,10882,0,0
2025-03-06 17:00:00,1.0836999999999999,1.08536,1.08118,1.08174,9277,0,0
2025-03-06 18:00:00,1.08174,1.08389,1.08156,1.08178,8370,0,0
2025-03-06 19:00:00,1.08178,1.08222,1.07919,1.0796999999999999,6708,0,0
2025-03-06 20:00:00,1.0796999999999999,1.08018,1.07657,1.07837,5341,0,0
2025-03-06 21:00:00,1.07837,1.08115,1.07827,1.08017,5148,0,0
2025-03-06 22:00:00,1.08016,1.08033,1.07855,1.07865,3720,1,0
2025-03-06 23:00:00,1.07867,1.07904,1.07751,1.0784,1873,1,0
2025-03-07 00:00:00,1.07815,1.07908,1.07793,1.07885,671,3,0
2025-03-07 01:00:00,1.07885,1.07961,1.07847,1.07874,1297,0,0
2025-03-07 02:00:00,1.07874,1.07954,1.0787,1.07877,2172,0,0
2025-03-07 03:00:00,1.07877,1.07928,1.07816,1.07903,3165,0,0
2025-03-07 04:00:00,1.07903,1.07994,1.07845,1.07992,2939,0,0
2025-03-07 05:00:00,1.07992,1.08147,1.07969,1.08057,2400,0,0
2025-03-07 06:00:00,1.08057,1.08131,1.08031,1.0813,1616,0,0
2025-03-07 07:00:00,1.0813,1.08175,1.08077,1.08137,1885,0,0
2025-03-07 08:00:00,1.08137,1.0825,1.08083,1.08234,2904,0,0
2025-03-07 09:00:00,1.08234,1.08407,1.08203,1.08301,5093,0,0
2025-03-07 10:00:00,1.08301,1.08549,1.0826500000000001,1.08507,5760,0,0
2025-03-07 11:00:00,1.08507,1.08712,1.08449,1.08617,5494,0,0
2025-03-07 12:00:00,1.08617,1.08674,1.08578,1.08609,4308,0,0
2025-03-07 13:00:00,1.08609,1.08609,1.08448,1.08498,3887,0,0
2025-03-07 14:00:00,1.08498,1.08571,1.08415,1.0854300000000001,5029,0,0
2025-03-07 15:00:00,1.0854300000000001,1.08887,1.08429,1.08449,9854,0,0
2025-03-07 16:00:00,1.08449,1.08819,1.08445,1.08541,9450,0,0
2025-03-07 17:00:00,1.08541,1.08865,1.08357,1.08702,8723,0,0
2025-03-07 18:00:00,1.08702,1.08729,1.08375,1.08587,6498,0,0
2025-03-07 19:00:00,1.08587,1.08643,1.08322,1.08433,6838,0,0
2025-03-07 20:00:00,1.08433,1.08445,1.08259,1.08401,5060,0,0
2025-03-07 21:00:00,1.08401,1.08441,1.08334,1.08426,4436,0,0
2025-03-07 22:00:00,1.08426,1.08491,1.084,1.08473,3081,1,0
2025-03-07 23:00:00,1.08473,1.08512,1.08316,1.08334,1763,1,0
2025-03-10 00:00:00,1.08287,1.08397,1.08267,1.08397,246,1,0
2025-03-10 01:00:00,1.08397,1.08596,1.08382,1.08494,2469,1,0
2025-03-10 02:00:00,1.08494,1.08655,1.08484,1.08603,2687,0,0
2025-03-10 03:00:00,1.08603,1.08674,1.08529,1.08643,2988,0,0
2025-03-10 04:00:00,1.08643,1.08713,1.08528,1.08531,3664,0,0
2025-03-10 05:00:00,1.08531,1.0856,1.08359,1.08371,2467,0,0
2025-03-10 06:00:00,1.08371,1.0838700000000001,1.08303,1.08317,2116,0,0
2025-03-10 07:00:00,1.08317,1.08378,1.08305,1.0830899999999999,1472,0,0
2025-03-10 08:00:00,1.0830899999999999,1.08359,1.08281,1.08352,2154,0,0
2025-03-10 09:00:00,1.08352,1.08449,1.08347,1.08373,2998,0,0
2025-03-10 10:00:00,1.08373,1.08442,1.08115,1.08225,4910,0,0
2025-03-10 11:00:00,1.08225,1.08242,1.08054,1.08098,6879,0,0
2025-03-10 12:00:00,1.08098,1.08566,1.0809,1.08514,5836,0,0
2025-03-10 13:00:00,1.08514,1.08745,1.08505,1.08612,5617,0,0
2025-03-10 14:00:00,1.08612,1.08648,1.08128,1.08509,6773,0,0
2025-03-10 15:00:00,1.08509,1.08601,1.08423,1.08443,5722,0,0
2025-03-10 16:00:00,1.08443,1.08507,1.08336,1.08354,5304,0,0
2025-03-10 17:00:00,1.08354,1.08466,1.08318,1.08451,6437,0,0
2025-03-10 18:00:00,1.08451,1.08479,1.08211,1.08369,6331,0,0
2025-03-10 19:00:00,1.08369,1.08418,1.08281,1.08305,4973,0,0
2025-03-10 20:00:00,1.08305,1.08458,1.08261,1.08301,4619,0,0
2025-03-10 21:00:00,1.08301,1.08351,1.0818,1.08295,4805,0,0
2025-03-10 22:00:00,1.08295,1.08325,1.08179,1.08318,3854,0,0
2025-03-10 23:00:00,1.08318,1.08363,1.08258,1.08336,1754,1,0
2025-03-11 00:00:00,1.08291,1.08358,1.08267,1.08343,159,2,0
2025-03-11 01:00:00,1.0835,1.08416,1.08327,1.08347,814,1,0
2025-03-11 02:00:00,1.08347,1.08436,1.08347,1.08395,1531,0,0
2025-03-11 03:00:00,1.08395,1.08536,1.08393,1.08515,3393,0,0
2025-03-11 04:00:00,1.08515,1.08586,1.0844,1.08579,4534,0,0
2025-03-11 05:00:00,1.08579,1.0860400000000001,1.08504,1.08559,3099,0,0
2025-03-11 06:00:00,1.08559,1.08597,1.0849199999999999,1.0854300000000001,2660,0,0
2025-03-11 07:00:00,1.0854300000000001,1.0861399999999999,1.08507,1.08547,1669,0,0
2025-03-11 08:00:00,1.08547,1.08559,1.08359,1.08386,2580,0,0
2025-03-11 09:00:00,1.08386,1.08756,1.08365,1.08568,4682,0,0
2025-03-11 10:00:00,1.08568,1.09015,1.08556,1.08906,6576,0,0
2025-03-11 11:00:00,1.08906,1.09189,1.08852,1.09171,6598,0,0
2025-03-11 12:00:00,1.09171,1.09208,1.08964,1.09087,5187,0,0
2025-03-11 13:00:00,1.09087,1.09087,1.08828,1.0890900000000001,4168,0,0
2025-03-11 14:00:00,1.0890900000000001,1.09046,1.08815,1.09045,3862,0,0
2025-03-11 15:00:00,1.09045,1.09205,1.09026,1.09184,5473,0,0
2025-03-11 16:00:00,1.09184,1.09306,1.09118,1.09199,5869,0,0
2025-03-11 17:00:00,1.09199,1.09203,1.08954,1.09191,9039,0,0
2025-03-11 18:00:00,1.09191,1.09286,1.09125,1.09271,6494,0,0
2025-03-11 19:00:00,1.09271,1.09292,1.09183,1.0925,4753,0,0
2025-03-11 20:00:00,1.0925,1.09349,1.09243,1.0934,3698,0,0
2025-03-11 21:00:00,1.0934,1.09472,1.09255,1.09311,6696,0,0
2025-03-11 22:00:00,1.09311,1.09342,1.0919699999999999,1.092,4443,0,0
2025-03-11 23:00:00,1.09201,1.09209,1.09101,1.09191,1633,1,0
2025-03-12 00:00:00,1.09152,1.09174,1.09093,1.09106,402,1,0
2025-03-12 01:00:00,1.09106,1.09189,1.09104,1.09156,941,1,0
2025-03-12 02:00:00,1.09156,1.09177,1.09131,1.0914,1223,0,0
2025-03-12 03:00:00,1.0914,1.09158,1.09058,1.0909,2534,0,0
2025-03-12 04:00:00,1.0909,1.09152,1.09064,1.09068,3269,0,0
2025-03-12 05:00:00,1.09068,1.09115,1.09036,1.09041,2339,0,0
2025-03-12 06:00:00,1.09041,1.09051,1.08964,1.08975,1768,0,0
2025-03-12 07:00:00,1.08975,1.09027,1.0896,1.08992,1666,0,0
2025-03-12 08:00:00,1.08992,1.09041,1.08954,1.09035,2106,0,0
2025-03-12 09:00:00,1.09035,1.09087,1.08922,1.08926,2822,0,0
2025-03-12 10:00:00,1.08926,1.0903100000000001,1.08878,1.09015,4782,0,0
2025-03-12 11:00:00,1.09015,1.09215,1.08977,1.09213,6574,0,0
2025-03-12 12:00:00,1.09213,1.09261,1.09137,1.09147,5454,0,0
2025-03-12 13:00:00,1.09147,1.09209,1.09048,1.09065,3622,0,0
2025-03-12 14:00:00,1.09065,1.09128,1.08998,1.09012,4181,0,0
2025-03-12 15:00:00,1.09012,1.0932,1.08764,1.08783,9106,0,0
2025-03-12 16:00:00,1.08783,1.08962,1.0876,1.08824,8579,0,0
2025-03-12 17:00:00,1.08824,1.09135,1.08811,1.09128,6614,0,0
2025-03-12 18:00:00,1.09128,1.09242,1.09101,1.09242,5668,0,0
2025-03-12 19:00:00,1.09242,1.09277,1.09059,1.0906,4906,0,0
2025-03-12 20:00:00,1.0906,1.09142,1.09036,1.09072,3979,0,0
2025-03-12 21:00:00,1.09072,1.09094,1.088,1.08849,3922,0,0
2025-03-12 22:00:00,1.08849,1.08976,1.08832,1.08903,3732,0,0
2025-03-12 23:00:00,1.08901,1.08938,1.08862,1.08871,1412,1,0
2025-03-13 00:00:00,1.08861,1.08887,1.08854,1.08856,158,2,0
2025-03-13 01:00:00,1.08852,1.08899,1.0885,1.08891,561,1,0
2025-03-13 02:00:00,1.08891,1.08898,1.08835,1.08857,897,0,0
2025-03-13 03:00:00,1.08857,1.08919,1.08828,1.08918,1659,0,0
2025-03-13 04:00:00,1.08918,1.08934,1.08868,1.08895,2704,0,0
2025-03-13 05:00:00,1.08895,1.08971,1.0889199999999999,1.0895299999999999,1950,0,0
2025-03-13 06:00:00,1.0895299999999999,1.08955,1.08853,1.08853,1533,0,0
2025-03-13 07:00:00,1.08853,1.08934,1.0882,1.08933,1493,0,0
2025-03-13 08:00:00,1.08933,1.08935,1.08795,1.08851,2219,0,0
2025-03-13 09:00:00,1.08851,1.08854,1.08698,1.08749,2823,0,0
2025-03-13 10:00:00,1.08749,1.0885,1.08601,1.08653,4648,0,0
2025-03-13 11:00:00,1.08653,1.08838,1.08594,1.08735,6482,0,0
2025-03-13 12:00:00,1.08735,1.08853,1.08691,1.08792,4582,0,0
2025-03-13 13:00:00,1.08792,1.08828,1.08628,1.08703,3951,0,0
2025-03-13 14:00:00,1.08703,1.08744,1.08453,1.08566,5140,0,0
2025-03-13 15:00:00,1.08566,1.08766,1.08264,1.08349,8137,0,0
2025-03-13 16:00:00,1.08349,1.08531,1.08228,1.08473,6191,0,0
2025-03-13 17:00:00,1.08473,1.08696,1.08464,1.0865,6229,0,0
2025-03-13 18:00:00,1.0865,1.08717,1.08548,1.08587,6744,0,0
2025-03-13 19:00:00,1.08587,1.08781,1.08555,1.08725,5480,0,0
2025-03-13 20:00:00,1.08725,1.08735,1.08547,1.08549,4486,0,0
2025-03-13 21:00:00,1.08549,1.08578,1.08524,1.08539,3805,0,0
2025-03-13 22:00:00,1.08539,1.08567,1.08477,1.0848200000000001,3485,0,0
2025-03-13 23:00:00,1.08483,1.08559,1.08465,1.08513,1269,1,0
2025-03-14 00:00:00,1.08489,1.08527,1.08438,1.08524,189,6,0
2025-03-14 01:00:00,1.08524,1.08556,1.0851,1.08522,640,1,0
2025-03-14 02:00:00,1.08522,1.08552,1.08501,1.08549,1274,0,0
2025-03-14 03:00:00,1.08549,1.08587,1.08484,1.0849199999999999,2492,0,0
2025-03-14 04:00:00,1.0849199999999999,1.08494,1.08407,1.0841,2541,0,0
2025-03-14 05:00:00,1.0841,1.0843099999999999,1.08343,1.08404,1499,0,0
2025-03-14 06:00:00,1.08404,1.0846,1.08378,1.08456,1752,0,0
2025-03-14 07:00:00,1.08456,1.08463,1.08378,1.08412,1446,0,0
2025-03-14 08:00:00,1.08412,1.08516,1.08409,1.08508,1574,0,0
2025-03-14 09:00:00,1.08508,1.08508,1.08353,1.08383,2325,0,0
2025-03-14 10:00:00,1.08383,1.08471,1.0831,1.08391,4744,0,0
2025-03-14 11:00:00,1.08391,1.08567,1.08352,1.08537,4871,0,0
2025-03-14 12:00:00,1.08537,1.08619,1.08473,1.08524,3993,0,0
2025-03-14 13:00:00,1.08524,1.09126,1.08518,1.08954,7037,0,0
2025-03-14 14:00:00,1.08954,1.0909200000000001,1.08879,1.0897000000000001,7225,0,0
2025-03-14 15:00:00,1.0897000000000001,1.09113,1.08904,1.0895,5227,0,0
2025-03-14 16:00:00,1.0895,1.08978,1.08707,1.08737,5998,0,0
2025-03-14 17:00:00,1.08737,1.08863,1.08657,1.08782,6922,0,0
2025-03-14 18:00:00,1.08782,1.08866,1.08671,1.08714,6032,0,0
2025-03-14 19:00:00,1.08714,1.08897,1.08707,1.0883,4475,0,0
2025-03-14 20:00:00,1.0883,1.08879,1.08794,1.08821,3260,0,0
2025-03-14 21:00:00,1.08821,1.08864,1.08737,1.08801,2967,0,0
2025-03-14 22:00:00,1.08801,1.08845,1.08786,1.0883099999999999,1894,0,0
2025-03-14 23:00:00,1.0883,1.08857,1.08755,1.08769,1215,1,0
2025-03-17 00:00:00,1.08781,1.08808,1.08746,1.08798,320,5,0
2025-03-17 01:00:00,1.08798,1.08853,1.08746,1.08813,1431,1,0
2025-03-17 02:00:00,1.08813,1.08853,1.08793,1.08797,1459,0,0
2025-03-17 03:00:00,1.08797,1.08829,1.08756,1.08797,1840,0,0
2025-03-17 04:00:00,1.08797,1.08901,1.08746,1.0883099999999999,2684,0,0
2025-03-17 05:00:00,1.0883099999999999,1.08857,1.08796,1.08812,1665,0,0
2025-03-17 06:00:00,1.08812,1.08862,1.0877,1.08837,1417,0,0
2025-03-17 07:00:00,1.08837,1.08938,1.08779,1.08824,1855,0,0
2025-03-17 08:00:00,1.08824,1.08826,1.08741,1.08779,1752,0,0
2025-03-17 09:00:00,1.08779,1.08842,1.08737,1.08781,2030,0,0
2025-03-17 10:00:00,1.08781,1.08843,1.08689,1.08762,3979,0,0
2025-03-17 11:00:00,1.08762,1.08868,1.08708,1.08836,4929,0,0
2025-03-17 12:00:00,1.08836,1.09003,1.08774,1.08998,3935,0,0
2025-03-17 13:00:00,1.08998,1.09099,1.08963,1.09077,3266,0,0
2025-03-17 14:00:00,1.09077,1.09118,1.08963,1.0902,2828,0,0
2025-03-17 15:00:00,1.0902,1.0909200000000001,1.08876,1.09016,5982,0,0
2025-03-17 16:00:00,1.09016,1.09063,1.08974,1.09047,5279,0,0
2025-03-17 17:00:00,1.09047,1.09185,1.09023,1.09159,5077,0,0
2025-03-17 18:00:00,1.09159,1.09295,1.09157,1.09218,5110,0,0
2025-03-17 19:00:00,1.09218,1.09262,1.09147,1.09211,3467,0,0
2025-03-17 20:00:00,1.09211,1.09236,1.09119,1.09143,3202,0,0
2025-03-17 21:00:00,1.09143,1.09264,1.0913,1.09253,3077,0,0
2025-03-17 22:00:00,1.09253,1.09254,1.09185,1.09207,2031,0,0
2025-03-17 23:00:00,1.0921,1.09277,1.09204,1.09222,1382,1,0
2025-03-18 00:00:00,1.09161,1.09226,1.09161,1.09207,288,1,0
2025-03-18 01:00:00,1.09207,1.09229,1.09191,1.09213,901,1,0
2025-03-18 02:00:00,1.09213,1.09218,1.09182,1.09183,972,0,0
2025-03-18 03:00:00,1.09183,1.09212,1.0915,1.09162,1739,0,0
2025-03-18 04:00:00,1.09162,1.0919,1.09126,1.09137,2527,0,0
2025-03-18 05:00:00,1.09137,1.09162,1.09082,1.0909,1710,0,0
2025-03-18 06:00:00,1.0909,1.0911,1.09066,1.09087,1210,0,0
2025-03-18 07:00:00,1.09087,1.09115,1.09082,1.09113,1087,0,0
2025-03-18 08:00:00,1.09113,1.09134,1.09076,1.09082,1353,0,0
2025-03-18 09:00:00,1.09082,1.09213,1.09039,1.09207,2239,0,0
2025-03-18 10:00:00,1.09207,1.09365,1.09162,1.09351,3513,0,0
2025-03-18 11:00:00,1.09351,1.09545,1.09328,1.09513,4475,0,0
2025-03-18 12:00:00,1.09513,1.09531,1.09398,1.09501,3450,0,0
2025-03-18 13:00:00,1.09501,1.0952,1.09321,1.09344,4221,0,0
2025-03-18 14:00:00,1.09344,1.09373,1.09146,1.09162,3643,0,0
2025-03-18 15:00:00,1.09162,1.09237,1.08928,1.09114,4222,0,0
2025-03-18 16:00:00,1.09114,1.09207,1.09017,1.09128,4814,0,0
2025-03-18 17:00:00,1.09128,1.09195,1.09073,1.09171,4843,0,0
2025-03-18 18:00:00,1.09171,1.0934,1.0897000000000001,1.09269,5902,0,0
2025-03-18 19:00:00,1.09269,1.09399,1.09239,1.09385,4200,0,0
2025-03-18 20:00:00,1.09385,1.09518,1.09385,1.09498,4044,0,0
2025-03-18 21:00:00,1.09498,1.09512,1.09409,1.09445,2670,0,0
2025-03-18 22:00:00,1.09445,1.09497,1.09416,1.09462,2119,0,0
2025-03-18 23:00:00,1.09462,1.09488,1.09428,1.0944,1066,1,0
2025-03-19 00:00:00,1.09451,1.09451,1.09404,1.09437,824,9,0
2025-03-19 01:00:00,1.09437,1.0946,1.09403,1.09418,571,1,0
2025-03-19 02:00:00,1.09418,1.09435,1.09378,1.09386,854,0,0
2025-03-19 03:00:00,1.09386,1.0939,1.09318,1.09347,1859,0,0
2025-03-19 04:00:00,1.09347,1.09373,1.09337,1.0937000000000001,1702,0,0
2025-03-19 05:00:00,1.0937000000000001,1.09449,1.0936,1.09408,1211,0,0
2025-03-19 06:00:00,1.09408,1.09437,1.09332,1.09381,1128,0,0
2025-03-19 07:00:00,1.09381,1.09382,1.09285,1.09302,1203,0,0
2025-03-19 08:00:00,1.09302,1.09361,1.093,1.09316,1362,0,0
2025-03-19 09:00:00,1.09316,1.09327,1.0921,1.0921,2408,0,0
2025-03-19 10:00:00,1.0921,1.09234,1.08734,1.08931,6094,0,0
2025-03-19 11:00:00,1.08931,1.09105,1.08921,1.09071,5092,0,0
2025-03-19 12:00:00,1.09071,1.09101,1.08959,1.09029,3548,0,0
2025-03-19 13:00:00,1.09029,1.09041,1.08917,1.08997,2786,0,0
2025-03-19 14:00:00,1.08997,1.09131,1.08941,1.09082,2945,0,0
2025-03-19 15:00:00,1.09082,1.09175,1.08995,1.0901399999999999,4588,0,0
2025-03-19 16:00:00,1.0901399999999999,1.0904,1.08931,1.08947,4779,0,0
2025-03-19 17:00:00,1.08947,1.09005,1.08822,1.08842,3957,0,0
2025-03-19 18:00:00,1.08842,1.08879,1.08757,1.08772,3744,0,0
2025-03-19 19:00:00,1.08772,1.08862,1.08761,1.0885,3231,0,0
2025-03-19 20:00:00,1.0885,1.08852,1.08607,1.08688,4014,0,0
2025-03-19 21:00:00,1.08688,1.09132,1.08627,1.0907499999999999,9698,0,0
2025-03-19 22:00:00,1.0907499999999999,1.09127,1.08853,1.08988,6886,0,0
2025-03-19 23:00:00,1.08982,1.09062,1.08958,1.09017,1427,1,0
2025-03-20 00:00:00,1.08988,1.09044,1.08982,1.09039,153,8,0
2025-03-20 01:00:00,1.09039,1.09132,1.09035,1.09085,915,1,0
2025-03-20 02:00:00,1.09085,1.0912,1.09051,1.09118,1268,0,0
2025-03-20 03:00:00,1.09118,1.09166,1.09039,1.09124,2567,0,0
2025-03-20 04:00:00,1.09124,1.0913,1.0904,1.09061,2934,0,0
2025-03-20 05:00:00,1.09061,1.09172,1.09057,1.09094,2488,0,0
2025-03-20 06:00:00,1.09094,1.09141,1.09073,1.091,1703,0,0
2025-03-20 07:00:00,1.091,1.09108,1.09006,1.09036,1429,0,0
2025-03-20 08:00:00,1.09036,1.09036,1.0891,1.0895299999999999,1487,0,0
2025-03-20 09:00:00,1.0895299999999999,1.08988,1.08899,1.08933,2425,0,0
2025-03-20 10:00:00,1.08933,1.08942,1.0865,1.08792,3782,0,0
2025-03-20 11:00:00,1.08792,1.08856,1.08632,1.08657,4792,0,0
2025-03-20 12:00:00,1.08657,1.08686,1.0838700000000001,1.08525,5476,0,0
2025-03-20 13:00:00,1.08525,1.08548,1.08336,1.08461,4766,0,0
2025-03-20 14:00:00,1.08461,1.08517,1.08396,1.08493,3310,0,0
2025-03-20 15:00:00,1.08493,1.08556,1.08312,1.08341,5057,0,0
2025-03-20 16:00:00,1.08341,1.08388,1.0815,1.0825,5330,0,0
2025-03-20 17:00:00,1.0825,1.08386,1.0823,1.08293,5643,0,0
2025-03-20 18:00:00,1.08293,1.08491,1.08237,1.08471,5336,0,0
2025-03-20 19:00:00,1.08471,1.08522,1.08425,1.08485,3942,0,0
2025-03-20 20:00:00,1.08485,1.08517,1.08392,1.08444,2969,0,0
2025-03-20 21:00:00,1.08444,1.08495,1.08422,1.08483,2522,0,0
2025-03-20 22:00:00,1.08483,1.0854300000000001,1.08472,1.08532,2087,0,0
2025-03-20 23:00:00,1.08534,1.08591,1.08515,1.08528,1079,1,0
2025-03-21 00:00:00,1.08444,1.0854300000000001,1.08443,1.08535,190,10,0
2025-03-21 01:00:00,1.08535,1.08589,1.08525,1.08571,964,1,0
2025-03-21 02:00:00,1.08571,1.08578,1.08533,1.08534,1204,0,0
2025-03-21 03:00:00,1.08534,1.08587,1.08509,1.08532,2015,0,0
2025-03-21 04:00:00,1.08532,1.08556,1.08488,1.08522,2934,0,0
2025-03-21 05:00:00,1.08522,1.08551,1.08426,1.08445,2333,0,0
2025-03-21 06:00:00,1.08445,1.08463,1.08337,1.0835,1893,0,0
2025-03-21 07:00:00,1.0835,1.08369,1.08279,1.08305,1636,0,0
2025-03-21 08:00:00,1.08305,1.08305,1.08202,1.08284,2538,0,0
2025-03-21 09:00:00,1.08284,1.08373,1.08245,1.0834,2996,0,0
2025-03-21 10:00:00,1.0834,1.08414,1.08274,1.08389,3735,0,0
2025-03-21 11:00:00,1.08389,1.08455,1.08243,1.08359,4924,0,0
2025-03-21 12:00:00,1.08359,1.08389,1.08251,1.08259,3127,0,0
2025-03-21 13:00:00,1.08259,1.0838700000000001,1.08259,1.08372,3340,0,0
2025-03-21 14:00:00,1.08372,1.08511,1.08355,1.08507,3283,0,0
2025-03-21 15:00:00,1.08507,1.08611,1.08299,1.08324,5316,0,0
2025-03-21 16:00:00,1.08324,1.08359,1.08255,1.08318,5985,0,0
2025-03-21 17:00:00,1.08318,1.08355,1.08189,1.08239,5569,0,0
2025-03-21 18:00:00,1.08239,1.08289,1.07974,1.0806499999999999,5010,0,0
2025-03-21 19:00:00,1.0806499999999999,1.0824799999999999,1.08049,1.08181,5748,0,0
2025-03-21 20:00:00,1.08181,1.08254,1.08055,1.08225,3703,0,0
2025-03-21 21:00:00,1.08225,1.08268,1.08151,1.08213,3349,0,0
2025-03-21 22:00:00,1.08213,1.08244,1.08153,1.08177,2467,0,0
2025-03-21 23:00:00,1.08177,1.08177,1.08117,1.08144,1192,1,0
2025-03-24 00:00:00,1.0812,1.08171,1.08117,1.0817,181,26,0
2025-03-24 01:00:00,1.0817,1.083,1.08161,1.08198,1621,1,0
2025-03-24 02:00:00,1.08198,1.08372,1.08189,1.08361,1715,0,0
2025-03-24 03:00:00,1.08361,1.084,1.08327,1.08372,2562,0,0
2025-03-24 04:00:00,1.08372,1.08375,1.08231,1.08259,3337,0,0
2025-03-24 05:00:00,1.08259,1.0832,1.08246,1.08253,2410,0,0
2025-03-24 06:00:00,1.08253,1.08293,1.0820400000000001,1.08207,1978,0,0
2025-03-24 07:00:00,1.08207,1.08244,1.08173,1.08228,1879,0,0
2025-03-24 08:00:00,1.08228,1.08311,1.08185,1.08291,2161,0,0
2025-03-24 09:00:00,1.08291,1.08447,1.0828,1.08396,2976,0,0
2025-03-24 10:00:00,1.08396,1.08498,1.08335,1.08385,3978,0,0
2025-03-24 11:00:00,1.08385,1.08582,1.08373,1.08429,5863,0,0
2025-03-24 12:00:00,1.08429,1.08451,1.08288,1.08391,4571,0,0
2025-03-24 13:00:00,1.08391,1.08547,1.08369,1.08484,3401,0,0
2025-03-24 14:00:00,1.08484,1.08495,1.0832600000000001,1.08328,3082,0,0
2025-03-24 15:00:00,1.08328,1.08348,1.08219,1.08296,3785,0,0
2025-03-24 16:00:00,1.08296,1.08305,1.0793,1.07935,5100,0,0
2025-03-24 17:00:00,1.07935,1.08202,1.07908,1.07996,6054,0,0
2025-03-24 18:00:00,1.07996,1.08049,1.07908,1.07937,4962,0,0
2025-03-24 19:00:00,1.07937,1.08071,1.07818,1.07917,4442,0,0
2025-03-24 20:00:00,1.07917,1.07963,1.0785,1.0788,3277,0,0
2025-03-24 21:00:00,1.0788,1.08131,1.07843,1.0805,3644,0,0
2025-03-24 22:00:00,1.0805,1.0807,1.07974,1.08022,1928,0,0
2025-03-24 23:00:00,1.08018,1.08061,1.08,1.08006,1386,1,0
2025-03-25 00:00:00,1.07991,1.08011,1.07931,1.07994,291,2,0
2025-03-25 01:00:00,1.07994,1.08025,1.07949,1.08024,818,1,0
2025-03-25 02:00:00,1.08024,1.08037,1.08005,1.08026,734,0,0
2025-03-25 03:00:00,1.08026,1.08027,1.0796000000000001,1.08004,1717,0,0
2025-03-25 04:00:00,1.08004,1.08081,1.08001,1.08025,2337,0,0
2025-03-25 05:00:00,1.08025,1.0805,1.07945,1.07969,1829,0,0
2025-03-25 06:00:00,1.07969,1.08034,1.07962,1.08029,1507,0,0
2025-03-25 07:00:00,1.08029,1.08089,1.08029,1.08038,1511,0,0
2025-03-25 08:00:00,1.08038,1.0807,1.08015,1.08033,1406,0,0
2025-03-25 09:00:00,1.08033,1.08044,1.07932,1.0795,1934,0,0
2025-03-25 10:00:00,1.0795,1.08019,1.07854,1.07877,3525,0,0
2025-03-25 11:00:00,1.07877,1.07922,1.07772,1.07907,4411,0,0
2025-03-25 12:00:00,1.07907,1.08039,1.07878,1.08004,3867,0,0
2025-03-25 13:00:00,1.08004,1.08243,1.07999,1.08201,4015,0,0
2025-03-25 14:00:00,1.08201,1.08275,1.08112,1.08182,3864,0,0
2025-03-25 15:00:00,1.08182,1.08301,1.0816,1.08254,3940,0,0
2025-03-25 16:00:00,1.08254,1.08277,1.08142,1.0817,5093,0,0
2025-03-25 17:00:00,1.0817,1.08217,1.08022,1.08125,5749,0,0
2025-03-25 18:00:00,1.08125,1.08196,1.07975,1.08035,4975,0,0
2025-03-25 19:00:00,1.08035,1.0813,1.08018,1.08068,4098,0,0
2025-03-25 20:00:00,1.08068,1.08167,1.08063,1.08094,2923,0,0
2025-03-25 21:00:00,1.08094,1.08094,1.07974,1.07986,2694,0,0
2025-03-25 22:00:00,1.07986,1.0802,1.07911,1.07955,3039,0,0
2025-03-25 23:00:00,1.07955,1.07959,1.079,1.07912,1176,1,0
2025-03-26 00:00:00,1.07894,1.0792,1.0789,1.07908,183,11,0
2025-03-26 01:00:00,1.07912,1.07938,1.07879,1.07885,706,1,0
2025-03-26 02:00:00,1.07885,1.0789,1.07854,1.0789,985,0,0
2025-03-26 03:00:00,1.0789,1.07924,1.0783800000000001,1.07844,1914,0,0
2025-03-26 04:00:00,1.07844,1.07954,1.07784,1.07935,3262,0,0
2025-03-26 05:00:00,1.07935,1.07971,1.07905,1.07955,1584,0,0
2025-03-26 06:00:00,1.07955,1.07964,1.07842,1.07863,1663,0,0
2025-03-26 07:00:00,1.07863,1.07881,1.07813,1.07844,1296,0,0
2025-03-26 08:00:00,1.07844,1.07869,1.07781,1.07851,1858,0,0
2025-03-26 09:00:00,1.07851,1.07882,1.07825,1.07869,1978,0,0
2025-03-26 10:00:00,1.07869,1.07914,1.07816,1.0786,4301,0,0
2025-03-26 11:00:00,1.0786,1.07997,1.07856,1.07992,4890,0,0
2025-03-26 12:00:00,1.07992,1.08026,1.07932,1.07962,3704,0,0
2025-03-26 13:00:00,1.07962,1.08015,1.07869,1.07917,3090,0,0
2025-03-26 14:00:00,1.07917,1.07978,1.07889,1.07926,2869,0,0
2025-03-26 15:00:00,1.07926,1.0794,1.07821,1.07846,4605,0,0
2025-03-26 16:00:00,1.07846,1.0791,1.07678,1.0775,5143,0,0
2025-03-26 17:00:00,1.0775,1.07952,1.07734,1.07906,5499,0,0
2025-03-26 18:00:00,1.07906,1.07944,1.07679,1.07807,4081,0,0
2025-03-26 19:00:00,1.07807,1.07917,1.07772,1.07879,4510,0,0
2025-03-26 20:00:00,1.07879,1.07897,1.07522,1.07569,5574,0,0
2025-03-26 21:00:00,1.07569,1.07612,1.07535,1.07555,3784,0,0
2025-03-26 22:00:00,1.07555,1.07561,1.07439,1.07515,2630,0,0
2025-03-26 23:00:00,1.07515,1.07567,1.07503,1.07525,1247,1,0
2025-03-27 00:00:00,1.07512,1.0755,1.07345,1.07363,710,1,0
2025-03-27 01:00:00,1.07363,1.07446,1.0733,1.07373,1792,1,0
2025-03-27 02:00:00,1.0737,1.07446,1.07355,1.07412,2005,0,0
2025-03-27 03:00:00,1.07412,1.07577,1.07408,1.07556,2243,0,0
2025-03-27 04:00:00,1.07556,1.07688,1.07551,1.0765500000000001,2764,0,0
2025-03-27 05:00:00,1.0765500000000001,1.078,1.07653,1.07759,2030,0,0
2025-03-27 06:00:00,1.07759,1.07796,1.07733,1.07781,1392,0,0
2025-03-27 07:00:00,1.07781,1.07869,1.07769,1.07806,1337,0,0
2025-03-27 08:00:00,1.07806,1.07811,1.07641,1.07691,1699,0,0
2025-03-27 09:00:00,1.07691,1.07825,1.07681,1.07734,2649,0,0
2025-03-27 10:00:00,1.07734,1.07744,1.07545,1.07651,5139,0,0
2025-03-27 11:00:00,1.07651,1.07766,1.07559,1.07761,6012,0,0
2025-03-27 12:00:00,1.07761,1.0779,1.07614,1.07707,4566,0,0
2025-03-27 13:00:00,1.07707,1.07816,1.0767,1.07816,3670,0,0
2025-03-27 14:00:00,1.07816,1.07994,1.07785,1.07868,3981,0,0
2025-03-27 15:00:00,1.07868,1.07981,1.07833,1.07873,4101,0,0
2025-03-27 16:00:00,1.07873,1.07972,1.07768,1.07801,5119,0,0
2025-03-27 17:00:00,1.07801,1.07946,1.0777700000000001,1.07895,5281,0,0
2025-03-27 18:00:00,1.07895,1.0821,1.07857,1.07999,6649,0,0
2025-03-27 19:00:00,1.07999,1.08002,1.0792,1.07989,4668,0,0
2025-03-27 20:00:00,1.07989,1.08086,1.07898,1.07901,3731,0,0
2025-03-27 21:00:00,1.07901,1.07982,1.07894,1.07911,2836,0,0
2025-03-27 22:00:00,1.07911,1.07998,1.07885,1.07948,2370,0,0
2025-03-27 23:00:00,1.07949,1.08024,1.07939,1.08014,842,1,0
2025-03-28 00:00:00,1.07977,1.07993,1.07958,1.07971,163,1,0
2025-03-28 01:00:00,1.07971,1.07987,1.07954,1.07961,534,1,0
2025-03-28 02:00:00,1.07961,1.08014,1.0796000000000001,1.08008,920,0,0
2025-03-28 03:00:00,1.08008,1.08009,1.07884,1.07949,1985,0,0
2025-03-28 04:00:00,1.07949,1.07987,1.07918,1.07939,2295,0,0
2025-03-28 05:00:00,1.07939,1.07967,1.07906,1.07945,1613,0,0
2025-03-28 06:00:00,1.07945,1.07968,1.07911,1.07922,1324,0,0
2025-03-28 07:00:00,1.07922,1.07934,1.07845,1.07888,1240,0,0
2025-03-28 08:00:00,1.07888,1.0793,1.07866,1.07907,1423,0,0
2025-03-28 09:00:00,1.07907,1.07923,1.07829,1.07854,1664,0,0
2025-03-28 10:00:00,1.07854,1.07998,1.07819,1.07873,3673,0,0
2025-03-28 11:00:00,1.07873,1.07964,1.07756,1.07781,4347,0,0
2025-03-28 12:00:00,1.07781,1.07809,1.07691,1.07739,3401,0,0
2025-03-28 13:00:00,1.07739,1.07786,1.07678,1.07689,2936,0,0
2025-03-28 14:00:00,1.07689,1.07747,1.0765,1.07717,2593,0,0
2025-03-28 15:00:00,1.07717,1.07919,1.07654,1.07889,4483,0,0
2025-03-28 16:00:00,1.07889,1.08168,1.0784799999999999,1.08105,6461,0,0
2025-03-28 17:00:00,1.08105,1.08313,1.08093,1.08229,6407,0,0
2025-03-28 18:00:00,1.08229,1.08447,1.08195,1.08254,5654,0,0
2025-03-28 19:00:00,1.08254,1.08331,1.0820400000000001,1.0822,4160,0,0
2025-03-28 20:00:00,1.0822,1.08285,1.08123,1.08198,3658,0,0
2025-03-28 21:00:00,1.08198,1.08277,1.0814,1.0824799999999999,3213,0,0
2025-03-28 22:00:00,1.0824799999999999,1.08289,1.08231,1.08255,2440,0,0
2025-03-28 23:00:00,1.08255,1.08361,1.08252,1.08279,1536,1,0
2025-03-31 00:00:00,1.08253,1.08275,1.08128,1.0814,201,1,0
2025-03-31 01:00:00,1.0814,1.08225,1.08054,1.0821,1858,1,0
2025-03-31 02:00:00,1.0821,1.08294,1.08107,1.08236,2755,0,0
2025-03-31 03:00:00,1.08236,1.08415,1.08233,1.08415,3017,0,0
2025-03-31 04:00:00,1.08415,1.08453,1.08313,1.08329,3131,0,0
2025-03-31 05:00:00,1.08329,1.08455,1.08294,1.08408,2108,0,0
2025-03-31 06:00:00,1.08408,1.08418,1.0832600000000001,1.08334,1683,0,0
2025-03-31 07:00:00,1.08334,1.0836,1.08315,1.08345,1433,0,0
2025-03-31 08:00:00,1.08345,1.08427,1.08315,1.08347,2080,0,0
2025-03-31 09:00:00,1.08347,1.08448,1.08252,1.08376,4500,0,0
2025-03-31 10:00:00,1.08376,1.08493,1.08211,1.08316,6498,0,0
2025-03-31 11:00:00,1.08316,1.08342,1.0812,1.08277,5092,0,0
2025-03-31 12:00:00,1.08277,1.08305,1.0815,1.08164,3578,0,0
2025-03-31 13:00:00,1.08164,1.08208,1.08057,1.08183,3611,0,0
2025-03-31 14:00:00,1.08183,1.08292,1.08156,1.082,3831,0,0
2025-03-31 15:00:00,1.082,1.08213,1.08013,1.0804,4193,0,0
2025-03-31 16:00:00,1.0804,1.08213,1.0803,1.08079,5116,0,0
2025-03-31 17:00:00,1.08079,1.08087,1.07843,1.08019,5986,0,0
2025-03-31 18:00:00,1.08019,1.08171,1.07908,1.07945,6650,0,0
2025-03-31 19:00:00,1.07945,1.08159,1.07853,1.0812,4502,0,0
2025-03-31 20:00:00,1.0812,1.08175,1.0808200000000001,1.08146,2774,0,0
2025-03-31 21:00:00,1.08146,1.08178,1.08073,1.08147,2905,0,0
2025-03-31 22:00:00,1.08147,1.08198,1.08122,1.08141,2550,0,0
2025-03-31 23:00:00,1.08142,1.08189,1.08096,1.08137,1074,1,0
2025-04-01 00:00:00,1.08168,1.08193,1.08164,1.08188,244,1,0
2025-04-01 01:00:00,1.08188,1.082,1.08161,1.08185,608,1,0
2025-04-01 02:00:00,1.08185,1.08196,1.08142,1.08176,1036,0,0
2025-04-01 03:00:00,1.08176,1.0826500000000001,1.08175,1.0825,2464,0,0
2025-04-01 04:00:00,1.0825,1.08267,1.08172,1.0820400000000001,2652,0,0
2025-04-01 05:00:00,1.0820400000000001,1.08284,1.08199,1.08243,1910,0,0
2025-04-01 06:00:00,1.08243,1.08277,1.08215,1.08267,1825,0,0
2025-04-01 07:00:00,1.08267,1.083,1.08253,1.08254,1460,0,0
2025-04-01 08:00:00,1.08254,1.08256,1.08068,1.08074,2407,0,0
2025-04-01 09:00:00,1.08074,1.08104,1.07992,1.0808200000000001,3839,0,0
2025-04-01 10:00:00,1.0808200000000001,1.08124,1.07996,1.08016,5101,0,0
2025-04-01 11:00:00,1.08016,1.08178,1.08004,1.08175,3413,0,0
2025-04-01 12:00:00,1.08175,1.08291,1.0815,1.08177,3801,0,0
2025-04-01 13:00:00,1.08177,1.08189,1.07903,1.07985,5103,0,0
2025-04-01 14:00:00,1.07985,1.07988,1.07786,1.07814,5121,0,0
2025-04-01 15:00:00,1.07814,1.07952,1.07814,1.07875,4136,0,0
2025-04-01 16:00:00,1.07875,1.07953,1.07796,1.07877,4706,0,0
2025-04-01 17:00:00,1.07877,1.08123,1.0783800000000001,1.08074,7452,0,0
2025-04-01 18:00:00,1.08074,1.08122,1.07987,1.07997,5672,0,0
2025-04-01 19:00:00,1.07997,1.0803,1.07929,1.07995,4134,0,0
2025-04-01 20:00:00,1.07995,1.08045,1.07913,1.07933,2603,0,0
2025-04-01 21:00:00,1.07933,1.07947,1.07854,1.07874,2952,0,0
2025-04-01 22:00:00,1.07874,1.07908,1.07854,1.07897,2169,0,0
2025-04-01 23:00:00,1.07897,1.0802,1.07886,1.07907,1318,1,0
2025-04-02 00:00:00,1.07867,1.07947,1.07867,1.0793,219,14,0
2025-04-02 01:00:00,1.07939,1.08081,1.07927,1.0799,1188,1,0
2025-04-02 02:00:00,1.0799,1.07996,1.07943,1.07943,1010,0,0
2025-04-02 03:00:00,1.07943,1.07953,1.07892,1.07907,2400,0,0
2025-04-02 04:00:00,1.07907,1.07948,1.07873,1.07946,2295,0,0
2025-04-02 05:00:00,1.07946,1.08018,1.07944,1.07947,1813,0,0
2025-04-02 06:00:00,1.07947,1.07999,1.07939,1.0796000000000001,1404,0,0
2025-04-02 07:00:00,1.0796000000000001,1.07974,1.07926,1.07929,1062,0,0
2025-04-02 08:00:00,1.07929,1.0793,1.07864,1.07894,1903,0,0
2025-04-02 09:00:00,1.07894,1.07963,1.07878,1.0793,3057,0,0
2025-04-02 10:00:00,1.0793,1.07948,1.07805,1.07917,3857,0,0
2025-04-02 11:00:00,1.07917,1.08017,1.07904,1.07978,3391,0,0
2025-04-02 12:00:00,1.07978,1.08081,1.07961,1.0806,3156,0,0
2025-04-02 13:00:00,1.0806,1.08066,1.07863,1.0795,3884,0,0
2025-04-02 14:00:00,1.0795,1.08062,1.07914,1.08024,3385,0,0
2025-04-02 15:00:00,1.08024,1.08194,1.07963,1.0819,4434,0,0
2025-04-02 16:00:00,1.0819,1.08293,1.08147,1.08264,5113,0,0
2025-04-02 17:00:00,1.08264,1.08616,1.08194,1.08584,6388,0,0
2025-04-02 18:00:00,1.08584,1.0873,1.08514,1.08673,5855,0,0
2025-04-02 19:00:00,1.08673,1.08679,1.08472,1.08521,4352,0,0
2025-04-02 20:00:00,1.08521,1.08595,1.08502,1.08521,3157,0,0
2025-04-02 21:00:00,1.08521,1.08591,1.0848200000000001,1.0854300000000001,3305,0,0
2025-04-02 22:00:00,1.0854300000000001,1.08561,1.08469,1.08498,2752,0,0
2025-04-02 23:00:00,1.08497,1.09242,1.08108,1.08524,11278,1,0
2025-04-03 00:00:00,1.08442,1.0855299999999999,1.08104,1.08275,639,1,0
2025-04-03 01:00:00,1.08275,1.08394,1.0805,1.08389,4686,1,0
2025-04-03 02:00:00,1.08389,1.09113,1.08376,1.09045,7473,0,0
2025-04-03 03:00:00,1.09045,1.09072,1.088,1.0891,8056,0,0
2025-04-03 04:00:00,1.0891,1.0923,1.08869,1.09135,6333,0,0
2025-04-03 05:00:00,1.09135,1.09245,1.09094,1.09124,4623,0,0
2025-04-03 06:00:00,1.09124,1.0921,1.09079,1.09152,3861,0,0
2025-04-03 07:00:00,1.09152,1.09163,1.0906,1.09072,3158,0,0
2025-04-03 08:00:00,1.09072,1.0952,1.09068,1.09447,4758,0,0
2025-04-03 09:00:00,1.09447,1.09899,1.0935,1.09894,8878,0,0
2025-04-03 10:00:00,1.09894,1.099,1.0943100000000001,1.09706,8398,0,0
2025-04-03 11:00:00,1.09706,1.10205,1.09706,1.10095,7029,0,0
2025-04-03 12:00:00,1.10095,1.10473,1.1004,1.10305,7370,0,0
2025-04-03 13:00:00,1.10305,1.11471,1.10278,1.10529,10785,0,0
2025-04-03 14:00:00,1.10529,1.11011,1.10391,1.10879,8549,0,0
2025-04-03 15:00:00,1.10879,1.11092,1.10733,1.1082,9611,0,0
2025-04-03 16:00:00,1.1082,1.1135,1.10704,1.10805,11110,0,0
2025-04-03 17:00:00,1.10805,1.11273,1.10798,1.11186,10440,0,0
2025-04-03 18:00:00,1.11186,1.1118999999999999,1.1041,1.10505,9360,0,0
2025-04-03 19:00:00,1.10505,1.10558,1.10326,1.10386,7687,0,0
2025-04-03 20:00:00,1.10386,1.10395,1.1018,1.10243,5844,0,0
2025-04-03 21:00:00,1.10243,1.10406,1.10192,1.10372,4617,0,0
2025-04-03 22:00:00,1.10372,1.10374,1.10158,1.10274,3927,0,0
2025-04-03 23:00:00,1.1027,1.10527,1.10221,1.10512,2174,1,0
2025-04-04 00:00:00,1.10501,1.1052,1.10478,1.10517,248,1,0
2025-04-04 01:00:00,1.10517,1.10715,1.10481,1.10642,2163,1,0
2025-04-04 02:00:00,1.10642,1.10649,1.10419,1.10451,3574,0,0
2025-04-04 03:00:00,1.10451,1.1064,1.10366,1.10605,5442,0,0
2025-04-04 04:00:00,1.10605,1.10732,1.10571,1.10674,4864,0,0
2025-04-04 05:00:00,1.10674,1.10794,1.10606,1.10631,4428,0,0
2025-04-04 06:00:00,1.10631,1.10984,1.10574,1.10936,4955,0,0
2025-04-04 07:00:00,1.10936,1.10983,1.1082,1.10873,4695,0,0
2025-04-04 08:00:00,1.10873,1.11076,1.10785,1.1084100000000001,5082,0,0
2025-04-04 09:00:00,1.1084100000000001,1.1086,1.10503,1.10509,6772,0,0
2025-04-04 10:00:00,1.10509,1.10669,1.09999,1.10045,8697,0,0
2025-04-04 11:00:00,1.10045,1.10096,1.09756,1.09966,9933,0,0
2025-04-04 12:00:00,1.09966,1.09977,1.09717,1.09847,8099,0,0
2025-04-04 13:00:00,1.09847,1.10498,1.09647,1.10308,12452,0,0
2025-04-04 14:00:00,1.10308,1.10798,1.10223,1.10604,12832,0,0
2025-04-04 15:00:00,1.10604,1.10892,1.10079,1.10201,14489,0,0
2025-04-04 16:00:00,1.10201,1.1048,1.10055,1.1006,14140,0,0
2025-04-04 17:00:00,1.1006,1.1014599999999999,1.09603,1.09861,14049,0,0
2025-04-04 18:00:00,1.09861,1.10169,1.0967,1.10138,15017,0,0
2025-04-04 19:00:00,1.10138,1.1019700000000001,1.09619,1.09713,10844,0,0
2025-04-04 20:00:00,1.09713,1.09767,1.09244,1.09476,10643,0,0
2025-04-04 21:00:00,1.09476,1.0967,1.09397,1.09448,8001,0,0
2025-04-04 22:00:00,1.09448,1.09646,1.09278,1.09434,7367,0,0
2025-04-04 23:00:00,1.0943100000000001,1.09672,1.09325,1.09639,3739,1,0
2025-04-07 00:00:00,1.08871,1.09208,1.08788,1.09149,797,1,0
2025-04-07 01:00:00,1.09149,1.09945,1.09138,1.0982,6026,1,0
2025-04-07 02:00:00,1.09826,1.10012,1.0981,1.09832,9234,0,0
2025-04-07 03:00:00,1.09832,1.09837,1.09464,1.09668,9339,0,0
2025-04-07 04:00:00,1.09668,1.09802,1.09545,1.09683,9403,0,0
2025-04-07 05:00:00,1.09683,1.09684,1.09201,1.0935,6176,0,0
2025-04-07 06:00:00,1.0935,1.09545,1.09301,1.0950199999999999,3923,0,0
2025-04-07 07:00:00,1.0950199999999999,1.09875,1.09477,1.09848,3685,0,0
2025-04-07 08:00:00,1.09848,1.10204,1.09777,1.10182,7864,0,0
2025-04-07 09:00:00,1.10182,1.1023,1.09942,1.10032,11396,0,0
2025-04-07 10:00:00,1.10032,1.10499,1.09981,1.1001,13467,0,0
2025-04-07 11:00:00,1.1001,1.10217,1.09681,1.09923,11725,0,0
2025-04-07 12:00:00,1.09923,1.09964,1.09503,1.09625,9778,0,0
2025-04-07 13:00:00,1.09625,1.09905,1.09579,1.09591,9789,0,0
2025-04-07 14:00:00,1.09591,1.09694,1.09355,1.09694,10384,0,0
2025-04-07 15:00:00,1.09694,1.09911,1.09395,1.0974,12257,0,0
2025-04-07 16:00:00,1.0974,1.0977,1.09371,1.09418,12288,0,0
2025-04-07 17:00:00,1.09418,1.09826,1.0917,1.09219,16628,0,0
2025-04-07 18:00:00,1.09219,1.09362,1.09015,1.09118,13140,0,0
2025-04-07 19:00:00,1.09118,1.09325,1.09044,1.09321,8634,0,0
2025-04-07 20:00:00,1.09321,1.095,1.09293,1.09391,8026,0,0
2025-04-07 21:00:00,1.09391,1.09522,1.09239,1.09334,6709,0,0
2025-04-07 22:00:00,1.09334,1.09463,1.09137,1.09161,6419,0,0
2025-04-07 23:00:00,1.09162,1.09195,1.09015,1.09039,3057,1,0
2025-04-08 00:00:00,1.09015,1.09124,1.09011,1.0911,186,22,0
2025-04-08 01:00:00,1.09118,1.09204,1.09082,1.09168,1372,1,0
2025-04-08 02:00:00,1.09168,1.09189,1.09077,1.09151,2988,0,0
2025-04-08 03:00:00,1.09151,1.0950199999999999,1.0915,1.09401,5183,0,0
2025-04-08 04:00:00,1.09401,1.09615,1.09383,1.09596,7075,0,0
2025-04-08 05:00:00,1.09596,1.09802,1.09595,1.0971,4067,0,0
2025-04-08 06:00:00,1.0971,1.09723,1.09612,1.09638,3429,0,0
2025-04-08 07:00:00,1.09638,1.09795,1.09624,1.09758,3632,0,0
2025-04-08 08:00:00,1.09758,1.0976,1.09542,1.0968,4782,0,0
2025-04-08 09:00:00,1.0968,1.09918,1.09617,1.09769,7805,0,0
2025-04-08 10:00:00,1.09769,1.09803,1.09218,1.09238,10047,0,0
2025-04-08 11:00:00,1.09238,1.09486,1.09231,1.09368,8180,0,0
2025-04-08 12:00:00,1.09368,1.09376,1.09114,1.09201,7767,0,0
2025-04-08 13:00:00,1.09201,1.09393,1.09139,1.09277,7321,0,0
2025-04-08 14:00:00,1.09277,1.09447,1.09251,1.09344,8462,0,0
2025-04-08 15:00:00,1.09344,1.09684,1.09344,1.09488,8122,0,0
2025-04-08 16:00:00,1.09488,1.09557,1.09273,1.09361,10550,0,0
2025-04-08 17:00:00,1.09361,1.09362,1.08888,1.09101,11253,0,0
2025-04-08 18:00:00,1.09101,1.09193,1.08961,1.0912,8866,0,0
2025-04-08 19:00:00,1.0912,1.09322,1.08989,1.09296,8892,0,0
2025-04-08 20:00:00,1.09296,1.09486,1.09265,1.0934,9669,0,0
2025-04-08 21:00:00,1.0934,1.09693,1.09295,1.0952,8342,0,0
2025-04-08 22:00:00,1.0952,1.09778,1.09509,1.09541,8226,0,0
2025-04-08 23:00:00,1.09538,1.09628,1.09389,1.09568,3086,1,0
2025-04-09 00:00:00,1.09543,1.09584,1.09473,1.09577,278,36,0
2025-04-09 01:00:00,1.09577,1.09776,1.09559,1.09682,1934,1,0
2025-04-09 02:00:00,1.09683,1.0985,1.09663,1.09779,4914,0,0
2025-04-09 03:00:00,1.09779,1.10164,1.09714,1.10147,8836,0,0
2025-04-09 04:00:00,1.10147,1.10397,1.10139,1.10201,9545,0,0
2025-04-09 05:00:00,1.10201,1.10286,1.10098,1.1019700000000001,6947,0,0
2025-04-09 06:00:00,1.1019700000000001,1.10355,1.1013,1.10196,6840,0,0
2025-04-09 07:00:00,1.10196,1.10688,1.10188,1.10684,9825,0,0
2025-04-09 08:00:00,1.10684,1.10684,1.10294,1.10614,9206,0,0
2025-04-09 09:00:00,1.10614,1.10897,1.1043,1.10735,12806,0,0
2025-04-09 10:00:00,1.10735,1.10798,1.10097,1.10158,14193,0,0
2025-04-09 11:00:00,1.10158,1.10349,1.09983,1.10278,11685,0,0
2025-04-09 12:00:00,1.10278,1.10501,1.10096,1.10445,8721,0,0
2025-04-09 13:00:00,1.10445,1.10579,1.10255,1.10329,8336,0,0
2025-04-09 14:00:00,1.10329,1.10567,1.10213,1.10357,12568,0,0
2025-04-09 15:00:00,1.10357,1.10949,1.10348,1.10754,11194,0,0
2025-04-09 16:00:00,1.10754,1.10817,1.1033,1.10449,11679,0,0
2025-04-09 17:00:00,1.10449,1.10512,1.10262,1.1041,9951,0,0
2025-04-09 18:00:00,1.1041,1.10691,1.10365,1.10385,8675,0,0
2025-04-09 19:00:00,1.10385,1.1042399999999999,1.10139,1.10204,6754,0,0
2025-04-09 20:00:00,1.10204,1.10636,1.0946,1.09755,15354,0,0
2025-04-09 21:00:00,1.09755,1.09829,1.09137,1.09643,13215,0,0
2025-04-09 22:00:00,1.09643,1.09765,1.09324,1.09353,9054,0,0
2025-04-09 23:00:00,1.09356,1.0962,1.09286,1.09454,4945,1,0
2025-04-10 00:00:00,1.09457,1.09536,1.09451,1.09474,174,6,0
2025-04-10 01:00:00,1.09505,1.09628,1.09498,1.09602,3067,1,0
2025-04-10 02:00:00,1.09602,1.0961,1.0943100000000001,1.09509,4370,0,0
2025-04-10 03:00:00,1.09509,1.09866,1.09504,1.09862,7465,0,0
2025-04-10 04:00:00,1.09862,1.09879,1.09697,1.09721,6029,0,0
2025-04-10 05:00:00,1.09721,1.09791,1.09617,1.0971899999999999,5032,0,0
2025-04-10 06:00:00,1.0971899999999999,1.09892,1.09704,1.09815,4754,0,0
2025-04-10 07:00:00,1.09815,1.0985,1.09777,1.09828,4428,0,0
2025-04-10 08:00:00,1.09828,1.09955,1.0977999999999999,1.09856,4521,0,0
2025-04-10 09:00:00,1.09856,1.09888,1.0963,1.0983,7610,0,0
2025-04-10 10:00:00,1.0983,1.10308,1.09677,1.10266,10243,0,0
2025-04-10 11:00:00,1.10266,1.10478,1.10165,1.10377,8483,0,0
2025-04-10 12:00:00,1.10377,1.106,1.10335,1.10591,7437,0,0
2025-04-10 13:00:00,1.10591,1.10812,1.10552,1.10795,8023,0,0
2025-04-10 14:00:00,1.10795,1.10883,1.10674,1.10706,7742,0,0
2025-04-10 15:00:00,1.10706,1.11318,1.10682,1.10975,10322,0,0
2025-04-10 16:00:00,1.10975,1.11344,1.1091199999999999,1.11273,9846,0,0
2025-04-10 17:00:00,1.11273,1.11864,1.11248,1.11855,10853,0,0
2025-04-10 18:00:00,1.11855,1.12287,1.1154,1.11913,13022,0,0
2025-04-10 19:00:00,1.11913,1.12103,1.11777,1.11968,11363,0,0
2025-04-10 20:00:00,1.11968,1.12108,1.11745,1.12098,9977,0,0
2025-04-10 21:00:00,1.12098,1.12415,1.12014,1.12153,8759,0,0
2025-04-10 22:00:00,1.12153,1.1219999999999999,1.1159,1.12064,8919,0,0
2025-04-10 23:00:00,1.1205,1.1205,1.11814,1.11983,4113,1,0
2025-04-11 00:00:00,1.11928,1.11995,1.11864,1.11874,369,1,0
2025-04-11 01:00:00,1.11954,1.1235,1.11888,1.12345,3040,1,0
2025-04-11 02:00:00,1.12345,1.12624,1.12133,1.12574,6378,0,0
2025-04-11 03:00:00,1.12574,1.13842,1.12516,1.13104,11745,0,0
2025-04-11 04:00:00,1.13104,1.1323,1.12759,1.13055,10518,0,0
2025-04-11 05:00:00,1.13055,1.13228,1.12953,1.13022,8036,0,0
2025-04-11 06:00:00,1.13022,1.13547,1.13021,1.13413,6334,0,0
2025-04-11 07:00:00,1.13413,1.13414,1.13103,1.13223,5006,0,0
2025-04-11 08:00:00,1.13223,1.13235,1.12711,1.12856,5783,0,0
2025-04-11 09:00:00,1.12856,1.1289500000000001,1.12471,1.12865,9350,0,0
2025-04-11 10:00:00,1.12865,1.13689,1.12838,1.13646,11644,0,0
2025-04-11 11:00:00,1.13646,1.14739,1.13494,1.14275,13764,0,0
2025-04-11 12:00:00,1.14275,1.14275,1.13849,1.13859,10639,0,0
2025-04-11 13:00:00,1.13859,1.13859,1.13206,1.13369,10541,0,0
2025-04-11 14:00:00,1.13369,1.13717,1.13241,1.13293,8863,0,0
2025-04-11 15:00:00,1.13293,1.13988,1.13249,1.13954,11275,0,0
2025-04-11 16:00:00,1.13954,1.14121,1.13245,1.13606,13610,0,0
2025-04-11 17:00:00,1.13606,1.13817,1.13275,1.13401,13804,0,0
2025-04-11 18:00:00,1.13401,1.13498,1.13127,1.1325,10873,0,0
2025-04-11 19:00:00,1.1325,1.13274,1.1277,1.13058,8676,0,0
2025-04-11 20:00:00,1.13058,1.13269,1.12827,1.1286,6974,0,0
2025-04-11 21:00:00,1.1286,1.1320999999999999,1.12848,1.13128,7020,0,0
2025-04-11 22:00:00,1.13128,1.13436,1.1309,1.13415,5405,0,0
2025-04-11 23:00:00,1.1341700000000001,1.13609,1.13363,1.13595,3158,1,0
2025-04-14 00:00:00,1.13127,1.13198,1.13116,1.1318,238,22,0
2025-04-14 01:00:00,1.1318,1.13548,1.1318,1.13335,3381,1,0
2025-04-14 02:00:00,1.13344,1.13495,1.13239,1.13424,4548,0,0
2025-04-14 03:00:00,1.13424,1.13709,1.1341,1.13652,6585,0,0
2025-04-14 04:00:00,1.13652,1.14092,1.13643,1.13855,6999,0,0
2025-04-14 05:00:00,1.13855,1.14013,1.13711,1.13723,5063,0,0
2025-04-14 06:00:00,1.13723,1.13841,1.1358,1.13717,4609,0,0
2025-04-14 07:00:00,1.13717,1.1385,1.13657,1.13677,3207,0,0
2025-04-14 08:00:00,1.13677,1.1388,1.1353,1.13853,4389,0,0
2025-04-14 09:00:00,1.13853,1.14238,1.13767,1.14173,8231,0,0
2025-04-14 10:00:00,1.14173,1.14246,1.13837,1.13898,8969,0,0
2025-04-14 11:00:00,1.13898,1.14097,1.13792,1.13876,7741,0,0
2025-04-14 12:00:00,1.13876,1.14078,1.13869,1.1387,7157,0,0
2025-04-14 13:00:00,1.1387,1.13921,1.13717,1.13873,5927,0,0
2025-04-14 14:00:00,1.13873,1.1406,1.13727,1.13841,5333,0,0
2025-04-14 15:00:00,1.13841,1.13885,1.13348,1.13391,7862,0,0
2025-04-14 16:00:00,1.13391,1.13418,1.12963,1.13276,10348,0,0
2025-04-14 17:00:00,1.13276,1.1368,1.1320000000000001,1.13675,7664,0,0
2025-04-14 18:00:00,1.13675,1.13818,1.13532,1.13575,7821,0,0
2025-04-14 19:00:00,1.13575,1.13705,1.13304,1.13311,7004,0,0
2025-04-14 20:00:00,1.13311,1.13479,1.13288,1.13385,5535,0,0
2025-04-14 21:00:00,1.13385,1.13569,1.13378,1.13544,4645,0,0
2025-04-14 22:00:00,1.13544,1.13699,1.13502,1.1354899999999999,3568,0,0
2025-04-14 23:00:00,1.13551,1.13584,1.13433,1.13496,3125,1,0
2025-04-15 00:00:00,1.13411,1.13564,1.13401,1.13525,399,1,0
2025-04-15 01:00:00,1.13525,1.13615,1.13453,1.13538,1462,1,0
2025-04-15 02:00:00,1.13538,1.13543,1.13338,1.13362,2834,0,0
2025-04-15 03:00:00,1.13362,1.13394,1.1317599999999999,1.13289,4642,0,0
2025-04-15 04:00:00,1.13289,1.1335,1.13162,1.13243,3935,0,0
2025-04-15 05:00:00,1.13243,1.13522,1.13242,1.13495,3275,0,0
2025-04-15 06:00:00,1.13495,1.1353,1.13437,1.13477,2630,0,0
2025-04-15 07:00:00,1.13477,1.13632,1.13451,1.13571,2772,0,0
2025-04-15 08:00:00,1.13571,1.13678,1.13494,1.13511,3348,0,0
2025-04-15 09:00:00,1.13511,1.13644,1.13283,1.13325,6059,0,0
2025-04-15 10:00:00,1.13325,1.13598,1.1320999999999999,1.13571,6761,0,0
2025-04-15 11:00:00,1.13571,1.13788,1.13438,1.13469,7168,0,0
2025-04-15 12:00:00,1.13469,1.1356,1.13335,1.13388,5590,0,0
2025-04-15 13:00:00,1.13388,1.13492,1.13326,1.1344400000000001,4816,0,0
2025-04-15 14:00:00,1.1344400000000001,1.1344400000000001,1.13144,1.13265,5843,0,0
2025-04-15 15:00:00,1.13265,1.13413,1.13091,1.13133,7962,0,0
2025-04-15 16:00:00,1.13133,1.13284,1.13056,1.13179,8245,0,0
2025-04-15 17:00:00,1.13179,1.13294,1.12857,1.13288,10033,0,0
2025-04-15 18:00:00,1.13288,1.1329,1.12825,1.1289,6918,0,0
2025-04-15 19:00:00,1.1289,1.12919,1.12644,1.12742,5674,0,0
2025-04-15 20:00:00,1.12742,1.12827,1.12671,1.12732,4495,0,0
2025-04-15 21:00:00,1.12732,1.12766,1.12668,1.12733,4069,0,0
2025-04-15 22:00:00,1.12733,1.12876,1.12715,1.12824,2678,0,0
2025-04-15 23:00:00,1.12824,1.12899,1.12795,1.1280999999999999,1539,1,0
2025-04-16 00:00:00,1.12803,1.12852,1.12786,1.12802,179,16,0
2025-04-16 01:00:00,1.12802,1.12995,1.12791,1.12954,1517,1,0
2025-04-16 02:00:00,1.12955,1.12988,1.12832,1.12939,3064,0,0
2025-04-16 03:00:00,1.12939,1.13216,1.1293,1.13168,6211,0,0
2025-04-16 04:00:00,1.13168,1.13308,1.13162,1.13236,4895,0,0
2025-04-16 05:00:00,1.13236,1.1332,1.1318,1.13275,4070,0,0
2025-04-16 06:00:00,1.13275,1.13432,1.13246,1.13431,3675,0,0
2025-04-16 07:00:00,1.13431,1.13477,1.13331,1.13461,3516,0,0
2025-04-16 08:00:00,1.13461,1.13853,1.13412,1.13809,4994,0,0
2025-04-16 09:00:00,1.13809,1.13827,1.13609,1.1360999999999999,6251,0,0
2025-04-16 10:00:00,1.1360999999999999,1.1392,1.13595,1.1387,6621,0,0
2025-04-16 11:00:00,1.1387,1.13883,1.13387,1.13695,9531,0,0
2025-04-16 12:00:00,1.13695,1.13778,1.13563,1.13604,7160,0,0
2025-04-16 13:00:00,1.13604,1.13741,1.13526,1.13575,6267,0,0
2025-04-16 14:00:00,1.13575,1.13738,1.13548,1.1363,5712,0,0
2025-04-16 15:00:00,1.1363,1.13655,1.13409,1.13514,8226,0,0
2025-04-16 16:00:00,1.13514,1.13738,1.135,1.1367,8531,0,0
2025-04-16 17:00:00,1.1367,1.13842,1.13544,1.13838,8297,0,0
2025-04-16 18:00:00,1.13838,1.13865,1.13574,1.13814,6889,0,0
2025-04-16 19:00:00,1.13814,1.1387,1.13705,1.1375,5333,0,0
2025-04-16 20:00:00,1.1375,1.13897,1.13595,1.13754,7165,0,0
2025-04-16 21:00:00,1.13754,1.13883,1.13653,1.13864,6924,0,0
2025-04-16 22:00:00,1.13864,1.14127,1.13847,1.13867,5933,0,0
2025-04-16 23:00:00,1.13866,1.13998,1.13817,1.1397599999999999,3076,1,0
2025-04-17 00:00:00,1.13904,1.13996,1.13895,1.13965,479,4,0
2025-04-17 01:00:00,1.13965,1.14001,1.13949,1.13995,1544,1,0
2025-04-17 02:00:00,1.13995,1.14095,1.13944,1.13959,2634,0,0
2025-04-17 03:00:00,1.13959,1.13973,1.13652,1.13683,6004,0,0
2025-04-17 04:00:00,1.13683,1.13692,1.13556,1.13654,5820,0,0
2025-04-17 05:00:00,1.13654,1.13816,1.13651,1.13785,3827,0,0
2025-04-17 06:00:00,1.13785,1.13806,1.13643,1.13646,3084,0,0
2025-04-17 07:00:00,1.13646,1.13699,1.13606,1.13625,2371,0,0
2025-04-17 08:00:00,1.13625,1.1371,1.13446,1.13522,3462,0,0
2025-04-17 09:00:00,1.13522,1.13708,1.13436,1.13593,5655,0,0
2025-04-17 10:00:00,1.13593,1.13788,1.13533,1.13765,6862,0,0
2025-04-17 11:00:00,1.13765,1.13885,1.13686,1.13784,5568,0,0
2025-04-17 12:00:00,1.13784,1.13811,1.13704,1.13728,4999,0,0
2025-04-17 13:00:00,1.13728,1.13769,1.13578,1.13599,5883,0,0
2025-04-17 14:00:00,1.13599,1.137,1.13561,1.13568,4653,0,0
2025-04-17 15:00:00,1.13568,1.13679,1.13355,1.13564,9577,0,0
2025-04-17 16:00:00,1.13564,1.13775,1.1351499999999999,1.13615,10040,0,0
2025-04-17 17:00:00,1.13615,1.13857,1.1339,1.13495,8394,0,0
2025-04-17 18:00:00,1.13495,1.13765,1.13477,1.13632,6713,0,0
2025-04-17 19:00:00,1.13632,1.1371,1.13404,1.13509,6806,0,0
2025-04-17 20:00:00,1.13509,1.13537,1.13413,1.1351,4147,0,0
2025-04-17 21:00:00,1.1351,1.13752,1.13434,1.13733,4575,0,0
2025-04-17 22:00:00,1.13733,1.13761,1.13685,1.13733,2925,0,0
2025-04-17 23:00:00,1.1373199999999999,1.13765,1.13621,1.13631,1704,1,0
2025-04-18 00:00:00,1.13615,1.1368800000000001,1.13585,1.13659,284,18,0
2025-04-18 01:00:00,1.13659,1.13708,1.13645,1.1366,2007,1,0
2025-04-18 02:00:00,1.1366,1.13747,1.13655,1.13725,653,0,0
2025-04-18 03:00:00,1.13725,1.13862,1.13616,1.13737,2941,0,0
2025-04-18 04:00:00,1.13737,1.13768,1.13681,1.13708,3877,0,0
2025-04-18 05:00:00,1.13708,1.13786,1.1369,1.13716,3341,0,0
2025-04-18 06:00:00,1.13716,1.13755,1.13685,1.1373199999999999,3480,0,0
2025-04-18 07:00:00,1.1373199999999999,1.13736,1.13687,1.1369,2753,0,0
2025-04-18 08:00:00,1.1369,1.13734,1.13654,1.13702,3074,0,0
2025-04-18 09:00:00,1.13702,1.13767,1.13615,1.13617,4063,0,0
2025-04-18 10:00:00,1.13617,1.13763,1.13582,1.13697,5032,0,0
2025-04-18 11:00:00,1.13697,1.13724,1.13668,1.13706,7354,0,0
2025-04-18 12:00:00,1.13706,1.1373,1.13678,1.1369,6131,0,0
2025-04-18 13:00:00,1.1369,1.1374900000000001,1.13684,1.13742,6219,0,0
2025-04-18 14:00:00,1.13742,1.1383,1.13715,1.13802,7268,0,0
2025-04-18 15:00:00,1.13802,1.13867,1.138,1.1383,5827,0,0
2025-04-18 16:00:00,1.1383,1.13836,1.13776,1.13787,4941,0,0
2025-04-18 17:00:00,1.13787,1.13975,1.13774,1.13958,4833,0,0
2025-04-18 18:00:00,1.13958,1.13959,1.13873,1.13917,5026,0,0
2025-04-18 19:00:00,1.13917,1.13941,1.13874,1.13932,3492,0,0
2025-04-18 20:00:00,1.13932,1.13941,1.139,1.13919,2635,0,0
2025-04-18 21:00:00,1.13919,1.1395,1.13911,1.13946,2022,0,0
2025-04-18 22:00:00,1.13946,1.13958,1.13923,1.13931,1312,0,0
2025-04-18 23:00:00,1.13931,1.1394,1.13893,1.1390500000000001,1678,1,0
2025-04-21 00:00:00,1.13948,1.14239,1.13924,1.14229,637,7,0
2025-04-21 01:00:00,1.14005,1.1438,1.1391499999999999,1.14327,2501,1,0
2025-04-21 02:00:00,1.14327,1.14582,1.14327,1.14493,4959,0,0
2025-04-21 03:00:00,1.14493,1.1486,1.14493,1.14664,7123,0,0
2025-04-21 04:00:00,1.14664,1.14785,1.14653,1.1476899999999999,4918,0,0
2025-04-21 05:00:00,1.1476899999999999,1.15318,1.14723,1.15049,6174,0,0
2025-04-21 06:00:00,1.15049,1.15248,1.1504699999999999,1.15152,3730,0,0
2025-04-21 07:00:00,1.15152,1.15173,1.14992,1.15173,3494,0,0
2025-04-21 08:00:00,1.15173,1.15345,1.15147,1.15313,4206,0,0
2025-04-21 09:00:00,1.15313,1.15344,1.15051,1.15154,5014,0,0
2025-04-21 10:00:00,1.15154,1.15675,1.15095,1.15556,6490,0,0
2025-04-21 11:00:00,1.15556,1.15646,1.1538,1.15582,6340,0,0
2025-04-21 12:00:00,1.15582,1.15731,1.15452,1.15475,5268,0,0
2025-04-21 13:00:00,1.15475,1.15484,1.15217,1.15238,4894,0,0
2025-04-21 14:00:00,1.15238,1.1547399999999999,1.15134,1.15427,5091,0,0
2025-04-21 15:00:00,1.15427,1.1549800000000001,1.15218,1.15426,5967,0,0
2025-04-21 16:00:00,1.15426,1.15428,1.15018,1.15191,7538,0,0
2025-04-21 17:00:00,1.15191,1.15247,1.14899,1.14978,7507,0,0
2025-04-21 18:00:00,1.14978,1.15077,1.14819,1.1507,6145,0,0
2025-04-21 19:00:00,1.1507,1.1513200000000001,1.15006,1.15093,4491,0,0
2025-04-21 20:00:00,1.15093,1.15146,1.14939,1.15137,4106,0,0
2025-04-21 21:00:00,1.15137,1.15252,1.1512,1.15222,3552,0,0
2025-04-21 22:00:00,1.15222,1.15268,1.15126,1.15128,2963,0,0
2025-04-21 23:00:00,1.15128,1.1516,1.1505,1.1512,1888,1,0
2025-04-22 00:00:00,1.1514,1.15148,1.15048,1.15087,268,11,0
2025-04-22 01:00:00,1.15087,1.15252,1.15066,1.15232,987,1,0
2025-04-22 02:00:00,1.15232,1.15239,1.15078,1.15141,3004,0,0
2025-04-22 03:00:00,1.15141,1.15143,1.14823,1.14905,5699,0,0
2025-04-22 04:00:00,1.14905,1.14984,1.1486,1.14946,5142,0,0
2025-04-22 05:00:00,1.14946,1.15205,1.14939,1.15205,3843,0,0
2025-04-22 06:00:00,1.15205,1.1540300000000001,1.15188,1.15347,4960,0,0
2025-04-22 07:00:00,1.15347,1.154,1.15276,1.15306,3286,0,0
2025-04-22 08:00:00,1.15306,1.15472,1.15186,1.15422,5762,0,0
2025-04-22 09:00:00,1.15422,1.15458,1.14965,1.15011,8042,0,0
2025-04-22 10:00:00,1.15011,1.15094,1.14835,1.15055,8290,0,0
2025-04-22 11:00:00,1.15055,1.15151,1.1495,1.15002,7117,0,0
2025-04-22 12:00:00,1.15002,1.15076,1.1488,1.14907,6057,0,0
2025-04-22 13:00:00,1.14907,1.15006,1.14883,1.14889,5614,0,0
2025-04-22 14:00:00,1.14889,1.15007,1.14842,1.14861,4905,0,0
2025-04-22 15:00:00,1.14861,1.14903,1.14625,1.14706,7505,0,0
2025-04-22 16:00:00,1.14706,1.14851,1.14563,1.14745,6929,0,0
2025-04-22 17:00:00,1.14745,1.14921,1.14613,1.1478,7092,0,0
2025-04-22 18:00:00,1.1478,1.14856,1.1464,1.14653,5643,0,0
2025-04-22 19:00:00,1.14653,1.14689,1.14334,1.1434199999999999,7605,0,0
2025-04-22 20:00:00,1.1434199999999999,1.14539,1.14311,1.14502,5675,0,0
2025-04-22 21:00:00,1.14502,1.14502,1.14229,1.14272,3971,0,0
2025-04-22 22:00:00,1.14272,1.14341,1.14198,1.14209,3103,0,0
2025-04-22 23:00:00,1.14211,1.14302,1.14175,1.14202,1732,1,0
2025-04-23 00:00:00,1.142,1.14262,1.1360999999999999,1.13615,1023,1,0
2025-04-23 01:00:00,1.13653,1.13699,1.13081,1.13371,6017,1,0
2025-04-23 02:00:00,1.13379,1.13626,1.13297,1.13507,6268,0,0
2025-04-23 03:00:00,1.13507,1.13982,1.13493,1.13974,7763,0,0
2025-04-23 04:00:00,1.13974,1.14152,1.13847,1.14075,6469,0,0
2025-04-23 05:00:00,1.14075,1.14108,1.1390500000000001,1.14047,5121,0,0
2025-04-23 06:00:00,1.14047,1.14051,1.13735,1.13795,4323,0,0
2025-04-23 07:00:00,1.13795,1.13916,1.13712,1.139,3548,0,0
2025-04-23 08:00:00,1.139,1.13997,1.13714,1.13772,4573,0,0
2025-04-23 09:00:00,1.13772,1.13964,1.1374900000000001,1.1385,7478,0,0
2025-04-23 10:00:00,1.1385,1.14087,1.13785,1.13862,8420,0,0
2025-04-23 11:00:00,1.13862,1.14151,1.13799,1.14129,6235,0,0
2025-04-23 12:00:00,1.14129,1.14398,1.14127,1.14185,5811,0,0
2025-04-23 13:00:00,1.14185,1.14194,1.1390500000000001,1.14023,4841,0,0
2025-04-23 14:00:00,1.14023,1.14162,1.13864,1.1411,5235,0,0
2025-04-23 15:00:00,1.1411,1.14196,1.14023,1.14057,5537,0,0
2025-04-23 16:00:00,1.14057,1.1412200000000001,1.1333199999999999,1.13336,10209,0,0
2025-04-23 17:00:00,1.13336,1.13813,1.13283,1.13537,13010,0,0
2025-04-23 18:00:00,1.13537,1.13834,1.13442,1.1349,10721,0,0
2025-04-23 19:00:00,1.1349,1.13656,1.1337,1.13403,7228,0,0
2025-04-23 20:00:00,1.13403,1.13442,1.13252,1.1329799999999999,4667,0,0
2025-04-23 21:00:00,1.1329799999999999,1.13304,1.13156,1.1324,4383,0,0
2025-04-23 22:00:00,1.1324,1.13319,1.13184,1.13274,3608,0,0
2025-04-23 23:00:00,1.13274,1.13285,1.13105,1.13145,2243,1,0
2025-04-24 00:00:00,1.1314,1.13209,1.13126,1.13177,327,26,0
2025-04-24 01:00:00,1.13177,1.13472,1.13175,1.13323,1705,1,0
2025-04-24 02:00:00,1.13323,1.13386,1.13267,1.1329799999999999,3044,0,0
2025-04-24 03:00:00,1.1329799999999999,1.13466,1.13218,1.13435,4740,0,0
2025-04-24 04:00:00,1.13435,1.13575,1.134,1.13501,5520,0,0
2025-04-24 05:00:00,1.13501,1.13573,1.13466,1.13551,3585,0,0
2025-04-24 06:00:00,1.13551,1.1356,1.13368,1.13385,2644,0,0
2025-04-24 07:00:00,1.13385,1.13422,1.13325,1.13391,2377,0,0
2025-04-24 08:00:00,1.13391,1.1346,1.1331,1.13366,3839,0,0
2025-04-24 09:00:00,1.13366,1.13543,1.13362,1.13521,4919,0,0
2025-04-24 10:00:00,1.13521,1.13805,1.13516,1.13796,6036,0,0
2025-04-24 11:00:00,1.13796,1.13929,1.13634,1.13804,6075,0,0
2025-04-24 12:00:00,1.13804,1.13909,1.13754,1.1384400000000001,4267,0,0
2025-04-24 13:00:00,1.1384400000000001,1.13946,1.13766,1.13797,4268,0,0
2025-04-24 14:00:00,1.13797,1.13902,1.13687,1.1373199999999999,4674,0,0
2025-04-24 15:00:00,1.1373199999999999,1.1379,1.13581,1.13765,6323,0,0
2025-04-24 16:00:00,1.13765,1.1384,1.1363699999999999,1.1376,6152,0,0
2025-04-24 17:00:00,1.1376,1.13873,1.13634,1.13725,7171,0,0
2025-04-24 18:00:00,1.13725,1.13758,1.1347800000000001,1.13608,6226,0,0
2025-04-24 19:00:00,1.13608,1.13808,1.13581,1.13798,4631,0,0
2025-04-24 20:00:00,1.13798,1.13855,1.13677,1.13696,3162,0,0
2025-04-24 21:00:00,1.13696,1.1379299999999999,1.13641,1.13779,2741,0,0
2025-04-24 22:00:00,1.13779,1.1397599999999999,1.13776,1.13846,2795,0,0
2025-04-24 23:00:00,1.1384400000000001,1.13979,1.13819,1.13883,1834,1,0
2025-04-25 00:00:00,1.13849,1.13912,1.13812,1.13864,588,12,0
2025-04-25 01:00:00,1.13864,1.1391499999999999,1.13831,1.13864,1198,1,0
2025-04-25 02:00:00,1.13864,1.13883,1.13708,1.1373,2386,0,0
2025-04-25 03:00:00,1.1373,1.1373,1.13471,1.13476,4023,0,0
2025-04-25 04:00:00,1.13476,1.1355,1.13429,1.13441,4107,0,0
2025-04-25 05:00:00,1.13441,1.13516,1.13415,1.13483,2829,0,0
2025-04-25 06:00:00,1.13483,1.13593,1.13254,1.13262,4868,0,0
2025-04-25 07:00:00,1.13262,1.1336,1.1316,1.1335,3923,0,0
2025-04-25 08:00:00,1.1335,1.1341700000000001,1.13257,1.13315,4193,0,0
2025-04-25 09:00:00,1.13315,1.13574,1.13219,1.1342,5520,0,0
2025-04-25 10:00:00,1.1342,1.13683,1.1342,1.13597,6508,0,0
2025-04-25 11:00:00,1.13597,1.13648,1.13402,1.13504,4405,0,0
2025-04-25 12:00:00,1.13504,1.13608,1.13452,1.13465,4347,0,0
2025-04-25 13:00:00,1.13465,1.13595,1.13344,1.13559,5178,0,0
2025-04-25 14:00:00,1.13559,1.13665,1.13461,1.13496,3912,0,0
2025-04-25 15:00:00,1.13496,1.13598,1.13495,1.13526,3991,0,0
2025-04-25 16:00:00,1.13526,1.13553,1.13333,1.13534,6320,0,0
2025-04-25 17:00:00,1.13534,1.13805,1.13524,1.1368800000000001,6757,0,0
2025-04-25 18:00:00,1.1368800000000001,1.13823,1.13579,1.13802,4138,0,0
2025-04-25 19:00:00,1.13802,1.13887,1.13685,1.13689,3373,0,0
2025-04-25 20:00:00,1.13689,1.13827,1.13652,1.13766,3681,0,0
2025-04-25 21:00:00,1.13766,1.1381000000000001,1.13694,1.13795,3094,0,0
2025-04-25 22:00:00,1.13795,1.13807,1.13586,1.13592,2736,0,0
2025-04-25 23:00:00,1.13592,1.13644,1.13569,1.13628,1399,1,0
2025-04-28 00:00:00,1.13622,1.13652,1.1357,1.1358,165,18,0
2025-04-28 01:00:00,1.1358,1.13651,1.13399,1.135,1233,1,0
2025-04-28 02:00:00,1.135,1.1354899999999999,1.13418,1.13451,1681,0,0
2025-04-28 03:00:00,1.13451,1.13646,1.1345,1.13638,3446,0,0
2025-04-28 04:00:00,1.13638,1.13666,1.13499,1.1351499999999999,3554,0,0
2025-04-28 05:00:00,1.1351499999999999,1.1357,1.13436,1.13535,2284,0,0
2025-04-28 06:00:00,1.13535,1.13601,1.13514,1.13565,1801,0,0
2025-04-28 07:00:00,1.13565,1.13724,1.13528,1.13721,2589,0,0
2025-04-28 08:00:00,1.13721,1.13808,1.13715,1.13748,2763,0,0
2025-04-28 09:00:00,1.13748,1.13748,1.1329799999999999,1.13318,5102,0,0
2025-04-28 10:00:00,1.13318,1.13617,1.13311,1.13487,4991,0,0
2025-04-28 11:00:00,1.13487,1.13517,1.13355,1.13441,4026,0,0
2025-04-28 12:00:00,1.13441,1.13586,1.13426,1.13502,4395,0,0
2025-04-28 13:00:00,1.13502,1.13602,1.13463,1.13508,3306,0,0
2025-04-28 14:00:00,1.13508,1.1356,1.13414,1.13516,3387,0,0
2025-04-28 15:00:00,1.13516,1.13727,1.13506,1.13513,4791,0,0
2025-04-28 16:00:00,1.13513,1.1374,1.13399,1.13648,5944,0,0
2025-04-28 17:00:00,1.13648,1.14137,1.13577,1.13789,7644,0,0
2025-04-28 18:00:00,1.13789,1.13923,1.13712,1.13862,5597,0,0
2025-04-28 19:00:00,1.13862,1.14222,1.1385399999999999,1.14116,5073,0,0
2025-04-28 20:00:00,1.14116,1.14191,1.14006,1.14014,4781,0,0
2025-04-28 21:00:00,1.14014,1.14139,1.14007,1.14133,3384,0,0
2025-04-28 22:00:00,1.14133,1.1425,1.14131,1.14219,2823,0,0
2025-04-28 23:00:00,1.14219,1.14249,1.14176,1.14187,1583,1,0
2025-04-29 00:00:00,1.14129,1.14216,1.14129,1.142,272,3,0
2025-04-29 01:00:00,1.142,1.14218,1.14119,1.14127,1076,1,0
2025-04-29 02:00:00,1.14132,1.14219,1.14008,1.14077,2283,0,0
2025-04-29 03:00:00,1.14077,1.14162,1.13993,1.1400000000000001,3067,0,0
2025-04-29 04:00:00,1.1400000000000001,1.1409,1.13878,1.13925,3497,0,0
2025-04-29 05:00:00,1.13925,1.14199,1.1392,1.13986,3921,0,0
2025-04-29 06:00:00,1.13986,1.1400000000000001,1.13868,1.1390500000000001,2908,0,0
2025-04-29 07:00:00,1.1390500000000001,1.13937,1.13744,1.13785,2465,0,0
2025-04-29 08:00:00,1.13785,1.1388099999999999,1.13763,1.13869,2954,0,0
2025-04-29 09:00:00,1.13869,1.13993,1.13831,1.13898,4514,0,0
2025-04-29 10:00:00,1.13898,1.1412,1.13872,1.1403699999999999,6052,0,0
2025-04-29 11:00:00,1.1403699999999999,1.14083,1.13818,1.13855,5036,0,0
2025-04-29 12:00:00,1.13855,1.13975,1.13806,1.13806,3915,0,0
2025-04-29 13:00:00,1.13806,1.13855,1.13733,1.13782,3797,0,0
2025-04-29 14:00:00,1.13782,1.13868,1.13714,1.1374900000000001,4027,0,0
2025-04-29 15:00:00,1.1374900000000001,1.14144,1.13703,1.14104,6014,0,0
2025-04-29 16:00:00,1.14104,1.14168,1.13903,1.13972,6837,0,0
2025-04-29 17:00:00,1.13972,1.14175,1.13792,1.13833,8883,0,0
2025-04-29 18:00:00,1.13833,1.14044,1.13824,1.13964,5134,0,0
2025-04-29 19:00:00,1.13964,1.14188,1.13957,1.14035,4597,0,0
2025-04-29 20:00:00,1.14035,1.14046,1.1384,1.13862,3209,0,0
2025-04-29 21:00:00,1.13862,1.13933,1.13764,1.13823,3343,0,0
2025-04-29 22:00:00,1.13823,1.13886,1.13762,1.13816,2624,0,0
2025-04-29 23:00:00,1.13814,1.13921,1.13806,1.13848,1518,1,0
2025-04-30 00:00:00,1.13805,1.13888,1.13763,1.13824,1385,1,0
2025-04-30 01:00:00,1.13824,1.13956,1.13816,1.13918,978,1,0
2025-04-30 02:00:00,1.13918,1.13933,1.13861,1.13903,1391,0,0
2025-04-30 03:00:00,1.13903,1.13953,1.13772,1.13826,2990,0,0
2025-04-30 04:00:00,1.13826,1.13865,1.13573,1.1359,3522,0,0
2025-04-30 05:00:00,1.1359,1.13724,1.13554,1.13703,2812,0,0
2025-04-30 06:00:00,1.13703,1.13797,1.13672,1.1369,2326,0,0
2025-04-30 07:00:00,1.1369,1.1378,1.13666,1.13736,2419,0,0
2025-04-30 08:00:00,1.13736,1.13843,1.13717,1.13829,2355,0,0
2025-04-30 09:00:00,1.13829,1.13994,1.1366100000000001,1.13903,4458,0,0
2025-04-30 10:00:00,1.13903,1.13906,1.13737,1.13777,4889,0,0
2025-04-30 11:00:00,1.13777,1.13852,1.1362700000000001,1.13715,5078,0,0
2025-04-30 12:00:00,1.13715,1.13794,1.13606,1.1362700000000001,3909,0,0
2025-04-30 13:00:00,1.1362700000000001,1.13697,1.1360999999999999,1.13623,3316,0,0
2025-04-30 14:00:00,1.13623,1.13805,1.13563,1.13738,3887,0,0
2025-04-30 15:00:00,1.13738,1.13886,1.13651,1.13734,7971,0,0
2025-04-30 16:00:00,1.13734,1.13774,1.13617,1.13689,6914,0,0
2025-04-30 17:00:00,1.13689,1.13795,1.135,1.13668,9096,0,0
2025-04-30 18:00:00,1.13668,1.13752,1.13236,1.1348,8924,0,0
2025-04-30 19:00:00,1.1348,1.1359,1.13446,1.13554,4294,0,0
2025-04-30 20:00:00,1.13554,1.13647,1.1345399999999999,1.13461,3480,0,0
2025-04-30 21:00:00,1.13461,1.13584,1.13432,1.13491,4283,0,0
2025-04-30 22:00:00,1.13491,1.13532,1.13281,1.13299,3033,0,0
2025-04-30 23:00:00,1.133,1.13313,1.13171,1.13276,2818,1,0
2025-05-01 00:00:00,1.13223,1.13314,1.13223,1.13251,177,12,0
2025-05-01 01:00:00,1.13251,1.13305,1.13221,1.13254,1463,1,0
2025-05-01 02:00:00,1.13256,1.13262,1.13186,1.13225,1783,0,0
2025-05-01 03:00:00,1.13225,1.13294,1.13207,1.1322,2606,0,0
2025-05-01 04:00:00,1.1322,1.13225,1.13031,1.13085,2703,0,0
2025-05-01 05:00:00,1.13085,1.1316,1.13061,1.13151,1982,0,0
2025-05-01 06:00:00,1.13151,1.13186,1.13,1.13118,3218,0,0
2025-05-01 07:00:00,1.13118,1.13142,1.1302699999999999,1.1303,2645,0,0
2025-05-01 08:00:00,1.1303,1.13065,1.12882,1.12998,3838,0,0
2025-05-01 09:00:00,1.12998,1.13124,1.1298300000000001,1.13029,4677,0,0
2025-05-01 10:00:00,1.13029,1.13105,1.12879,1.131,4901,0,0
2025-05-01 11:00:00,1.131,1.13307,1.13098,1.1320000000000001,3767,0,0
2025-05-01 12:00:00,1.1320000000000001,1.13249,1.13137,1.13147,3199,0,0
2025-05-01 13:00:00,1.13147,1.13341,1.13123,1.13321,3621,0,0
2025-05-01 14:00:00,1.13321,1.1341,1.13166,1.13202,4211,0,0
2025-05-01 15:00:00,1.13202,1.13388,1.13085,1.13154,6506,0,0
2025-05-01 16:00:00,1.13154,1.13276,1.13114,1.13189,5645,0,0
2025-05-01 17:00:00,1.13189,1.13189,1.12703,1.12815,8383,0,0
2025-05-01 18:00:00,1.12815,1.129,1.12661,1.12791,5893,0,0
2025-05-01 19:00:00,1.12791,1.1292,1.12731,1.12906,4432,0,0
2025-05-01 20:00:00,1.12906,1.12912,1.12798,1.12829,2970,0,0
2025-05-01 21:00:00,1.12829,1.12934,1.12754,1.12859,3412,0,0
2025-05-01 22:00:00,1.12859,1.1292200000000001,1.12815,1.12885,2735,0,0
2025-05-01 23:00:00,1.12885,1.1294,1.12846,1.12893,1634,1,0
2025-05-02 00:00:00,1.12845,1.1289,1.12838,1.12868,191,11,0
2025-05-02 01:00:00,1.12868,1.12991,1.12868,1.12951,939,1,0
2025-05-02 02:00:00,1.12951,1.12975,1.12913,1.12957,1634,0,0
2025-05-02 03:00:00,1.12957,1.12992,1.12744,1.12821,3722,0,0
2025-05-02 04:00:00,1.12821,1.1295600000000001,1.12789,1.12955,3719,0,0
2025-05-02 05:00:00,1.12955,1.13034,1.12933,1.12943,2534,0,0
2025-05-02 06:00:00,1.12943,1.13155,1.12941,1.13126,2566,0,0
2025-05-02 07:00:00,1.13126,1.1313900000000001,1.13015,1.13041,3145,0,0
2025-05-02 08:00:00,1.13041,1.1313900000000001,1.13023,1.13081,2854,0,0
2025-05-02 09:00:00,1.13081,1.13291,1.13062,1.13257,5085,0,0
2025-05-02 10:00:00,1.13257,1.13377,1.13179,1.13286,4944,0,0
2025-05-02 11:00:00,1.13286,1.13347,1.13164,1.13314,4580,0,0
2025-05-02 12:00:00,1.13314,1.1355,1.13253,1.13506,5143,0,0
2025-05-02 13:00:00,1.13506,1.13518,1.13279,1.13313,4393,0,0
2025-05-02 14:00:00,1.13313,1.13501,1.13244,1.13464,4675,0,0
2025-05-02 15:00:00,1.13464,1.13472,1.13051,1.13188,9345,0,0
2025-05-02 16:00:00,1.13188,1.13797,1.1315,1.13731,9630,0,0
2025-05-02 17:00:00,1.13731,1.13808,1.1358,1.13685,8243,0,0
2025-05-02 18:00:00,1.13685,1.13685,1.13209,1.1329,6727,0,0
2025-05-02 19:00:00,1.1329,1.13389,1.13175,1.13202,6777,0,0
2025-05-02 20:00:00,1.13202,1.13205,1.12987,1.13045,4845,0,0
2025-05-02 21:00:00,1.13045,1.13084,1.12928,1.12996,4031,0,0
2025-05-02 22:00:00,1.12996,1.13087,1.12995,1.13045,2860,0,0
2025-05-02 23:00:00,1.13043,1.13051,1.12935,1.13005,1469,1,0
2025-05-05 00:00:00,1.12965,1.1308,1.12899,1.1297,235,21,0
2025-05-05 01:00:00,1.1297,1.13151,1.1297,1.13057,2045,1,0
2025-05-05 02:00:00,1.13057,1.13279,1.13022,1.13214,2296,0,0
2025-05-05 03:00:00,1.13214,1.13241,1.13144,1.13225,2923,0,0
2025-05-05 04:00:00,1.13225,1.13401,1.13225,1.13349,4583,0,0
2025-05-05 05:00:00,1.13349,1.1347,1.13317,1.13423,3112,0,0
2025-05-05 06:00:00,1.13423,1.13427,1.13284,1.13324,2526,0,0
2025-05-05 07:00:00,1.13324,1.13392,1.13286,1.13374,2404,0,0
2025-05-05 08:00:00,1.13374,1.13475,1.13304,1.13335,3895,0,0
2025-05-05 09:00:00,1.13335,1.13369,1.13185,1.1326,5433,0,0
2025-05-05 10:00:00,1.1326,1.13307,1.13133,1.13133,5076,0,0
2025-05-05 11:00:00,1.13133,1.13327,1.13116,1.13267,5275,0,0
2025-05-05 12:00:00,1.13267,1.13438,1.13265,1.13411,5211,0,0
2025-05-05 13:00:00,1.13411,1.13456,1.13333,1.13446,4595,0,0
2025-05-05 14:00:00,1.13446,1.13573,1.13403,1.13427,4574,0,0
2025-05-05 15:00:00,1.13427,1.13632,1.13404,1.13598,5986,0,0
2025-05-05 16:00:00,1.13598,1.13649,1.13524,1.13542,5679,0,0
2025-05-05 17:00:00,1.13542,1.13542,1.13311,1.1338300000000001,7838,0,0
2025-05-05 18:00:00,1.1338300000000001,1.13413,1.13128,1.13147,5625,0,0
2025-05-05 19:00:00,1.13147,1.13147,1.12995,1.1302699999999999,4554,0,0
2025-05-05 20:00:00,1.1302699999999999,1.13111,1.12978,1.13003,3276,0,0
2025-05-05 21:00:00,1.13003,1.13153,1.12974,1.13129,2854,0,0
2025-05-05 22:00:00,1.13129,1.1320999999999999,1.13107,1.1314899999999999,2724,0,0
2025-05-05 23:00:00,1.13148,1.13202,1.13118,1.1313900000000001,1303,1,0
2025-05-06 00:00:00,1.13118,1.1317,1.13098,1.13146,192,18,0
2025-05-06 01:00:00,1.13146,1.13197,1.13132,1.13145,627,1,0
2025-05-06 02:00:00,1.13145,1.13164,1.13099,1.13126,1139,0,0
2025-05-06 03:00:00,1.13126,1.13127,1.12813,1.12865,3806,0,0
2025-05-06 04:00:00,1.12865,1.12967,1.12801,1.12939,4739,0,0
2025-05-06 05:00:00,1.12939,1.1313900000000001,1.12929,1.13072,3466,0,0
2025-05-06 06:00:00,1.13072,1.1317300000000001,1.13037,1.1314899999999999,2831,0,0
2025-05-06 07:00:00,1.1314899999999999,1.13274,1.13144,1.13243,2367,0,0
2025-05-06 08:00:00,1.13243,1.13256,1.13138,1.13186,2115,0,0
2025-05-06 09:00:00,1.13186,1.13353,1.13141,1.13264,4242,0,0
2025-05-06 10:00:00,1.13264,1.1347800000000001,1.13226,1.13394,5772,0,0
2025-05-06 11:00:00,1.13394,1.13494,1.13228,1.13276,6385,0,0
2025-05-06 12:00:00,1.13276,1.13301,1.13055,1.1312,5305,0,0
2025-05-06 13:00:00,1.1312,1.13273,1.13097,1.13257,4272,0,0
2025-05-06 14:00:00,1.13257,1.1335,1.13226,1.13274,4701,0,0
2025-05-06 15:00:00,1.13274,1.13436,1.13172,1.13403,5163,0,0
2025-05-06 16:00:00,1.13403,1.13574,1.13266,1.13532,6168,0,0
2025-05-06 17:00:00,1.13532,1.13696,1.13412,1.13413,7130,0,0
2025-05-06 18:00:00,1.13413,1.13498,1.1335600000000001,1.13434,4974,0,0
2025-05-06 19:00:00,1.13434,1.13558,1.13311,1.1349,4542,0,0
2025-05-06 20:00:00,1.1349,1.13703,1.1349,1.13644,3567,0,0
2025-05-06 21:00:00,1.13644,1.13721,1.13551,1.13714,2938,0,0
2025-05-06 22:00:00,1.13714,1.13811,1.13672,1.13726,2627,0,0
2025-05-06 23:00:00,1.13725,1.13798,1.13657,1.13684,2069,1,0
2025-05-07 00:00:00,1.13617,1.13712,1.13601,1.13706,292,12,0
2025-05-07 01:00:00,1.13706,1.13745,1.1326,1.13427,4559,1,0
2025-05-07 02:00:00,1.13427,1.13455,1.13331,1.13405,3583,0,0
2025-05-07 03:00:00,1.13405,1.13513,1.13258,1.13409,6408,0,0
2025-05-07 04:00:00,1.13409,1.13516,1.13266,1.13447,6111,0,0
2025-05-07 05:00:00,1.13447,1.13494,1.13358,1.13414,4663,0,0
2025-05-07 06:00:00,1.13414,1.13474,1.13368,1.13457,2964,0,0
2025-05-07 07:00:00,1.13457,1.1351499999999999,1.13433,1.13441,2556,0,0
2025-05-07 08:00:00,1.13441,1.1367,1.13433,1.13652,3617,0,0
2025-05-07 09:00:00,1.13652,1.13781,1.13599,1.13738,4672,0,0
2025-05-07 10:00:00,1.13738,1.13738,1.13553,1.13626,5244,0,0
2025-05-07 11:00:00,1.13626,1.13737,1.13544,1.13586,4861,0,0
2025-05-07 12:00:00,1.13586,1.13619,1.13474,1.13567,4319,0,0
2025-05-07 13:00:00,1.13567,1.13667,1.13563,1.13654,3453,0,0
2025-05-07 14:00:00,1.13654,1.13727,1.13564,1.13577,3823,0,0
2025-05-07 15:00:00,1.13577,1.13664,1.1356,1.13592,4406,0,0
2025-05-07 16:00:00,1.13592,1.13682,1.13533,1.13666,5472,0,0
2025-05-07 17:00:00,1.13666,1.13708,1.13548,1.13672,5402,0,0
2025-05-07 18:00:00,1.13672,1.13695,1.13421,1.13474,5400,0,0
2025-05-07 19:00:00,1.13474,1.13542,1.1337,1.13492,3913,0,0
2025-05-07 20:00:00,1.13492,1.13498,1.13351,1.13381,3327,0,0
2025-05-07 21:00:00,1.13381,1.1365,1.13205,1.13343,10383,0,0
2025-05-07 22:00:00,1.13343,1.13345,1.13008,1.13067,8444,0,0
2025-05-07 23:00:00,1.13067,1.13081,1.12916,1.12997,2283,1,0
2025-05-08 00:00:00,1.12973,1.13141,1.12973,1.13112,377,6,0
2025-05-08 01:00:00,1.13112,1.13112,1.12998,1.13012,1457,1,0
2025-05-08 02:00:00,1.13012,1.13101,1.13012,1.13032,1677,0,0
2025-05-08 03:00:00,1.13032,1.13224,1.13024,1.13106,3593,0,0
2025-05-08 04:00:00,1.13106,1.13326,1.13085,1.13315,5332,0,0
2025-05-08 05:00:00,1.13315,1.13353,1.13228,1.1323,3915,0,0
2025-05-08 06:00:00,1.1323,1.13364,1.13228,1.13274,3007,0,0
2025-05-08 07:00:00,1.13274,1.13309,1.13181,1.13184,2336,0,0
2025-05-08 08:00:00,1.13184,1.13186,1.12973,1.13038,4389,0,0
2025-05-08 09:00:00,1.13038,1.13075,1.12768,1.12826,6409,0,0
2025-05-08 10:00:00,1.12826,1.12975,1.12706,1.12972,6102,0,0
2025-05-08 11:00:00,1.12972,1.13031,1.1284,1.12881,5265,0,0
2025-05-08 12:00:00,1.12881,1.12979,1.12833,1.12851,4214,0,0
2025-05-08 13:00:00,1.12851,1.12995,1.12755,1.12878,3916,0,0
2025-05-08 14:00:00,1.12878,1.13049,1.12855,1.12958,5228,0,0
2025-05-08 15:00:00,1.12958,1.13202,1.12931,1.12999,6248,0,0
2025-05-08 16:00:00,1.12999,1.1311499999999999,1.1295600000000001,1.13064,6710,0,0
2025-05-08 17:00:00,1.13064,1.13163,1.12761,1.12784,7456,0,0
2025-05-08 18:00:00,1.12784,1.12898,1.12347,1.12479,9452,0,0
2025-05-08 19:00:00,1.12479,1.12494,1.12208,1.12263,7123,0,0
2025-05-08 20:00:00,1.12263,1.12296,1.12128,1.12265,4783,0,0
2025-05-08 21:00:00,1.12265,1.12306,1.12195,1.12245,3320,0,0
2025-05-08 22:00:00,1.12245,1.12283,1.1212,1.1226099999999999,3823,0,0
2025-05-08 23:00:00,1.1226099999999999,1.12298,1.12198,1.12283,1979,1,0
2025-05-09 00:00:00,1.12214,1.12267,1.12214,1.12267,127,3,0
2025-05-09 01:00:00,1.12267,1.12329,1.12246,1.12318,1251,1,0
2025-05-09 02:00:00,1.12318,1.12325,1.12225,1.12269,1993,0,0
2025-05-09 03:00:00,1.12269,1.12333,1.12134,1.12268,4376,0,0
2025-05-09 04:00:00,1.12268,1.12289,1.1211,1.12123,4779,0,0
2025-05-09 05:00:00,1.12123,1.12192,1.1197,1.12183,4675,0,0
2025-05-09 06:00:00,1.12183,1.12275,1.12182,1.12229,4140,0,0
2025-05-09 07:00:00,1.12229,1.12297,1.12227,1.1227800000000001,2802,0,0
2025-05-09 08:00:00,1.1227800000000001,1.12366,1.12187,1.12357,3236,0,0
2025-05-09 09:00:00,1.12357,1.12474,1.1232199999999999,1.12407,4440,0,0
2025-05-09 10:00:00,1.12407,1.12582,1.12374,1.12515,5610,0,0
2025-05-09 11:00:00,1.12515,1.1259000000000001,1.12425,1.12564,4572,0,0
2025-05-09 12:00:00,1.12564,1.12597,1.12453,1.12465,3973,0,0
2025-05-09 13:00:00,1.12465,1.12511,1.12427,1.12461,3876,0,0
2025-05-09 14:00:00,1.12461,1.12607,1.12438,1.12543,5293,0,0
2025-05-09 15:00:00,1.12543,1.12567,1.12472,1.12539,4430,0,0
2025-05-09 16:00:00,1.12539,1.1268,1.12531,1.12588,5374,0,0
2025-05-09 17:00:00,1.12588,1.1293,1.1256,1.12679,6556,0,0
2025-05-09 18:00:00,1.12679,1.12729,1.12606,1.12695,5432,0,0
2025-05-09 19:00:00,1.12695,1.12753,1.12577,1.12589,3614,0,0
2025-05-09 20:00:00,1.12589,1.12652,1.12531,1.1262,2985,0,0
2025-05-09 21:00:00,1.1262,1.12663,1.12548,1.12588,2692,0,0
2025-05-09 22:00:00,1.12588,1.126,1.12486,1.12571,2373,0,0
2025-05-09 23:00:00,1.12571,1.12573,1.12445,1.12465,1515,1,0
2025-05-12 00:00:00,1.11974,1.12234,1.11919,1.1209500000000001,350,2,0
2025-05-12 01:00:00,1.1209500000000001,1.12315,1.12076,1.1225,2169,1,0
2025-05-12 02:00:00,1.1225,1.12362,1.12229,1.12282,2703,0,0
2025-05-12 03:00:00,1.12282,1.12391,1.12253,1.12386,4151,0,0
2025-05-12 04:00:00,1.12386,1.12428,1.12225,1.12262,5018,0,0
2025-05-12 05:00:00,1.12262,1.1238,1.12255,1.12287,3087,0,0
2025-05-12 06:00:00,1.12287,1.12341,1.12254,1.12328,2693,0,0
2025-05-12 07:00:00,1.12328,1.12344,1.12266,1.12277,1874,0,0
2025-05-12 08:00:00,1.12277,1.12299,1.12141,1.12221,2957,0,0
2025-05-12 09:00:00,1.12221,1.12359,1.12164,1.12185,4553,0,0
2025-05-12 10:00:00,1.12185,1.12193,1.10982,1.11051,13852,0,0
2025-05-12 11:00:00,1.11051,1.11452,1.10825,1.11377,10290,0,0
2025-05-12 12:00:00,1.11377,1.11417,1.11152,1.11189,6630,0,0
2025-05-12 13:00:00,1.11189,1.11189,1.10723,1.10801,7519,0,0
2025-05-12 14:00:00,1.10801,1.11177,1.10773,1.11116,7165,0,0
2025-05-12 15:00:00,1.11116,1.11265,1.1101,1.11137,6258,0,0
2025-05-12 16:00:00,1.11137,1.11345,1.11105,1.11192,7398,0,0
2025-05-12 17:00:00,1.11192,1.11342,1.11076,1.11117,8580,0,0
2025-05-12 18:00:00,1.11117,1.11238,1.11006,1.11053,5624,0,0
2025-05-12 19:00:00,1.11053,1.11108,1.10839,1.10848,4528,0,0
2025-05-12 20:00:00,1.10848,1.10889,1.1072899999999999,1.10792,4024,0,0
2025-05-12 21:00:00,1.10792,1.10913,1.10657,1.10893,4103,0,0
2025-05-12 22:00:00,1.10893,1.10967,1.10828,1.10923,3315,0,0
2025-05-12 23:00:00,1.10922,1.10947,1.1085,1.1085,1487,1,0
2025-05-13 00:00:00,1.10846,1.10903,1.10845,1.10879,223,10,0
2025-05-13 01:00:00,1.10879,1.10947,1.10879,1.10937,1274,1,0
2025-05-13 02:00:00,1.10941,1.10998,1.10896,1.1096,1904,0,0
2025-05-13 03:00:00,1.1096,1.11065,1.10951,1.11044,3748,0,0
2025-05-13 04:00:00,1.11044,1.11091,1.11002,1.11065,4448,0,0
2025-05-13 05:00:00,1.11065,1.11113,1.10997,1.11031,2525,0,0
2025-05-13 06:00:00,1.11031,1.11168,1.10994,1.11163,2284,0,0
2025-05-13 07:00:00,1.11163,1.11171,1.11093,1.11166,2125,0,0
2025-05-13 08:00:00,1.11166,1.11195,1.11091,1.11107,2809,0,0
2025-05-13 09:00:00,1.11107,1.11184,1.11018,1.11114,4669,0,0
2025-05-13 10:00:00,1.11114,1.11243,1.11031,1.11162,5370,0,0
2025-05-13 11:00:00,1.11162,1.11176,1.11032,1.11119,4734,0,0
2025-05-13 12:00:00,1.11119,1.11154,1.11027,1.11074,3887,0,0
2025-05-13 13:00:00,1.11074,1.11096,1.1097299999999999,1.11047,3462,0,0
2025-05-13 14:00:00,1.11047,1.11122,1.11033,1.11072,2967,0,0
2025-05-13 15:00:00,1.11072,1.11311,1.11067,1.11304,6199,0,0
2025-05-13 16:00:00,1.11304,1.11485,1.11273,1.11355,7304,0,0
2025-05-13 17:00:00,1.11355,1.11643,1.11304,1.11613,7371,0,0
2025-05-13 18:00:00,1.11613,1.11777,1.11567,1.11751,5884,0,0
2025-05-13 19:00:00,1.11751,1.11825,1.11649,1.11761,3989,0,0
2025-05-13 20:00:00,1.11761,1.11796,1.1168,1.11769,2610,0,0
2025-05-13 21:00:00,1.11769,1.11859,1.11755,1.11849,2809,0,0
2025-05-13 22:00:00,1.11849,1.11919,1.11827,1.11898,2482,0,0
2025-05-13 23:00:00,1.11898,1.11949,1.11836,1.11838,1351,1,0
2025-05-14 00:00:00,1.11816,1.11863,1.11803,1.11848,317,17,0
2025-05-14 01:00:00,1.11848,1.11975,1.11845,1.1197300000000001,890,1,0
2025-05-14 02:00:00,1.1197300000000001,1.11974,1.11852,1.11862,1584,0,0
2025-05-14 03:00:00,1.11862,1.11966,1.11827,1.11923,3462,0,0
2025-05-14 04:00:00,1.11923,1.11978,1.1184,1.11886,4979,0,0
2025-05-14 05:00:00,1.11886,1.11925,1.1183,1.11887,3376,0,0
2025-05-14 06:00:00,1.11887,1.1196,1.11848,1.11953,2274,0,0
2025-05-14 07:00:00,1.11953,1.12007,1.11882,1.11892,2608,0,0
2025-05-14 08:00:00,1.11892,1.11925,1.1185,1.11866,2742,0,0
2025-05-14 09:00:00,1.11866,1.11984,1.11805,1.11885,4039,0,0
2025-05-14 10:00:00,1.11885,1.12165,1.11818,1.1215,5447,0,0
2025-05-14 11:00:00,1.1215,1.1252,1.12126,1.12389,8617,0,0
2025-05-14 12:00:00,1.12389,1.12657,1.12314,1.12526,7248,0,0
2025-05-14 13:00:00,1.12526,1.1253199999999999,1.12276,1.12312,4617,0,0
2025-05-14 14:00:00,1.12312,1.12349,1.12138,1.12176,4317,0,0
2025-05-14 15:00:00,1.12176,1.12354,1.12097,1.12256,5683,0,0
2025-05-14 16:00:00,1.12256,1.12348,1.12106,1.12203,6556,0,0
2025-05-14 17:00:00,1.12203,1.12234,1.12031,1.1212,6825,0,0
2025-05-14 18:00:00,1.1212,1.12149,1.11977,1.1205,5512,0,0
2025-05-14 19:00:00,1.1205,1.12131,1.1176,1.11893,5707,0,0
2025-05-14 20:00:00,1.11893,1.11969,1.11815,1.11892,3710,0,0
2025-05-14 21:00:00,1.11892,1.11897,1.11726,1.11785,3299,0,0
2025-05-14 22:00:00,1.11785,1.11785,1.11655,1.11675,3039,0,0
2025-05-14 23:00:00,1.11675,1.11752,1.11644,1.11719,1411,1,0
2025-05-15 00:00:00,1.11695,1.1179000000000001,1.11654,1.11757,211,7,0
2025-05-15 01:00:00,1.11757,1.11842,1.11757,1.11826,825,1,0
2025-05-15 02:00:00,1.11826,1.11879,1.11807,1.11817,1778,0,0
2025-05-15 03:00:00,1.11817,1.11944,1.11762,1.11915,3344,0,0
2025-05-15 04:00:00,1.11915,1.11995,1.11907,1.11936,3671,0,0
2025-05-15 05:00:00,1.11936,1.11963,1.11891,1.11947,2663,0,0
2025-05-15 06:00:00,1.11947,1.12013,1.11922,1.11969,2446,0,0
2025-05-15 07:00:00,1.11969,1.11997,1.11921,1.11932,2221,0,0
2025-05-15 08:00:00,1.11932,1.1199,1.11857,1.11931,2788,0,0
2025-05-15 09:00:00,1.11931,1.12277,1.11899,1.12271,4379,0,0
2025-05-15 10:00:00,1.12271,1.12279,1.11919,1.11975,5330,0,0
2025-05-15 11:00:00,1.11975,1.12113,1.11924,1.12099,4005,0,0
2025-05-15 12:00:00,1.12099,1.12131,1.1201,1.12026,3256,0,0
2025-05-15 13:00:00,1.12026,1.12113,1.11985,1.12006,3268,0,0
2025-05-15 14:00:00,1.12006,1.12031,1.11797,1.11832,3754,0,0
2025-05-15 15:00:00,1.11832,1.12138,1.11825,1.12098,6253,0,0
2025-05-15 16:00:00,1.12098,1.12237,1.11953,1.1201,7288,0,0
2025-05-15 17:00:00,1.1201,1.12106,1.1176,1.11865,6566,0,0
2025-05-15 18:00:00,1.11865,1.11968,1.11732,1.11879,4938,0,0
2025-05-15 19:00:00,1.11879,1.11906,1.1172900000000001,1.11806,3429,0,0
2025-05-15 20:00:00,1.11806,1.1189,1.11706,1.11714,3083,0,0
2025-05-15 21:00:00,1.11714,1.11796,1.1171,1.11769,2499,0,0
2025-05-15 22:00:00,1.11769,1.11863,1.1173,1.11837,2704,0,0
2025-05-15 23:00:00,1.11837,1.11875,1.1182,1.11824,1368,1,0
2025-05-16 00:00:00,1.11855,1.11892,1.11792,1.11872,476,1,0
2025-05-16 01:00:00,1.11872,1.11933,1.1185100000000001,1.11919,1100,1,0
2025-05-16 02:00:00,1.11919,1.11938,1.11897,1.11921,1851,0,0
2025-05-16 03:00:00,1.11921,1.12082,1.11907,1.12047,4154,0,0
2025-05-16 04:00:00,1.12047,1.12085,1.11985,1.12036,3164,0,0
2025-05-16 05:00:00,1.12036,1.12086,1.11996,1.12025,3069,0,0
2025-05-16 06:00:00,1.12025,1.12056,1.11992,1.12008,2535,0,0
2025-05-16 07:00:00,1.12008,1.12044,1.11965,1.12031,2148,0,0
2025-05-16 08:00:00,1.12031,1.12189,1.12011,1.12155,2957,0,0
2025-05-16 09:00:00,1.12155,1.12195,1.12073,1.12125,3952,0,0
2025-05-16 10:00:00,1.12125,1.12174,1.12065,1.12091,4518,0,0
2025-05-16 11:00:00,1.12091,1.12093,1.11974,1.11993,4054,0,0
2025-05-16 12:00:00,1.11993,1.12088,1.11918,1.11948,3389,0,0
2025-05-16 13:00:00,1.11948,1.11999,1.11884,1.11998,3428,0,0
2025-05-16 14:00:00,1.11998,1.1208,1.11905,1.11947,3537,0,0
2025-05-16 15:00:00,1.11947,1.11987,1.1191200000000001,1.11971,3958,0,0
2025-05-16 16:00:00,1.11971,1.12058,1.11885,1.12004,4475,0,0
2025-05-16 17:00:00,1.12004,1.1202,1.1152,1.11548,7614,0,0
2025-05-16 18:00:00,1.11548,1.11588,1.11402,1.11406,5002,0,0
2025-05-16 19:00:00,1.11406,1.11479,1.11313,1.11448,4082,0,0
2025-05-16 20:00:00,1.11448,1.11477,1.11397,1.11449,2574,0,0
2025-05-16 21:00:00,1.11449,1.11553,1.1143399999999999,1.11525,2725,0,0
2025-05-16 22:00:00,1.11525,1.11584,1.11477,1.11492,2425,0,0
2025-05-16 23:00:00,1.11492,1.1167,1.11449,1.11627,1859,1,0
2025-05-19 00:00:00,1.11743,1.11831,1.11688,1.11695,292,16,0
2025-05-19 01:00:00,1.11695,1.11941,1.11695,1.11901,1970,1,0
2025-05-19 02:00:00,1.11901,1.11939,1.1182,1.11888,2470,0,0
2025-05-19 03:00:00,1.11888,1.11986,1.11805,1.1197300000000001,4818,0,0
2025-05-19 04:00:00,1.1197300000000001,1.1199,1.11734,1.11763,4371,0,0
2025-05-19 05:00:00,1.11763,1.11883,1.11726,1.11821,3215,0,0
2025-05-19 06:00:00,1.11821,1.11853,1.11791,1.11814,2442,0,0
2025-05-19 07:00:00,1.11814,1.11874,1.11775,1.11842,2157,0,0
2025-05-19 08:00:00,1.11842,1.11883,1.11767,1.11849,2893,0,0
2025-05-19 09:00:00,1.11849,1.12123,1.11816,1.12092,4798,0,0
2025-05-19 10:00:00,1.12092,1.12451,1.12054,1.12385,6574,0,0
2025-05-19 11:00:00,1.12385,1.12591,1.12363,1.12571,5376,0,0
2025-05-19 12:00:00,1.12571,1.12805,1.1255,1.12799,5479,0,0
2025-05-19 13:00:00,1.12799,1.12882,1.12689,1.12785,5014,0,0
2025-05-19 14:00:00,1.12785,1.12802,1.12623,1.12729,4590,0,0
2025-05-19 15:00:00,1.12729,1.12734,1.12569,1.12573,4842,0,0
2025-05-19 16:00:00,1.12573,1.1265,1.12474,1.12518,7093,0,0
2025-05-19 17:00:00,1.12518,1.12577,1.12419,1.12535,6345,0,0
2025-05-19 18:00:00,1.12535,1.12599,1.12337,1.12366,5094,0,0
2025-05-19 19:00:00,1.12366,1.12397,1.12297,1.12353,4018,0,0
2025-05-19 20:00:00,1.12353,1.12386,1.12244,1.12303,3154,0,0
2025-05-19 21:00:00,1.12303,1.12367,1.12249,1.12347,2997,0,0
2025-05-19 22:00:00,1.12347,1.1242,1.12329,1.12401,2054,0,0
2025-05-19 23:00:00,1.12401,1.12447,1.12389,1.12399,1753,1,0
2025-05-20 00:00:00,1.12335,1.12427,1.12335,1.12415,287,20,0
2025-05-20 01:00:00,1.12415,1.1244,1.12351,1.12353,759,1,0
2025-05-20 02:00:00,1.12353,1.12364,1.12318,1.12327,1407,0,0
2025-05-20 03:00:00,1.12327,1.12327,1.12184,1.1227800000000001,3552,0,0
2025-05-20 04:00:00,1.1227800000000001,1.12512,1.1227800000000001,1.12386,4659,0,0
2025-05-20 05:00:00,1.12386,1.12462,1.12264,1.12323,3079,0,0
2025-05-20 06:00:00,1.12323,1.12476,1.12296,1.1245,3093,0,0
2025-05-20 07:00:00,1.1245,1.1250499999999999,1.12407,1.12426,2788,0,0
2025-05-20 08:00:00,1.12426,1.12584,1.12421,1.12544,4535,0,0
2025-05-20 09:00:00,1.12544,1.12622,1.1251,1.12575,4880,0,0
2025-05-20 10:00:00,1.12575,1.12778,1.12531,1.12763,5772,0,0
2025-05-20 11:00:00,1.12763,1.12763,1.12478,1.12583,5051,0,0
2025-05-20 12:00:00,1.12583,1.12671,1.12502,1.12552,4145,0,0
2025-05-20 13:00:00,1.12552,1.12579,1.12432,1.12448,3700,0,0
2025-05-20 14:00:00,1.12448,1.12517,1.12441,1.12461,3828,0,0
2025-05-20 15:00:00,1.12461,1.12475,1.1224,1.12343,4985,0,0
2025-05-20 16:00:00,1.12343,1.12496,1.12252,1.12458,6076,0,0
2025-05-20 17:00:00,1.12458,1.1269,1.12456,1.12685,7367,0,0
2025-05-20 18:00:00,1.12685,1.12697,1.12499,1.1253199999999999,4477,0,0
2025-05-20 19:00:00,1.1253199999999999,1.12578,1.12455,1.1256599999999999,3611,0,0
2025-05-20 20:00:00,1.1256599999999999,1.12774,1.12548,1.12737,3199,0,0
2025-05-20 21:00:00,1.12737,1.12802,1.12714,1.12728,4007,0,0
2025-05-20 22:00:00,1.12728,1.12826,1.1272199999999999,1.12804,2802,0,0
2025-05-20 23:00:00,1.12804,1.12859,1.12784,1.12836,1305,1,0
2025-05-21 00:00:00,1.12795,1.12847,1.12785,1.12814,216,1,0
2025-05-21 01:00:00,1.12812,1.12867,1.12805,1.1280999999999999,1464,1,0
2025-05-21 02:00:00,1.1280999999999999,1.12899,1.12806,1.12881,1566,0,0
2025-05-21 03:00:00,1.12881,1.13012,1.12876,1.12953,3883,0,0
2025-05-21 04:00:00,1.12953,1.1302699999999999,1.1287,1.1298300000000001,3763,0,0
2025-05-21 05:00:00,1.1298300000000001,1.1326,1.1297,1.1322,4880,0,0
2025-05-21 06:00:00,1.1322,1.13397,1.13195,1.1334,3696,0,0
2025-05-21 07:00:00,1.1334,1.13366,1.1326100000000001,1.13293,2768,0,0
2025-05-21 08:00:00,1.13293,1.13378,1.13269,1.13319,3703,0,0
2025-05-21 09:00:00,1.13319,1.1353,1.13226,1.13331,6687,0,0
2025-05-21 10:00:00,1.13331,1.13343,1.13144,1.13235,6148,0,0
2025-05-21 11:00:00,1.13235,1.13339,1.13124,1.13224,5006,0,0
2025-05-21 12:00:00,1.13224,1.13348,1.13151,1.13347,4180,0,0
2025-05-21 13:00:00,1.13347,1.13619,1.13313,1.1339,5662,0,0
2025-05-21 14:00:00,1.1339,1.13446,1.13192,1.13241,4852,0,0
2025-05-21 15:00:00,1.13241,1.13347,1.13175,1.13346,5822,0,0
2025-05-21 16:00:00,1.13346,1.13388,1.13236,1.13368,6231,0,0
2025-05-21 17:00:00,1.13368,1.13542,1.13328,1.13409,7131,0,0
2025-05-21 18:00:00,1.13409,1.13483,1.13327,1.13427,5366,0,0
2025-05-21 19:00:00,1.13427,1.13521,1.1339299999999999,1.13407,3258,0,0
2025-05-21 20:00:00,1.13407,1.13628,1.13379,1.13481,6601,0,0
2025-05-21 21:00:00,1.13481,1.1348799999999999,1.1332,1.13335,4283,0,0
2025-05-21 22:00:00,1.13335,1.13392,1.13184,1.13189,3913,0,0
2025-05-21 23:00:00,1.13189,1.13318,1.13157,1.13281,1731,1,0
2025-05-22 00:00:00,1.13254,1.13292,1.1324,1.13285,191,11,0
2025-05-22 01:00:00,1.13285,1.13304,1.1315,1.13153,2305,1,0
2025-05-22 02:00:00,1.13153,1.13324,1.13108,1.1332,2239,0,0
2025-05-22 03:00:00,1.1332,1.13435,1.13264,1.13276,5442,0,0
2025-05-22 04:00:00,1.13276,1.13407,1.13177,1.13376,4849,0,0
2025-05-22 05:00:00,1.13376,1.13449,1.13287,1.1339,3633,0,0
2025-05-22 06:00:00,1.1339,1.1342,1.13311,1.1333,2979,0,0
2025-05-22 07:00:00,1.1333,1.13343,1.13251,1.13331,2182,0,0
2025-05-22 08:00:00,1.13331,1.13353,1.13252,1.13334,3149,0,0
2025-05-22 09:00:00,1.13334,1.1342,1.13174,1.13227,5100,0,0
2025-05-22 10:00:00,1.13227,1.13248,1.12952,1.13212,6875,0,0
2025-05-22 11:00:00,1.13212,1.13347,1.1301700000000001,1.13022,6867,0,0
2025-05-22 12:00:00,1.13022,1.13032,1.1291,1.12947,5305,0,0
2025-05-22 13:00:00,1.12947,1.12996,1.12906,1.12924,3922,0,0
2025-05-22 14:00:00,1.12924,1.13131,1.12923,1.13086,5086,0,0
2025-05-22 15:00:00,1.13086,1.1314899999999999,1.1285,1.12949,6655,0,0
2025-05-22 16:00:00,1.12949,1.13089,1.12821,1.1283400000000001,7370,0,0
2025-05-22 17:00:00,1.1283400000000001,1.12977,1.12753,1.12774,7479,0,0
2025-05-22 18:00:00,1.12774,1.12884,1.12661,1.12807,5998,0,0
2025-05-22 19:00:00,1.12807,1.12879,1.1268799999999999,1.12698,4275,0,0
2025-05-22 20:00:00,1.12698,1.12711,1.12562,1.1267800000000001,4125,0,0
2025-05-22 21:00:00,1.1267800000000001,1.12807,1.12672,1.12779,2745,0,0
2025-05-22 22:00:00,1.12779,1.1286,1.12779,1.12787,2339,0,0
2025-05-22 23:00:00,1.12788,1.12836,1.12775,1.12789,1499,1,0
2025-05-23 00:00:00,1.12755,1.12804,1.12755,1.12795,194,8,0
2025-05-23 01:00:00,1.12795,1.12874,1.12792,1.12863,944,1,0
2025-05-23 02:00:00,1.12863,1.12891,1.12815,1.12824,1365,0,0
2025-05-23 03:00:00,1.12824,1.12998,1.12792,1.12969,3633,0,0
2025-05-23 04:00:00,1.12969,1.13185,1.1295,1.13141,3949,0,0
2025-05-23 05:00:00,1.13141,1.13177,1.13084,1.13148,2339,0,0
2025-05-23 06:00:00,1.13148,1.1317300000000001,1.13113,1.13119,1951,0,0
2025-05-23 07:00:00,1.13119,1.13208,1.13082,1.13182,2231,0,0
2025-05-23 08:00:00,1.13182,1.13256,1.13083,1.13225,2681,0,0
2025-05-23 09:00:00,1.13225,1.13267,1.13104,1.13125,4163,0,0
2025-05-23 10:00:00,1.13125,1.1344,1.13098,1.13394,4869,0,0
2025-05-23 11:00:00,1.13394,1.13445,1.13331,1.1341700000000001,3730,0,0
2025-05-23 12:00:00,1.1341700000000001,1.1354,1.13386,1.13491,4245,0,0
2025-05-23 13:00:00,1.13491,1.13578,1.13447,1.13492,3928,0,0
2025-05-23 14:00:00,1.13492,1.13755,1.12989,1.13213,9911,0,0
2025-05-23 15:00:00,1.13213,1.13498,1.12979,1.13336,10992,0,0
2025-05-23 16:00:00,1.13336,1.13382,1.13135,1.13148,8083,0,0
2025-05-23 17:00:00,1.13148,1.13461,1.13111,1.13448,6838,0,0
2025-05-23 18:00:00,1.13448,1.13594,1.13319,1.135,5266,0,0
2025-05-23 19:00:00,1.135,1.13595,1.13411,1.13582,3950,0,0
2025-05-23 20:00:00,1.13582,1.13672,1.13519,1.1360999999999999,3149,0,0
2025-05-23 21:00:00,1.1360999999999999,1.13692,1.13559,1.13595,3474,0,0
2025-05-23 22:00:00,1.13595,1.13656,1.13554,1.13634,2274,0,0
2025-05-23 23:00:00,1.1363,1.13682,1.13575,1.13595,1632,1,0
2025-05-26 00:00:00,1.13608,1.13677,1.13577,1.13672,166,6,0
2025-05-26 01:00:00,1.13672,1.13794,1.13624,1.1374,3510,1,0
2025-05-26 02:00:00,1.1374,1.13818,1.137,1.13751,2612,0,0
2025-05-26 03:00:00,1.13751,1.13975,1.13748,1.13968,4681,0,0
2025-05-26 04:00:00,1.13968,1.14157,1.13884,1.14124,4786,0,0
2025-05-26 05:00:00,1.14124,1.14187,1.14081,1.1409799999999999,3888,0,0
2025-05-26 06:00:00,1.1409799999999999,1.1412499999999999,1.14053,1.14114,3041,0,0
2025-05-26 07:00:00,1.14114,1.14131,1.14035,1.14096,2461,0,0
2025-05-26 08:00:00,1.14096,1.1418300000000001,1.14008,1.14169,3060,0,0
2025-05-26 09:00:00,1.14169,1.14182,1.14082,1.14092,4465,0,0
2025-05-26 10:00:00,1.14092,1.1412499999999999,1.13887,1.13894,5351,0,0
2025-05-26 11:00:00,1.13894,1.13952,1.13831,1.13848,4029,0,0
2025-05-26 12:00:00,1.13848,1.13857,1.13761,1.13794,3151,0,0
2025-05-26 13:00:00,1.13794,1.13863,1.13767,1.13841,3073,0,0
2025-05-26 14:00:00,1.13841,1.13869,1.13741,1.13774,2881,0,0
2025-05-26 15:00:00,1.13774,1.13823,1.13691,1.1375,3095,0,0
2025-05-26 16:00:00,1.1375,1.13835,1.13731,1.13815,3075,0,0
2025-05-26 17:00:00,1.13815,1.13848,1.13769,1.13842,3333,0,0
2025-05-26 18:00:00,1.13842,1.1385399999999999,1.13774,1.13813,2462,0,0
2025-05-26 19:00:00,1.13813,1.13833,1.13763,1.13833,1681,0,0
2025-05-26 20:00:00,1.13833,1.1384,1.13786,1.13811,1113,0,0
2025-05-26 21:00:00,1.13811,1.13832,1.13801,1.13807,812,0,0
2025-05-26 22:00:00,1.13807,1.13855,1.13803,1.13852,675,0,0
2025-05-26 23:00:00,1.13852,1.1388099999999999,1.13839,1.13862,740,1,0
2025-05-27 00:00:00,1.13782,1.1385,1.13782,1.13835,159,34,0
2025-05-27 01:00:00,1.13835,1.13947,1.13835,1.13904,1155,1,0
2025-05-27 02:00:00,1.13904,1.13913,1.13872,1.13888,1493,0,0
2025-05-27 03:00:00,1.13888,1.14029,1.1388,1.14001,3334,0,0
2025-05-27 04:00:00,1.14001,1.14072,1.13914,1.13951,3314,0,0
2025-05-27 05:00:00,1.13951,1.1403,1.1391,1.13929,2536,0,0
2025-05-27 06:00:00,1.13929,1.14009,1.13906,1.13935,2087,0,0
2025-05-27 07:00:00,1.13935,1.13978,1.13779,1.13788,2653,0,0
2025-05-27 08:00:00,1.13788,1.13797,1.13672,1.13785,4539,0,0
2025-05-27 09:00:00,1.13785,1.13927,1.13645,1.13653,5420,0,0
2025-05-27 10:00:00,1.13653,1.13712,1.13375,1.13411,6532,0,0
2025-05-27 11:00:00,1.13411,1.13577,1.13387,1.13485,4805,0,0
2025-05-27 12:00:00,1.13485,1.13579,1.1345,1.13485,4712,0,0
2025-05-27 13:00:00,1.13485,1.13518,1.13408,1.13441,4239,0,0
2025-05-27 14:00:00,1.13441,1.13543,1.13415,1.1351,4076,0,0
2025-05-27 15:00:00,1.1351,1.13678,1.1351,1.13666,4269,0,0
2025-05-27 16:00:00,1.13666,1.13753,1.13557,1.13585,5397,0,0
2025-05-27 17:00:00,1.13585,1.13613,1.1338300000000001,1.13414,6661,0,0
2025-05-27 18:00:00,1.13414,1.13416,1.13235,1.13257,4832,0,0
2025-05-27 19:00:00,1.13257,1.13353,1.13236,1.13319,3592,0,0
2025-05-27 20:00:00,1.13319,1.13369,1.13304,1.1333199999999999,2894,0,0
2025-05-27 21:00:00,1.1333199999999999,1.13388,1.13287,1.13371,2775,0,0
2025-05-27 22:00:00,1.13371,1.13387,1.133,1.13309,2561,0,0
2025-05-27 23:00:00,1.13309,1.13326,1.13265,1.13272,1907,1,0
2025-05-28 00:00:00,1.13255,1.13311,1.13239,1.13288,298,9,0
2025-05-28 01:00:00,1.13288,1.1337,1.13279,1.13365,557,1,0
2025-05-28 02:00:00,1.13365,1.1338,1.13314,1.13368,1273,0,0
2025-05-28 03:00:00,1.13368,1.13451,1.13345,1.13349,3126,0,0
2025-05-28 04:00:00,1.13349,1.13389,1.13155,1.13178,5231,0,0
2025-05-28 05:00:00,1.13178,1.13253,1.13011,1.13056,4153,0,0
2025-05-28 06:00:00,1.13056,1.13129,1.13009,1.13075,3382,0,0
2025-05-28 07:00:00,1.13075,1.13108,1.13029,1.13064,2475,0,0
2025-05-28 08:00:00,1.13064,1.13148,1.12958,1.13147,3449,0,0
2025-05-28 09:00:00,1.13147,1.13168,1.1304,1.1304400000000001,4730,0,0
2025-05-28 10:00:00,1.1304400000000001,1.13309,1.13031,1.1327,4822,0,0
2025-05-28 11:00:00,1.1327,1.13343,1.13183,1.13321,4048,0,0
2025-05-28 12:00:00,1.13321,1.13403,1.13282,1.13338,4212,0,0
2025-05-28 13:00:00,1.13338,1.13406,1.13243,1.13262,3969,0,0
2025-05-28 14:00:00,1.13262,1.13286,1.13168,1.1318,4160,0,0
2025-05-28 15:00:00,1.1318,1.13248,1.13077,1.13113,4591,0,0
2025-05-28 16:00:00,1.13113,1.1313900000000001,1.12973,1.1308799999999999,6348,0,0
2025-05-28 17:00:00,1.1308799999999999,1.13245,1.13013,1.13026,7406,0,0
2025-05-28 18:00:00,1.13026,1.13084,1.12841,1.1285,5553,0,0
2025-05-28 19:00:00,1.1285,1.1296599999999999,1.12843,1.12939,3459,0,0
2025-05-28 20:00:00,1.12939,1.13008,1.12908,1.12916,3101,0,0
2025-05-28 21:00:00,1.12916,1.1298,1.12847,1.12935,3633,0,0
2025-05-28 22:00:00,1.12935,1.12958,1.12878,1.12896,2695,0,0
2025-05-28 23:00:00,1.12896,1.12958,1.12886,1.12899,2090,1,0
2025-05-29 00:00:00,1.12918,1.12942,1.12906,1.1292,330,10,0
2025-05-29 01:00:00,1.12933,1.12972,1.12902,1.12914,927,1,0
2025-05-29 02:00:00,1.1292,1.12924,1.12104,1.12301,7605,0,0
2025-05-29 03:00:00,1.12301,1.12503,1.12237,1.12348,8220,0,0
2025-05-29 04:00:00,1.12348,1.12533,1.1224,1.12516,6053,0,0
2025-05-29 05:00:00,1.12516,1.12569,1.1242,1.12462,4305,0,0
2025-05-29 06:00:00,1.12462,1.12564,1.12429,1.12489,3088,0,0
2025-05-29 07:00:00,1.12489,1.12548,1.12443,1.12478,2529,0,0
2025-05-29 08:00:00,1.12478,1.12509,1.12313,1.12435,3931,0,0
2025-05-29 09:00:00,1.12435,1.12737,1.12424,1.12713,5843,0,0
2025-05-29 10:00:00,1.12713,1.12827,1.12711,1.12758,5933,0,0
2025-05-29 11:00:00,1.12758,1.12791,1.12623,1.12719,4777,0,0
2025-05-29 12:00:00,1.12719,1.12839,1.12714,1.12779,3906,0,0
2025-05-29 13:00:00,1.12779,1.12912,1.12765,1.12866,4101,0,0
2025-05-29 14:00:00,1.12866,1.12907,1.12684,1.12713,4529,0,0
2025-05-29 15:00:00,1.12713,1.13497,1.12713,1.13493,8584,0,0
2025-05-29 16:00:00,1.13493,1.1360000000000001,1.13395,1.13512,8092,0,0
2025-05-29 17:00:00,1.13512,1.13694,1.13433,1.13502,7633,0,0
2025-05-29 18:00:00,1.13502,1.13705,1.1349,1.13697,5659,0,0
2025-05-29 19:00:00,1.13697,1.13798,1.13669,1.13716,4215,0,0
2025-05-29 20:00:00,1.13716,1.13843,1.13618,1.1377,3394,0,0
2025-05-29 21:00:00,1.1377,1.1384400000000001,1.13744,1.13754,3123,0,0
2025-05-29 22:00:00,1.13754,1.13785,1.1366100000000001,1.13668,3037,0,0
2025-05-29 23:00:00,1.1367099999999999,1.13702,1.1360999999999999,1.13645,1345,1,0
2025-05-30 00:00:00,1.13679,1.13699,1.13655,1.13673,270,18,0
2025-05-30 01:00:00,1.13664,1.13771,1.13662,1.13711,1553,1,0
2025-05-30 02:00:00,1.13711,1.1379299999999999,1.13692,1.13772,2570,0,0
2025-05-30 03:00:00,1.13772,1.13848,1.13648,1.13723,4525,0,0
2025-05-30 04:00:00,1.13723,1.13898,1.13526,1.1355,5729,0,0
2025-05-30 05:00:00,1.1355,1.13591,1.13487,1.13498,3515,0,0
2025-05-30 06:00:00,1.13498,1.13569,1.13461,1.13497,2597,0,0
2025-05-30 07:00:00,1.13497,1.13535,1.13457,1.13462,2648,0,0
2025-05-30 08:00:00,1.13462,1.13544,1.13433,1.1351,2832,0,0
2025-05-30 09:00:00,1.1351,1.13519,1.13364,1.13468,4417,0,0
2025-05-30 10:00:00,1.13468,1.13484,1.13282,1.1338,5526,0,0
2025-05-30 11:00:00,1.1338,1.13446,1.13238,1.13244,4828,0,0
2025-05-30 12:00:00,1.13244,1.13321,1.13236,1.13257,4021,0,0
2025-05-30 13:00:00,1.13257,1.13347,1.1325,1.13278,3655,0,0
2025-05-30 14:00:00,1.13278,1.13387,1.13235,1.13381,3734,0,0
2025-05-30 15:00:00,1.13381,1.13583,1.13347,1.13462,8019,0,0
2025-05-30 16:00:00,1.13462,1.13479,1.13128,1.13181,6547,0,0
2025-05-30 17:00:00,1.13181,1.13545,1.1314,1.1352,9048,0,0
2025-05-30 18:00:00,1.1352,1.13582,1.13439,1.13466,6825,0,0
2025-05-30 19:00:00,1.13466,1.1355,1.13438,1.13504,4832,0,0
2025-05-30 20:00:00,1.13504,1.13672,1.13497,1.1357599999999999,3780,0,0
2025-05-30 21:00:00,1.1357599999999999,1.1365,1.13551,1.13586,3577,0,0
2025-05-30 22:00:00,1.13586,1.13607,1.13495,1.13564,3361,0,0
2025-05-30 23:00:00,1.13564,1.13564,1.13449,1.13473,1805,1,0
2025-06-02 00:00:00,1.13433,1.1350500000000001,1.13432,1.13467,245,15,0
2025-06-02 01:00:00,1.13459,1.13573,1.13459,1.13551,1666,1,0
2025-06-02 02:00:00,1.13551,1.13605,1.13512,1.13532,2656,0,0
2025-06-02 03:00:00,1.13532,1.13745,1.13529,1.13689,4168,0,0
2025-06-02 04:00:00,1.13689,1.1381999999999999,1.13677,1.13704,4633,0,0
2025-06-02 05:00:00,1.13704,1.13736,1.13622,1.13645,2721,0,0
2025-06-02 06:00:00,1.13645,1.1366100000000001,1.13547,1.13618,2396,0,0
2025-06-02 07:00:00,1.13618,1.13669,1.13603,1.13653,2419,0,0
2025-06-02 08:00:00,1.13653,1.13804,1.13636,1.13795,2974,0,0
2025-06-02 09:00:00,1.13795,1.1407,1.13785,1.1401,4199,0,0
2025-06-02 10:00:00,1.1401,1.14368,1.13987,1.1424,5714,0,0
2025-06-02 11:00:00,1.1424,1.1428,1.14129,1.14201,5077,0,0
2025-06-02 12:00:00,1.14201,1.1437,1.14194,1.14236,5023,0,0
2025-06-02 13:00:00,1.14236,1.1428099999999999,1.14136,1.14155,4014,0,0
2025-06-02 14:00:00,1.14155,1.14261,1.14094,1.14144,4501,0,0
2025-06-02 15:00:00,1.14144,1.14288,1.14116,1.14186,4643,0,0
2025-06-02 16:00:00,1.14186,1.14227,1.14045,1.1418300000000001,6000,0,0
2025-06-02 17:00:00,1.1418300000000001,1.1449799999999999,1.1418300000000001,1.14349,8121,0,0
2025-06-02 18:00:00,1.14349,1.14387,1.1424400000000001,1.14304,5490,0,0
2025-06-02 19:00:00,1.14304,1.14319,1.14119,1.14187,4414,0,0
2025-06-02 20:00:00,1.14187,1.14258,1.1416,1.14225,3357,0,0
2025-06-02 21:00:00,1.14225,1.14424,1.14191,1.14414,3420,0,0
2025-06-02 22:00:00,1.14414,1.14456,1.14338,1.14451,2776,0,0
2025-06-02 23:00:00,1.14449,1.14465,1.144,1.14419,1164,1,0
2025-06-03 00:00:00,1.14352,1.14408,1.14348,1.1439,364,9,0
2025-06-03 01:00:00,1.14392,1.1446,1.14381,1.14453,977,1,0
2025-06-03 02:00:00,1.14453,1.14538,1.14446,1.1453,1598,0,0
2025-06-03 03:00:00,1.1453,1.14546,1.14392,1.14433,3165,0,0
2025-06-03 04:00:00,1.14433,1.14433,1.1427100000000001,1.14282,3906,0,0
2025-06-03 05:00:00,1.14282,1.14304,1.1419,1.14258,3140,0,0
2025-06-03 06:00:00,1.14258,1.14273,1.14164,1.14198,2509,0,0
2025-06-03 07:00:00,1.14198,1.14255,1.14173,1.14252,2015,0,0
2025-06-03 08:00:00,1.14252,1.14273,1.14124,1.1421999999999999,2802,0,0
2025-06-03 09:00:00,1.1421999999999999,1.14313,1.14157,1.14286,4230,0,0
2025-06-03 10:00:00,1.14286,1.14323,1.14145,1.1415899999999999,4953,0,0
2025-06-03 11:00:00,1.1415899999999999,1.14185,1.14058,1.14119,4432,0,0
2025-06-03 12:00:00,1.14119,1.1418,1.1402,1.14117,4244,0,0
2025-06-03 13:00:00,1.14117,1.14126,1.13965,1.1398,3710,0,0
2025-06-03 14:00:00,1.1398,1.13995,1.13866,1.13907,4155,0,0
2025-06-03 15:00:00,1.13907,1.13939,1.13775,1.13819,4512,0,0
2025-06-03 16:00:00,1.13819,1.1395,1.13774,1.13871,5836,0,0
2025-06-03 17:00:00,1.13871,1.13931,1.13643,1.13918,7519,0,0
2025-06-03 18:00:00,1.13918,1.1393,1.13709,1.13724,4898,0,0
2025-06-03 19:00:00,1.13724,1.13835,1.13678,1.1373199999999999,3549,0,0
2025-06-03 20:00:00,1.1373199999999999,1.13818,1.13728,1.13782,2767,0,0
2025-06-03 21:00:00,1.13782,1.13782,1.13695,1.13747,2525,0,0
2025-06-03 22:00:00,1.13747,1.13761,1.13676,1.13687,2104,0,0
2025-06-03 23:00:00,1.13687,1.13741,1.13682,1.13695,1502,1,0
2025-06-04 00:00:00,1.13685,1.13761,1.13685,1.13723,230,1,0
2025-06-04 01:00:00,1.13723,1.13751,1.13706,1.13742,776,1,0
2025-06-04 02:00:00,1.13742,1.1386,1.13742,1.1384,1714,0,0
2025-06-04 03:00:00,1.1384,1.13891,1.13786,1.1383,3616,0,0
2025-06-04 04:00:00,1.1383,1.13932,1.13716,1.1386,4523,0,0
2025-06-04 05:00:00,1.1386,1.13878,1.13739,1.13763,2358,0,0
2025-06-04 06:00:00,1.13763,1.13811,1.13659,1.13679,2477,0,0
2025-06-04 07:00:00,1.13679,1.13791,1.1365,1.1367,2735,0,0
2025-06-04 08:00:00,1.1367,1.13717,1.13575,1.13625,3416,0,0
2025-06-04 09:00:00,1.13625,1.13782,1.1357599999999999,1.13778,4613,0,0
2025-06-04 10:00:00,1.13778,1.13968,1.13756,1.1387,4685,0,0
2025-06-04 11:00:00,1.1387,1.1404,1.13831,1.13995,4090,0,0
2025-06-04 12:00:00,1.13995,1.13998,1.13817,1.13831,3513,0,0
2025-06-04 13:00:00,1.13831,1.13857,1.13752,1.13821,3722,0,0
2025-06-04 14:00:00,1.13821,1.13871,1.13773,1.1379299999999999,3358,0,0
2025-06-04 15:00:00,1.1379299999999999,1.1411,1.1379299999999999,1.14094,6946,0,0
2025-06-04 16:00:00,1.14094,1.14136,1.13932,1.13989,5745,0,0
2025-06-04 17:00:00,1.13989,1.14344,1.13989,1.14324,7778,0,0
2025-06-04 18:00:00,1.14324,1.14336,1.14172,1.14233,5241,0,0
2025-06-04 19:00:00,1.14233,1.14344,1.14197,1.14329,3940,0,0
2025-06-04 20:00:00,1.14329,1.14336,1.14236,1.14251,2784,0,0
2025-06-04 21:00:00,1.14251,1.14284,1.14204,1.14207,2657,0,0
2025-06-04 22:00:00,1.14207,1.14221,1.1412200000000001,1.1412200000000001,2297,0,0
2025-06-04 23:00:00,1.1412200000000001,1.14229,1.14102,1.14167,1662,1,0
2025-06-05 00:00:00,1.14129,1.14175,1.14116,1.14152,221,13,0
2025-06-05 01:00:00,1.14152,1.14231,1.14152,1.14199,614,1,0
2025-06-05 02:00:00,1.14202,1.14289,1.14192,1.1421000000000001,1837,0,0
2025-06-05 03:00:00,1.1421000000000001,1.14293,1.14166,1.14289,3608,0,0
2025-06-05 04:00:00,1.14289,1.14347,1.14138,1.14169,3703,0,0
2025-06-05 05:00:00,1.14169,1.14194,1.14106,1.14176,2839,0,0
2025-06-05 06:00:00,1.14176,1.14227,1.1409,1.1411,3083,0,0
2025-06-05 07:00:00,1.1411,1.14144,1.14081,1.14107,2612,0,0
2025-06-05 08:00:00,1.14107,1.14136,1.14049,1.14065,2826,0,0
2025-06-05 09:00:00,1.14065,1.14172,1.14057,1.14094,3756,0,0
2025-06-05 10:00:00,1.14094,1.14251,1.14071,1.1412200000000001,4099,0,0
2025-06-05 11:00:00,1.1412200000000001,1.14193,1.14093,1.14128,3660,0,0
2025-06-05 12:00:00,1.14128,1.14217,1.14099,1.14185,3673,0,0
2025-06-05 13:00:00,1.14185,1.14326,1.14177,1.14242,3509,0,0
2025-06-05 14:00:00,1.14242,1.14286,1.14163,1.14259,3707,0,0
2025-06-05 15:00:00,1.14259,1.1448800000000001,1.14133,1.14297,8757,0,0
2025-06-05 16:00:00,1.14297,1.14951,1.14187,1.14805,11150,0,0
2025-06-05 17:00:00,1.14805,1.14822,1.14546,1.14582,8971,0,0
2025-06-05 18:00:00,1.14582,1.14588,1.14352,1.14396,6588,0,0
2025-06-05 19:00:00,1.14396,1.14477,1.14318,1.14476,4855,0,0
2025-06-05 20:00:00,1.14476,1.14481,1.14322,1.14428,3274,0,0
2025-06-05 21:00:00,1.14428,1.14441,1.14316,1.1442,3089,0,0
2025-06-05 22:00:00,1.1442,1.14479,1.14337,1.1438,4347,0,0
2025-06-05 23:00:00,1.14379,1.14451,1.14354,1.14436,1511,1,0
2025-06-06 00:00:00,1.14425,1.14473,1.14397,1.14442,236,5,0
2025-06-06 01:00:00,1.14435,1.14516,1.14415,1.14516,1070,1,0
2025-06-06 02:00:00,1.14516,1.14539,1.14468,1.14535,1630,0,0
2025-06-06 03:00:00,1.14535,1.14572,1.14501,1.14506,2939,0,0
2025-06-06 04:00:00,1.14506,1.14523,1.14418,1.14428,2996,0,0
2025-06-06 05:00:00,1.14428,1.14439,1.14334,1.14379,2616,0,0
2025-06-06 06:00:00,1.14379,1.14438,1.14362,1.14406,2220,0,0
2025-06-06 07:00:00,1.14406,1.14422,1.14374,1.144,1888,0,0
2025-06-06 08:00:00,1.144,1.14402,1.1431,1.14358,2408,0,0
2025-06-06 09:00:00,1.14358,1.14424,1.14248,1.14358,3663,0,0
2025-06-06 10:00:00,1.14358,1.14372,1.14217,1.14272,4362,0,0
2025-06-06 11:00:00,1.14272,1.14293,1.14119,1.14151,3819,0,0
2025-06-06 12:00:00,1.14151,1.14212,1.14112,1.14195,3267,0,0
2025-06-06 13:00:00,1.14195,1.14243,1.14176,1.14229,3322,0,0
2025-06-06 14:00:00,1.14229,1.14289,1.14172,1.14182,3350,0,0
2025-06-06 15:00:00,1.14182,1.1431499999999999,1.1385399999999999,1.1397,9049,0,0
2025-06-06 16:00:00,1.1397,1.14024,1.1372,1.13904,9076,0,0
2025-06-06 17:00:00,1.13904,1.14163,1.1381000000000001,1.13893,7925,0,0
2025-06-06 18:00:00,1.13893,1.14022,1.13814,1.1396600000000001,6194,0,0
2025-06-06 19:00:00,1.1396600000000001,1.14015,1.13863,1.13876,4106,0,0
2025-06-06 20:00:00,1.13876,1.13979,1.13848,1.1393,3154,0,0
2025-06-06 21:00:00,1.1393,1.13994,1.13926,1.13971,3048,0,0
2025-06-06 22:00:00,1.13971,1.14019,1.13926,1.13961,2286,0,0
2025-06-06 23:00:00,1.13961,1.13978,1.13913,1.1394199999999999,998,1,0
2025-06-09 00:00:00,1.1393,1.13953,1.139,1.13928,130,3,0
2025-06-09 01:00:00,1.13928,1.1407,1.13923,1.14068,531,1,0
2025-06-09 02:00:00,1.14068,1.14114,1.1404,1.1407,1224,0,0
2025-06-09 03:00:00,1.1407,1.14093,1.13931,1.13943,2347,0,0
2025-06-09 04:00:00,1.13943,1.14171,1.1394199999999999,1.1415,2876,0,0
2025-06-09 05:00:00,1.1415,1.14252,1.14141,1.14175,2543,0,0
2025-06-09 06:00:00,1.14175,1.1421000000000001,1.1412200000000001,1.14124,1937,0,0
2025-06-09 07:00:00,1.14124,1.1419,1.14113,1.14182,1639,0,0
2025-06-09 08:00:00,1.14182,1.14242,1.14123,1.14218,2035,0,0
2025-06-09 09:00:00,1.14218,1.14296,1.14181,1.14275,2834,0,0
2025-06-09 10:00:00,1.14275,1.14286,1.14199,1.14224,3766,0,0
2025-06-09 11:00:00,1.14224,1.14359,1.14188,1.14287,4101,0,0
2025-06-09 12:00:00,1.14287,1.14392,1.14262,1.14264,3278,0,0
2025-06-09 13:00:00,1.14264,1.14292,1.14164,1.14193,2809,0,0
2025-06-09 14:00:00,1.14193,1.14232,1.1406,1.14173,4108,0,0
2025-06-09 15:00:00,1.14173,1.14179,1.13949,1.14002,4044,0,0
2025-06-09 16:00:00,1.14002,1.14043,1.13868,1.14021,5153,0,0
2025-06-09 17:00:00,1.14021,1.1408800000000001,1.13939,1.14077,4952,0,0
2025-06-09 18:00:00,1.14077,1.14254,1.14076,1.14242,3504,0,0
2025-06-09 19:00:00,1.14242,1.14255,1.14155,1.14243,2557,0,0
2025-06-09 20:00:00,1.14243,1.14261,1.14196,1.14225,2448,0,0
2025-06-09 21:00:00,1.14225,1.14307,1.14194,1.14282,2352,0,0
2025-06-09 22:00:00,1.14282,1.14293,1.14224,1.14229,2088,0,0
2025-06-09 23:00:00,1.14229,1.1427100000000001,1.14185,1.14197,1093,1,0
2025-06-10 00:00:00,1.14193,1.14225,1.14177,1.14205,127,4,0
2025-06-10 01:00:00,1.14205,1.14235,1.14202,1.14231,546,1,0
2025-06-10 02:00:00,1.14231,1.14284,1.14201,1.14265,1629,0,0
2025-06-10 03:00:00,1.14265,1.14358,1.1421999999999999,1.14245,3214,0,0
2025-06-10 04:00:00,1.14245,1.14283,1.13954,1.13971,3960,0,0
2025-06-10 05:00:00,1.13971,1.14004,1.13865,1.13988,4055,0,0
2025-06-10 06:00:00,1.13988,1.1405,1.13919,1.1403,2894,0,0
2025-06-10 07:00:00,1.1403,1.14039,1.13918,1.13996,2088,0,0
2025-06-10 08:00:00,1.13996,1.14135,1.1398,1.1405,4578,0,0
2025-06-10 09:00:00,1.1405,1.14146,1.13923,1.13947,5330,0,0
2025-06-10 10:00:00,1.13947,1.13997,1.1373199999999999,1.13925,5786,0,0
2025-06-10 11:00:00,1.13925,1.14114,1.13917,1.14081,4511,0,0
2025-06-10 12:00:00,1.14081,1.14185,1.14039,1.14165,3614,0,0
2025-06-10 13:00:00,1.14165,1.1425,1.14118,1.14234,3494,0,0
2025-06-10 14:00:00,1.14234,1.1434,1.14193,1.14295,4061,0,0
2025-06-10 15:00:00,1.14295,1.1440299999999999,1.14252,1.14323,4154,0,0
2025-06-10 16:00:00,1.14323,1.14475,1.14307,1.14432,5448,0,0
2025-06-10 17:00:00,1.14432,1.14447,1.14207,1.14256,4757,0,0
2025-06-10 18:00:00,1.14256,1.1428,1.1416,1.14224,3948,0,0
2025-06-10 19:00:00,1.14224,1.14265,1.1416,1.14234,2853,0,0
2025-06-10 20:00:00,1.14234,1.14288,1.14176,1.14232,2212,0,0
2025-06-10 21:00:00,1.14232,1.14252,1.14168,1.14205,2381,0,0
2025-06-10 22:00:00,1.14205,1.14365,1.14193,1.14259,2509,0,0
2025-06-10 23:00:00,1.1426,1.14297,1.14192,1.1424400000000001,1246,1,0
2025-06-11 00:00:00,1.14215,1.14273,1.14201,1.14219,316,22,0
2025-06-11 01:00:00,1.14219,1.14294,1.14219,1.14286,704,1,0
2025-06-11 02:00:00,1.14286,1.14395,1.1421999999999999,1.14375,2732,0,0
2025-06-11 03:00:00,1.14375,1.14391,1.14207,1.14212,4557,0,0
2025-06-11 04:00:00,1.14212,1.14267,1.14066,1.1408800000000001,3486,0,0
2025-06-11 05:00:00,1.1408800000000001,1.14178,1.14076,1.14157,2627,0,0
2025-06-11 06:00:00,1.14157,1.14175,1.14117,1.14164,2231,0,0
2025-06-11 07:00:00,1.14164,1.14179,1.14123,1.1415899999999999,1939,0,0
2025-06-11 08:00:00,1.1415899999999999,1.1423,1.14136,1.14221,2302,0,0
2025-06-11 09:00:00,1.14221,1.14233,1.14074,1.14103,3676,0,0
2025-06-11 10:00:00,1.14103,1.14236,1.14054,1.14196,4145,0,0
2025-06-11 11:00:00,1.14196,1.14385,1.14186,1.14311,3652,0,0
2025-06-11 12:00:00,1.14311,1.14457,1.14302,1.1435,3726,0,0
2025-06-11 13:00:00,1.1435,1.14424,1.1433200000000001,1.14384,3107,0,0
2025-06-11 14:00:00,1.14384,1.14407,1.14269,1.14326,3715,0,0
2025-06-11 15:00:00,1.14326,1.14892,1.1428099999999999,1.14608,8937,0,0
2025-06-11 16:00:00,1.14608,1.14736,1.14532,1.14702,7356,0,0
2025-06-11 17:00:00,1.14702,1.14866,1.14674,1.14816,6293,0,0
2025-06-11 18:00:00,1.14816,1.14903,1.14749,1.14893,5320,0,0
2025-06-11 19:00:00,1.14893,1.1496,1.14824,1.14897,3901,0,0
2025-06-11 20:00:00,1.14897,1.14989,1.14886,1.14973,2918,0,0
2025-06-11 21:00:00,1.14973,1.14994,1.14838,1.14866,4182,0,0
2025-06-11 22:00:00,1.14866,1.14867,1.14792,1.14829,3029,0,0
2025-06-11 23:00:00,1.14828,1.14896,1.14801,1.14866,1844,1,0
2025-06-12 00:00:00,1.14843,1.1486399999999999,1.14838,1.14862,159,11,0
2025-06-12 01:00:00,1.14881,1.15087,1.14868,1.15056,1351,1,0
2025-06-12 02:00:00,1.15056,1.1513200000000001,1.15045,1.15101,2799,0,0
2025-06-12 03:00:00,1.15101,1.15266,1.15021,1.15215,4684,0,0
2025-06-12 04:00:00,1.15215,1.15292,1.1515,1.15191,4870,0,0
2025-06-12 05:00:00,1.15191,1.15194,1.15069,1.15115,3350,0,0
2025-06-12 06:00:00,1.15115,1.1522000000000001,1.15105,1.15195,3003,0,0
2025-06-12 07:00:00,1.15195,1.15197,1.15125,1.15157,2317,0,0
2025-06-12 08:00:00,1.15157,1.1532499999999999,1.15112,1.15279,3178,0,0
2025-06-12 09:00:00,1.15279,1.15314,1.15115,1.15221,5101,0,0
2025-06-12 10:00:00,1.15221,1.15276,1.15059,1.15263,5426,0,0
2025-06-12 11:00:00,1.15263,1.15471,1.15228,1.15441,5322,0,0
2025-06-12 12:00:00,1.15441,1.15888,1.15405,1.15724,5367,0,0
2025-06-12 13:00:00,1.15724,1.16103,1.15671,1.15933,7103,0,0
2025-06-12 14:00:00,1.15933,1.16066,1.15844,1.15894,6081,0,0
2025-06-12 15:00:00,1.15894,1.16316,1.15881,1.16101,7752,0,0
2025-06-12 16:00:00,1.16101,1.1617,1.15796,1.15852,6976,0,0
2025-06-12 17:00:00,1.15852,1.159,1.15793,1.15823,6277,0,0
2025-06-12 18:00:00,1.15823,1.15853,1.15676,1.1577,6627,0,0
2025-06-12 19:00:00,1.1577,1.15795,1.15673,1.15761,4893,0,0
2025-06-12 20:00:00,1.15761,1.1578,1.15639,1.15749,3442,0,0
2025-06-12 21:00:00,1.15749,1.15807,1.15702,1.15775,2859,0,0
2025-06-12 22:00:00,1.15775,1.15807,1.15748,1.15762,2412,0,0
2025-06-12 23:00:00,1.15762,1.15877,1.15756,1.15844,1551,1,0
2025-06-13 00:00:00,1.15775,1.15886,1.15756,1.15886,278,1,0
2025-06-13 01:00:00,1.15886,1.15928,1.15865,1.15896,1039,1,0
2025-06-13 02:00:00,1.15896,1.16095,1.15868,1.16085,1860,0,0
2025-06-13 03:00:00,1.16085,1.16146,1.15398,1.1559,10434,0,0
2025-06-13 04:00:00,1.1559,1.15601,1.1537600000000001,1.15487,7401,0,0
2025-06-13 05:00:00,1.15487,1.15584,1.15375,1.15454,4846,0,0
2025-06-13 06:00:00,1.15454,1.1546,1.15279,1.15374,4693,0,0
2025-06-13 07:00:00,1.15374,1.15408,1.15145,1.15256,3777,0,0
2025-06-13 08:00:00,1.15256,1.15371,1.15121,1.15292,4342,0,0
2025-06-13 09:00:00,1.15292,1.15463,1.15243,1.15422,6835,0,0
2025-06-13 10:00:00,1.15422,1.15603,1.15355,1.15359,6959,0,0
2025-06-13 11:00:00,1.15359,1.15469,1.15258,1.1529,5522,0,0
2025-06-13 12:00:00,1.1529,1.15357,1.15187,1.15238,6586,0,0
2025-06-13 13:00:00,1.15238,1.15295,1.14892,1.15046,6858,0,0
2025-06-13 14:00:00,1.15046,1.15107,1.14914,1.151,5952,0,0
2025-06-13 15:00:00,1.151,1.15226,1.15065,1.15162,5535,0,0
2025-06-13 16:00:00,1.15162,1.15276,1.15015,1.15229,6857,0,0
2025-06-13 17:00:00,1.15229,1.15462,1.15211,1.15444,7351,0,0
2025-06-13 18:00:00,1.15444,1.15694,1.15383,1.15564,6453,0,0
2025-06-13 19:00:00,1.15564,1.15659,1.15526,1.15547,4643,0,0
2025-06-13 20:00:00,1.15547,1.15554,1.15375,1.15489,4505,0,0
2025-06-13 21:00:00,1.15489,1.1550799999999999,1.15338,1.1541299999999999,5064,0,0
2025-06-13 22:00:00,1.1541299999999999,1.15517,1.15369,1.155,3969,0,0
2025-06-13 23:00:00,1.155,1.15524,1.15379,1.15497,2227,1,0
2025-06-16 00:00:00,1.15303,1.15369,1.15262,1.1531,271,13,0
2025-06-16 01:00:00,1.1531,1.15471,1.15263,1.1541,4459,1,0
2025-06-16 02:00:00,1.1541,1.15422,1.15276,1.15379,3612,0,0
2025-06-16 03:00:00,1.15379,1.15467,1.1531,1.15346,4155,0,0
2025-06-16 04:00:00,1.15346,1.1544,1.15323,1.15324,4124,0,0
2025-06-16 05:00:00,1.15324,1.15362,1.15266,1.15308,2996,0,0
2025-06-16 06:00:00,1.15308,1.15348,1.15241,1.15276,2733,0,0
2025-06-16 07:00:00,1.15276,1.15371,1.15274,1.15357,2128,0,0
2025-06-16 08:00:00,1.15357,1.15623,1.15356,1.1556899999999999,3543,0,0
2025-06-16 09:00:00,1.1556899999999999,1.15758,1.15402,1.15733,5761,0,0
2025-06-16 10:00:00,1.15733,1.15866,1.15672,1.15791,6449,0,0
2025-06-16 11:00:00,1.15791,1.1584699999999999,1.15756,1.15789,4227,0,0
2025-06-16 12:00:00,1.15789,1.15845,1.15764,1.1584,3948,0,0
2025-06-16 13:00:00,1.1584,1.15859,1.15726,1.15755,3791,0,0
2025-06-16 14:00:00,1.15755,1.1583700000000001,1.15699,1.15732,3792,0,0
2025-06-16 15:00:00,1.15732,1.1584699999999999,1.1571,1.15839,5034,0,0
2025-06-16 16:00:00,1.15839,1.16049,1.15839,1.16012,6949,0,0
2025-06-16 17:00:00,1.16012,1.16146,1.1589800000000001,1.15916,7583,0,0
2025-06-16 18:00:00,1.15916,1.15947,1.15792,1.1580300000000001,5473,0,0
2025-06-16 19:00:00,1.1580300000000001,1.1586,1.15784,1.15839,3650,0,0
2025-06-16 20:00:00,1.15839,1.15849,1.15728,1.15781,3076,0,0
2025-06-16 21:00:00,1.15781,1.1581299999999999,1.15741,1.15797,3225,0,0
2025-06-16 22:00:00,1.15797,1.15799,1.15548,1.15555,3106,0,0
2025-06-16 23:00:00,1.15555,1.15636,1.15545,1.1559300000000001,1396,1,0
2025-06-17 00:00:00,1.1556,1.1562999999999999,1.1556,1.15601,530,2,0
2025-06-17 01:00:00,1.15601,1.15628,1.1553200000000001,1.15558,1719,1,0
2025-06-17 02:00:00,1.15558,1.15619,1.15497,1.15541,2895,0,0
2025-06-17 03:00:00,1.15541,1.15548,1.15429,1.15497,4166,0,0
2025-06-17 04:00:00,1.15497,1.15601,1.15495,1.15545,3349,0,0
2025-06-17 05:00:00,1.15545,1.15609,1.15461,1.15587,2945,0,0
2025-06-17 06:00:00,1.15587,1.1564,1.15549,1.15619,3222,0,0
2025-06-17 07:00:00,1.15619,1.15672,1.15599,1.15613,2302,0,0
2025-06-17 08:00:00,1.15613,1.15655,1.1553,1.15579,2790,0,0
2025-06-17 09:00:00,1.15579,1.15723,1.1553,1.15622,4090,0,0
2025-06-17 10:00:00,1.15622,1.15639,1.15456,1.15582,5127,0,0
2025-06-17 11:00:00,1.15582,1.1559599999999999,1.15504,1.15524,4051,0,0
2025-06-17 12:00:00,1.15524,1.15608,1.15506,1.1556899999999999,4075,0,0
2025-06-17 13:00:00,1.1556899999999999,1.15685,1.15551,1.1568100000000001,3339,0,0
2025-06-17 14:00:00,1.1568100000000001,1.15735,1.15579,1.15618,3754,0,0
2025-06-17 15:00:00,1.15618,1.15804,1.15481,1.15507,6329,0,0
2025-06-17 16:00:00,1.15507,1.15694,1.15507,1.15592,6203,0,0
2025-06-17 17:00:00,1.15592,1.15611,1.15109,1.15265,7380,0,0
2025-06-17 18:00:00,1.15265,1.15353,1.15188,1.1534,5746,0,0
2025-06-17 19:00:00,1.1534,1.15392,1.14988,1.15031,5263,0,0
2025-06-17 20:00:00,1.15031,1.15085,1.14785,1.14863,6260,0,0
2025-06-17 21:00:00,1.14863,1.14906,1.14753,1.14795,4677,0,0
2025-06-17 22:00:00,1.14795,1.14887,1.14771,1.14847,3346,0,0
2025-06-17 23:00:00,1.14847,1.14857,1.14747,1.14798,2030,1,0
2025-06-18 00:00:00,1.14796,1.14844,1.14761,1.14821,232,3,0
2025-06-18 01:00:00,1.14821,1.14839,1.14745,1.14751,937,1,0
2025-06-18 02:00:00,1.14751,1.14826,1.14751,1.14819,1723,0,0
2025-06-18 03:00:00,1.14819,1.14967,1.14811,1.14922,4956,0,0
2025-06-18 04:00:00,1.14922,1.15007,1.14899,1.14971,3802,0,0
2025-06-18 05:00:00,1.14971,1.15009,1.14936,1.1497600000000001,2750,0,0
2025-06-18 06:00:00,1.1497600000000001,1.1505,1.14961,1.15,2358,0,0
2025-06-18 07:00:00,1.15,1.15079,1.14969,1.15055,2381,0,0
2025-06-18 08:00:00,1.15055,1.1507100000000001,1.15007,1.15043,2644,0,0
2025-06-18 09:00:00,1.15043,1.15152,1.1501000000000001,1.15104,4405,0,0
2025-06-18 10:00:00,1.15104,1.15233,1.15091,1.15135,4343,0,0
2025-06-18 11:00:00,1.15135,1.1516,1.14987,1.15025,3636,0,0
2025-06-18 12:00:00,1.15025,1.15106,1.14973,1.15035,3327,0,0
2025-06-18 13:00:00,1.15035,1.15107,1.1492,1.14938,3169,0,0
2025-06-18 14:00:00,1.14938,1.15085,1.14923,1.15073,3818,0,0
2025-06-18 15:00:00,1.15073,1.15167,1.15013,1.15059,4620,0,0
2025-06-18 16:00:00,1.15059,1.15087,1.14884,1.14889,5469,0,0
2025-06-18 17:00:00,1.14889,1.1522999999999999,1.14845,1.15075,8415,0,0
2025-06-18 18:00:00,1.15075,1.15303,1.1506,1.15207,4848,0,0
2025-06-18 19:00:00,1.15207,1.15251,1.15017,1.15034,3321,0,0
2025-06-18 20:00:00,1.15034,1.15091,1.14883,1.14962,3013,0,0
2025-06-18 21:00:00,1.14962,1.15294,1.1474199999999999,1.14757,10782,0,0
2025-06-18 22:00:00,1.14757,1.14875,1.14612,1.14745,7613,0,0
2025-06-18 23:00:00,1.14745,1.14843,1.14721,1.14776,2478,1,0
2025-06-19 00:00:00,1.14767,1.14823,1.1474,1.14815,227,1,0
2025-06-19 01:00:00,1.1482,1.1489,1.1475,1.14802,1213,1,0
2025-06-19 02:00:00,1.14802,1.14816,1.14713,1.14759,2149,0,0
2025-06-19 03:00:00,1.14759,1.14839,1.14744,1.1481,3693,0,0
2025-06-19 04:00:00,1.1481,1.14821,1.14524,1.14534,5226,0,0
2025-06-19 05:00:00,1.14534,1.14582,1.14508,1.14552,3330,0,0
2025-06-19 06:00:00,1.14552,1.1468099999999999,1.14537,1.14657,2658,0,0
2025-06-19 07:00:00,1.14657,1.14692,1.14635,1.1469,2366,0,0
2025-06-19 08:00:00,1.1469,1.14693,1.14512,1.14566,2899,0,0
2025-06-19 09:00:00,1.14566,1.14676,1.14465,1.14666,4364,0,0
2025-06-19 10:00:00,1.14666,1.14768,1.14604,1.1461999999999999,5113,0,0
2025-06-19 11:00:00,1.1461999999999999,1.14791,1.14569,1.14764,4874,0,0
2025-06-19 12:00:00,1.14764,1.14797,1.14696,1.14754,3886,0,0
2025-06-19 13:00:00,1.14754,1.14792,1.14697,1.14736,3639,0,0
2025-06-19 14:00:00,1.14736,1.14873,1.14678,1.1481,4158,0,0
2025-06-19 15:00:00,1.1481,1.14861,1.14699,1.14777,3920,0,0
2025-06-19 16:00:00,1.14777,1.14845,1.14716,1.14731,4345,0,0
2025-06-19 17:00:00,1.14731,1.14806,1.14622,1.14683,4630,0,0
2025-06-19 18:00:00,1.14683,1.14722,1.14587,1.146,3206,0,0
2025-06-19 19:00:00,1.146,1.14616,1.14548,1.14568,2142,0,0
2025-06-19 20:00:00,1.14568,1.1482999999999999,1.14558,1.14789,1945,0,0
2025-06-19 21:00:00,1.14789,1.1487,1.14773,1.1485,1502,0,0
2025-06-19 22:00:00,1.1485,1.15,1.14843,1.1497600000000001,1802,0,0
2025-06-19 23:00:00,1.1497600000000001,1.14995,1.14923,1.14959,1003,1,0
2025-06-20 00:00:00,1.14923,1.14964,1.1489099999999999,1.14932,323,12,0
2025-06-20 01:00:00,1.14932,1.15004,1.14878,1.1497600000000001,1445,1,0
2025-06-20 02:00:00,1.1497600000000001,1.15125,1.14968,1.15116,2211,0,0
2025-06-20 03:00:00,1.15116,1.15238,1.15107,1.15225,3945,0,0
2025-06-20 04:00:00,1.15225,1.15231,1.15134,1.15135,3711,0,0
2025-06-20 05:00:00,1.15135,1.15216,1.15114,1.15182,3081,0,0
2025-06-20 06:00:00,1.15182,1.15302,1.15157,1.15293,3151,0,0
2025-06-20 07:00:00,1.15293,1.15322,1.15246,1.15272,2341,0,0
2025-06-20 08:00:00,1.15272,1.15289,1.15191,1.15273,2994,0,0
2025-06-20 09:00:00,1.15273,1.15295,1.15141,1.1517,4600,0,0
2025-06-20 10:00:00,1.1517,1.1519300000000001,1.15103,1.15164,3721,0,0
2025-06-20 11:00:00,1.15164,1.15265,1.15116,1.15224,3614,0,0
2025-06-20 12:00:00,1.15224,1.15284,1.15196,1.15267,3180,0,0
2025-06-20 13:00:00,1.15267,1.15348,1.15229,1.15243,2758,0,0
2025-06-20 14:00:00,1.15243,1.1526,1.15122,1.15209,4060,0,0
2025-06-20 15:00:00,1.15209,1.15268,1.15061,1.15131,6015,0,0
2025-06-20 16:00:00,1.15131,1.15211,1.15092,1.15184,5175,0,0
2025-06-20 17:00:00,1.15184,1.1519,1.14955,1.15134,5980,0,0
2025-06-20 18:00:00,1.15134,1.15287,1.15113,1.15196,5531,0,0
2025-06-20 19:00:00,1.15196,1.1537,1.15192,1.15359,3612,0,0
2025-06-20 20:00:00,1.15359,1.1543700000000001,1.15322,1.15326,2854,0,0
2025-06-20 21:00:00,1.15326,1.15374,1.15274,1.15288,2413,0,0
2025-06-20 22:00:00,1.15288,1.15319,1.15153,1.15157,2327,0,0
2025-06-20 23:00:00,1.15158,1.15232,1.15139,1.15218,1800,1,0
2025-06-23 00:00:00,1.14553,1.14748,1.1453,1.14728,387,14,0
2025-06-23 01:00:00,1.14728,1.14944,1.14728,1.14886,3149,1,0
2025-06-23 02:00:00,1.14886,1.15074,1.14859,1.14999,3131,0,0
2025-06-23 03:00:00,1.14999,1.15057,1.14812,1.1489099999999999,4809,0,0
2025-06-23 04:00:00,1.1489099999999999,1.14924,1.14726,1.14921,4192,0,0
2025-06-23 05:00:00,1.14921,1.15067,1.14921,1.14999,3325,0,0
2025-06-23 06:00:00,1.14999,1.15034,1.1492499999999999,1.14942,3382,0,0
2025-06-23 07:00:00,1.14942,1.14963,1.14858,1.14905,2832,0,0
2025-06-23 08:00:00,1.14905,1.15144,1.14905,1.15131,3635,0,0
2025-06-23 09:00:00,1.15131,1.1521,1.15034,1.15074,4897,0,0
2025-06-23 10:00:00,1.15074,1.15164,1.14895,1.14985,6035,0,0
2025-06-23 11:00:00,1.14985,1.15024,1.14806,1.1482,4550,0,0
2025-06-23 12:00:00,1.1482,1.14833,1.14539,1.1472,5831,0,0
2025-06-23 13:00:00,1.1472,1.14819,1.14598,1.14626,4260,0,0
2025-06-23 14:00:00,1.14626,1.14748,1.14605,1.14727,4460,0,0
2025-06-23 15:00:00,1.14727,1.14781,1.14571,1.14677,4787,0,0
2025-06-23 16:00:00,1.14677,1.14938,1.14648,1.14895,6434,0,0
2025-06-23 17:00:00,1.14895,1.15404,1.14893,1.15308,9473,0,0
2025-06-23 18:00:00,1.15308,1.1552,1.15289,1.15377,6794,0,0
2025-06-23 19:00:00,1.15377,1.15575,1.15181,1.15451,6604,0,0
2025-06-23 20:00:00,1.15451,1.15734,1.15408,1.15692,6607,0,0
2025-06-23 21:00:00,1.15692,1.15778,1.15664,1.15741,5036,0,0
2025-06-23 22:00:00,1.15741,1.1579,1.15706,1.15784,3689,0,0
2025-06-23 23:00:00,1.15784,1.15817,1.15747,1.15778,1764,1,0
2025-06-24 00:00:00,1.15758,1.1578,1.15738,1.15773,316,2,0
2025-06-24 01:00:00,1.15773,1.16027,1.15729,1.15924,2832,1,0
2025-06-24 02:00:00,1.15924,1.16084,1.15865,1.15979,3575,0,0
2025-06-24 03:00:00,1.15979,1.16087,1.159,1.15992,5574,0,0
2025-06-24 04:00:00,1.15992,1.16054,1.15902,1.1591,4377,0,0
2025-06-24 05:00:00,1.1591,1.16015,1.15865,1.16001,3176,0,0
2025-06-24 06:00:00,1.16001,1.16097,1.15998,1.16056,2681,0,0
2025-06-24 07:00:00,1.16056,1.1614200000000001,1.16026,1.16065,2539,0,0
2025-06-24 08:00:00,1.16065,1.16138,1.16013,1.16106,3252,0,0
2025-06-24 09:00:00,1.16106,1.16223,1.16016,1.16054,6209,0,0
2025-06-24 10:00:00,1.16054,1.16104,1.15801,1.15917,6835,0,0
2025-06-24 11:00:00,1.15917,1.15995,1.15856,1.15928,5350,0,0
2025-06-24 12:00:00,1.15928,1.1617899999999999,1.15921,1.16099,4889,0,0
2025-06-24 13:00:00,1.16099,1.16099,1.15944,1.15968,3493,0,0
2025-06-24 14:00:00,1.15968,1.16149,1.15966,1.16083,4207,0,0
2025-06-24 15:00:00,1.16083,1.16112,1.15942,1.1601,5035,0,0
2025-06-24 16:00:00,1.1601,1.16033,1.15824,1.1592,5959,0,0
2025-06-24 17:00:00,1.1592,1.16416,1.15906,1.1617,9149,0,0
2025-06-24 18:00:00,1.1617,1.16361,1.16067,1.16074,6054,0,0
2025-06-24 19:00:00,1.16074,1.16249,1.16054,1.1623999999999999,4260,0,0
2025-06-24 20:00:00,1.1623999999999999,1.16324,1.16223,1.1626400000000001,3066,0,0
2025-06-24 21:00:00,1.1626400000000001,1.16291,1.16201,1.16236,3140,0,0
2025-06-24 22:00:00,1.16236,1.16249,1.16121,1.16128,2652,0,0
2025-06-24 23:00:00,1.16131,1.16153,1.1608100000000001,1.16089,1980,1,0
2025-06-25 00:00:00,1.1608,1.16125,1.1604700000000001,1.16065,470,5,0
2025-06-25 01:00:00,1.16065,1.16114,1.16042,1.16078,1182,1,0
2025-06-25 02:00:00,1.16078,1.16153,1.16074,1.16126,2013,0,0
2025-06-25 03:00:00,1.16126,1.16266,1.16111,1.16251,3711,0,0
2025-06-25 04:00:00,1.16251,1.16316,1.1617899999999999,1.16284,4165,0,0
2025-06-25 05:00:00,1.16284,1.16293,1.16178,1.16209,3105,0,0
2025-06-25 06:00:00,1.16209,1.16232,1.16114,1.16121,2591,0,0
2025-06-25 07:00:00,1.16121,1.16177,1.1611799999999999,1.1614200000000001,2139,0,0
2025-06-25 08:00:00,1.1614200000000001,1.1620300000000001,1.16098,1.16191,2642,0,0
2025-06-25 09:00:00,1.16191,1.16225,1.1604,1.16075,4155,0,0
2025-06-25 10:00:00,1.16075,1.16089,1.15904,1.15988,4841,0,0
2025-06-25 11:00:00,1.15988,1.16112,1.15934,1.16098,4032,0,0
2025-06-25 12:00:00,1.16098,1.16111,1.1592500000000001,1.16007,3820,0,0
2025-06-25 13:00:00,1.16007,1.1608100000000001,1.15974,1.16039,3140,0,0
2025-06-25 14:00:00,1.16039,1.16133,1.15971,1.15995,3787,0,0
2025-06-25 15:00:00,1.15995,1.1605,1.15905,1.15931,4331,0,0
2025-06-25 16:00:00,1.15931,1.16075,1.15905,1.16009,4677,0,0
2025-06-25 17:00:00,1.16009,1.16234,1.16008,1.1621,5967,0,0
2025-06-25 18:00:00,1.1621,1.16295,1.16171,1.16201,4383,0,0
2025-06-25 19:00:00,1.16201,1.16357,1.16197,1.16313,3384,0,0
2025-06-25 20:00:00,1.16313,1.16443,1.1627399999999999,1.16424,3272,0,0
2025-06-25 21:00:00,1.16424,1.16611,1.16417,1.16609,3359,0,0
2025-06-25 22:00:00,1.16609,1.16651,1.16564,1.16582,2682,0,0
2025-06-25 23:00:00,1.16582,1.1661,1.16512,1.1659,1900,1,0
2025-06-26 00:00:00,1.16541,1.16567,1.16524,1.16563,234,12,0
2025-06-26 01:00:00,1.16563,1.16602,1.16553,1.16593,1105,1,0
2025-06-26 02:00:00,1.16593,1.1684700000000001,1.16593,1.16833,3217,0,0
2025-06-26 03:00:00,1.16833,1.1689,1.16804,1.1682299999999999,3278,0,0
2025-06-26 04:00:00,1.1682299999999999,1.16878,1.1668,1.16861,3494,0,0
2025-06-26 05:00:00,1.16861,1.16953,1.16825,1.16907,3106,0,0
2025-06-26 06:00:00,1.16907,1.17173,1.16889,1.16946,4081,0,0
2025-06-26 07:00:00,1.16946,1.16948,1.16788,1.16802,2654,0,0
2025-06-26 08:00:00,1.16802,1.16859,1.16759,1.16851,2975,0,0
2025-06-26 09:00:00,1.16851,1.17002,1.1672,1.16994,5291,0,0
2025-06-26 10:00:00,1.16994,1.17132,1.16919,1.1710099999999999,5552,0,0
2025-06-26 11:00:00,1.1710099999999999,1.17447,1.17066,1.1728,5984,0,0
2025-06-26 12:00:00,1.1728,1.17291,1.1712799999999999,1.17252,5104,0,0
2025-06-26 13:00:00,1.17252,1.17307,1.17136,1.1715200000000001,4090,0,0
2025-06-26 14:00:00,1.1715200000000001,1.1716,1.16941,1.16951,4806,0,0
2025-06-26 15:00:00,1.16951,1.17127,1.16903,1.1706699999999999,7337,0,0
2025-06-26 16:00:00,1.1706699999999999,1.17208,1.16946,1.17169,7083,0,0
2025-06-26 17:00:00,1.17169,1.17188,1.17063,1.17087,7665,0,0
2025-06-26 18:00:00,1.17087,1.17173,1.16905,1.17167,5577,0,0
2025-06-26 19:00:00,1.17167,1.17402,1.17103,1.17298,4550,0,0
2025-06-26 20:00:00,1.17298,1.1732,1.17208,1.17251,3637,0,0
2025-06-26 21:00:00,1.17251,1.17286,1.17181,1.17207,3463,0,0
2025-06-26 22:00:00,1.17207,1.17209,1.17041,1.17046,3017,0,0
2025-06-26 23:00:00,1.17047,1.17086,1.16939,1.17012,1950,1,0
2025-06-27 00:00:00,1.16919,1.17017,1.16901,1.16967,672,5,0
2025-06-27 01:00:00,1.16967,1.16983,1.16808,1.16831,1361,1,0
2025-06-27 02:00:00,1.16831,1.16981,1.16831,1.16936,2288,0,0
2025-06-27 03:00:00,1.16936,1.1697899999999999,1.16885,1.16921,3806,0,0
2025-06-27 04:00:00,1.16921,1.17041,1.16863,1.17014,4059,0,0
2025-06-27 05:00:00,1.17014,1.17055,1.16863,1.16998,3136,0,0
2025-06-27 06:00:00,1.16998,1.17094,1.16958,1.16962,2680,0,0
2025-06-27 07:00:00,1.16962,1.16981,1.16853,1.16854,2501,0,0
2025-06-27 08:00:00,1.16854,1.1693500000000001,1.16849,1.16892,3042,0,0
2025-06-27 09:00:00,1.16892,1.1718899999999999,1.16839,1.17187,4655,0,0
2025-06-27 10:00:00,1.17187,1.17267,1.17073,1.17146,4468,0,0
2025-06-27 11:00:00,1.17146,1.17261,1.1709,1.17097,3257,0,0
2025-06-27 12:00:00,1.17097,1.17111,1.17018,1.17094,2897,0,0
2025-06-27 13:00:00,1.17094,1.17153,1.17015,1.17137,2991,0,0
2025-06-27 14:00:00,1.17137,1.17201,1.17111,1.17143,3046,0,0
2025-06-27 15:00:00,1.17143,1.17493,1.17032,1.17468,6924,0,0
2025-06-27 16:00:00,1.17468,1.17539,1.17159,1.17273,6877,0,0
2025-06-27 17:00:00,1.17273,1.17382,1.17056,1.17183,6682,0,0
2025-06-27 18:00:00,1.17183,1.17301,1.17117,1.17238,4890,0,0
2025-06-27 19:00:00,1.17238,1.17325,1.17178,1.17225,3729,0,0
2025-06-27 20:00:00,1.17225,1.17241,1.16957,1.17019,4969,0,0
2025-06-27 21:00:00,1.17019,1.17056,1.16883,1.16994,5201,0,0
2025-06-27 22:00:00,1.16994,1.1709,1.16989,1.1706699999999999,3194,0,0
2025-06-27 23:00:00,1.1706699999999999,1.17209,1.17061,1.17146,1691,1,0
2025-06-30 00:00:00,1.17206,1.17309,1.17187,1.17302,251,11,0
2025-06-30 01:00:00,1.17302,1.1733,1.17218,1.17303,2097,1,0
2025-06-30 02:00:00,1.17303,1.17387,1.17263,1.1727,2524,0,0
2025-06-30 03:00:00,1.1727,1.17288,1.17161,1.17182,3197,0,0
2025-06-30 04:00:00,1.17182,1.17347,1.17153,1.17206,3578,0,0
2025-06-30 05:00:00,1.17206,1.17316,1.17185,1.17194,3202,0,0
2025-06-30 06:00:00,1.17194,1.1722,1.1712,1.1712500000000001,2337,0,0
2025-06-30 07:00:00,1.1712500000000001,1.17319,1.17123,1.17302,2374,0,0
2025-06-30 08:00:00,1.17302,1.17384,1.17236,1.17267,3473,0,0
2025-06-30 09:00:00,1.17267,1.17507,1.17211,1.17432,4839,0,0
2025-06-30 10:00:00,1.17432,1.17436,1.1724999999999999,1.1724999999999999,5068,0,0
2025-06-30 11:00:00,1.1724999999999999,1.17303,1.17139,1.17294,5147,0,0
2025-06-30 12:00:00,1.17294,1.17328,1.17176,1.17197,3718,0,0
2025-06-30 13:00:00,1.17197,1.17246,1.17168,1.17244,3007,0,0
2025-06-30 14:00:00,1.17244,1.17315,1.17232,1.17233,3060,0,0
2025-06-30 15:00:00,1.17233,1.17255,1.17079,1.17135,3522,0,0
2025-06-30 16:00:00,1.17135,1.17214,1.1712,1.1721300000000001,4446,0,0
2025-06-30 17:00:00,1.1721300000000001,1.17508,1.17109,1.17384,7060,0,0
2025-06-30 18:00:00,1.17384,1.17717,1.17333,1.17696,5966,0,0
2025-06-30 19:00:00,1.17696,1.177,1.1749100000000001,1.17627,4618,0,0
2025-06-30 20:00:00,1.17627,1.17705,1.17605,1.17659,3835,0,0
2025-06-30 21:00:00,1.17659,1.17798,1.17645,1.17757,3601,0,0
2025-06-30 22:00:00,1.17757,1.17807,1.17724,1.17797,2902,0,0
2025-06-30 23:00:00,1.17797,1.17883,1.17775,1.17877,1872,1,0
2025-07-01 00:00:00,1.17814,1.1783299999999999,1.17743,1.17812,688,2,0
2025-07-01 01:00:00,1.17812,1.17906,1.1778,1.17856,1486,1,0
2025-07-01 02:00:00,1.17856,1.17875,1.17836,1.17864,1345,0,0
2025-07-01 03:00:00,1.17864,1.17978,1.17862,1.17975,3318,0,0
2025-07-01 04:00:00,1.17975,1.1807400000000001,1.17799,1.1780599999999999,3735,0,0
2025-07-01 05:00:00,1.1780599999999999,1.17895,1.17783,1.17881,2591,0,0
2025-07-01 06:00:00,1.17881,1.17939,1.17871,1.17895,2341,0,0
2025-07-01 07:00:00,1.17895,1.17938,1.17832,1.17862,2184,0,0
2025-07-01 08:00:00,1.17862,1.17895,1.1780599999999999,1.17863,2518,0,0
2025-07-01 09:00:00,1.17863,1.1786699999999999,1.17764,1.1779600000000001,3908,0,0
2025-07-01 10:00:00,1.1779600000000001,1.17877,1.17676,1.17859,4612,0,0
2025-07-01 11:00:00,1.17859,1.18173,1.17749,1.18049,5209,0,0
2025-07-01 12:00:00,1.18049,1.18298,1.17972,1.18138,4874,0,0
2025-07-01 13:00:00,1.18138,1.18231,1.1811,1.18118,3349,0,0
2025-07-01 14:00:00,1.18118,1.18193,1.18061,1.18141,3547,0,0
2025-07-01 15:00:00,1.18141,1.18176,1.18025,1.18039,4339,0,0
2025-07-01 16:00:00,1.18039,1.18119,1.17932,1.1801599999999999,5509,0,0
2025-07-01 17:00:00,1.1801599999999999,1.18023,1.17755,1.17799,8091,0,0
2025-07-01 18:00:00,1.17799,1.17799,1.17693,1.17759,5647,0,0
2025-07-01 19:00:00,1.17759,1.1776,1.17616,1.17657,4329,0,0
2025-07-01 20:00:00,1.17657,1.17835,1.17653,1.17827,3276,0,0
2025-07-01 21:00:00,1.17827,1.17835,1.17754,1.17808,2630,0,0
2025-07-01 22:00:00,1.17808,1.17914,1.17793,1.17911,2841,0,0
2025-07-01 23:00:00,1.17909,1.18068,1.17908,1.18054,1580,1,0
2025-07-02 00:00:00,1.18026,1.18044,1.17984,1.18037,422,1,0
2025-07-02 01:00:00,1.18037,1.18065,1.18021,1.18026,760,1,0
2025-07-02 02:00:00,1.18026,1.18068,1.17992,1.18051,1224,0,0
2025-07-02 03:00:00,1.18051,1.18082,1.17995,1.18075,2504,0,0
2025-07-02 04:00:00,1.18075,1.181,1.17924,1.17939,2524,0,0
2025-07-02 05:00:00,1.17939,1.18017,1.17887,1.18,2452,0,0
2025-07-02 06:00:00,1.18,1.18028,1.17963,1.18002,1900,0,0
2025-07-02 07:00:00,1.18002,1.18012,1.17959,1.17965,1460,0,0
2025-07-02 08:00:00,1.17965,1.17981,1.17849,1.17874,2430,0,0
2025-07-02 09:00:00,1.17874,1.17934,1.17736,1.17814,3527,0,0
2025-07-02 10:00:00,1.17814,1.17834,1.17715,1.17744,3742,0,0
2025-07-02 11:00:00,1.17744,1.17814,1.17704,1.17756,3334,0,0
2025-07-02 12:00:00,1.17756,1.17776,1.17676,1.17706,3339,0,0
2025-07-02 13:00:00,1.17706,1.17809,1.1764999999999999,1.17678,2795,0,0
2025-07-02 14:00:00,1.17678,1.17713,1.17471,1.1750099999999999,3671,0,0
2025-07-02 15:00:00,1.1750099999999999,1.17883,1.17476,1.17568,8534,0,0
2025-07-02 16:00:00,1.17568,1.17774,1.17551,1.176,6726,0,0
2025-07-02 17:00:00,1.176,1.17707,1.17511,1.1767400000000001,6103,0,0
2025-07-02 18:00:00,1.1767400000000001,1.17897,1.17659,1.17892,5063,0,0
2025-07-02 19:00:00,1.17892,1.1794,1.17855,1.17883,3698,0,0
2025-07-02 20:00:00,1.17883,1.17999,1.17882,1.17954,2750,0,0
2025-07-02 21:00:00,1.17954,1.18002,1.17934,1.17994,2592,0,0
2025-07-02 22:00:00,1.17994,1.18032,1.17958,1.18024,2031,0,0
2025-07-02 23:00:00,1.18024,1.18025,1.17957,1.17991,1056,1,0
2025-07-03 00:00:00,1.1795200000000001,1.17981,1.1787,1.17946,356,4,0
2025-07-03 01:00:00,1.17946,1.18003,1.17936,1.17984,784,1,0
2025-07-03 02:00:00,1.17984,1.18022,1.17971,1.1798899999999999,1131,0,0
2025-07-03 03:00:00,1.1798899999999999,1.18086,1.17981,1.18068,2710,0,0
2025-07-03 04:00:00,1.18068,1.181,1.18042,1.18047,2162,0,0
2025-07-03 05:00:00,1.18047,1.18051,1.17947,1.17981,2019,0,0
2025-07-03 06:00:00,1.17981,1.17995,1.17895,1.17919,1661,0,0
2025-07-03 07:00:00,1.17919,1.1793,1.17878,1.17896,1342,0,0
2025-07-03 08:00:00,1.17896,1.17959,1.17871,1.17959,1805,0,0
2025-07-03 09:00:00,1.17959,1.18028,1.17919,1.18022,3021,0,0
2025-07-03 10:00:00,1.18022,1.18099,1.17948,1.18015,3431,0,0
2025-07-03 11:00:00,1.18015,1.18083,1.17958,1.17982,3053,0,0
2025-07-03 12:00:00,1.17982,1.17984,1.17888,1.17923,3233,0,0
2025-07-03 13:00:00,1.17923,1.18,1.17872,1.17934,2452,0,0
2025-07-03 14:00:00,1.17934,1.1797,1.17835,1.1785,2837,0,0
2025-07-03 15:00:00,1.1785,1.17896,1.17177,1.17381,8660,0,0
2025-07-03 16:00:00,1.17381,1.17794,1.17337,1.1774499999999999,7752,0,0
2025-07-03 17:00:00,1.1774499999999999,1.17898,1.17514,1.17534,6984,0,0
2025-07-03 18:00:00,1.17534,1.17661,1.17495,1.17571,4737,0,0
2025-07-03 19:00:00,1.17571,1.17583,1.17402,1.17521,3878,0,0
2025-07-03 20:00:00,1.17521,1.17582,1.17502,1.17539,1878,0,0
2025-07-03 21:00:00,1.17539,1.17565,1.17482,1.17492,1675,0,0
2025-07-03 22:00:00,1.17492,1.17524,1.17445,1.17478,1362,0,0
2025-07-03 23:00:00,1.17478,1.17596,1.17464,1.1757,1561,1,0
2025-07-04 00:00:00,1.1757,1.17577,1.17514,1.17567,341,3,0
2025-07-04 01:00:00,1.17567,1.17596,1.17538,1.17596,585,1,0
2025-07-04 02:00:00,1.17596,1.17714,1.17559,1.17689,1750,0,0
2025-07-04 03:00:00,1.17689,1.17703,1.17637,1.1767,2841,0,0
2025-07-04 04:00:00,1.1767,1.17694,1.17563,1.17596,2527,0,0
2025-07-04 05:00:00,1.17596,1.17707,1.17593,1.17657,2160,0,0
2025-07-04 06:00:00,1.17657,1.17724,1.17647,1.17703,2017,0,0
2025-07-04 07:00:00,1.17703,1.178,1.17695,1.178,2171,0,0
2025-07-04 08:00:00,1.178,1.17853,1.1779600000000001,1.17841,2318,0,0
2025-07-04 09:00:00,1.17841,1.17848,1.17747,1.1781,3408,0,0
2025-07-04 10:00:00,1.1781,1.17825,1.1768,1.17698,3997,0,0
2025-07-04 11:00:00,1.17698,1.17776,1.1768399999999999,1.17746,3155,0,0
2025-07-04 12:00:00,1.17746,1.17822,1.17722,1.17785,2698,0,0
2025-07-04 13:00:00,1.17785,1.1781,1.1775,1.17779,2294,0,0
2025-07-04 14:00:00,1.17779,1.1782,1.17687,1.17692,2597,0,0
2025-07-04 15:00:00,1.17692,1.17721,1.17639,1.17667,3130,0,0
2025-07-04 16:00:00,1.17667,1.17808,1.17665,1.17794,2799,0,0
2025-07-04 17:00:00,1.17794,1.17874,1.17754,1.17784,3336,0,0
2025-07-04 18:00:00,1.17784,1.17844,1.17761,1.1779,2549,0,0
2025-07-04 19:00:00,1.1779,1.17816,1.17738,1.17748,1851,0,0
2025-07-04 20:00:00,1.17748,1.17773,1.17724,1.17756,4566,0,0
2025-07-04 21:00:00,1.17756,1.17793,1.17742,1.17789,4015,0,0
2025-07-04 22:00:00,1.17789,1.17798,1.17726,1.17748,2892,0,0
2025-07-04 23:00:00,1.17748,1.17826,1.17722,1.17723,2498,1,0
2025-07-07 00:00:00,1.1779600000000001,1.1781,1.17768,1.17789,162,15,0
2025-07-07 01:00:00,1.17789,1.17818,1.1773500000000001,1.17799,785,1,0
2025-07-07 02:00:00,1.17799,1.17821,1.17756,1.17802,1515,0,0
2025-07-07 03:00:00,1.17802,1.17901,1.1779,1.178,3159,0,0
2025-07-07 04:00:00,1.178,1.17807,1.17704,1.17722,2878,0,0
2025-07-07 05:00:00,1.17722,1.17754,1.17651,1.17677,2713,0,0
2025-07-07 06:00:00,1.17677,1.17744,1.17667,1.17694,2198,0,0
2025-07-07 07:00:00,1.17694,1.17724,1.17644,1.17663,2163,0,0
2025-07-07 08:00:00,1.17663,1.17737,1.17638,1.17714,2487,0,0
2025-07-07 09:00:00,1.17714,1.1773500000000001,1.17503,1.1756,3801,0,0
2025-07-07 10:00:00,1.1756,1.17585,1.17455,1.17458,4360,0,0
2025-07-07 11:00:00,1.17458,1.17476,1.17236,1.17245,4018,0,0
2025-07-07 12:00:00,1.17245,1.17346,1.17224,1.17339,3468,0,0
2025-07-07 13:00:00,1.17339,1.1736,1.17234,1.17276,3132,0,0
2025-07-07 14:00:00,1.17276,1.17341,1.17252,1.17297,2967,0,0
2025-07-07 15:00:00,1.17297,1.17312,1.17182,1.17227,3477,0,0
2025-07-07 16:00:00,1.17227,1.17409,1.17221,1.17353,4018,0,0
2025-07-07 17:00:00,1.17353,1.17454,1.17331,1.17389,3915,0,0
2025-07-07 18:00:00,1.17389,1.17405,1.17304,1.17328,3591,0,0
2025-07-07 19:00:00,1.17328,1.1739600000000001,1.16876,1.1694499999999999,5687,0,0
2025-07-07 20:00:00,1.1694499999999999,1.17134,1.16872,1.17069,5349,0,0
2025-07-07 21:00:00,1.17069,1.17197,1.17004,1.1719,3723,0,0
2025-07-07 22:00:00,1.1719,1.17238,1.1716199999999999,1.17194,2578,0,0
2025-07-07 23:00:00,1.17194,1.1721300000000001,1.1706699999999999,1.1708,1319,1,0
2025-07-08 00:00:00,1.17078,1.17095,1.17069,1.17084,192,14,0
2025-07-08 01:00:00,1.17084,1.17376,1.17078,1.17354,1406,1,0
2025-07-08 02:00:00,1.17354,1.17388,1.17316,1.17367,1990,0,0
2025-07-08 03:00:00,1.17367,1.17477,1.17365,1.17435,3544,0,0
2025-07-08 04:00:00,1.17435,1.17444,1.17311,1.17384,3209,0,0
2025-07-08 05:00:00,1.17384,1.17486,1.17361,1.17386,2614,0,0
2025-07-08 06:00:00,1.17386,1.17487,1.17373,1.1746699999999999,2336,0,0
2025-07-08 07:00:00,1.1746699999999999,1.1750099999999999,1.17407,1.17417,2855,0,0
2025-07-08 08:00:00,1.17417,1.17448,1.17342,1.1735,2947,0,0
2025-07-08 09:00:00,1.1735,1.17448,1.17319,1.17417,4064,0,0
2025-07-08 10:00:00,1.17417,1.17652,1.17417,1.176,4230,0,0
2025-07-08 11:00:00,1.176,1.17608,1.17479,1.1749100000000001,4000,0,0
2025-07-08 12:00:00,1.1749100000000001,1.17507,1.17393,1.17422,3086,0,0
2025-07-08 13:00:00,1.17422,1.17426,1.17234,1.17283,3196,0,0
2025-07-08 14:00:00,1.17283,1.17384,1.17216,1.1722,3291,0,0
2025-07-08 15:00:00,1.1722,1.17245,1.17141,1.17209,3963,0,0
2025-07-08 16:00:00,1.17209,1.17221,1.1694,1.17053,4989,0,0
2025-07-08 17:00:00,1.17053,1.17066,1.1683,1.16924,5933,0,0
2025-07-08 18:00:00,1.16924,1.17126,1.16899,1.17068,4457,0,0
2025-07-08 19:00:00,1.17068,1.17129,1.16965,1.17087,4801,0,0
2025-07-08 20:00:00,1.17087,1.17257,1.17074,1.17243,4574,0,0
2025-07-08 21:00:00,1.17243,1.17286,1.17185,1.17256,3308,0,0
2025-07-08 22:00:00,1.17256,1.17297,1.17195,1.17244,2801,0,0
2025-07-08 23:00:00,1.17235,1.17289,1.17225,1.17249,1357,1,0
2025-07-09 00:00:00,1.17174,1.17231,1.17154,1.17182,315,27,0
2025-07-09 01:00:00,1.17182,1.17294,1.17182,1.17287,694,1,0
2025-07-09 02:00:00,1.17287,1.17291,1.1722,1.17237,1280,0,0
2025-07-09 03:00:00,1.17237,1.17261,1.1718,1.17246,3106,0,0
2025-07-09 04:00:00,1.17246,1.17257,1.17171,1.17206,3154,0,0
2025-07-09 05:00:00,1.17206,1.17253,1.1705,1.17113,2899,0,0
2025-07-09 06:00:00,1.17113,1.17117,1.17032,1.17041,2525,0,0
2025-07-09 07:00:00,1.17041,1.17138,1.17017,1.17126,2300,0,0
2025-07-09 08:00:00,1.17126,1.1721300000000001,1.17109,1.17168,2617,0,0
2025-07-09 09:00:00,1.17168,1.1728399999999999,1.17124,1.17258,3388,0,0
2025-07-09 10:00:00,1.17258,1.1728399999999999,1.17046,1.17078,4302,0,0
2025-07-09 11:00:00,1.17078,1.17202,1.17026,1.17135,4055,0,0
2025-07-09 12:00:00,1.17135,1.17197,1.17076,1.17138,3138,0,0
2025-07-09 13:00:00,1.17138,1.17176,1.1702,1.17023,2926,0,0
2025-07-09 14:00:00,1.17023,1.17066,1.16898,1.16913,2822,0,0
2025-07-09 15:00:00,1.16913,1.1717,1.16913,1.1715200000000001,5113,0,0
2025-07-09 16:00:00,1.1715200000000001,1.17224,1.17008,1.17036,5052,0,0
2025-07-09 17:00:00,1.17036,1.17245,1.1703000000000001,1.17149,5164,0,0
2025-07-09 18:00:00,1.17149,1.17164,1.17051,1.17063,3405,0,0
2025-07-09 19:00:00,1.17063,1.1709100000000001,1.17011,1.17053,2362,0,0
2025-07-09 20:00:00,1.17053,1.17108,1.1703999999999999,1.17087,2506,0,0
2025-07-09 21:00:00,1.17087,1.17178,1.17052,1.17133,2887,0,0
2025-07-09 22:00:00,1.17133,1.17232,1.1712799999999999,1.1718899999999999,2002,0,0
2025-07-09 23:00:00,1.1718899999999999,1.17237,1.17116,1.17209,1579,1,0
2025-07-10 00:00:00,1.17115,1.17211,1.17109,1.17208,226,25,0
2025-07-10 01:00:00,1.17208,1.1724999999999999,1.17207,1.17244,537,1,0
2025-07-10 02:00:00,1.17244,1.17399,1.17229,1.17379,1314,0,0
2025-07-10 03:00:00,1.17379,1.17494,1.17356,1.1743999999999999,3629,0,0
2025-07-10 04:00:00,1.1743999999999999,1.17446,1.17381,1.17409,2854,0,0
2025-07-10 05:00:00,1.17409,1.17445,1.17375,1.17391,2415,0,0
2025-07-10 06:00:00,1.17391,1.17399,1.1734,1.17341,1982,0,0
2025-07-10 07:00:00,1.17341,1.17358,1.17307,1.17349,1688,0,0
2025-07-10 08:00:00,1.17349,1.17408,1.17348,1.1739,2265,0,0
2025-07-10 09:00:00,1.1739,1.17435,1.17298,1.1733,3559,0,0
2025-07-10 10:00:00,1.1733,1.1738,1.17265,1.1733,3492,0,0
2025-07-10 11:00:00,1.1733,1.17342,1.17263,1.17279,2548,0,0
2025-07-10 12:00:00,1.17279,1.17343,1.17278,1.17312,2304,0,0
2025-07-10 13:00:00,1.17312,1.17341,1.17278,1.17286,2018,0,0
2025-07-10 14:00:00,1.17286,1.17297,1.17082,1.17119,3086,0,0
2025-07-10 15:00:00,1.17119,1.17141,1.17021,1.17064,4258,0,0
2025-07-10 16:00:00,1.17064,1.17145,1.16869,1.16929,4736,0,0
2025-07-10 17:00:00,1.16929,1.16939,1.16628,1.168,6882,0,0
2025-07-10 18:00:00,1.168,1.16885,1.16743,1.1687400000000001,4253,0,0
2025-07-10 19:00:00,1.1687400000000001,1.16899,1.1682299999999999,1.1685699999999999,3120,0,0
2025-07-10 20:00:00,1.1685699999999999,1.16913,1.16818,1.16892,2462,0,0
2025-07-10 21:00:00,1.16892,1.16949,1.16879,1.16922,2687,0,0
2025-07-10 22:00:00,1.16922,1.16991,1.16901,1.16956,2235,0,0
2025-07-10 23:00:00,1.16956,1.17008,1.1694499999999999,1.17003,1342,1,0
2025-07-11 00:00:00,1.16981,1.17035,1.16956,1.17021,215,10,0
2025-07-11 01:00:00,1.17021,1.17075,1.17021,1.17058,937,1,0
2025-07-11 02:00:00,1.17058,1.17061,1.17,1.1702,1192,0,0
2025-07-11 03:00:00,1.1702,1.17049,1.16649,1.16747,6330,0,0
2025-07-11 04:00:00,1.16747,1.16858,1.16688,1.16755,4543,0,0
2025-07-11 05:00:00,1.16755,1.1678,1.1671,1.16712,2939,0,0
2025-07-11 06:00:00,1.16712,1.16846,1.16706,1.16816,2629,0,0
2025-07-11 07:00:00,1.16816,1.16827,1.16695,1.16763,2388,0,0
2025-07-11 08:00:00,1.16763,1.1684,1.16754,1.16781,2655,0,0
2025-07-11 09:00:00,1.16781,1.16849,1.16707,1.1675,4147,0,0
2025-07-11 10:00:00,1.1675,1.16958,1.1675,1.16889,4260,0,0
2025-07-11 11:00:00,1.16889,1.16923,1.16798,1.1682299999999999,3714,0,0
2025-07-11 12:00:00,1.1682299999999999,1.16954,1.16814,1.16948,3231,0,0
2025-07-11 13:00:00,1.16948,1.16967,1.16878,1.16925,3259,0,0
2025-07-11 14:00:00,1.16925,1.17009,1.16864,1.16879,4029,0,0
2025-07-11 15:00:00,1.16879,1.17,1.16825,1.16885,4487,0,0
2025-07-11 16:00:00,1.16885,1.17138,1.16865,1.16889,5163,0,0
2025-07-11 17:00:00,1.16889,1.16941,1.16744,1.16921,5385,0,0
2025-07-11 18:00:00,1.16921,1.17041,1.16892,1.16965,4141,0,0
2025-07-11 19:00:00,1.16965,1.1698,1.1689,1.16916,3778,0,0
2025-07-11 20:00:00,1.16916,1.16948,1.16868,1.16933,2429,0,0
2025-07-11 21:00:00,1.16933,1.16958,1.16885,1.16887,3315,0,0
2025-07-11 22:00:00,1.16887,1.16921,1.16862,1.16879,2883,0,0
2025-07-11 23:00:00,1.16879,1.16938,1.16785,1.16901,2836,1,0
2025-07-14 00:00:00,1.16639,1.16733,1.16607,1.16688,452,13,0
2025-07-14 01:00:00,1.16688,1.16845,1.16629,1.16647,2185,1,0
2025-07-14 02:00:00,1.16647,1.16829,1.16635,1.16825,2668,0,0
2025-07-14 03:00:00,1.16825,1.16938,1.16817,1.1693500000000001,3138,0,0
2025-07-14 04:00:00,1.1693500000000001,1.16978,1.16843,1.16848,3192,0,0
2025-07-14 05:00:00,1.16848,1.16902,1.16729,1.16747,2496,0,0
2025-07-14 06:00:00,1.16747,1.16849,1.1673499999999999,1.1681300000000001,2521,0,0
2025-07-14 07:00:00,1.1681300000000001,1.16819,1.16751,1.16751,2107,0,0
2025-07-14 08:00:00,1.16751,1.1678600000000001,1.16651,1.16695,2849,0,0
2025-07-14 09:00:00,1.16695,1.16705,1.16546,1.16636,3618,0,0
2025-07-14 10:00:00,1.16636,1.1687400000000001,1.1663000000000001,1.1685699999999999,4178,0,0
2025-07-14 11:00:00,1.1685699999999999,1.1689,1.16804,1.16827,3149,0,0
2025-07-14 12:00:00,1.16827,1.16919,1.16797,1.16911,3142,0,0
2025-07-14 13:00:00,1.16911,1.16951,1.16882,1.16947,2696,0,0
2025-07-14 14:00:00,1.16947,1.16971,1.16867,1.1689,3169,0,0
2025-07-14 15:00:00,1.1689,1.1692,1.16801,1.16856,3194,0,0
2025-07-14 16:00:00,1.16856,1.16867,1.16748,1.1682,3925,0,0
2025-07-14 17:00:00,1.1682,1.16942,1.16787,1.16836,4286,0,0
2025-07-14 18:00:00,1.16836,1.1696,1.16673,1.16713,4482,0,0
2025-07-14 19:00:00,1.16713,1.1676,1.16605,1.16626,4000,0,0
2025-07-14 20:00:00,1.16626,1.16668,1.16593,1.16629,2577,0,0
2025-07-14 21:00:00,1.16629,1.16729,1.16627,1.16702,2658,0,0
2025-07-14 22:00:00,1.16702,1.16719,1.16646,1.16679,1770,0,0
2025-07-14 23:00:00,1.1668,1.16689,1.16632,1.16654,1414,1,0
2025-07-15 00:00:00,1.16605,1.16641,1.166,1.16637,233,8,0
2025-07-15 01:00:00,1.16637,1.16677,1.16637,1.1666400000000001,987,1,0
2025-07-15 02:00:00,1.1666400000000001,1.16669,1.16605,1.16652,1398,0,0
2025-07-15 03:00:00,1.16652,1.16771,1.16647,1.1672500000000001,2651,0,0
2025-07-15 04:00:00,1.1672500000000001,1.16747,1.16661,1.1669100000000001,2726,0,0
2025-07-15 05:00:00,1.1669100000000001,1.1675,1.16655,1.16745,2694,0,0
2025-07-15 06:00:00,1.16745,1.16777,1.16733,1.1676,2030,0,0
2025-07-15 07:00:00,1.1676,1.16799,1.16742,1.1676,1593,0,0
2025-07-15 08:00:00,1.1676,1.16862,1.16759,1.16858,2029,0,0
2025-07-15 09:00:00,1.16858,1.1688,1.16747,1.1678,3036,0,0
2025-07-15 10:00:00,1.1678,1.16927,1.16721,1.16904,3874,0,0
2025-07-15 11:00:00,1.16904,1.16914,1.16821,1.16869,3002,0,0
2025-07-15 12:00:00,1.16869,1.1691,1.16816,1.1685,2709,0,0
2025-07-15 13:00:00,1.1685,1.16875,1.16764,1.16837,2351,0,0
2025-07-15 14:00:00,1.16837,1.16842,1.16677,1.16698,2774,0,0
2025-07-15 15:00:00,1.16698,1.16909,1.16626,1.16781,6426,0,0
2025-07-15 16:00:00,1.16781,1.16793,1.16394,1.16433,7795,0,0
2025-07-15 17:00:00,1.16433,1.16443,1.16157,1.16184,7643,0,0
2025-07-15 18:00:00,1.16184,1.16188,1.16011,1.16177,5446,0,0
2025-07-15 19:00:00,1.16177,1.1620300000000001,1.15937,1.15963,4243,0,0
2025-07-15 20:00:00,1.15963,1.1601,1.1593,1.15966,2803,0,0
2025-07-15 21:00:00,1.15966,1.16054,1.15954,1.16031,2522,0,0
2025-07-15 22:00:00,1.16031,1.16036,1.15991,1.16009,2197,0,0
2025-07-15 23:00:00,1.16009,1.16038,1.15992,1.16019,1355,1,0
2025-07-16 00:00:00,1.1596899999999999,1.16009,1.15948,1.15987,181,7,0
2025-07-16 01:00:00,1.15987,1.16045,1.15975,1.16042,849,1,0
2025-07-16 02:00:00,1.16042,1.1608,1.16029,1.16071,1214,0,0
2025-07-16 03:00:00,1.16071,1.16132,1.16026,1.16082,3259,0,0
2025-07-16 04:00:00,1.16082,1.16155,1.16067,1.16136,3031,0,0
2025-07-16 05:00:00,1.16136,1.16137,1.16073,1.16102,1507,0,0
2025-07-16 06:00:00,1.16102,1.16155,1.16063,1.16111,1631,0,0
2025-07-16 07:00:00,1.16111,1.16198,1.16102,1.16196,1428,0,0
2025-07-16 08:00:00,1.16196,1.16209,1.16148,1.16206,1883,0,0
2025-07-16 09:00:00,1.16206,1.16279,1.16186,1.16278,3443,0,0
2025-07-16 10:00:00,1.16278,1.16285,1.16128,1.16186,3434,0,0
2025-07-16 11:00:00,1.16186,1.16257,1.1617899999999999,1.16255,2956,0,0
2025-07-16 12:00:00,1.16255,1.16263,1.16135,1.16158,2947,0,0
2025-07-16 13:00:00,1.16158,1.16189,1.16094,1.16174,2283,0,0
2025-07-16 14:00:00,1.16174,1.16211,1.16011,1.16038,3019,0,0
2025-07-16 15:00:00,1.16038,1.16135,1.15932,1.15988,6179,0,0
2025-07-16 16:00:00,1.15988,1.16029,1.15632,1.15724,6263,0,0
2025-07-16 17:00:00,1.15724,1.16059,1.15626,1.15927,6435,0,0
2025-07-16 18:00:00,1.15927,1.17217,1.15923,1.16282,16279,0,0
2025-07-16 19:00:00,1.16282,1.16563,1.16156,1.16391,10145,0,0
2025-07-16 20:00:00,1.16391,1.16587,1.16367,1.16415,5816,0,0
2025-07-16 21:00:00,1.16415,1.16443,1.16276,1.16282,3907,0,0
2025-07-16 22:00:00,1.16282,1.16371,1.16206,1.16357,3202,0,0
2025-07-16 23:00:00,1.16357,1.16429,1.16334,1.16411,2727,1,0
2025-07-17 00:00:00,1.16324,1.16382,1.1630099999999999,1.16315,463,8,0
2025-07-17 01:00:00,1.16314,1.16424,1.16314,1.1636199999999999,1025,1,0
2025-07-17 02:00:00,1.16364,1.16401,1.1633499999999999,1.16357,1561,0,0
2025-07-17 03:00:00,1.16357,1.16364,1.16176,1.16239,3344,0,0
2025-07-17 04:00:00,1.16239,1.16289,1.1614,1.16277,3807,0,0
2025-07-17 05:00:00,1.16277,1.1628,1.1617,1.16184,2202,0,0
2025-07-17 06:00:00,1.16184,1.16195,1.16141,1.16191,1758,0,0
2025-07-17 07:00:00,1.16191,1.16245,1.16161,1.16242,1444,0,0
2025-07-17 08:00:00,1.16242,1.16273,1.1616900000000001,1.16171,2212,0,0
2025-07-17 09:00:00,1.16171,1.16177,1.15736,1.15833,5794,0,0
2025-07-17 10:00:00,1.15833,1.15965,1.15743,1.15907,4839,0,0
2025-07-17 11:00:00,1.15907,1.16053,1.1589800000000001,1.16015,3067,0,0
2025-07-17 12:00:00,1.16015,1.16048,1.15891,1.1591,2521,0,0
2025-07-17 13:00:00,1.1591,1.15913,1.15835,1.15861,2135,0,0
2025-07-17 14:00:00,1.15861,1.15899,1.15704,1.15746,2859,0,0
2025-07-17 15:00:00,1.15746,1.1592500000000001,1.15572,1.15872,5929,0,0
2025-07-17 16:00:00,1.15872,1.15984,1.15805,1.15863,5064,0,0
2025-07-17 17:00:00,1.15863,1.15926,1.15782,1.1588,4893,0,0
2025-07-17 18:00:00,1.1588,1.16027,1.15854,1.15966,4146,0,0
2025-07-17 19:00:00,1.15966,1.16019,1.15835,1.1586400000000001,3355,0,0
2025-07-17 20:00:00,1.1586400000000001,1.15906,1.15823,1.15853,3069,0,0
2025-07-17 21:00:00,1.15853,1.1588,1.15802,1.15844,2583,0,0
2025-07-17 22:00:00,1.15844,1.15997,1.15843,1.15975,2239,0,0
2025-07-17 23:00:00,1.15975,1.16003,1.1594,1.15968,1334,1,0
2025-07-18 00:00:00,1.1587399999999999,1.15984,1.1587399999999999,1.15975,438,1,0
2025-07-18 01:00:00,1.15975,1.16191,1.15963,1.16167,1551,1,0
2025-07-18 02:00:00,1.16167,1.16198,1.16149,1.16154,1775,0,0
2025-07-18 03:00:00,1.16154,1.16275,1.16148,1.16246,3287,0,0
2025-07-18 04:00:00,1.16246,1.16343,1.16204,1.16292,3211,0,0
2025-07-18 05:00:00,1.16292,1.16313,1.16245,1.16292,1932,0,0
2025-07-18 06:00:00,1.16292,1.16318,1.16224,1.1623999999999999,1757,0,0
2025-07-18 07:00:00,1.1623999999999999,1.16243,1.16185,1.16194,1447,0,0
2025-07-18 08:00:00,1.16194,1.16205,1.16125,1.16172,1905,0,0
2025-07-18 09:00:00,1.16172,1.16226,1.16123,1.16205,3190,0,0
2025-07-18 10:00:00,1.16205,1.1631,1.162,1.16289,3311,0,0
2025-07-18 11:00:00,1.16289,1.1645699999999999,1.1628,1.1635900000000001,3567,0,0
2025-07-18 12:00:00,1.1635900000000001,1.1643,1.1633499999999999,1.16336,3112,0,0
2025-07-18 13:00:00,1.16336,1.16421,1.16323,1.164,2850,0,0
2025-07-18 14:00:00,1.164,1.1648100000000001,1.1639599999999999,1.16446,3055,0,0
2025-07-18 15:00:00,1.16446,1.16584,1.16431,1.16562,4453,0,0
2025-07-18 16:00:00,1.16562,1.16676,1.1648100000000001,1.16659,4883,0,0
2025-07-18 17:00:00,1.16659,1.16719,1.16448,1.1648100000000001,5720,0,0
2025-07-18 18:00:00,1.1648100000000001,1.16577,1.16427,1.1645,4237,0,0
2025-07-18 19:00:00,1.1645,1.16487,1.16267,1.16287,3923,0,0
2025-07-18 20:00:00,1.16287,1.163,1.16181,1.1627,2942,0,0
2025-07-18 21:00:00,1.1627,1.16279,1.16196,1.16218,2794,0,0
2025-07-18 22:00:00,1.16218,1.16231,1.1617,1.16222,2317,0,0
2025-07-18 23:00:00,1.16222,1.16276,1.1617899999999999,1.16255,2187,1,0
2025-07-21 00:00:00,1.16273,1.16336,1.16229,1.1632500000000001,319,28,0
2025-07-21 01:00:00,1.1632500000000001,1.16338,1.16224,1.16265,1748,1,0
2025-07-21 02:00:00,1.16265,1.16317,1.16245,1.16297,1855,0,0
2025-07-21 03:00:00,1.16297,1.16361,1.1619,1.16193,2923,0,0
2025-07-21 04:00:00,1.16193,1.16254,1.16159,1.16175,3224,0,0
2025-07-21 05:00:00,1.16175,1.16244,1.16148,1.16219,1811,0,0
2025-07-21 06:00:00,1.16219,1.16257,1.16202,1.16254,1490,0,0
2025-07-21 07:00:00,1.16254,1.16302,1.16233,1.16292,1251,0,0
2025-07-21 08:00:00,1.16292,1.16353,1.16278,1.16336,1700,0,0
2025-07-21 09:00:00,1.16336,1.16428,1.16294,1.16414,3366,0,0
2025-07-21 10:00:00,1.16414,1.16473,1.16356,1.16435,3583,0,0
2025-07-21 11:00:00,1.16435,1.16521,1.16367,1.16425,3314,0,0
2025-07-21 12:00:00,1.16425,1.1648399999999999,1.16387,1.16448,2619,0,0
2025-07-21 13:00:00,1.16448,1.16461,1.16339,1.16455,2929,0,0
2025-07-21 14:00:00,1.16455,1.16697,1.16446,1.16675,3809,0,0
2025-07-21 15:00:00,1.16675,1.16734,1.16628,1.1665,3504,0,0
2025-07-21 16:00:00,1.1665,1.16657,1.16582,1.16648,3123,0,0
2025-07-21 17:00:00,1.16648,1.16983,1.1663999999999999,1.16965,5559,0,0
2025-07-21 18:00:00,1.16965,1.17166,1.16956,1.17049,4708,0,0
2025-07-21 19:00:00,1.17049,1.17059,1.16955,1.17001,3685,0,0
2025-07-21 20:00:00,1.17001,1.17018,1.16862,1.1691,2595,0,0
2025-07-21 21:00:00,1.1691,1.16951,1.16869,1.16937,2494,0,0
2025-07-21 22:00:00,1.16937,1.16961,1.16892,1.16897,2159,0,0
2025-07-21 23:00:00,1.16895,1.16968,1.16881,1.1692,2008,1,0
2025-07-22 00:00:00,1.16905,1.1693,1.16868,1.16904,200,5,0
2025-07-22 01:00:00,1.16904,1.16949,1.16894,1.1694499999999999,545,1,0
2025-07-22 02:00:00,1.1694499999999999,1.16959,1.16904,1.1695,1106,0,0
2025-07-22 03:00:00,1.1695,1.16956,1.16838,1.16886,2899,0,0
2025-07-22 04:00:00,1.16886,1.16904,1.16828,1.16883,2315,0,0
2025-07-22 05:00:00,1.16883,1.16957,1.16881,1.1690800000000001,1267,0,0
2025-07-22 06:00:00,1.1690800000000001,1.16913,1.16853,1.16875,1285,0,0
2025-07-22 07:00:00,1.16875,1.1694499999999999,1.16863,1.16885,1102,0,0
2025-07-22 08:00:00,1.16885,1.16922,1.16834,1.1687,1681,0,0
2025-07-22 09:00:00,1.1687,1.16921,1.16843,1.16907,2622,0,0
2025-07-22 10:00:00,1.16907,1.16921,1.16819,1.1686,2984,0,0
2025-07-22 11:00:00,1.1686,1.17034,1.16842,1.16987,3258,0,0
2025-07-22 12:00:00,1.16987,1.1707,1.16937,1.17053,2605,0,0
2025-07-22 13:00:00,1.17053,1.17093,1.16998,1.17021,2251,0,0
2025-07-22 14:00:00,1.17021,1.17037,1.16947,1.17013,2855,0,0
2025-07-22 15:00:00,1.17013,1.17047,1.16834,1.16905,3354,0,0
2025-07-22 16:00:00,1.16905,1.17043,1.16792,1.17042,4844,0,0
2025-07-22 17:00:00,1.17042,1.17266,1.16912,1.17222,5931,0,0
2025-07-22 18:00:00,1.17222,1.17489,1.17149,1.17479,5191,0,0
2025-07-22 19:00:00,1.17479,1.17605,1.17445,1.17551,4204,0,0
2025-07-22 20:00:00,1.17551,1.17554,1.17434,1.1746,2537,0,0
2025-07-22 21:00:00,1.1746,1.17484,1.17421,1.17479,2097,0,0
2025-07-22 22:00:00,1.17479,1.1752799999999999,1.17451,1.17515,1871,0,0
2025-07-22 23:00:00,1.17515,1.17547,1.17452,1.17537,1577,1,0
2025-07-23 00:00:00,1.17502,1.17537,1.17465,1.17482,251,9,0
2025-07-23 01:00:00,1.17482,1.17508,1.1745,1.17479,1020,1,0
2025-07-23 02:00:00,1.1748,1.1756,1.17366,1.1738,3141,0,0
2025-07-23 03:00:00,1.1738,1.17478,1.17338,1.17471,3168,0,0
2025-07-23 04:00:00,1.17471,1.17487,1.1730800000000001,1.17372,3271,0,0
2025-07-23 05:00:00,1.17372,1.17419,1.17331,1.17347,2799,0,0
2025-07-23 06:00:00,1.17347,1.17459,1.17342,1.17393,1921,0,0
2025-07-23 07:00:00,1.17393,1.174,1.17324,1.1735,1589,0,0
2025-07-23 08:00:00,1.1735,1.17377,1.17276,1.17305,1987,0,0
2025-07-23 09:00:00,1.17305,1.17426,1.17302,1.17422,3308,0,0
2025-07-23 10:00:00,1.17422,1.17527,1.17342,1.17417,4120,0,0
2025-07-23 11:00:00,1.17417,1.17478,1.1731,1.17328,3615,0,0
2025-07-23 12:00:00,1.17328,1.17395,1.17305,1.17361,3085,0,0
2025-07-23 13:00:00,1.17361,1.17366,1.17233,1.17261,3031,0,0
2025-07-23 14:00:00,1.17261,1.17314,1.17238,1.17259,3512,0,0
2025-07-23 15:00:00,1.17259,1.17331,1.17205,1.1724999999999999,3414,0,0
2025-07-23 16:00:00,1.1724999999999999,1.17304,1.17113,1.17263,4706,0,0
2025-07-23 17:00:00,1.17263,1.17377,1.17233,1.17337,4769,0,0
2025-07-23 18:00:00,1.17337,1.1758,1.1722,1.17468,4791,0,0
2025-07-23 19:00:00,1.17468,1.17607,1.17434,1.17511,6066,0,0
2025-07-23 20:00:00,1.17511,1.17647,1.17458,1.17597,4098,0,0
2025-07-23 21:00:00,1.17597,1.1774,1.17596,1.17713,2953,0,0
2025-07-23 22:00:00,1.17713,1.17749,1.17679,1.17732,2412,0,0
2025-07-23 23:00:00,1.17734,1.17751,1.17662,1.1768,2127,1,0
2025-07-24 00:00:00,1.1766,1.17736,1.17643,1.17677,386,19,0
2025-07-24 01:00:00,1.17675,1.17747,1.17675,1.17733,817,1,0
2025-07-24 02:00:00,1.17733,1.1779,1.17733,1.17738,1535,0,0
2025-07-24 03:00:00,1.17738,1.17738,1.17624,1.17671,2437,0,0
2025-07-24 04:00:00,1.17671,1.17797,1.17668,1.17753,2923,0,0
2025-07-24 05:00:00,1.17753,1.17785,1.17712,1.17768,2024,0,0
2025-07-24 06:00:00,1.17768,1.178,1.17741,1.17753,1771,0,0
2025-07-24 07:00:00,1.17753,1.17778,1.17731,1.17743,1512,0,0
2025-07-24 08:00:00,1.17743,1.17782,1.17707,1.17712,1976,0,0
2025-07-24 09:00:00,1.17712,1.1773,1.17572,1.17572,2949,0,0
2025-07-24 10:00:00,1.17572,1.17695,1.17554,1.17617,4181,0,0
2025-07-24 11:00:00,1.17617,1.17682,1.17557,1.17581,3463,0,0
2025-07-24 12:00:00,1.17581,1.17596,1.17468,1.17523,3059,0,0
2025-07-24 13:00:00,1.17523,1.17547,1.17436,1.1749,2690,0,0
2025-07-24 14:00:00,1.1749,1.17564,1.17459,1.17557,3162,0,0
2025-07-24 15:00:00,1.17557,1.17588,1.17323,1.17362,5391,0,0
2025-07-24 16:00:00,1.17362,1.17767,1.1730800000000001,1.17714,7940,0,0
2025-07-24 17:00:00,1.17714,1.17887,1.17619,1.17664,6715,0,0
2025-07-24 18:00:00,1.17664,1.17783,1.17556,1.1764999999999999,4898,0,0
2025-07-24 19:00:00,1.1764999999999999,1.17725,1.17572,1.17627,3544,0,0
2025-07-24 20:00:00,1.17627,1.17778,1.17605,1.17702,2391,0,0
2025-07-24 21:00:00,1.17702,1.17712,1.17625,1.17657,2155,0,0
2025-07-24 22:00:00,1.17657,1.1770100000000001,1.17581,1.17583,2393,0,0
2025-07-24 23:00:00,1.17584,1.17601,1.1745,1.17466,2729,1,0
2025-07-25 00:00:00,1.17483,1.17495,1.17331,1.17458,611,1,0
2025-07-25 01:00:00,1.17458,1.17531,1.17444,1.1751800000000001,1048,1,0
2025-07-25 02:00:00,1.1751800000000001,1.17574,1.175,1.17549,1739,0,0
2025-07-25 03:00:00,1.17549,1.1758899999999999,1.1749,1.17544,2604,0,0
2025-07-25 04:00:00,1.17544,1.17586,1.1739600000000001,1.17431,2538,0,0
2025-07-25 05:00:00,1.17431,1.1743999999999999,1.17341,1.17394,1844,0,0
2025-07-25 06:00:00,1.17394,1.17452,1.1736900000000001,1.17427,1547,0,0
2025-07-25 07:00:00,1.17427,1.17462,1.17346,1.17403,1712,0,0
2025-07-25 08:00:00,1.17403,1.1749,1.17375,1.1746699999999999,2105,0,0
2025-07-25 09:00:00,1.1746699999999999,1.17608,1.17419,1.17482,3621,0,0
2025-07-25 10:00:00,1.17482,1.17593,1.17482,1.17529,4343,0,0
2025-07-25 11:00:00,1.17529,1.17581,1.17418,1.17435,4586,0,0
2025-07-25 12:00:00,1.17435,1.17437,1.17332,1.17352,3532,0,0
2025-07-25 13:00:00,1.17352,1.17373,1.1724999999999999,1.1728399999999999,3001,0,0
2025-07-25 14:00:00,1.1728399999999999,1.1731,1.17117,1.17212,3774,0,0
2025-07-25 15:00:00,1.17212,1.17273,1.17119,1.17184,3786,0,0
2025-07-25 16:00:00,1.17184,1.17302,1.17031,1.17216,8375,0,0
2025-07-25 17:00:00,1.17216,1.17356,1.17215,1.17295,5267,0,0
2025-07-25 18:00:00,1.17295,1.17384,1.17224,1.17289,3930,0,0
2025-07-25 19:00:00,1.17289,1.17306,1.17205,1.17289,3396,0,0
2025-07-25 20:00:00,1.17289,1.17394,1.17288,1.17364,2461,0,0
2025-07-25 21:00:00,1.17364,1.17465,1.17357,1.17454,2672,0,0
2025-07-25 22:00:00,1.17454,1.1747,1.17413,1.17437,2027,0,0
2025-07-25 23:00:00,1.17437,1.17439,1.17376,1.17408,1998,1,0
2025-07-28 00:00:00,1.17497,1.17636,1.17493,1.17608,360,6,0
2025-07-28 01:00:00,1.17608,1.1768399999999999,1.17511,1.17549,1673,1,0
2025-07-28 02:00:00,1.17549,1.17606,1.17539,1.17558,2035,0,0
2025-07-28 03:00:00,1.17558,1.17703,1.17551,1.17636,3329,0,0
2025-07-28 04:00:00,1.17636,1.17697,1.17479,1.17523,3060,0,0
2025-07-28 05:00:00,1.17523,1.17572,1.1746699999999999,1.17549,1939,0,0
2025-07-28 06:00:00,1.17549,1.17572,1.17513,1.17565,1472,0,0
2025-07-28 07:00:00,1.17565,1.17581,1.17459,1.17476,1497,0,0
2025-07-28 08:00:00,1.17476,1.17479,1.17401,1.17409,1742,0,0
2025-07-28 09:00:00,1.17409,1.17447,1.17113,1.17215,4667,0,0
2025-07-28 10:00:00,1.17215,1.17241,1.1671,1.1675,5609,0,0
2025-07-28 11:00:00,1.1675,1.16901,1.16713,1.1679,4559,0,0
2025-07-28 12:00:00,1.1679,1.16844,1.16583,1.1667,4191,0,0
2025-07-28 13:00:00,1.1667,1.16722,1.16554,1.16584,4125,0,0
2025-07-28 14:00:00,1.16584,1.16586,1.16439,1.16513,4855,0,0
2025-07-28 15:00:00,1.16513,1.1665,1.1648399999999999,1.1658,5891,0,0
2025-07-28 16:00:00,1.1658,1.16623,1.16259,1.16331,6044,0,0
2025-07-28 17:00:00,1.16331,1.16475,1.16307,1.16373,5879,0,0
2025-07-28 18:00:00,1.16373,1.16394,1.16083,1.1609099999999999,5158,0,0
2025-07-28 19:00:00,1.1609099999999999,1.16111,1.15987,1.15993,3730,0,0
2025-07-28 20:00:00,1.15993,1.16017,1.1589800000000001,1.15923,2817,0,0
2025-07-28 21:00:00,1.15923,1.15947,1.15854,1.15947,2587,0,0
2025-07-28 22:00:00,1.15947,1.15961,1.15891,1.15915,1672,0,0
2025-07-28 23:00:00,1.15915,1.15941,1.15851,1.15871,1594,1,0
2025-07-29 00:00:00,1.15885,1.159,1.1587,1.15896,227,17,0
2025-07-29 01:00:00,1.15896,1.15942,1.15869,1.15936,966,1,0
2025-07-29 02:00:00,1.15936,1.15967,1.15895,1.15963,1218,0,0
2025-07-29 03:00:00,1.15963,1.15975,1.15849,1.15854,2294,0,0
2025-07-29 04:00:00,1.15854,1.15983,1.15852,1.15912,2368,0,0
2025-07-29 05:00:00,1.15912,1.15992,1.15912,1.1597,1772,0,0
2025-07-29 06:00:00,1.1597,1.15983,1.15818,1.15832,1811,0,0
2025-07-29 07:00:00,1.15832,1.15888,1.15749,1.15886,1910,0,0
2025-07-29 08:00:00,1.15886,1.15902,1.15774,1.15791,1859,0,0
2025-07-29 09:00:00,1.15791,1.1586,1.15322,1.15341,5551,0,0
2025-07-29 10:00:00,1.15341,1.15547,1.15271,1.15547,6423,0,0
2025-07-29 11:00:00,1.15547,1.15695,1.15524,1.1569099999999999,4593,0,0
2025-07-29 12:00:00,1.1569099999999999,1.1584699999999999,1.15634,1.1577,4168,0,0
2025-07-29 13:00:00,1.1577,1.15884,1.15731,1.1574200000000001,3570,0,0
2025-07-29 14:00:00,1.1574200000000001,1.15751,1.15375,1.15402,4749,0,0
2025-07-29 15:00:00,1.15402,1.15421,1.15251,1.15251,5174,0,0
2025-07-29 16:00:00,1.15251,1.15468,1.15192,1.1545,6133,0,0
2025-07-29 17:00:00,1.1545,1.15512,1.15218,1.15231,8121,0,0
2025-07-29 18:00:00,1.15231,1.15408,1.15222,1.15334,5505,0,0
2025-07-29 19:00:00,1.15334,1.15494,1.15334,1.15417,4114,0,0
2025-07-29 20:00:00,1.15417,1.15603,1.1540300000000001,1.15419,4297,0,0
2025-07-29 21:00:00,1.15419,1.15504,1.15378,1.15503,3299,0,0
2025-07-29 22:00:00,1.15503,1.15574,1.1549,1.1549800000000001,2497,0,0
2025-07-29 23:00:00,1.1549800000000001,1.15526,1.1544,1.15449,1787,1,0
2025-07-30 00:00:00,1.15453,1.15471,1.15422,1.15462,194,3,0
2025-07-30 01:00:00,1.15462,1.15509,1.15461,1.15497,558,1,0
2025-07-30 02:00:00,1.15497,1.15511,1.15467,1.15509,948,0,0
2025-07-30 03:00:00,1.15509,1.15678,1.15506,1.15671,2362,0,0
2025-07-30 04:00:00,1.15671,1.15726,1.15606,1.15644,2489,0,0
2025-07-30 05:00:00,1.15644,1.15683,1.15607,1.1564,1699,0,0
2025-07-30 06:00:00,1.1564,1.15706,1.15584,1.15617,1805,0,0
2025-07-30 07:00:00,1.15617,1.15622,1.15506,1.15514,1548,0,0
2025-07-30 08:00:00,1.15514,1.1559599999999999,1.15485,1.155,2133,0,0
2025-07-30 09:00:00,1.155,1.15605,1.15401,1.15566,3462,0,0
2025-07-30 10:00:00,1.15566,1.15686,1.15511,1.15537,3953,0,0
2025-07-30 11:00:00,1.15537,1.1559300000000001,1.1549,1.15568,3437,0,0
2025-07-30 12:00:00,1.15568,1.15605,1.15454,1.15517,3470,0,0
2025-07-30 13:00:00,1.15517,1.1555,1.15326,1.15393,3305,0,0
2025-07-30 14:00:00,1.15393,1.15409,1.15222,1.1531,3632,0,0
2025-07-30 15:00:00,1.1531,1.15345,1.14694,1.14734,8002,0,0
2025-07-30 16:00:00,1.14734,1.14809,1.14585,1.14693,7856,0,0
2025-07-30 17:00:00,1.14693,1.14819,1.14653,1.14805,5468,0,0
2025-07-30 18:00:00,1.14805,1.14855,1.1464,1.14687,4052,0,0
2025-07-30 19:00:00,1.14687,1.14741,1.1465,1.14738,3381,0,0
2025-07-30 20:00:00,1.14738,1.14828,1.14738,1.14797,3309,0,0
2025-07-30 21:00:00,1.14797,1.15032,1.14245,1.14245,11308,0,0
2025-07-30 22:00:00,1.14245,1.14359,1.14144,1.14239,7891,0,0
2025-07-30 23:00:00,1.14241,1.14296,1.14008,1.14038,3717,1,0
2025-07-31 00:00:00,1.14033,1.1409799999999999,1.14022,1.14071,397,1,0
2025-07-31 01:00:00,1.14071,1.14243,1.14036,1.14227,1178,1,0
2025-07-31 02:00:00,1.14227,1.14303,1.14193,1.1428,1764,0,0
2025-07-31 03:00:00,1.1428,1.14372,1.14279,1.1434199999999999,2733,0,0
2025-07-31 04:00:00,1.1434199999999999,1.14381,1.14239,1.14308,3000,0,0
2025-07-31 05:00:00,1.14308,1.14318,1.14214,1.14291,2719,0,0
2025-07-31 06:00:00,1.14291,1.1434199999999999,1.14079,1.14233,2565,0,0
2025-07-31 07:00:00,1.14233,1.14364,1.14196,1.14355,1988,0,0
2025-07-31 08:00:00,1.14355,1.14428,1.14312,1.14364,2220,0,0
2025-07-31 09:00:00,1.14364,1.14605,1.14355,1.14583,4589,0,0
2025-07-31 10:00:00,1.14583,1.14583,1.14333,1.1448800000000001,4974,0,0
2025-07-31 11:00:00,1.1448800000000001,1.14547,1.14382,1.14499,4340,0,0
2025-07-31 12:00:00,1.14499,1.14509,1.14328,1.14333,3208,0,0
2025-07-31 13:00:00,1.14333,1.14415,1.14209,1.14396,3354,0,0
2025-07-31 14:00:00,1.14396,1.14508,1.14361,1.14491,3604,0,0
2025-07-31 15:00:00,1.14491,1.14509,1.14251,1.14288,5708,0,0
2025-07-31 16:00:00,1.14288,1.14299,1.14062,1.14115,5617,0,0
2025-07-31 17:00:00,1.14115,1.14496,1.14077,1.14448,6168,0,0
2025-07-31 18:00:00,1.14448,1.1449799999999999,1.14284,1.14304,5321,0,0
2025-07-31 19:00:00,1.14304,1.1433,1.14218,1.14228,4129,0,0
2025-07-31 20:00:00,1.14228,1.14248,1.14155,1.14198,3166,0,0
2025-07-31 21:00:00,1.14198,1.14329,1.14156,1.14265,2648,0,0
2025-07-31 22:00:00,1.14265,1.14319,1.1412200000000001,1.14123,2899,0,0
2025-07-31 23:00:00,1.14129,1.14181,1.14095,1.14124,2638,1,0
2025-08-01 00:00:00,1.1413,1.14176,1.14126,1.1415899999999999,182,6,0
2025-08-01 01:00:00,1.14169,1.14228,1.14151,1.14177,933,1,0
2025-08-01 02:00:00,1.14177,1.14262,1.14115,1.14223,2683,0,0
2025-08-01 03:00:00,1.14223,1.14289,1.14158,1.14243,3083,0,0
2025-08-01 04:00:00,1.14243,1.14285,1.14053,1.14073,3284,0,0
2025-08-01 05:00:00,1.14073,1.14151,1.14062,1.14113,2696,0,0
2025-08-01 06:00:00,1.14113,1.14221,1.14104,1.14185,1992,0,0
2025-08-01 07:00:00,1.14185,1.14215,1.1416,1.14191,1309,0,0
2025-08-01 08:00:00,1.14191,1.14346,1.14162,1.14307,1860,0,0
2025-08-01 09:00:00,1.14307,1.1438,1.14263,1.14293,3426,0,0
2025-08-01 10:00:00,1.14293,1.1434199999999999,1.14129,1.14188,4108,0,0
2025-08-01 11:00:00,1.14188,1.14206,1.14057,1.14068,3550,0,0
2025-08-01 12:00:00,1.14068,1.14127,1.13935,1.1401,3443,0,0
2025-08-01 13:00:00,1.1401,1.14176,1.1401,1.1412200000000001,3352,0,0
2025-08-01 14:00:00,1.1412200000000001,1.14224,1.14046,1.14049,3425,0,0
2025-08-01 15:00:00,1.14049,1.15588,1.13919,1.15452,11694,0,0
2025-08-01 16:00:00,1.15452,1.15834,1.15373,1.15601,13763,0,0
2025-08-01 17:00:00,1.15601,1.15883,1.15511,1.15562,13772,0,0
2025-08-01 18:00:00,1.15562,1.15655,1.15365,1.15547,7163,0,0
2025-08-01 19:00:00,1.15547,1.1565,1.15381,1.15397,4941,0,0
2025-08-01 20:00:00,1.15397,1.15397,1.1516899999999999,1.1527,5153,0,0
2025-08-01 21:00:00,1.1527,1.15482,1.15219,1.15261,4573,0,0
2025-08-01 22:00:00,1.15261,1.15821,1.1524,1.15689,6305,0,0
2025-08-01 23:00:00,1.15687,1.1597,1.15687,1.15873,3771,1,0
2025-08-04 00:00:00,1.15902,1.15955,1.15877,1.15884,258,5,0
2025-08-04 01:00:00,1.15884,1.15963,1.15783,1.15839,1746,1,0
2025-08-04 02:00:00,1.15839,1.15902,1.1578,1.15877,2666,0,0
2025-08-04 03:00:00,1.15877,1.1589,1.1556,1.15581,3783,0,0
2025-08-04 04:00:00,1.15581,1.15724,1.15505,1.15713,3395,0,0
2025-08-04 05:00:00,1.15713,1.15783,1.15677,1.15757,2358,0,0
2025-08-04 06:00:00,1.15757,1.1586,1.15757,1.15792,1855,0,0
2025-08-04 07:00:00,1.15792,1.15855,1.15745,1.15747,1545,0,0
2025-08-04 08:00:00,1.15747,1.15824,1.15673,1.15702,2498,0,0
2025-08-04 09:00:00,1.15702,1.15833,1.15635,1.1572,4192,0,0
2025-08-04 10:00:00,1.1572,1.15785,1.15511,1.15637,5194,0,0
2025-08-04 11:00:00,1.15637,1.15653,1.15499,1.15581,4239,0,0
2025-08-04 12:00:00,1.15581,1.15772,1.15554,1.15647,3674,0,0
2025-08-04 13:00:00,1.15647,1.15771,1.15554,1.15739,3465,0,0
2025-08-04 14:00:00,1.15739,1.15862,1.15648,1.15669,4658,0,0
2025-08-04 15:00:00,1.15669,1.15884,1.15607,1.15754,5374,0,0
2025-08-04 16:00:00,1.15754,1.15885,1.15732,1.1576,5505,0,0
2025-08-04 17:00:00,1.1576,1.15873,1.15571,1.15639,6419,0,0
2025-08-04 18:00:00,1.15639,1.15766,1.15613,1.15672,4785,0,0
2025-08-04 19:00:00,1.15672,1.1575199999999999,1.15573,1.1572,3672,0,0
2025-08-04 20:00:00,1.1572,1.15739,1.15645,1.15729,3040,0,0
2025-08-04 21:00:00,1.15729,1.15775,1.15642,1.15655,3401,0,0
2025-08-04 22:00:00,1.15655,1.15727,1.15628,1.1568,2845,0,0
2025-08-04 23:00:00,1.1568,1.1576,1.1565400000000001,1.15716,1769,1,0
2025-08-05 00:00:00,1.15653,1.15704,1.1562999999999999,1.15674,293,9,0
2025-08-05 01:00:00,1.15674,1.15814,1.15658,1.15793,1233,1,0
2025-08-05 02:00:00,1.15793,1.15854,1.15778,1.1584,2114,0,0
2025-08-05 03:00:00,1.1584,1.15878,1.15711,1.15722,2162,0,0
2025-08-05 04:00:00,1.15722,1.1574200000000001,1.15599,1.15641,2436,0,0
2025-08-05 05:00:00,1.15641,1.15643,1.1556,1.15603,1916,0,0
2025-08-05 06:00:00,1.15603,1.15614,1.15544,1.15555,1401,0,0
2025-08-05 07:00:00,1.15555,1.15603,1.15544,1.15585,1445,0,0
2025-08-05 08:00:00,1.15585,1.15585,1.15444,1.15483,2027,0,0
2025-08-05 09:00:00,1.15483,1.15612,1.15429,1.1551,2952,0,0
2025-08-05 10:00:00,1.1551,1.15624,1.15334,1.15463,4392,0,0
2025-08-05 11:00:00,1.15463,1.15492,1.15316,1.15369,4273,0,0
2025-08-05 12:00:00,1.15369,1.15465,1.15301,1.15424,3660,0,0
2025-08-05 13:00:00,1.15424,1.15457,1.15344,1.15443,3174,0,0
2025-08-05 14:00:00,1.15443,1.15478,1.1528100000000001,1.15396,3588,0,0
2025-08-05 15:00:00,1.15396,1.15482,1.15304,1.15373,5003,0,0
2025-08-05 16:00:00,1.15373,1.15543,1.15326,1.15349,4979,0,0
2025-08-05 17:00:00,1.15349,1.15661,1.1534,1.15651,8669,0,0
2025-08-05 18:00:00,1.15651,1.15846,1.15629,1.15796,4852,0,0
2025-08-05 19:00:00,1.15796,1.15861,1.15774,1.15827,3309,0,0
2025-08-05 20:00:00,1.15827,1.15831,1.15758,1.15783,2812,0,0
2025-08-05 21:00:00,1.15783,1.15796,1.15708,1.15736,2561,0,0
2025-08-05 22:00:00,1.15736,1.15749,1.15667,1.15726,2460,0,0
2025-08-05 23:00:00,1.15726,1.15774,1.15713,1.15728,1596,1,0
2025-08-06 00:00:00,1.15705,1.15748,1.15679,1.15732,210,8,0
2025-08-06 01:00:00,1.15732,1.1577600000000001,1.15709,1.1576,924,1,0
2025-08-06 02:00:00,1.1576,1.1581299999999999,1.15729,1.15784,1375,0,0
2025-08-06 03:00:00,1.15784,1.15852,1.1573,1.1574,1976,0,0
2025-08-06 04:00:00,1.1574,1.1574,1.1565,1.15673,1863,0,0
2025-08-06 05:00:00,1.15673,1.15719,1.15646,1.15692,1638,0,0
2025-08-06 06:00:00,1.15692,1.15819,1.15692,1.15801,1363,0,0
2025-08-06 07:00:00,1.15801,1.15862,1.1578,1.15829,1480,0,0
2025-08-06 08:00:00,1.15829,1.15838,1.15745,1.15789,1616,0,0
2025-08-06 09:00:00,1.15789,1.15881,1.15766,1.15787,2784,0,0
2025-08-06 10:00:00,1.15787,1.1582,1.15716,1.15809,3316,0,0
2025-08-06 11:00:00,1.15809,1.15835,1.15707,1.15753,3019,0,0
2025-08-06 12:00:00,1.15753,1.1588,1.15745,1.15849,2844,0,0
2025-08-06 13:00:00,1.15849,1.16107,1.15843,1.1607,3967,0,0
2025-08-06 14:00:00,1.1607,1.1615,1.1598,1.16043,2915,0,0
2025-08-06 15:00:00,1.16043,1.16285,1.16007,1.16235,3650,0,0
2025-08-06 16:00:00,1.16235,1.16358,1.16175,1.16356,4941,0,0
2025-08-06 17:00:00,1.16356,1.16375,1.16224,1.1627399999999999,4877,0,0
2025-08-06 18:00:00,1.1627399999999999,1.16469,1.16229,1.16463,5779,0,0
2025-08-06 19:00:00,1.16463,1.1648399999999999,1.16309,1.16347,4385,0,0
2025-08-06 20:00:00,1.16347,1.1655,1.1633,1.16492,3835,0,0
2025-08-06 21:00:00,1.16492,1.16685,1.16483,1.16625,3148,0,0
2025-08-06 22:00:00,1.16625,1.16639,1.16526,1.16565,2078,0,0
2025-08-06 23:00:00,1.16565,1.16602,1.165,1.16592,2111,1,0
2025-08-07 00:00:00,1.16529,1.16582,1.1652,1.16572,287,16,0
2025-08-07 01:00:00,1.16572,1.16659,1.1656,1.16635,1249,1,0
2025-08-07 02:00:00,1.16634,1.1663999999999999,1.16594,1.1663000000000001,1663,0,0
2025-08-07 03:00:00,1.1663000000000001,1.16639,1.16511,1.16527,1962,0,0
2025-08-07 04:00:00,1.16527,1.16627,1.16498,1.1657899999999999,2281,0,0
2025-08-07 05:00:00,1.1657899999999999,1.16651,1.16563,1.16574,1690,0,0
2025-08-07 06:00:00,1.16574,1.16654,1.16535,1.16646,1614,0,0
2025-08-07 07:00:00,1.16646,1.16764,1.1663000000000001,1.16712,1635,0,0
2025-08-07 08:00:00,1.16712,1.16763,1.16686,1.1675200000000001,1799,0,0
2025-08-07 09:00:00,1.1675200000000001,1.1679599999999999,1.16683,1.16761,3054,0,0
2025-08-07 10:00:00,1.16761,1.16913,1.1673499999999999,1.16897,3735,0,0
2025-08-07 11:00:00,1.16897,1.16988,1.16758,1.16829,4663,0,0
2025-08-07 12:00:00,1.16829,1.16848,1.16707,1.16709,2982,0,0
2025-08-07 13:00:00,1.16709,1.1672,1.16617,1.16702,3354,0,0
2025-08-07 14:00:00,1.16702,1.16767,1.16343,1.16446,5453,0,0
2025-08-07 15:00:00,1.16446,1.16624,1.16377,1.16512,6218,0,0
2025-08-07 16:00:00,1.16512,1.16586,1.1638,1.16429,6409,0,0
2025-08-07 17:00:00,1.16429,1.16498,1.16143,1.16243,8251,0,0
2025-08-07 18:00:00,1.16243,1.16419,1.16113,1.16397,4911,0,0
2025-08-07 19:00:00,1.16397,1.16445,1.16354,1.1638,2824,0,0
2025-08-07 20:00:00,1.1638,1.16397,1.16323,1.16332,3028,0,0
2025-08-07 21:00:00,1.16332,1.16372,1.16215,1.16221,2674,0,0
2025-08-07 22:00:00,1.16221,1.16567,1.16194,1.16544,4480,0,0
2025-08-07 23:00:00,1.16546,1.16713,1.16545,1.1663000000000001,2448,1,0
2025-08-08 00:00:00,1.16615,1.16698,1.16597,1.16649,567,6,0
2025-08-08 01:00:00,1.16649,1.16747,1.16642,1.16724,1648,1,0
2025-08-08 02:00:00,1.16724,1.16782,1.16702,1.16767,1902,0,0
2025-08-08 03:00:00,1.16767,1.16794,1.16675,1.16726,2718,0,0
2025-08-08 04:00:00,1.16726,1.16738,1.16554,1.16576,2637,0,0
2025-08-08 05:00:00,1.16576,1.16651,1.16575,1.16608,1942,0,0
2025-08-08 06:00:00,1.16608,1.16614,1.16553,1.16598,1752,0,0
2025-08-08 07:00:00,1.16598,1.16635,1.16578,1.16585,1608,0,0
2025-08-08 08:00:00,1.16585,1.166,1.16391,1.16412,2303,0,0
2025-08-08 09:00:00,1.16412,1.16527,1.1641,1.165,2686,0,0
2025-08-08 10:00:00,1.165,1.16645,1.16489,1.16592,4062,0,0
2025-08-08 11:00:00,1.16592,1.16628,1.16348,1.16372,3749,0,0
2025-08-08 12:00:00,1.16372,1.16438,1.163,1.16416,4170,0,0
2025-08-08 13:00:00,1.16416,1.16475,1.16292,1.16358,3435,0,0
2025-08-08 14:00:00,1.16358,1.16493,1.16351,1.1644,3333,0,0
2025-08-08 15:00:00,1.1644,1.16536,1.16379,1.1642000000000001,4437,0,0
2025-08-08 16:00:00,1.1642000000000001,1.1655,1.16416,1.16489,4478,0,0
2025-08-08 17:00:00,1.16489,1.16628,1.16461,1.1656,5106,0,0
2025-08-08 18:00:00,1.1656,1.16678,1.1654200000000001,1.166,3826,0,0
2025-08-08 19:00:00,1.166,1.16629,1.16499,1.16565,3005,0,0
2025-08-08 20:00:00,1.16565,1.16668,1.16539,1.16591,2308,0,0
2025-08-08 21:00:00,1.16591,1.16627,1.1648,1.16559,3467,0,0
2025-08-08 22:00:00,1.16559,1.16562,1.16363,1.16426,2861,0,0
2025-08-08 23:00:00,1.16426,1.16435,1.16384,1.16413,1605,1,0
2025-08-11 00:00:00,1.1645,1.16483,1.16409,1.16432,208,33,0
2025-08-11 01:00:00,1.16432,1.1651,1.16416,1.16469,1006,1,0
2025-08-11 02:00:00,1.16469,1.16507,1.16444,1.16476,1237,0,0
2025-08-11 03:00:00,1.16476,1.16486,1.16421,1.16475,1614,0,0
2025-08-11 04:00:00,1.16475,1.1659,1.16454,1.1659,1580,0,0
2025-08-11 05:00:00,1.1659,1.16686,1.1659,1.16661,1278,0,0
2025-08-11 06:00:00,1.16661,1.16755,1.16649,1.16714,1361,0,0
2025-08-11 07:00:00,1.16714,1.16756,1.16711,1.16721,968,0,0
2025-08-11 08:00:00,1.16721,1.16727,1.16676,1.16694,1208,0,0
2025-08-11 09:00:00,1.16694,1.16739,1.16632,1.16643,2456,0,0
2025-08-11 10:00:00,1.16643,1.1666,1.1646,1.16471,3449,0,0
2025-08-11 11:00:00,1.16471,1.1660300000000001,1.16442,1.1655,2920,0,0
2025-08-11 12:00:00,1.1655,1.16582,1.1638600000000001,1.16415,2785,0,0
2025-08-11 13:00:00,1.16415,1.16478,1.16407,1.1647,2459,0,0
2025-08-11 14:00:00,1.1647,1.1647,1.16233,1.16286,3582,0,0
2025-08-11 15:00:00,1.16286,1.1631,1.16143,1.16202,3922,0,0
2025-08-11 16:00:00,1.16202,1.16276,1.16161,1.16197,3874,0,0
2025-08-11 17:00:00,1.16197,1.16205,1.15906,1.15957,5087,0,0
2025-08-11 18:00:00,1.15957,1.16069,1.15903,1.16065,3750,0,0
2025-08-11 19:00:00,1.16065,1.16119,1.16021,1.16075,2657,0,0
2025-08-11 20:00:00,1.16075,1.16123,1.15988,1.16109,2575,0,0
2025-08-11 21:00:00,1.16109,1.1614200000000001,1.16072,1.16122,2470,0,0
2025-08-11 22:00:00,1.16122,1.16127,1.16021,1.16049,2013,0,0
2025-08-11 23:00:00,1.16049,1.16196,1.16043,1.16147,1324,1,0
2025-08-12 00:00:00,1.16083,1.16146,1.16069,1.1614,312,17,0
2025-08-12 01:00:00,1.16158,1.16183,1.16102,1.16128,594,1,0
2025-08-12 02:00:00,1.16128,1.16176,1.16125,1.16162,1099,0,0
2025-08-12 03:00:00,1.16162,1.16199,1.1612,1.16154,2476,0,0
2025-08-12 04:00:00,1.16154,1.16254,1.16145,1.16194,2334,0,0
2025-08-12 05:00:00,1.16194,1.16255,1.16177,1.16228,1699,0,0
2025-08-12 06:00:00,1.16228,1.16243,1.16186,1.16208,1593,0,0
2025-08-12 07:00:00,1.16208,1.16279,1.16157,1.16275,1650,0,0
2025-08-12 08:00:00,1.16275,1.1629,1.16135,1.16141,2552,0,0
2025-08-12 09:00:00,1.16141,1.16184,1.16083,1.16094,3634,0,0
2025-08-12 10:00:00,1.16094,1.16238,1.16082,1.16202,4015,0,0
2025-08-12 11:00:00,1.16202,1.16224,1.1612,1.16148,3049,0,0
2025-08-12 12:00:00,1.16148,1.16187,1.16006,1.16064,3283,0,0
2025-08-12 13:00:00,1.16064,1.1613,1.16058,1.16104,2415,0,0
2025-08-12 14:00:00,1.16104,1.16111,1.15988,1.16054,2677,0,0
2025-08-12 15:00:00,1.16054,1.16561,1.16012,1.1642299999999999,9285,0,0
2025-08-12 16:00:00,1.1642299999999999,1.16681,1.16173,1.16525,10582,0,0
2025-08-12 17:00:00,1.16525,1.16626,1.16419,1.1657899999999999,6608,0,0
2025-08-12 18:00:00,1.1657899999999999,1.16971,1.16563,1.16724,6636,0,0
2025-08-12 19:00:00,1.16724,1.16858,1.16657,1.168,4896,0,0
2025-08-12 20:00:00,1.168,1.16806,1.16711,1.16733,3317,0,0
2025-08-12 21:00:00,1.16733,1.16787,1.16648,1.16687,3201,0,0
2025-08-12 22:00:00,1.16687,1.16756,1.16647,1.16745,2670,0,0
2025-08-12 23:00:00,1.16745,1.1677,1.16716,1.16729,1524,1,0
2025-08-13 00:00:00,1.16713,1.16746,1.1668,1.1673499999999999,382,3,0
2025-08-13 01:00:00,1.1673499999999999,1.16774,1.16731,1.16764,721,1,0
2025-08-13 02:00:00,1.16764,1.16792,1.16753,1.16776,1187,0,0
2025-08-13 03:00:00,1.16776,1.16808,1.1671,1.16798,2126,0,0
2025-08-13 04:00:00,1.16798,1.16863,1.16764,1.16773,2302,0,0
2025-08-13 05:00:00,1.16773,1.16859,1.16707,1.16819,1896,0,0
2025-08-13 06:00:00,1.16819,1.16877,1.16798,1.1684,1655,0,0
2025-08-13 07:00:00,1.1684,1.16861,1.16818,1.16843,1333,0,0
2025-08-13 08:00:00,1.16843,1.16852,1.16767,1.16794,1561,0,0
2025-08-13 09:00:00,1.16794,1.1696900000000001,1.1679,1.16922,3541,0,0
2025-08-13 10:00:00,1.16922,1.17127,1.1692,1.17081,4176,0,0
2025-08-13 11:00:00,1.17081,1.17205,1.17071,1.17142,4168,0,0
2025-08-13 12:00:00,1.17142,1.17302,1.17142,1.17293,3004,0,0
2025-08-13 13:00:00,1.17293,1.17301,1.17164,1.17166,2908,0,0
2025-08-13 14:00:00,1.17166,1.17191,1.1708,1.17191,2970,0,0
2025-08-13 15:00:00,1.17191,1.17216,1.16975,1.16991,3700,0,0
2025-08-13 16:00:00,1.16991,1.17072,1.16932,1.17047,4472,0,0
2025-08-13 17:00:00,1.17047,1.17235,1.17027,1.172,5123,0,0
2025-08-13 18:00:00,1.172,1.17226,1.17086,1.17138,4148,0,0
2025-08-13 19:00:00,1.17138,1.17151,1.1706699999999999,1.1707,2721,0,0
2025-08-13 20:00:00,1.1707,1.17108,1.17029,1.17043,2308,0,0
2025-08-13 21:00:00,1.17043,1.17047,1.16961,1.17004,2296,0,0
2025-08-13 22:00:00,1.17004,1.17041,1.16976,1.16994,1761,0,0
2025-08-13 23:00:00,1.16994,1.1707,1.16992,1.17053,1400,1,0
2025-08-14 00:00:00,1.17046,1.17069,1.16988,1.17045,495,7,0
2025-08-14 01:00:00,1.17045,1.17082,1.17043,1.17081,929,1,0
2025-08-14 02:00:00,1.17081,1.1712500000000001,1.17075,1.17121,1355,0,0
2025-08-14 03:00:00,1.17121,1.17148,1.17093,1.17113,1975,0,0
2025-08-14 04:00:00,1.17113,1.1715,1.17093,1.1713,2352,0,0
2025-08-14 05:00:00,1.1713,1.1713,1.16992,1.17049,1884,0,0
2025-08-14 06:00:00,1.17049,1.17053,1.16999,1.17035,1651,0,0
2025-08-14 07:00:00,1.17035,1.1706699999999999,1.17018,1.17039,1257,0,0
2025-08-14 08:00:00,1.17039,1.17041,1.16973,1.17015,1773,0,0
2025-08-14 09:00:00,1.17015,1.17064,1.16851,1.16854,3629,0,0
2025-08-14 10:00:00,1.16854,1.16928,1.1678,1.168,4637,0,0
2025-08-14 11:00:00,1.168,1.16852,1.16681,1.16685,3209,0,0
2025-08-14 12:00:00,1.16685,1.1687,1.16685,1.1682,3361,0,0
2025-08-14 13:00:00,1.1682,1.16974,1.16814,1.16953,3479,0,0
2025-08-14 14:00:00,1.16953,1.16964,1.1683,1.1688399999999999,3015,0,0
2025-08-14 15:00:00,1.1688399999999999,1.16924,1.16495,1.1663999999999999,7791,0,0
2025-08-14 16:00:00,1.1663999999999999,1.16713,1.16494,1.16503,6631,0,0
2025-08-14 17:00:00,1.16503,1.1666400000000001,1.16379,1.16608,5736,0,0
2025-08-14 18:00:00,1.16608,1.16621,1.16378,1.16431,5057,0,0
2025-08-14 19:00:00,1.16431,1.16453,1.16312,1.16343,3818,0,0
2025-08-14 20:00:00,1.16343,1.16437,1.16315,1.16368,2928,0,0
2025-08-14 21:00:00,1.16368,1.16424,1.16332,1.16414,2653,0,0
2025-08-14 22:00:00,1.16414,1.16505,1.16414,1.16482,2029,0,0
2025-08-14 23:00:00,1.16482,1.16503,1.16448,1.16467,1159,1,0
2025-08-15 00:00:00,1.16474,1.16503,1.16471,1.16497,322,5,0
2025-08-15 01:00:00,1.16501,1.16529,1.16483,1.16499,615,1,0
2025-08-15 02:00:00,1.16499,1.1653,1.1646,1.1650800000000001,1226,0,0
2025-08-15 03:00:00,1.1650800000000001,1.16532,1.1647,1.16521,1654,0,0
2025-08-15 04:00:00,1.16521,1.16581,1.16485,1.16531,1850,0,0
2025-08-15 05:00:00,1.16531,1.16578,1.16499,1.16568,1688,0,0
2025-08-15 06:00:00,1.16568,1.16645,1.16567,1.16602,1475,0,0
2025-08-15 07:00:00,1.16602,1.16636,1.16592,1.16629,970,0,0
2025-08-15 08:00:00,1.16629,1.16712,1.16615,1.16711,1464,0,0
2025-08-15 09:00:00,1.16711,1.16747,1.16654,1.16718,2618,0,0
2025-08-15 10:00:00,1.16718,1.16841,1.16718,1.16827,3688,0,0
2025-08-15 11:00:00,1.16827,1.1685,1.16768,1.1682299999999999,3228,0,0
2025-08-15 12:00:00,1.1682299999999999,1.16898,1.16804,1.16875,2728,0,0
2025-08-15 13:00:00,1.16875,1.16915,1.16808,1.16861,2529,0,0
2025-08-15 14:00:00,1.16861,1.1691799999999999,1.16817,1.16877,2652,0,0
2025-08-15 15:00:00,1.16877,1.16999,1.16737,1.1694,5708,0,0
2025-08-15 16:00:00,1.1694,1.17083,1.1682,1.17012,5832,0,0
2025-08-15 17:00:00,1.17012,1.1715200000000001,1.17001,1.17117,6116,0,0
2025-08-15 18:00:00,1.17117,1.1715,1.17033,1.17071,4285,0,0
2025-08-15 19:00:00,1.17071,1.17082,1.16998,1.1703999999999999,3117,0,0
2025-08-15 20:00:00,1.1703999999999999,1.17057,1.16995,1.17042,2552,0,0
2025-08-15 21:00:00,1.17042,1.17066,1.16989,1.17028,2472,0,0
2025-08-15 22:00:00,1.17028,1.17035,1.16999,1.17007,1805,0,0
2025-08-15 23:00:00,1.17007,1.17079,1.16998,1.1703999999999999,1247,1,0
2025-08-18 00:00:00,1.17092,1.17142,1.17072,1.17135,275,17,0
2025-08-18 01:00:00,1.17135,1.1716,1.17099,1.17135,948,1,0
2025-08-18 02:00:00,1.17141,1.17142,1.1703999999999999,1.17065,1530,0,0
2025-08-18 03:00:00,1.17065,1.17106,1.17004,1.17018,1997,0,0
2025-08-18 04:00:00,1.17018,1.17046,1.16938,1.17031,2041,0,0
2025-08-18 05:00:00,1.17031,1.17053,1.16977,1.17013,1324,0,0
2025-08-18 06:00:00,1.17013,1.17047,1.16999,1.17037,1447,0,0
2025-08-18 07:00:00,1.17037,1.17103,1.17028,1.17087,1737,0,0
2025-08-18 08:00:00,1.17087,1.1709,1.17015,1.17061,1676,0,0
2025-08-18 09:00:00,1.17061,1.17079,1.16938,1.16968,2912,0,0
2025-08-18 10:00:00,1.16968,1.17035,1.16805,1.16815,3839,0,0
2025-08-18 11:00:00,1.16815,1.1687400000000001,1.16712,1.1682,4090,0,0
2025-08-18 12:00:00,1.1682,1.1686,1.16733,1.16801,3436,0,0
2025-08-18 13:00:00,1.16801,1.16829,1.16775,1.16809,2924,0,0
2025-08-18 14:00:00,1.16809,1.1688399999999999,1.16719,1.16751,3053,0,0
2025-08-18 15:00:00,1.16751,1.16793,1.1666400000000001,1.16764,3931,0,0
2025-08-18 16:00:00,1.16764,1.16779,1.16698,1.16779,3521,0,0
2025-08-18 17:00:00,1.16779,1.1684700000000001,1.16605,1.16642,4303,0,0
2025-08-18 18:00:00,1.16642,1.16747,1.16608,1.16672,3581,0,0
2025-08-18 19:00:00,1.16672,1.16675,1.16561,1.1658,2829,0,0
2025-08-18 20:00:00,1.1658,1.16667,1.1656900000000001,1.16628,2322,0,0
2025-08-18 21:00:00,1.16628,1.16679,1.16585,1.16601,2230,0,0
2025-08-18 22:00:00,1.16601,1.16706,1.16599,1.16671,1942,0,0
2025-08-18 23:00:00,1.16672,1.16694,1.16596,1.16599,1472,1,0
2025-08-19 00:00:00,1.16584,1.16609,1.16581,1.16609,152,16,0
2025-08-19 01:00:00,1.16609,1.16748,1.16601,1.16695,1027,1,0
2025-08-19 02:00:00,1.16695,1.16696,1.16623,1.16681,1230,0,0
2025-08-19 03:00:00,1.16681,1.16702,1.1656,1.16586,1892,0,0
2025-08-19 04:00:00,1.16586,1.16624,1.16392,1.16494,2706,0,0
2025-08-19 05:00:00,1.16494,1.1656,1.16472,1.16529,1779,0,0
2025-08-19 06:00:00,1.16529,1.16589,1.16505,1.16551,1492,0,0
2025-08-19 07:00:00,1.16551,1.16618,1.16537,1.16607,1172,0,0
2025-08-19 08:00:00,1.16607,1.16659,1.16541,1.16554,1599,0,0
2025-08-19 09:00:00,1.16554,1.16747,1.16512,1.16744,3008,0,0
2025-08-19 10:00:00,1.16744,1.16843,1.16736,1.16836,4030,0,0
2025-08-19 11:00:00,1.16836,1.16844,1.16718,1.1675200000000001,3321,0,0
2025-08-19 12:00:00,1.1675200000000001,1.16822,1.16727,1.16803,2512,0,0
2025-08-19 13:00:00,1.16803,1.16921,1.16791,1.16887,2657,0,0
2025-08-19 14:00:00,1.16887,1.16928,1.16803,1.16855,2531,0,0
2025-08-19 15:00:00,1.16855,1.16879,1.16733,1.16757,3857,0,0
2025-08-19 16:00:00,1.16757,1.16784,1.16683,1.1676199999999999,4406,0,0
2025-08-19 17:00:00,1.1676199999999999,1.16774,1.16641,1.16721,4030,0,0
2025-08-19 18:00:00,1.16721,1.16753,1.16577,1.16588,3695,0,0
2025-08-19 19:00:00,1.16588,1.16631,1.16546,1.16565,3125,0,0
2025-08-19 20:00:00,1.16565,1.16608,1.16531,1.16549,2266,0,0
2025-08-19 21:00:00,1.16549,1.1655,1.16425,1.16472,2642,0,0
2025-08-19 22:00:00,1.16472,1.1648100000000001,1.16428,1.16464,1908,0,0
2025-08-19 23:00:00,1.16465,1.1648,1.1644700000000001,1.1645699999999999,1347,1,0
2025-08-20 00:00:00,1.1643,1.16473,1.16416,1.16438,627,31,0
2025-08-20 01:00:00,1.16438,1.16492,1.16438,1.16482,633,1,0
2025-08-20 02:00:00,1.16482,1.1648399999999999,1.16409,1.16417,1205,0,0
2025-08-20 03:00:00,1.16417,1.16426,1.16317,1.16388,2347,0,0
2025-08-20 04:00:00,1.16388,1.16422,1.16272,1.16276,2344,0,0
2025-08-20 05:00:00,1.16276,1.16297,1.16225,1.16265,2707,0,0
2025-08-20 06:00:00,1.16265,1.16364,1.1626400000000001,1.16333,1933,0,0
2025-08-20 07:00:00,1.16333,1.16383,1.16326,1.16346,1309,0,0
2025-08-20 08:00:00,1.16346,1.16401,1.16327,1.16393,1527,0,0
2025-08-20 09:00:00,1.16393,1.16424,1.16233,1.1633499999999999,4040,0,0
2025-08-20 10:00:00,1.1633499999999999,1.16468,1.16334,1.1644700000000001,4093,0,0
2025-08-20 11:00:00,1.1644700000000001,1.16466,1.16318,1.1638,3529,0,0
2025-08-20 12:00:00,1.1638,1.16462,1.1635,1.1645,2765,0,0
2025-08-20 13:00:00,1.1645,1.16576,1.16436,1.16471,3014,0,0
2025-08-20 14:00:00,1.16471,1.165,1.16404,1.16422,2723,0,0
2025-08-20 15:00:00,1.16422,1.16738,1.16422,1.16712,4618,0,0
2025-08-20 16:00:00,1.16712,1.16718,1.16561,1.1659,4961,0,0
2025-08-20 17:00:00,1.1659,1.1669100000000001,1.16487,1.16631,5981,0,0
2025-08-20 18:00:00,1.16631,1.16634,1.16464,1.16482,3889,0,0
2025-08-20 19:00:00,1.16482,1.16618,1.1648100000000001,1.16598,2672,0,0
2025-08-20 20:00:00,1.16598,1.16724,1.16593,1.16715,2677,0,0
2025-08-20 21:00:00,1.16715,1.16715,1.1655,1.16552,3202,0,0
2025-08-20 22:00:00,1.16552,1.16585,1.16524,1.16529,2068,0,0
2025-08-20 23:00:00,1.16529,1.16529,1.16469,1.16487,1466,1,0
2025-08-21 00:00:00,1.16482,1.16522,1.16477,1.16487,695,6,0
2025-08-21 01:00:00,1.16487,1.16556,1.16487,1.16526,609,1,0
2025-08-21 02:00:00,1.16526,1.16534,1.16485,1.1651,1505,0,0
2025-08-21 03:00:00,1.1651,1.16516,1.16415,1.16468,2235,0,0
2025-08-21 04:00:00,1.16468,1.16505,1.16415,1.16462,2626,0,0
2025-08-21 05:00:00,1.16462,1.16495,1.16436,1.16466,2078,0,0
2025-08-21 06:00:00,1.16466,1.16488,1.16419,1.16461,1563,0,0
2025-08-21 07:00:00,1.16461,1.16482,1.1643,1.16458,1229,0,0
2025-08-21 08:00:00,1.16458,1.16497,1.16418,1.16494,1762,0,0
2025-08-21 09:00:00,1.16494,1.16498,1.1626,1.163,3354,0,0
2025-08-21 10:00:00,1.163,1.1661299999999999,1.16252,1.16586,4908,0,0
2025-08-21 11:00:00,1.16586,1.16594,1.16504,1.16549,3241,0,0
2025-08-21 12:00:00,1.16549,1.16627,1.16535,1.16549,2965,0,0
2025-08-21 13:00:00,1.16549,1.16567,1.1648399999999999,1.16494,2646,0,0
2025-08-21 14:00:00,1.16494,1.16574,1.16397,1.16405,3175,0,0
2025-08-21 15:00:00,1.16405,1.16563,1.1637,1.16468,5178,0,0
2025-08-21 16:00:00,1.16468,1.16501,1.16157,1.16212,5906,0,0
2025-08-21 17:00:00,1.16212,1.16294,1.16063,1.16156,6172,0,0
2025-08-21 18:00:00,1.16156,1.16258,1.16013,1.16046,6134,0,0
2025-08-21 19:00:00,1.16046,1.1611799999999999,1.16016,1.16111,3145,0,0
2025-08-21 20:00:00,1.16111,1.16186,1.16111,1.16149,2334,0,0
2025-08-21 21:00:00,1.16149,1.16168,1.1607,1.16096,2547,0,0
2025-08-21 22:00:00,1.16096,1.16101,1.16037,1.16049,1886,0,0
2025-08-21 23:00:00,1.16049,1.16086,1.16035,1.16052,1307,1,0
2025-08-22 00:00:00,1.16059,1.161,1.16024,1.1605,1015,13,0
2025-08-22 01:00:00,1.1605,1.16135,1.16033,1.16131,618,1,0
2025-08-22 02:00:00,1.16131,1.16148,1.16093,1.16127,1265,0,0
2025-08-22 03:00:00,1.16127,1.16166,1.1610800000000001,1.16148,1906,0,0
2025-08-22 04:00:00,1.16148,1.16157,1.16042,1.1608100000000001,1915,0,0
2025-08-22 05:00:00,1.1608100000000001,1.16141,1.16052,1.16089,2001,0,0
2025-08-22 06:00:00,1.16089,1.16089,1.15891,1.15899,2134,0,0
2025-08-22 07:00:00,1.15899,1.15941,1.15831,1.1584699999999999,1709,0,0
2025-08-22 08:00:00,1.1584699999999999,1.1589,1.15834,1.15868,2018,0,0
2025-08-22 09:00:00,1.15868,1.15952,1.15836,1.15887,2974,0,0
2025-08-22 10:00:00,1.15887,1.15988,1.15886,1.15947,3186,0,0
2025-08-22 11:00:00,1.15947,1.1599599999999999,1.15915,1.15995,2647,0,0
2025-08-22 12:00:00,1.15995,1.16025,1.15957,1.15967,2483,0,0
2025-08-22 13:00:00,1.15967,1.16,1.15937,1.1595900000000001,2303,0,0
2025-08-22 14:00:00,1.1595900000000001,1.16065,1.15951,1.16045,2917,0,0
2025-08-22 15:00:00,1.16045,1.16136,1.16045,1.16087,3228,0,0
2025-08-22 16:00:00,1.16087,1.16191,1.15977,1.16001,4225,0,0
2025-08-22 17:00:00,1.16001,1.17199,1.16001,1.17181,14071,0,0
2025-08-22 18:00:00,1.17181,1.17321,1.17123,1.17123,7138,0,0
2025-08-22 19:00:00,1.17123,1.17263,1.17121,1.17218,4967,0,0
2025-08-22 20:00:00,1.17218,1.17425,1.17218,1.1737,4069,0,0
2025-08-22 21:00:00,1.1737,1.1739600000000001,1.17212,1.17214,3203,0,0
2025-08-22 22:00:00,1.17214,1.17227,1.17151,1.17199,2260,0,0
2025-08-22 23:00:00,1.17199,1.17267,1.17181,1.17217,1975,1,0
2025-08-25 00:00:00,1.17184,1.17257,1.17184,1.17214,178,18,0
2025-08-25 01:00:00,1.17214,1.17235,1.17108,1.1712799999999999,999,1,0
2025-08-25 02:00:00,1.1712799999999999,1.17144,1.17076,1.17082,1571,0,0
2025-08-25 03:00:00,1.17082,1.17084,1.16956,1.16982,2058,0,0
2025-08-25 04:00:00,1.16982,1.17036,1.16938,1.16963,2087,0,0
2025-08-25 05:00:00,1.16963,1.17001,1.1694,1.16972,1497,0,0
2025-08-25 06:00:00,1.16972,1.17076,1.16971,1.1706699999999999,1354,0,0
2025-08-25 07:00:00,1.1706699999999999,1.17078,1.17037,1.17058,1171,0,0
2025-08-25 08:00:00,1.17058,1.1706,1.16985,1.17008,1169,0,0
2025-08-25 09:00:00,1.17008,1.17204,1.17008,1.17146,3275,0,0
2025-08-25 10:00:00,1.17146,1.17181,1.16948,1.16977,3531,0,0
2025-08-25 11:00:00,1.16977,1.17106,1.16974,1.17042,3266,0,0
2025-08-25 12:00:00,1.17042,1.17048,1.16901,1.16934,2686,0,0
2025-08-25 13:00:00,1.16934,1.16972,1.16855,1.16879,2741,0,0
2025-08-25 14:00:00,1.16879,1.1703000000000001,1.16875,1.17027,2982,0,0
2025-08-25 15:00:00,1.17027,1.17035,1.16939,1.16997,3175,0,0
2025-08-25 16:00:00,1.16997,1.1709,1.16949,1.17032,3745,0,0
2025-08-25 17:00:00,1.17032,1.17056,1.16894,1.16902,4766,0,0
2025-08-25 18:00:00,1.16902,1.1691799999999999,1.16656,1.16694,4581,0,0
2025-08-25 19:00:00,1.16694,1.16696,1.16516,1.16547,3579,0,0
2025-08-25 20:00:00,1.16547,1.16561,1.16412,1.16467,3081,0,0
2025-08-25 21:00:00,1.16467,1.16485,1.16191,1.16208,3670,0,0
2025-08-25 22:00:00,1.16208,1.16216,1.16029,1.16095,3384,0,0
2025-08-25 23:00:00,1.16095,1.16255,1.16093,1.16176,1888,1,0
2025-08-26 00:00:00,1.16158,1.16188,1.16151,1.16186,288,6,0
2025-08-26 01:00:00,1.16201,1.16226,1.16181,1.16204,1049,1,0
2025-08-26 02:00:00,1.16204,1.1621299999999999,1.16126,1.16146,1314,0,0
2025-08-26 03:00:00,1.16146,1.16599,1.16103,1.1648100000000001,7043,0,0
2025-08-26 04:00:00,1.1648100000000001,1.16503,1.16352,1.16419,3404,0,0
2025-08-26 05:00:00,1.16419,1.16473,1.16327,1.16365,2487,0,0
2025-08-26 06:00:00,1.16365,1.16367,1.16239,1.16259,2222,0,0
2025-08-26 07:00:00,1.16259,1.16322,1.16238,1.16318,1591,0,0
2025-08-26 08:00:00,1.16318,1.16443,1.1629800000000001,1.16412,2089,0,0
2025-08-26 09:00:00,1.16412,1.16412,1.16136,1.16224,4577,0,0
2025-08-26 10:00:00,1.16224,1.16286,1.16024,1.16219,5653,0,0
2025-08-26 11:00:00,1.16219,1.16249,1.16059,1.1618,4108,0,0
2025-08-26 12:00:00,1.1618,1.16436,1.16177,1.16425,3935,0,0
2025-08-26 13:00:00,1.16425,1.16474,1.16373,1.16449,3187,0,0
2025-08-26 14:00:00,1.16449,1.16605,1.16417,1.16541,3951,0,0
2025-08-26 15:00:00,1.16541,1.16599,1.16451,1.16462,4999,0,0
2025-08-26 16:00:00,1.16462,1.16566,1.16375,1.16509,5688,0,0
2025-08-26 17:00:00,1.16509,1.16654,1.16437,1.16549,6013,0,0
2025-08-26 18:00:00,1.16549,1.16637,1.16489,1.16555,4672,0,0
2025-08-26 19:00:00,1.16555,1.16616,1.16486,1.1649,3265,0,0
2025-08-26 20:00:00,1.1649,1.16528,1.16378,1.1638,3358,0,0
2025-08-26 21:00:00,1.1638,1.16474,1.16336,1.16436,3276,0,0
2025-08-26 22:00:00,1.16436,1.16487,1.16397,1.16406,2535,0,0
2025-08-26 23:00:00,1.16405,1.1643,1.1633499999999999,1.16406,1890,1,0
2025-08-27 00:00:00,1.16441,1.1646,1.16414,1.16418,443,13,0
2025-08-27 01:00:00,1.16418,1.16476,1.16408,1.16429,867,1,0
2025-08-27 02:00:00,1.1643,1.16439,1.1637,1.16373,1244,0,0
2025-08-27 03:00:00,1.16373,1.16418,1.16339,1.1637,1912,0,0
2025-08-27 04:00:00,1.1637,1.16409,1.1631,1.1634,1959,0,0
2025-08-27 05:00:00,1.1634,1.16344,1.1625,1.16313,1421,0,0
2025-08-27 06:00:00,1.16313,1.1633,1.1622,1.16253,1306,0,0
2025-08-27 07:00:00,1.16253,1.16256,1.16123,1.16143,1506,0,0
2025-08-27 08:00:00,1.16143,1.16205,1.16135,1.1620300000000001,1454,0,0
2025-08-27 09:00:00,1.1620300000000001,1.16239,1.16148,1.16209,2812,0,0
2025-08-27 10:00:00,1.16209,1.16219,1.15965,1.16034,3843,0,0
2025-08-27 11:00:00,1.16034,1.16038,1.15773,1.15888,4375,0,0
2025-08-27 12:00:00,1.15888,1.1595,1.15865,1.15904,2988,0,0
2025-08-27 13:00:00,1.15904,1.15927,1.1579,1.15794,2704,0,0
2025-08-27 14:00:00,1.15794,1.1589800000000001,1.15743,1.1586,3358,0,0
2025-08-27 15:00:00,1.1586,1.15983,1.15846,1.15866,4280,0,0
2025-08-27 16:00:00,1.15866,1.16038,1.15846,1.15979,4879,0,0
2025-08-27 17:00:00,1.15979,1.16028,1.15822,1.15926,4983,0,0
2025-08-27 18:00:00,1.15926,1.16121,1.15923,1.16106,4460,0,0
2025-08-27 19:00:00,1.16106,1.16408,1.16106,1.16381,3816,0,0
2025-08-27 20:00:00,1.16381,1.16428,1.16328,1.16378,3149,0,0
2025-08-27 21:00:00,1.16378,1.16381,1.1628,1.16308,2963,0,0
2025-08-27 22:00:00,1.16308,1.16351,1.16293,1.16338,2244,0,0
2025-08-27 23:00:00,1.16338,1.16383,1.16314,1.16372,1546,1,0
2025-08-28 00:00:00,1.16287,1.16385,1.16287,1.16356,284,2,0
2025-08-28 01:00:00,1.1635900000000001,1.16438,1.1635900000000001,1.16431,1076,1,0
2025-08-28 02:00:00,1.16431,1.16479,1.1642299999999999,1.16474,1428,0,0
2025-08-28 03:00:00,1.16474,1.16493,1.16428,1.16456,1708,0,0
2025-08-28 04:00:00,1.16456,1.16505,1.16416,1.16452,1943,0,0
2025-08-28 05:00:00,1.16452,1.16547,1.16446,1.16526,1706,0,0
2025-08-28 06:00:00,1.16526,1.16544,1.16425,1.16432,1277,0,0
2025-08-28 07:00:00,1.16432,1.16441,1.1639,1.16399,1092,0,0
2025-08-28 08:00:00,1.16399,1.16408,1.1636199999999999,1.16376,1406,0,0
2025-08-28 09:00:00,1.16376,1.16451,1.16341,1.16429,2875,0,0
2025-08-28 10:00:00,1.16429,1.16497,1.1634,1.16438,3577,0,0
2025-08-28 11:00:00,1.16438,1.16455,1.16291,1.1642299999999999,3487,0,0
2025-08-28 12:00:00,1.1642299999999999,1.16546,1.1642299999999999,1.16489,2856,0,0
2025-08-28 13:00:00,1.16489,1.16748,1.16483,1.16715,3130,0,0
2025-08-28 14:00:00,1.16715,1.16736,1.16596,1.16665,3268,0,0
2025-08-28 15:00:00,1.16665,1.16871,1.16626,1.16697,6540,0,0
2025-08-28 16:00:00,1.16697,1.16773,1.16588,1.16723,6060,0,0
2025-08-28 17:00:00,1.16723,1.16862,1.16663,1.16705,5880,0,0
2025-08-28 18:00:00,1.16705,1.16754,1.1661299999999999,1.16721,4270,0,0
2025-08-28 19:00:00,1.16721,1.16901,1.16719,1.16894,2616,0,0
2025-08-28 20:00:00,1.16894,1.16974,1.1687,1.1688,2928,0,0
2025-08-28 21:00:00,1.1688,1.16901,1.16849,1.1689,2209,0,0
2025-08-28 22:00:00,1.1689,1.16901,1.16821,1.16825,1704,0,0
2025-08-28 23:00:00,1.16825,1.16833,1.16779,1.16821,1290,1,0
2025-08-29 00:00:00,1.16769,1.16806,1.16763,1.16783,418,18,0
2025-08-29 01:00:00,1.16783,1.16806,1.16734,1.16741,1203,1,0
2025-08-29 02:00:00,1.16741,1.1682,1.16738,1.1678600000000001,1248,0,0
2025-08-29 03:00:00,1.1678600000000001,1.16821,1.16729,1.16749,1973,0,0
2025-08-29 04:00:00,1.16749,1.16765,1.16563,1.16589,2612,0,0
2025-08-29 05:00:00,1.16589,1.16651,1.16589,1.1662,1984,0,0
2025-08-29 06:00:00,1.1662,1.16648,1.16601,1.16627,1356,0,0
2025-08-29 07:00:00,1.16627,1.16648,1.16588,1.16648,1295,0,0
2025-08-29 08:00:00,1.16648,1.16702,1.16615,1.16699,1611,0,0
2025-08-29 09:00:00,1.16699,1.16705,1.16614,1.16672,2931,0,0
2025-08-29 10:00:00,1.16672,1.1677,1.1663000000000001,1.16758,3660,0,0
2025-08-29 11:00:00,1.16758,1.16902,1.16698,1.16761,4405,0,0
2025-08-29 12:00:00,1.16761,1.16825,1.1669100000000001,1.16732,3210,0,0
2025-08-29 13:00:00,1.16732,1.16747,1.16652,1.16679,2925,0,0
2025-08-29 14:00:00,1.16679,1.16684,1.16612,1.16632,3081,0,0
2025-08-29 15:00:00,1.16632,1.16643,1.16512,1.16587,5031,0,0
2025-08-29 16:00:00,1.16587,1.16731,1.16536,1.16685,5503,0,0
2025-08-29 17:00:00,1.16685,1.17052,1.16685,1.17043,7117,0,0
2025-08-29 18:00:00,1.17043,1.17088,1.1694499999999999,1.16946,5043,0,0
2025-08-29 19:00:00,1.16946,1.1707,1.16938,1.17016,3251,0,0
2025-08-29 20:00:00,1.17016,1.17029,1.16963,1.16966,2315,0,0
2025-08-29 21:00:00,1.16966,1.16994,1.1693500000000001,1.16984,2048,0,0
2025-08-29 22:00:00,1.16984,1.16996,1.16932,1.16981,2150,0,0
2025-08-29 23:00:00,1.16988,1.17005,1.16807,1.1685,1521,1,0
2025-09-01 00:00:00,1.16889,1.16951,1.16851,1.16871,318,17,0
2025-09-01 01:00:00,1.16871,1.16909,1.1679,1.1688399999999999,623,1,0
2025-09-01 02:00:00,1.1688399999999999,1.16906,1.16869,1.16903,1006,0,0
2025-09-01 03:00:00,1.16903,1.1698,1.16899,1.16973,1355,0,0
2025-09-01 04:00:00,1.16973,1.16975,1.16882,1.16949,1766,0,0
2025-09-01 05:00:00,1.16949,1.17139,1.16948,1.17119,2129,0,0
2025-09-01 06:00:00,1.17119,1.17146,1.17048,1.17083,1351,0,0
2025-09-01 07:00:00,1.17083,1.17102,1.17048,1.17084,1012,0,0
2025-09-01 08:00:00,1.17084,1.17156,1.17084,1.17145,1474,0,0
2025-09-01 09:00:00,1.17145,1.1733500000000001,1.17135,1.17252,2981,0,0
2025-09-01 10:00:00,1.17252,1.17279,1.17153,1.17253,3751,0,0
2025-09-01 11:00:00,1.17253,1.17363,1.17163,1.17351,3642,0,0
2025-09-01 12:00:00,1.17351,1.17363,1.1718899999999999,1.17196,3426,0,0
2025-09-01 13:00:00,1.17196,1.17262,1.17182,1.17197,2540,0,0
2025-09-01 14:00:00,1.17197,1.17292,1.17133,1.17146,3275,0,0
2025-09-01 15:00:00,1.17146,1.17181,1.17068,1.17077,3412,0,0
2025-09-01 16:00:00,1.17077,1.1716199999999999,1.17053,1.17079,3351,0,0
2025-09-01 17:00:00,1.17079,1.17143,1.17057,1.17107,3360,0,0
2025-09-01 18:00:00,1.17107,1.17115,1.16997,1.16997,2528,0,0
2025-09-01 19:00:00,1.16997,1.17047,1.16967,1.17047,1812,0,0
2025-09-01 20:00:00,1.17047,1.17052,1.17015,1.17043,1151,0,0
2025-09-01 21:00:00,1.17043,1.17076,1.1703999999999999,1.17075,1045,0,0
2025-09-01 22:00:00,1.17075,1.17139,1.17075,1.17129,922,0,0
2025-09-01 23:00:00,1.17129,1.17134,1.17108,1.17111,809,1,0
2025-09-02 00:00:00,1.17058,1.17089,1.17038,1.1707,438,17,0
2025-09-02 01:00:00,1.17069,1.17133,1.17069,1.1711,640,1,0
2025-09-02 02:00:00,1.1711,1.17183,1.17109,1.17149,1246,0,0
2025-09-02 03:00:00,1.17149,1.1716,1.17034,1.17046,2377,0,0
2025-09-02 04:00:00,1.17046,1.17069,1.16996,1.17036,3185,0,0
2025-09-02 05:00:00,1.17036,1.17041,1.16924,1.16984,2326,0,0
2025-09-02 06:00:00,1.16984,1.16993,1.16932,1.16952,1858,0,0
2025-09-02 07:00:00,1.16952,1.16961,1.16901,1.16933,1531,0,0
2025-09-02 08:00:00,1.16933,1.1697,1.16875,1.16944,1935,0,0
2025-09-02 09:00:00,1.16944,1.17061,1.16944,1.17031,3257,0,0
2025-09-02 10:00:00,1.17031,1.17066,1.1643,1.16461,7606,0,0
2025-09-02 11:00:00,1.16461,1.16557,1.16339,1.16452,6997,0,0
2025-09-02 12:00:00,1.16452,1.1648399999999999,1.1623999999999999,1.16376,5799,0,0
2025-09-02 13:00:00,1.16376,1.1642000000000001,1.16269,1.16318,5245,0,0
2025-09-02 14:00:00,1.16318,1.16497,1.16281,1.16466,5098,0,0
2025-09-02 15:00:00,1.16466,1.16531,1.16132,1.16172,7090,0,0
2025-09-02 16:00:00,1.16172,1.16512,1.1615199999999999,1.16497,6704,0,0
2025-09-02 17:00:00,1.16497,1.16824,1.16497,1.16626,8301,0,0
2025-09-02 18:00:00,1.16626,1.16684,1.16495,1.16528,5880,0,0
2025-09-02 19:00:00,1.16528,1.16549,1.1643,1.16442,3536,0,0
2025-09-02 20:00:00,1.16442,1.16482,1.16416,1.16425,2937,0,0
2025-09-02 21:00:00,1.16425,1.16436,1.1629800000000001,1.16336,3523,0,0
2025-09-02 22:00:00,1.16336,1.16414,1.16322,1.16413,2556,0,0
2025-09-02 23:00:00,1.16413,1.16434,1.16388,1.16404,1486,1,0
2025-09-03 00:00:00,1.16384,1.16428,1.16337,1.16408,424,12,0
2025-09-03 01:00:00,1.16408,1.16438,1.16365,1.16367,675,1,0
2025-09-03 02:00:00,1.16367,1.16378,1.16326,1.1633,1396,0,0
2025-09-03 03:00:00,1.1633,1.1636199999999999,1.16289,1.16331,2131,0,0
2025-09-03 04:00:00,1.16331,1.16354,1.16266,1.16304,2375,0,0
2025-09-03 05:00:00,1.16304,1.16354,1.16251,1.16275,1929,0,0
2025-09-03 06:00:00,1.16275,1.16303,1.16232,1.16237,1737,0,0
2025-09-03 07:00:00,1.16237,1.16318,1.16222,1.16318,1361,0,0
2025-09-03 08:00:00,1.16318,1.16346,1.16265,1.16299,2117,0,0
2025-09-03 09:00:00,1.16299,1.16429,1.16284,1.16332,3351,0,0
2025-09-03 10:00:00,1.16332,1.1636,1.16082,1.16358,5565,0,0
2025-09-03 11:00:00,1.16358,1.16574,1.16356,1.16564,4648,0,0
2025-09-03 12:00:00,1.16564,1.16647,1.16522,1.16565,3679,0,0
2025-09-03 13:00:00,1.16565,1.16578,1.16399,1.16436,3391,0,0
2025-09-03 14:00:00,1.16436,1.16546,1.16401,1.1651799999999999,3369,0,0
2025-09-03 15:00:00,1.1651799999999999,1.16589,1.16448,1.16483,4284,0,0
2025-09-03 16:00:00,1.16483,1.1654,1.1639,1.1648399999999999,5704,0,0
2025-09-03 17:00:00,1.1648399999999999,1.16804,1.16478,1.16638,7794,0,0
2025-09-03 18:00:00,1.16638,1.1682,1.16632,1.1675200000000001,4988,0,0
2025-09-03 19:00:00,1.1675200000000001,1.16775,1.16669,1.1675200000000001,2999,0,0
2025-09-03 20:00:00,1.1675200000000001,1.16771,1.16589,1.16612,2625,0,0
2025-09-03 21:00:00,1.16612,1.16678,1.16583,1.16619,2960,0,0
2025-09-03 22:00:00,1.16619,1.16628,1.16559,1.16582,2277,0,0
2025-09-03 23:00:00,1.16582,1.16645,1.16556,1.16605,1442,1,0
2025-09-04 00:00:00,1.16581,1.16611,1.1656900000000001,1.16598,526,16,0
2025-09-04 01:00:00,1.16598,1.16631,1.16592,1.16601,519,1,0
2025-09-04 02:00:00,1.16601,1.16625,1.1656900000000001,1.16611,1346,0,0
2025-09-04 03:00:00,1.16611,1.16623,1.16549,1.16587,2317,0,0
2025-09-04 04:00:00,1.16587,1.16694,1.16527,1.16585,2520,0,0
2025-09-04 05:00:00,1.16585,1.16589,1.16513,1.16531,2008,0,0
2025-09-04 06:00:00,1.16531,1.16557,1.16506,1.16533,1564,0,0
2025-09-04 07:00:00,1.16533,1.16548,1.16506,1.1651799999999999,1331,0,0
2025-09-04 08:00:00,1.1651799999999999,1.16555,1.16486,1.16552,1642,0,0
2025-09-04 09:00:00,1.16552,1.1661299999999999,1.16503,1.1652,3064,0,0
2025-09-04 10:00:00,1.1652,1.16585,1.16444,1.1650800000000001,3913,0,0
2025-09-04 11:00:00,1.1650800000000001,1.16593,1.16483,1.16577,3769,0,0
2025-09-04 12:00:00,1.16577,1.16597,1.16398,1.16433,3632,0,0
2025-09-04 13:00:00,1.16433,1.16597,1.16428,1.1653,3198,0,0
2025-09-04 14:00:00,1.1653,1.16531,1.16394,1.16428,3401,0,0
2025-09-04 15:00:00,1.16428,1.16581,1.16302,1.16458,6814,0,0
2025-09-04 16:00:00,1.16458,1.16557,1.16377,1.16492,5767,0,0
2025-09-04 17:00:00,1.16492,1.16517,1.1632,1.16349,7483,0,0
2025-09-04 18:00:00,1.16349,1.16499,1.16315,1.16477,4072,0,0
2025-09-04 19:00:00,1.16477,1.16483,1.1634,1.16397,2801,0,0
2025-09-04 20:00:00,1.16397,1.16403,1.16346,1.16374,2625,0,0
2025-09-04 21:00:00,1.16374,1.16478,1.16367,1.16441,2335,0,0
2025-09-04 22:00:00,1.16441,1.16519,1.1644,1.1650800000000001,2119,0,0
2025-09-04 23:00:00,1.16507,1.16525,1.16483,1.16496,1379,1,0
2025-09-05 00:00:00,1.16442,1.16493,1.16437,1.16479,421,15,0
2025-09-05 01:00:00,1.16479,1.16532,1.16473,1.16488,633,1,0
2025-09-05 02:00:00,1.16488,1.1657899999999999,1.16485,1.16567,1775,0,0
2025-09-05 03:00:00,1.16567,1.16608,1.16525,1.16597,2764,0,0
2025-09-05 04:00:00,1.16597,1.16719,1.16596,1.16707,2146,0,0
2025-09-05 05:00:00,1.16707,1.16745,1.16684,1.16685,1630,0,0
2025-09-05 06:00:00,1.16685,1.16733,1.16663,1.16713,1468,0,0
2025-09-05 07:00:00,1.16713,1.1672,1.16652,1.16669,1090,0,0
2025-09-05 08:00:00,1.16669,1.16777,1.16666,1.16769,1367,0,0
2025-09-05 09:00:00,1.16769,1.16777,1.16652,1.16694,3014,0,0
2025-09-05 10:00:00,1.16694,1.16788,1.1666400000000001,1.16778,3643,0,0
2025-09-05 11:00:00,1.16778,1.16844,1.16754,1.16833,2621,0,0
2025-09-05 12:00:00,1.16833,1.16923,1.1681300000000001,1.16878,2695,0,0
2025-09-05 13:00:00,1.16878,1.16966,1.16868,1.16915,2521,0,0
2025-09-05 14:00:00,1.16915,1.16917,1.1678,1.16871,3323,0,0
2025-09-05 15:00:00,1.16871,1.17498,1.16861,1.17343,10580,0,0
2025-09-05 16:00:00,1.17343,1.17502,1.17139,1.17489,10308,0,0
2025-09-05 17:00:00,1.17489,1.17593,1.17231,1.17364,9322,0,0
2025-09-05 18:00:00,1.17364,1.17592,1.17348,1.17583,5856,0,0
2025-09-05 19:00:00,1.17583,1.17594,1.17368,1.17391,4296,0,0
2025-09-05 20:00:00,1.17391,1.17393,1.17248,1.17261,3923,0,0
2025-09-05 21:00:00,1.17261,1.17265,1.17147,1.17173,3008,0,0
2025-09-05 22:00:00,1.17173,1.17231,1.1713,1.1718,2428,0,0
2025-09-05 23:00:00,1.1718,1.17218,1.17147,1.1718,1961,1,0
2025-09-08 00:00:00,1.17081,1.17182,1.17081,1.17169,175,15,0
2025-09-08 01:00:00,1.17169,1.17203,1.17038,1.1706,2272,1,0
2025-09-08 02:00:00,1.17059,1.17161,1.17059,1.17124,2616,0,0
2025-09-08 03:00:00,1.17124,1.17131,1.17051,1.1713,3115,0,0
2025-09-08 04:00:00,1.1713,1.17175,1.17077,1.1712799999999999,3072,0,0
2025-09-08 05:00:00,1.1712799999999999,1.17164,1.17105,1.1715,2715,0,0
2025-09-08 06:00:00,1.1715,1.17158,1.17083,1.17096,2166,0,0
2025-09-08 07:00:00,1.17096,1.17143,1.17063,1.17131,1391,0,0
2025-09-08 08:00:00,1.17131,1.1721,1.17122,1.17153,1955,0,0
2025-09-08 09:00:00,1.17153,1.17278,1.1712,1.17268,3604,0,0
2025-09-08 10:00:00,1.17268,1.17339,1.17206,1.17328,4119,0,0
2025-09-08 11:00:00,1.17328,1.17428,1.1726,1.17314,3870,0,0
2025-09-08 12:00:00,1.17314,1.17316,1.1721,1.17238,2778,0,0
2025-09-08 13:00:00,1.17238,1.17289,1.17202,1.17261,2975,0,0
2025-09-08 14:00:00,1.17261,1.17318,1.17248,1.1729,2786,0,0
2025-09-08 15:00:00,1.1729,1.17415,1.17231,1.17377,4352,0,0
2025-09-08 16:00:00,1.17377,1.17564,1.17365,1.17513,4985,0,0
2025-09-08 17:00:00,1.17513,1.17545,1.174,1.17454,5132,0,0
2025-09-08 18:00:00,1.17454,1.17522,1.17431,1.17503,3956,0,0
2025-09-08 19:00:00,1.17503,1.1751800000000001,1.17351,1.1740599999999999,2977,0,0
2025-09-08 20:00:00,1.1740599999999999,1.1747,1.17352,1.17399,2381,0,0
2025-09-08 21:00:00,1.17399,1.17627,1.1739600000000001,1.17612,2680,0,0
2025-09-08 22:00:00,1.17612,1.17659,1.17594,1.17624,2440,0,0
2025-09-08 23:00:00,1.17622,1.17637,1.17594,1.1763,1494,1,0
2025-09-09 00:00:00,1.17588,1.1761300000000001,1.17566,1.17605,617,17,0
2025-09-09 01:00:00,1.17605,1.17651,1.17605,1.1762,883,1,0
2025-09-09 02:00:00,1.1762,1.17727,1.1762,1.17685,1876,0,0
2025-09-09 03:00:00,1.17685,1.17743,1.17656,1.17715,2125,0,0
2025-09-09 04:00:00,1.17715,1.1778,1.17661,1.17751,2221,0,0
2025-09-09 05:00:00,1.17751,1.1777,1.17681,1.17691,1754,0,0
2025-09-09 06:00:00,1.17691,1.17702,1.17635,1.17641,1555,0,0
2025-09-09 07:00:00,1.17641,1.17758,1.17639,1.17729,1434,0,0
2025-09-09 08:00:00,1.17729,1.17801,1.17714,1.17787,2063,0,0
2025-09-09 09:00:00,1.17787,1.17798,1.17565,1.17648,3662,0,0
2025-09-09 10:00:00,1.17648,1.1768399999999999,1.17479,1.1752799999999999,4431,0,0
2025-09-09 11:00:00,1.1752799999999999,1.1762299999999999,1.17444,1.17594,5441,0,0
2025-09-09 12:00:00,1.17594,1.17722,1.17593,1.17676,3907,0,0
2025-09-09 13:00:00,1.17676,1.17714,1.17527,1.17542,3197,0,0
2025-09-09 14:00:00,1.17542,1.17546,1.17413,1.17422,2989,0,0
2025-09-09 15:00:00,1.17422,1.1745,1.17277,1.17374,4299,0,0
2025-09-09 16:00:00,1.17374,1.17488,1.1734,1.17421,5219,0,0
2025-09-09 17:00:00,1.17421,1.17629,1.17226,1.17307,9790,0,0
2025-09-09 18:00:00,1.17307,1.17318,1.17159,1.17221,5764,0,0
2025-09-09 19:00:00,1.17221,1.17298,1.1718899999999999,1.17191,3747,0,0
2025-09-09 20:00:00,1.17191,1.17235,1.17087,1.17096,3817,0,0
2025-09-09 21:00:00,1.17096,1.17145,1.17045,1.17066,3232,0,0
2025-09-09 22:00:00,1.17066,1.1709,1.17038,1.17066,2387,0,0
2025-09-09 23:00:00,1.17065,1.17115,1.17044,1.17093,1596,1,0
2025-09-10 00:00:00,1.17065,1.17095,1.17037,1.17093,632,22,0
2025-09-10 01:00:00,1.17093,1.17138,1.17089,1.1712,715,1,0
2025-09-10 02:00:00,1.1712,1.17121,1.16975,1.17023,1866,0,0
2025-09-10 03:00:00,1.17023,1.17025,1.16962,1.16972,2247,0,0
2025-09-10 04:00:00,1.16972,1.17027,1.16897,1.16995,3011,0,0
2025-09-10 05:00:00,1.16995,1.17083,1.16993,1.17072,2293,0,0
2025-09-10 06:00:00,1.17072,1.17102,1.17068,1.17081,1599,0,0
2025-09-10 07:00:00,1.17081,1.17156,1.17076,1.1715,1565,0,0
2025-09-10 08:00:00,1.1715,1.17159,1.17053,1.17085,1812,0,0
2025-09-10 09:00:00,1.17085,1.17184,1.16919,1.16983,3776,0,0
2025-09-10 10:00:00,1.16983,1.17078,1.16828,1.1703000000000001,4745,0,0
2025-09-10 11:00:00,1.1703000000000001,1.17037,1.16913,1.16998,3939,0,0
2025-09-10 12:00:00,1.16998,1.17171,1.16983,1.17132,3489,0,0
2025-09-10 13:00:00,1.17132,1.17146,1.16965,1.17005,3067,0,0
2025-09-10 14:00:00,1.17005,1.17068,1.16955,1.17046,3116,0,0
2025-09-10 15:00:00,1.17046,1.1727400000000001,1.16914,1.17004,8066,0,0
2025-09-10 16:00:00,1.17004,1.17246,1.16961,1.17203,6487,0,0
2025-09-10 17:00:00,1.17203,1.17302,1.17153,1.17278,5813,0,0
2025-09-10 18:00:00,1.17278,1.17301,1.17134,1.17148,4182,0,0
2025-09-10 19:00:00,1.17148,1.17164,1.17028,1.17058,2768,0,0
2025-09-10 20:00:00,1.17058,1.17113,1.17019,1.17058,2807,0,0
2025-09-10 21:00:00,1.17058,1.17122,1.17027,1.17048,2595,0,0
2025-09-10 22:00:00,1.17048,1.17048,1.16933,1.17001,2424,0,0
2025-09-10 23:00:00,1.17001,1.17013,1.16933,1.16933,1352,1,0
2025-09-11 00:00:00,1.1693,1.16994,1.1693,1.16977,425,1,0
2025-09-11 01:00:00,1.16977,1.17034,1.16976,1.17031,691,1,0
2025-09-11 02:00:00,1.17031,1.17068,1.17012,1.17024,1035,0,0
2025-09-11 03:00:00,1.17024,1.17027,1.16938,1.16942,1831,0,0
2025-09-11 04:00:00,1.16942,1.17028,1.16933,1.16976,1651,0,0
2025-09-11 05:00:00,1.16976,1.16988,1.16938,1.16967,1461,0,0
2025-09-11 06:00:00,1.16967,1.17003,1.16948,1.1696,1372,0,0
2025-09-11 07:00:00,1.1696,1.16994,1.16942,1.16993,1278,0,0
2025-09-11 08:00:00,1.16993,1.16995,1.16895,1.16902,1795,0,0
2025-09-11 09:00:00,1.16902,1.16967,1.1684,1.1690800000000001,3729,0,0
2025-09-11 10:00:00,1.1690800000000001,1.16963,1.16869,1.16928,3985,0,0
2025-09-11 11:00:00,1.16928,1.16953,1.16887,1.16922,3306,0,0
2025-09-11 12:00:00,1.16922,1.16933,1.16776,1.16858,3535,0,0
2025-09-11 13:00:00,1.16858,1.16883,1.16801,1.16833,3277,0,0
2025-09-11 14:00:00,1.16833,1.16912,1.16784,1.16839,3560,0,0
2025-09-11 15:00:00,1.16839,1.17209,1.16597,1.17154,10453,0,0
2025-09-11 16:00:00,1.17154,1.1741,1.17142,1.17392,10048,0,0
2025-09-11 17:00:00,1.17392,1.17443,1.17257,1.17279,6795,0,0
2025-09-11 18:00:00,1.17279,1.1746,1.17261,1.17317,4440,0,0
2025-09-11 19:00:00,1.17317,1.17398,1.1730800000000001,1.17365,3620,0,0
2025-09-11 20:00:00,1.17365,1.17389,1.17279,1.17316,3456,0,0
2025-09-11 21:00:00,1.17316,1.17384,1.17307,1.17355,2415,0,0
2025-09-11 22:00:00,1.17355,1.1739,1.17337,1.17368,2254,0,0
2025-09-11 23:00:00,1.17367,1.17395,1.1733,1.17331,1963,1,0
2025-09-12 00:00:00,1.17312,1.17343,1.173,1.17341,505,9,0
2025-09-12 01:00:00,1.17341,1.17405,1.17325,1.17389,605,1,0
2025-09-12 02:00:00,1.17391,1.17401,1.17333,1.17333,2097,0,0
2025-09-12 03:00:00,1.17333,1.17342,1.1727400000000001,1.17329,2268,0,0
2025-09-12 04:00:00,1.17329,1.17346,1.17256,1.17258,1999,0,0
2025-09-12 05:00:00,1.17258,1.17293,1.17239,1.17268,1448,0,0
2025-09-12 06:00:00,1.17268,1.17272,1.1723,1.17252,1486,0,0
2025-09-12 07:00:00,1.17252,1.17271,1.17211,1.17259,1540,0,0
2025-09-12 08:00:00,1.17259,1.1733500000000001,1.17244,1.17306,1717,0,0
2025-09-12 09:00:00,1.17306,1.17404,1.17222,1.1739600000000001,3367,0,0
2025-09-12 10:00:00,1.1739600000000001,1.17478,1.17372,1.17407,4003,0,0
2025-09-12 11:00:00,1.17407,1.1741,1.17159,1.17176,4324,0,0
2025-09-12 12:00:00,1.17176,1.17253,1.1712799999999999,1.17222,3740,0,0
2025-09-12 13:00:00,1.17222,1.17349,1.1722,1.1734,3077,0,0
2025-09-12 14:00:00,1.1734,1.17353,1.17208,1.17214,3302,0,0
2025-09-12 15:00:00,1.17214,1.17231,1.17014,1.17123,5276,0,0
2025-09-12 16:00:00,1.17123,1.17166,1.17036,1.17124,5070,0,0
2025-09-12 17:00:00,1.17124,1.17282,1.17116,1.1724999999999999,6033,0,0
2025-09-12 18:00:00,1.1724999999999999,1.17278,1.17136,1.17141,3839,0,0
2025-09-12 19:00:00,1.17141,1.17317,1.17102,1.17271,2767,0,0
2025-09-12 20:00:00,1.17271,1.17379,1.17268,1.17322,2456,0,0
2025-09-12 21:00:00,1.17322,1.17417,1.17322,1.17411,2355,0,0
2025-09-12 22:00:00,1.17411,1.17415,1.17338,1.17362,2141,0,0
2025-09-12 23:00:00,1.17359,1.17365,1.17289,1.17353,1827,1,0
2025-09-15 00:00:00,1.17297,1.17334,1.17279,1.1729,179,12,0
2025-09-15 01:00:00,1.1729,1.17347,1.17276,1.1728399999999999,670,1,0
2025-09-15 02:00:00,1.1728399999999999,1.17312,1.17249,1.17257,1151,0,0
2025-09-15 03:00:00,1.17257,1.17279,1.17221,1.17268,1650,0,0
2025-09-15 04:00:00,1.17268,1.17295,1.1723,1.17276,1914,0,0
2025-09-15 05:00:00,1.17276,1.17294,1.17249,1.17276,1383,0,0
2025-09-15 06:00:00,1.17276,1.17343,1.17272,1.17313,1263,0,0
2025-09-15 07:00:00,1.17313,1.17354,1.17311,1.1734,1034,0,0
2025-09-15 08:00:00,1.1734,1.17344,1.1728,1.17285,1083,0,0
2025-09-15 09:00:00,1.17285,1.173,1.17165,1.1724999999999999,3227,0,0
2025-09-15 10:00:00,1.1724999999999999,1.17443,1.17241,1.17336,4092,0,0
2025-09-15 11:00:00,1.17336,1.17436,1.17301,1.17371,3562,0,0
2025-09-15 12:00:00,1.17371,1.17517,1.17362,1.17465,3390,0,0
2025-09-15 13:00:00,1.17465,1.17628,1.17463,1.1753,3455,0,0
2025-09-15 14:00:00,1.1753,1.17632,1.17529,1.1761,3139,0,0
2025-09-15 15:00:00,1.1761,1.17708,1.1761,1.17695,3979,0,0
2025-09-15 16:00:00,1.17695,1.17733,1.17577,1.1758899999999999,4151,0,0
2025-09-15 17:00:00,1.1758899999999999,1.17605,1.1751,1.17578,4512,0,0
2025-09-15 18:00:00,1.17578,1.17722,1.17565,1.17713,3400,0,0
2025-09-15 19:00:00,1.17713,1.1774499999999999,1.17564,1.17584,3012,0,0
2025-09-15 20:00:00,1.17584,1.17728,1.17581,1.1771,2364,0,0
2025-09-15 21:00:00,1.1771,1.17722,1.17664,1.17694,2550,0,0
2025-09-15 22:00:00,1.17694,1.17721,1.17643,1.17656,2093,0,0
2025-09-15 23:00:00,1.17656,1.17685,1.17599,1.17601,1525,1,0
2025-09-16 00:00:00,1.17609,1.17647,1.17609,1.1763,261,25,0
2025-09-16 01:00:00,1.1763,1.17661,1.17617,1.17631,583,1,0
2025-09-16 02:00:00,1.17631,1.17659,1.17628,1.17632,1210,0,0
2025-09-16 03:00:00,1.17632,1.17662,1.17576,1.17619,2242,0,0
2025-09-16 04:00:00,1.17619,1.17693,1.17582,1.17676,2184,0,0
2025-09-16 05:00:00,1.17676,1.17775,1.1767400000000001,1.17765,2230,0,0
2025-09-16 06:00:00,1.17765,1.17868,1.17744,1.17804,2168,0,0
2025-09-16 07:00:00,1.17804,1.17805,1.1774,1.17768,1849,0,0
2025-09-16 08:00:00,1.17768,1.17802,1.17739,1.17781,2218,0,0
2025-09-16 09:00:00,1.17781,1.17913,1.17777,1.17873,3787,0,0
2025-09-16 10:00:00,1.17873,1.18018,1.17863,1.17946,4343,0,0
2025-09-16 11:00:00,1.17946,1.18037,1.17902,1.1795,3831,0,0
2025-09-16 12:00:00,1.1795,1.18181,1.1795,1.18143,4454,0,0
2025-09-16 13:00:00,1.18143,1.18155,1.18043,1.18081,3880,0,0
2025-09-16 14:00:00,1.18081,1.18214,1.18014,1.18143,4277,0,0
2025-09-16 15:00:00,1.18143,1.18155,1.17896,1.18049,6175,0,0
2025-09-16 16:00:00,1.18049,1.18271,1.18044,1.1824,6191,0,0
2025-09-16 17:00:00,1.1824,1.18532,1.18211,1.18517,7660,0,0
2025-09-16 18:00:00,1.18517,1.18531,1.18352,1.18471,5892,0,0
2025-09-16 19:00:00,1.18471,1.1871800000000001,1.18463,1.18646,4830,0,0
2025-09-16 20:00:00,1.18646,1.18784,1.18637,1.18662,4629,0,0
2025-09-16 21:00:00,1.18662,1.1871,1.18613,1.18666,3771,0,0
2025-09-16 22:00:00,1.18666,1.18689,1.18579,1.18601,2822,0,0
2025-09-16 23:00:00,1.18598,1.18686,1.18582,1.18662,1954,1,0
2025-09-17 00:00:00,1.18647,1.18667,1.18537,1.18618,433,8,0
2025-09-17 01:00:00,1.18617,1.18683,1.18617,1.18659,775,1,0
2025-09-17 02:00:00,1.18659,1.18731,1.18659,1.1871,1375,0,0
2025-09-17 03:00:00,1.1871,1.18729,1.1858,1.18584,2708,0,0
2025-09-17 04:00:00,1.18584,1.18595,1.18523,1.18561,2354,0,0
2025-09-17 05:00:00,1.18561,1.18579,1.18514,1.18555,1724,0,0
2025-09-17 06:00:00,1.18555,1.18577,1.18516,1.18522,1232,0,0
2025-09-17 07:00:00,1.18522,1.18553,1.18515,1.1854,1361,0,0
2025-09-17 08:00:00,1.1854,1.18596,1.18539,1.18581,1587,0,0
2025-09-17 09:00:00,1.18581,1.1859899999999999,1.18516,1.1856,3258,0,0
2025-09-17 10:00:00,1.1856,1.18561,1.18383,1.1840600000000001,3838,0,0
2025-09-17 11:00:00,1.1840600000000001,1.18513,1.18399,1.18483,3195,0,0
2025-09-17 12:00:00,1.18483,1.18498,1.18413,1.18458,3018,0,0
2025-09-17 13:00:00,1.18458,1.18466,1.18329,1.18365,3261,0,0
2025-09-17 14:00:00,1.18365,1.18461,1.18351,1.18393,3279,0,0
2025-09-17 15:00:00,1.18393,1.1844999999999999,1.18342,1.18435,3356,0,0
2025-09-17 16:00:00,1.18435,1.18529,1.18425,1.18499,4060,0,0
2025-09-17 17:00:00,1.18499,1.18592,1.18462,1.18497,4800,0,0
2025-09-17 18:00:00,1.18497,1.18526,1.18437,1.18445,3427,0,0
2025-09-17 19:00:00,1.18445,1.18563,1.18425,1.18533,3213,0,0
2025-09-17 20:00:00,1.18533,1.18551,1.1847,1.18513,2912,0,0
2025-09-17 21:00:00,1.18513,1.19188,1.18192,1.18346,16823,0,0
2025-09-17 22:00:00,1.18346,1.1857,1.18204,1.18244,10381,0,0
2025-09-17 23:00:00,1.18246,1.18274,1.18078,1.18123,3093,1,0
2025-09-18 00:00:00,1.18108,1.18153,1.18086,1.18143,190,3,0
2025-09-18 01:00:00,1.18143,1.1822300000000001,1.18124,1.1819,1362,1,0
2025-09-18 02:00:00,1.1819,1.18288,1.18177,1.18254,2024,0,0
2025-09-18 03:00:00,1.18254,1.18282,1.18152,1.18253,3178,0,0
2025-09-18 04:00:00,1.18253,1.18287,1.18078,1.18137,3879,0,0
2025-09-18 05:00:00,1.18137,1.18224,1.18126,1.18195,2208,0,0
2025-09-18 06:00:00,1.18195,1.18228,1.1812,1.18123,1834,0,0
2025-09-18 07:00:00,1.18123,1.18136,1.17939,1.17953,2015,0,0
2025-09-18 08:00:00,1.17953,1.18003,1.17856,1.1791,2862,0,0
2025-09-18 09:00:00,1.1791,1.17994,1.1780599999999999,1.17946,4551,0,0
2025-09-18 10:00:00,1.17946,1.18388,1.17937,1.18319,5575,0,0
2025-09-18 11:00:00,1.18319,1.18342,1.18211,1.18279,4706,0,0
2025-09-18 12:00:00,1.18279,1.18482,1.18273,1.18382,4443,0,0
2025-09-18 13:00:00,1.18382,1.18401,1.18312,1.1837,3329,0,0
2025-09-18 14:00:00,1.1837,1.18371,1.182,1.18256,4710,0,0
2025-09-18 15:00:00,1.18256,1.18263,1.17953,1.17958,6532,0,0
2025-09-18 16:00:00,1.17958,1.17961,1.17502,1.17671,8563,0,0
2025-09-18 17:00:00,1.17671,1.17815,1.17629,1.17754,7685,0,0
2025-09-18 18:00:00,1.17754,1.17876,1.17697,1.17794,5485,0,0
2025-09-18 19:00:00,1.17794,1.17879,1.17723,1.1787,4518,0,0
2025-09-18 20:00:00,1.1787,1.17939,1.17858,1.17879,3336,0,0
2025-09-18 21:00:00,1.17879,1.17896,1.17821,1.17877,2894,0,0
2025-09-18 22:00:00,1.17877,1.17912,1.17825,1.17847,2624,0,0
2025-09-18 23:00:00,1.17847,1.17861,1.17812,1.17858,1598,1,0
2025-09-19 00:00:00,1.1780599999999999,1.17871,1.17776,1.1785700000000001,304,10,0
2025-09-19 01:00:00,1.1785700000000001,1.17895,1.17836,1.17868,1485,1,0
2025-09-19 02:00:00,1.17868,1.17907,1.17864,1.1789100000000001,1314,0,0
2025-09-19 03:00:00,1.1789100000000001,1.17906,1.17755,1.17865,2342,0,0
2025-09-19 04:00:00,1.17865,1.17868,1.17747,1.17757,2512,0,0
2025-09-19 05:00:00,1.17757,1.17809,1.17722,1.17795,2127,0,0
2025-09-19 06:00:00,1.17795,1.17926,1.17795,1.17817,3929,0,0
2025-09-19 07:00:00,1.17817,1.17897,1.17705,1.17739,3650,0,0
2025-09-19 08:00:00,1.17739,1.17778,1.17709,1.17732,2415,0,0
2025-09-19 09:00:00,1.17732,1.17775,1.17634,1.17667,5284,0,0
2025-09-19 10:00:00,1.17667,1.17781,1.17576,1.17702,5557,0,0
2025-09-19 11:00:00,1.17702,1.1771099999999999,1.17513,1.17609,4335,0,0
2025-09-19 12:00:00,1.17609,1.17687,1.17565,1.17598,3734,0,0
2025-09-19 13:00:00,1.17598,1.17653,1.17585,1.17614,3082,0,0
2025-09-19 14:00:00,1.17614,1.17624,1.17353,1.1736900000000001,4256,0,0
2025-09-19 15:00:00,1.1736900000000001,1.17432,1.1729,1.17361,5031,0,0
2025-09-19 16:00:00,1.17361,1.17638,1.17354,1.17583,5891,0,0
2025-09-19 17:00:00,1.17583,1.17679,1.17561,1.17574,6060,0,0
2025-09-19 18:00:00,1.17574,1.17591,1.17375,1.17522,4740,0,0
2025-09-19 19:00:00,1.17522,1.17553,1.17412,1.17532,2849,0,0
2025-09-19 20:00:00,1.17532,1.17551,1.17488,1.17509,2555,0,0
2025-09-19 21:00:00,1.17509,1.17516,1.1747,1.17485,2164,0,0
2025-09-19 22:00:00,1.17485,1.17508,1.17451,1.17475,2069,0,0
2025-09-19 23:00:00,1.17476,1.17479,1.17405,1.17446,1636,1,0
2025-09-22 00:00:00,1.17397,1.17444,1.1739,1.17432,161,28,0
2025-09-22 01:00:00,1.17432,1.17487,1.1739,1.17407,861,1,0
2025-09-22 02:00:00,1.17407,1.17415,1.17357,1.17367,1482,0,0
2025-09-22 03:00:00,1.17367,1.17381,1.17263,1.1734499999999999,2272,0,0
2025-09-22 04:00:00,1.1734499999999999,1.1741,1.17318,1.17325,2992,0,0
2025-09-22 05:00:00,1.17325,1.17339,1.1727400000000001,1.17282,2297,0,0
2025-09-22 06:00:00,1.17282,1.1735,1.17279,1.17328,1874,0,0
2025-09-22 07:00:00,1.17328,1.17328,1.17266,1.17306,1616,0,0
2025-09-22 08:00:00,1.17306,1.17385,1.17298,1.17385,1753,0,0
2025-09-22 09:00:00,1.17385,1.17486,1.17362,1.17437,3551,0,0
2025-09-22 10:00:00,1.17437,1.17543,1.17394,1.17486,4310,0,0
2025-09-22 11:00:00,1.17486,1.17691,1.17471,1.17625,3787,0,0
2025-09-22 12:00:00,1.17625,1.17761,1.17617,1.17758,3257,0,0
2025-09-22 13:00:00,1.17758,1.17858,1.17738,1.17742,3344,0,0
2025-09-22 14:00:00,1.17742,1.17822,1.17694,1.17783,2864,0,0
2025-09-22 15:00:00,1.17783,1.17873,1.17734,1.17831,4335,0,0
2025-09-22 16:00:00,1.17831,1.17878,1.17688,1.17768,5180,0,0
2025-09-22 17:00:00,1.17768,1.17771,1.1763,1.17698,4555,0,0
2025-09-22 18:00:00,1.17698,1.17757,1.17643,1.17725,3890,0,0
2025-09-22 19:00:00,1.17725,1.17902,1.17714,1.17881,3314,0,0
2025-09-22 20:00:00,1.17881,1.1797,1.1785700000000001,1.17965,2427,0,0
2025-09-22 21:00:00,1.17965,1.17991,1.17925,1.17964,2587,0,0
2025-09-22 22:00:00,1.17964,1.1802,1.17953,1.18,1877,0,0
2025-09-22 23:00:00,1.17998,1.18029,1.1797900000000001,1.18012,1408,1,0
2025-09-23 00:00:00,1.1793,1.18,1.17874,1.17974,699,19,0
2025-09-23 01:00:00,1.17974,1.18038,1.17963,1.18011,626,1,0
2025-09-23 02:00:00,1.18011,1.18029,1.17997,1.18008,1038,0,0
2025-09-23 03:00:00,1.18008,1.1807400000000001,1.17971,1.18064,1695,0,0
2025-09-23 04:00:00,1.18064,1.182,1.18041,1.1815,2425,0,0
2025-09-23 05:00:00,1.1815,1.18169,1.18018,1.18046,2309,0,0
2025-09-23 06:00:00,1.18046,1.18064,1.17969,1.18057,1985,0,0
2025-09-23 07:00:00,1.18057,1.1808,1.17977,1.1797900000000001,1850,0,0
2025-09-23 08:00:00,1.1797900000000001,1.18049,1.1795200000000001,1.17988,2111,0,0
2025-09-23 09:00:00,1.17988,1.18045,1.17902,1.1795,3333,0,0
2025-09-23 10:00:00,1.1795,1.18001,1.17784,1.17906,5979,0,0
2025-09-23 11:00:00,1.17906,1.18054,1.17842,1.18027,4878,0,0
2025-09-23 12:00:00,1.18027,1.18124,1.18006,1.18025,3558,0,0
2025-09-23 13:00:00,1.18025,1.18066,1.17909,1.17959,3532,0,0
2025-09-23 14:00:00,1.17959,1.17998,1.17917,1.1792,3270,0,0
2025-09-23 15:00:00,1.1792,1.17985,1.17846,1.17968,3989,0,0
2025-09-23 16:00:00,1.17968,1.18046,1.17845,1.17994,6206,0,0
2025-09-23 17:00:00,1.17994,1.18053,1.17926,1.17956,6345,0,0
2025-09-23 18:00:00,1.17956,1.17991,1.17881,1.17984,4370,0,0
2025-09-23 19:00:00,1.17984,1.18094,1.17919,1.1804999999999999,4667,0,0
2025-09-23 20:00:00,1.1804999999999999,1.18178,1.18031,1.1812,4427,0,0
2025-09-23 21:00:00,1.1812,1.18168,1.18085,1.18113,2818,0,0
2025-09-23 22:00:00,1.18113,1.18179,1.18072,1.18161,2730,0,0
2025-09-23 23:00:00,1.18161,1.18182,1.18115,1.18143,1202,1,0
2025-09-24 00:00:00,1.1812,1.18137,1.18095,1.18128,291,16,0
2025-09-24 01:00:00,1.18128,1.18188,1.18119,1.18146,1889,1,0
2025-09-24 02:00:00,1.18146,1.18174,1.18129,1.18153,1524,0,0
2025-09-24 03:00:00,1.18153,1.18165,1.18034,1.18041,2686,0,0
2025-09-24 04:00:00,1.18041,1.18052,1.1797900000000001,1.18003,3277,0,0
2025-09-24 05:00:00,1.18003,1.18039,1.17963,1.1797,2512,0,0
2025-09-24 06:00:00,1.1797,1.18,1.17951,1.17975,1797,0,0
2025-09-24 07:00:00,1.17975,1.18046,1.17958,1.18029,1907,0,0
2025-09-24 08:00:00,1.18029,1.18049,1.17925,1.17982,2063,0,0
2025-09-24 09:00:00,1.17982,1.18029,1.17862,1.17877,3548,0,0
2025-09-24 10:00:00,1.17877,1.17948,1.17845,1.17889,4563,0,0
2025-09-24 11:00:00,1.17889,1.17889,1.17666,1.17719,4071,0,0
2025-09-24 12:00:00,1.17719,1.17748,1.17625,1.17679,3312,0,0
2025-09-24 13:00:00,1.17679,1.17702,1.1751,1.1752,3369,0,0
2025-09-24 14:00:00,1.1752,1.17554,1.17466,1.1749100000000001,3651,0,0
2025-09-24 15:00:00,1.1749100000000001,1.17581,1.17395,1.17429,5194,0,0
2025-09-24 16:00:00,1.17429,1.17436,1.17304,1.17386,6026,0,0
2025-09-24 17:00:00,1.17386,1.17463,1.17283,1.17429,6402,0,0
2025-09-24 18:00:00,1.17429,1.17458,1.17372,1.17419,4932,0,0
2025-09-24 19:00:00,1.17419,1.17437,1.17304,1.17327,3536,0,0
2025-09-24 20:00:00,1.17327,1.17408,1.1732,1.17378,2815,0,0
2025-09-24 21:00:00,1.17378,1.17385,1.17326,1.17368,3164,0,0
2025-09-24 22:00:00,1.17368,1.17392,1.17322,1.17379,2695,0,0
2025-09-24 23:00:00,1.17379,1.17394,1.17351,1.17376,1731,1,0
2025-09-25 00:00:00,1.1736,1.17404,1.1736,1.17379,245,1,0
2025-09-25 01:00:00,1.17379,1.17453,1.17379,1.17446,598,1,0
2025-09-25 02:00:00,1.17446,1.17463,1.17423,1.17424,1696,0,0
2025-09-25 03:00:00,1.17424,1.17483,1.17407,1.17474,2729,0,0
2025-09-25 04:00:00,1.17474,1.17494,1.17408,1.17445,2503,0,0
2025-09-25 05:00:00,1.17445,1.17519,1.17434,1.17498,2027,0,0
2025-09-25 06:00:00,1.17498,1.17537,1.17478,1.17524,1616,0,0
2025-09-25 07:00:00,1.17524,1.17535,1.1749,1.1752,1317,0,0
2025-09-25 08:00:00,1.1752,1.17522,1.1740599999999999,1.17424,1939,0,0
2025-09-25 09:00:00,1.17424,1.17523,1.17382,1.17458,3625,0,0
2025-09-25 10:00:00,1.17458,1.1748,1.17316,1.1733500000000001,4658,0,0
2025-09-25 11:00:00,1.1733500000000001,1.17445,1.1730800000000001,1.17428,4206,0,0
2025-09-25 12:00:00,1.17428,1.17519,1.17392,1.1745,3140,0,0
2025-09-25 13:00:00,1.1745,1.1754,1.17446,1.17471,2863,0,0
2025-09-25 14:00:00,1.17471,1.17473,1.17348,1.174,3715,0,0
2025-09-25 15:00:00,1.174,1.17454,1.16879,1.16981,7962,0,0
2025-09-25 16:00:00,1.16981,1.17102,1.16832,1.16861,8163,0,0
2025-09-25 17:00:00,1.16861,1.16946,1.1674,1.16763,7613,0,0
2025-09-25 18:00:00,1.16763,1.16808,1.16669,1.16726,5465,0,0
2025-09-25 19:00:00,1.16726,1.16834,1.1669,1.16708,4342,0,0
2025-09-25 20:00:00,1.16708,1.16722,1.16523,1.16577,3800,0,0
2025-09-25 21:00:00,1.16577,1.1660300000000001,1.1645699999999999,1.16525,4000,0,0
2025-09-25 22:00:00,1.16525,1.16629,1.1652,1.16604,2929,0,0
2025-09-25 23:00:00,1.16604,1.1669100000000001,1.16592,1.16648,2171,1,0
2025-09-26 00:00:00,1.16566,1.16648,1.16535,1.1656900000000001,2924,22,0
2025-09-26 01:00:00,1.16564,1.16687,1.16564,1.16682,959,1,0
2025-09-26 02:00:00,1.16682,1.16683,1.166,1.16619,1800,0,0
2025-09-26 03:00:00,1.16619,1.16714,1.1658,1.16713,2433,0,0
2025-09-26 04:00:00,1.16713,1.1673499999999999,1.16658,1.1668,2405,0,0
2025-09-26 05:00:00,1.1668,1.16794,1.16675,1.16771,1823,0,0
2025-09-26 06:00:00,1.16771,1.16788,1.16751,1.16783,1505,0,0
2025-09-26 07:00:00,1.16783,1.1682,1.16748,1.16799,1657,0,0
2025-09-26 08:00:00,1.16799,1.16819,1.16765,1.16774,1808,0,0
2025-09-26 09:00:00,1.16774,1.16838,1.1672,1.16798,3558,0,0
2025-09-26 10:00:00,1.16798,1.16832,1.16687,1.1673,4119,0,0
2025-09-26 11:00:00,1.1673,1.16879,1.16708,1.16807,3729,0,0
2025-09-26 12:00:00,1.16807,1.16843,1.16761,1.16787,3277,0,0
2025-09-26 13:00:00,1.16787,1.16811,1.16619,1.16632,3018,0,0
2025-09-26 14:00:00,1.16632,1.16759,1.16628,1.1668,3562,0,0
2025-09-26 15:00:00,1.1668,1.1686,1.16669,1.16829,6566,0,0
2025-09-26 16:00:00,1.16829,1.16943,1.16783,1.16831,7149,0,0
2025-09-26 17:00:00,1.16831,1.17047,1.16831,1.16913,7152,0,0
2025-09-26 18:00:00,1.16913,1.17,1.16873,1.16914,5099,0,0
2025-09-26 19:00:00,1.16914,1.1696900000000001,1.16868,1.16929,3486,0,0
2025-09-26 20:00:00,1.16929,1.17018,1.16911,1.16997,2705,0,0
2025-09-26 21:00:00,1.16997,1.17057,1.16961,1.17038,2766,0,0
2025-09-26 22:00:00,1.17038,1.17057,1.16985,1.17054,2049,0,0
2025-09-26 23:00:00,1.17054,1.17071,1.16989,1.16999,1839,1,0
2025-09-29 00:00:00,1.17002,1.17036,1.16977,1.17022,1472,6,0
2025-09-29 01:00:00,1.17022,1.17061,1.17012,1.17044,670,1,0
2025-09-29 02:00:00,1.17044,1.17098,1.17039,1.17051,2048,0,0
2025-09-29 03:00:00,1.17051,1.17232,1.17047,1.17215,2135,0,0
2025-09-29 04:00:00,1.17215,1.17254,1.17146,1.17231,2568,0,0
2025-09-29 05:00:00,1.17231,1.1728399999999999,1.17224,1.17263,2392,0,0
2025-09-29 06:00:00,1.17263,1.17294,1.1724999999999999,1.17253,1623,0,0
2025-09-29 07:00:00,1.17253,1.1733,1.17229,1.17273,1422,0,0
2025-09-29 08:00:00,1.17273,1.17332,1.17241,1.17285,2499,0,0
2025-09-29 09:00:00,1.17285,1.17287,1.17181,1.172,3449,0,0
2025-09-29 10:00:00,1.172,1.17331,1.17177,1.17271,4115,0,0
2025-09-29 11:00:00,1.17271,1.17289,1.17079,1.17237,3968,0,0
2025-09-29 12:00:00,1.17237,1.17261,1.1717,1.17178,3253,0,0
2025-09-29 13:00:00,1.17178,1.17217,1.17156,1.17199,2737,0,0
2025-09-29 14:00:00,1.17199,1.1730800000000001,1.17095,1.1729,3699,0,0
2025-09-29 15:00:00,1.1729,1.17512,1.17187,1.17499,5868,0,0
2025-09-29 16:00:00,1.17499,1.17546,1.17373,1.17411,5554,0,0
2025-09-29 17:00:00,1.17411,1.17447,1.17296,1.17304,5535,0,0
2025-09-29 18:00:00,1.17304,1.17341,1.17229,1.17292,4808,0,0
2025-09-29 19:00:00,1.17292,1.17331,1.17256,1.17294,2739,0,0
2025-09-29 20:00:00,1.17294,1.17316,1.17216,1.17217,2493,0,0
2025-09-29 21:00:00,1.17217,1.17329,1.17203,1.17312,2389,0,0
2025-09-29 22:00:00,1.17312,1.17316,1.17261,1.1727400000000001,2112,0,0
2025-09-29 23:00:00,1.17273,1.17277,1.17234,1.17263,1233,1,0
2025-09-30 00:00:00,1.17228,1.173,1.17219,1.17248,296,4,0
2025-09-30 01:00:00,1.17248,1.17278,1.17241,1.1727400000000001,533,1,0
2025-09-30 02:00:00,1.1727400000000001,1.17324,1.1727,1.17307,1054,0,0
2025-09-30 03:00:00,1.17307,1.17315,1.17129,1.17207,2732,0,0
2025-09-30 04:00:00,1.17207,1.17257,1.17137,1.17143,2947,0,0
2025-09-30 05:00:00,1.17143,1.17239,1.17123,1.1722299999999999,2127,0,0
2025-09-30 06:00:00,1.1722299999999999,1.17264,1.17204,1.1724,1801,0,0
2025-09-30 07:00:00,1.1724,1.17286,1.17187,1.17285,1869,0,0
2025-09-30 08:00:00,1.17285,1.17371,1.17282,1.17337,2399,0,0
2025-09-30 09:00:00,1.17337,1.17438,1.17312,1.17374,3565,0,0
2025-09-30 10:00:00,1.17374,1.17484,1.17367,1.17419,4488,0,0
2025-09-30 11:00:00,1.17419,1.17617,1.17419,1.17557,4953,0,0
2025-09-30 12:00:00,1.17557,1.17584,1.17453,1.17484,3122,0,0
2025-09-30 13:00:00,1.17484,1.17515,1.1740599999999999,1.17456,2671,0,0
2025-09-30 14:00:00,1.17456,1.17486,1.17367,1.17423,2828,0,0
2025-09-30 15:00:00,1.17423,1.17474,1.17333,1.17375,4164,0,0
2025-09-30 16:00:00,1.17375,1.17393,1.17167,1.17301,5600,0,0
2025-09-30 17:00:00,1.17301,1.17523,1.1724,1.17498,7420,0,0
2025-09-30 18:00:00,1.17498,1.17504,1.17257,1.17342,5990,0,0
2025-09-30 19:00:00,1.17342,1.17591,1.17337,1.17565,3746,0,0
2025-09-30 20:00:00,1.17565,1.17615,1.1747,1.17495,3125,0,0
2025-09-30 21:00:00,1.17495,1.17496,1.17359,1.1741,2821,0,0
2025-09-30 22:00:00,1.1741,1.17411,1.17363,1.1739600000000001,2696,0,0
2025-09-30 23:00:00,1.17402,1.17404,1.17327,1.17329,1449,1,0
2025-10-01 00:00:00,1.17337,1.17368,1.17304,1.17337,519,18,0
2025-10-01 01:00:00,1.17337,1.17423,1.17329,1.17343,578,1,0
2025-10-01 02:00:00,1.17343,1.17424,1.17336,1.17346,1995,0,0
2025-10-01 03:00:00,1.17346,1.17384,1.17298,1.17359,2513,0,0
2025-10-01 04:00:00,1.17359,1.17407,1.17305,1.17391,1881,0,0
2025-10-01 05:00:00,1.17391,1.1739600000000001,1.17325,1.17378,2374,0,0
2025-10-01 06:00:00,1.17378,1.1739,1.17341,1.17379,1788,0,0
2025-10-01 07:00:00,1.17379,1.17587,1.17379,1.17582,2185,0,0
2025-10-01 08:00:00,1.17582,1.17669,1.17525,1.17526,3053,0,0
2025-10-01 09:00:00,1.17526,1.17749,1.17509,1.1768,4729,0,0
2025-10-01 10:00:00,1.1768,1.17786,1.17422,1.1750099999999999,7162,0,0
2025-10-01 11:00:00,1.1750099999999999,1.17658,1.17496,1.17497,5202,0,0
2025-10-01 12:00:00,1.17497,1.17542,1.1731,1.17331,4029,0,0
2025-10-01 13:00:00,1.17331,1.17337,1.17161,1.17254,4695,0,0
2025-10-01 14:00:00,1.17254,1.17401,1.17252,1.17346,3836,0,0
2025-10-01 15:00:00,1.17346,1.17689,1.17221,1.17493,9956,0,0
2025-10-01 16:00:00,1.17493,1.17615,1.17462,1.1755,7019,0,0
2025-10-01 17:00:00,1.1755,1.17634,1.17312,1.1746699999999999,8761,0,0
2025-10-01 18:00:00,1.1746699999999999,1.17493,1.17215,1.1723,6415,0,0
2025-10-01 19:00:00,1.1723,1.17268,1.17156,1.17228,4348,0,0
2025-10-01 20:00:00,1.17228,1.17326,1.17228,1.1724,3017,0,0
2025-10-01 21:00:00,1.1724,1.1742,1.17218,1.1735,3561,0,0
2025-10-01 22:00:00,1.1735,1.17371,1.17297,1.17305,2627,0,0
2025-10-01 23:00:00,1.17305,1.1731,1.17261,1.17299,1776,1,0
2025-10-02 00:00:00,1.17205,1.17312,1.17205,1.17301,1325,34,0
2025-10-02 01:00:00,1.17301,1.17372,1.173,1.17337,737,1,0
2025-10-02 02:00:00,1.17338,1.17372,1.1733,1.1733,1091,0,0
2025-10-02 03:00:00,1.1733,1.17354,1.17248,1.17298,3036,0,0
2025-10-02 04:00:00,1.17298,1.1739,1.1724,1.17388,2562,0,0
2025-10-02 05:00:00,1.17388,1.17419,1.1737,1.17372,1700,0,0
2025-10-02 06:00:00,1.17372,1.17387,1.17329,1.17347,1314,0,0
2025-10-02 07:00:00,1.17347,1.17358,1.17303,1.17343,1413,0,0
2025-10-02 08:00:00,1.17343,1.1737,1.17297,1.17355,1946,0,0
2025-10-02 09:00:00,1.17355,1.17448,1.17343,1.17429,3697,0,0
2025-10-02 10:00:00,1.17429,1.17567,1.1741,1.17502,4000,0,0
2025-10-02 11:00:00,1.17502,1.17567,1.17451,1.17537,3631,0,0
2025-10-02 12:00:00,1.17537,1.17582,1.17508,1.17549,3300,0,0
2025-10-02 13:00:00,1.17549,1.17549,1.17464,1.1752,2961,0,0
2025-10-02 14:00:00,1.1752,1.17566,1.17473,1.17505,3099,0,0
2025-10-02 15:00:00,1.17505,1.17583,1.17346,1.17377,4316,0,0
2025-10-02 16:00:00,1.17377,1.17439,1.17137,1.17222,6472,0,0
2025-10-02 17:00:00,1.17222,1.17222,1.17051,1.17133,6342,0,0
2025-10-02 18:00:00,1.17133,1.17134,1.16833,1.16965,5947,0,0
2025-10-02 19:00:00,1.16965,1.17149,1.1695,1.17148,3726,0,0
2025-10-02 20:00:00,1.17148,1.17204,1.17123,1.17137,2841,0,0
2025-10-02 21:00:00,1.17137,1.17222,1.17127,1.1721,2363,0,0
2025-10-02 22:00:00,1.1721,1.17268,1.17173,1.17188,1990,0,0
2025-10-02 23:00:00,1.17188,1.17242,1.17144,1.1716199999999999,1597,1,0
2025-10-03 00:00:00,1.17124,1.17165,1.17124,1.17148,685,8,0
2025-10-03 01:00:00,1.17148,1.17215,1.17148,1.1718899999999999,550,1,0
2025-10-03 02:00:00,1.1718899999999999,1.17259,1.17185,1.17246,1165,0,0
2025-10-03 03:00:00,1.17246,1.17248,1.17192,1.17242,2062,0,0
2025-10-03 04:00:00,1.17242,1.17293,1.17164,1.17268,3348,0,0
2025-10-03 05:00:00,1.17268,1.17276,1.17207,1.1724700000000001,1933,0,0
2025-10-03 06:00:00,1.1724700000000001,1.17268,1.17199,1.17263,1600,0,0
2025-10-03 07:00:00,1.17263,1.17281,1.1718,1.17182,1406,0,0
2025-10-03 08:00:00,1.17182,1.17214,1.17151,1.17171,2381,0,0
2025-10-03 09:00:00,1.17171,1.1729,1.17165,1.17204,3073,0,0
2025-10-03 10:00:00,1.17204,1.17341,1.17204,1.17323,3075,0,0
2025-10-03 11:00:00,1.17323,1.17446,1.17311,1.17404,3743,0,0
2025-10-03 12:00:00,1.17404,1.17404,1.17314,1.17373,2977,0,0
2025-10-03 13:00:00,1.17373,1.17398,1.17339,1.17363,2200,0,0
2025-10-03 14:00:00,1.17363,1.1743000000000001,1.17313,1.17341,3417,0,0
2025-10-03 15:00:00,1.17341,1.17409,1.17273,1.17394,4397,0,0
2025-10-03 16:00:00,1.17394,1.17445,1.17328,1.17378,5441,0,0
2025-10-03 17:00:00,1.17378,1.17592,1.17343,1.17408,8312,0,0
2025-10-03 18:00:00,1.17408,1.17488,1.17368,1.17461,4495,0,0
2025-10-03 19:00:00,1.17461,1.17483,1.17377,1.174,3084,0,0
2025-10-03 20:00:00,1.174,1.17415,1.17322,1.1734,2911,0,0
2025-10-03 21:00:00,1.1734,1.17402,1.1727,1.1739600000000001,2689,0,0
2025-10-03 22:00:00,1.1739600000000001,1.17423,1.17373,1.17408,1682,0,0
2025-10-03 23:00:00,1.17408,1.17443,1.17386,1.17417,1557,1,0
2025-10-06 00:00:00,1.17244,1.17275,1.17184,1.17251,239,7,0
2025-10-06 01:00:00,1.17251,1.17267,1.17158,1.17164,2737,1,0
2025-10-06 02:00:00,1.17164,1.17165,1.17065,1.17119,4285,0,0
2025-10-06 03:00:00,1.17119,1.17191,1.17103,1.1716199999999999,4193,0,0
2025-10-06 04:00:00,1.1716199999999999,1.17248,1.17103,1.17241,3171,0,0
2025-10-06 05:00:00,1.17241,1.17309,1.17237,1.17273,2607,0,0
2025-10-06 06:00:00,1.17273,1.17302,1.17235,1.1724700000000001,2187,0,0
2025-10-06 07:00:00,1.1724700000000001,1.17273,1.17199,1.17204,2551,0,0
2025-10-06 08:00:00,1.17204,1.17254,1.17141,1.17173,2743,0,0
2025-10-06 09:00:00,1.17173,1.17194,1.16905,1.16938,4896,0,0
2025-10-06 10:00:00,1.16938,1.17121,1.16625,1.1663000000000001,7669,0,0
2025-10-06 11:00:00,1.1663000000000001,1.1679599999999999,1.1652,1.16679,6648,0,0
2025-10-06 12:00:00,1.16679,1.16699,1.16573,1.16662,4472,0,0
2025-10-06 13:00:00,1.16662,1.16668,1.16528,1.16633,4257,0,0
2025-10-06 14:00:00,1.16633,1.16789,1.16576,1.16753,4261,0,0
2025-10-06 15:00:00,1.16753,1.16896,1.16731,1.16891,6452,0,0
2025-10-06 16:00:00,1.16891,1.1703000000000001,1.16839,1.16994,5886,0,0
2025-10-06 17:00:00,1.16994,1.17177,1.16953,1.17164,6029,0,0
2025-10-06 18:00:00,1.17164,1.1721,1.17032,1.17064,4827,0,0
2025-10-06 19:00:00,1.17064,1.17122,1.17033,1.17121,3050,0,0
2025-10-06 20:00:00,1.17121,1.17159,1.17098,1.17105,2625,0,0
2025-10-06 21:00:00,1.17105,1.17157,1.17096,1.17126,2476,0,0
2025-10-06 22:00:00,1.17126,1.17169,1.1710099999999999,1.17107,2097,0,0
2025-10-06 23:00:00,1.17107,1.17139,1.17083,1.17121,1505,1,0
2025-10-07 00:00:00,1.17064,1.17139,1.17043,1.17079,516,15,0
2025-10-07 01:00:00,1.17079,1.17143,1.17079,1.17097,1932,1,0
2025-10-07 02:00:00,1.17097,1.17144,1.17083,1.17095,1849,0,0
2025-10-07 03:00:00,1.17095,1.17111,1.17044,1.17088,2661,0,0
2025-10-07 04:00:00,1.17088,1.17089,1.16966,1.16971,2291,0,0
2025-10-07 05:00:00,1.16971,1.17059,1.1697,1.17019,1819,0,0
2025-10-07 06:00:00,1.17019,1.17071,1.16999,1.17035,1880,0,0
2025-10-07 07:00:00,1.17035,1.17073,1.16947,1.16982,1771,0,0
2025-10-07 08:00:00,1.16982,1.16999,1.16876,1.16919,2233,0,0
2025-10-07 09:00:00,1.16919,1.16921,1.16832,1.16866,3945,0,0
2025-10-07 10:00:00,1.16866,1.16881,1.16704,1.16764,4227,0,0
2025-10-07 11:00:00,1.16764,1.16826,1.16652,1.16661,3544,0,0
2025-10-07 12:00:00,1.16661,1.16711,1.16606,1.16667,3573,0,0
2025-10-07 13:00:00,1.16667,1.16759,1.16633,1.16741,3375,0,0
2025-10-07 14:00:00,1.16741,1.16742,1.16541,1.16625,3679,0,0
2025-10-07 15:00:00,1.16625,1.1667,1.1654,1.16669,4966,0,0
2025-10-07 16:00:00,1.16669,1.1670099999999999,1.16595,1.16605,5516,0,0
2025-10-07 17:00:00,1.16605,1.16661,1.16549,1.1663000000000001,5299,0,0
2025-10-07 18:00:00,1.1663000000000001,1.16799,1.16614,1.16732,5269,0,0
2025-10-07 19:00:00,1.16732,1.16812,1.1670099999999999,1.16703,4055,0,0
2025-10-07 20:00:00,1.16703,1.16794,1.16668,1.16675,3284,0,0
2025-10-07 21:00:00,1.16675,1.16681,1.1656900000000001,1.1657899999999999,3557,0,0
2025-10-07 22:00:00,1.1657899999999999,1.16584,1.16476,1.16502,2757,0,0
2025-10-07 23:00:00,1.16501,1.16586,1.1649,1.16576,1545,1,0
2025-10-08 00:00:00,1.16534,1.16577,1.16516,1.16554,714,17,0
2025-10-08 01:00:00,1.16553,1.16612,1.16548,1.16593,623,1,0
2025-10-08 02:00:00,1.16593,1.16594,1.16529,1.16529,1694,0,0
2025-10-08 03:00:00,1.16529,1.16532,1.1645699999999999,1.16475,2623,0,0
2025-10-08 04:00:00,1.16475,1.16475,1.16261,1.16268,5006,0,0
2025-10-08 05:00:00,1.16268,1.16272,1.16172,1.16238,3123,0,0
2025-10-08 06:00:00,1.16238,1.16246,1.16178,1.16239,2070,0,0
2025-10-08 07:00:00,1.16239,1.16252,1.16163,1.16192,2030,0,0
2025-10-08 08:00:00,1.16192,1.16194,1.16124,1.16172,2545,0,0
2025-10-08 09:00:00,1.16172,1.1620300000000001,1.16072,1.16165,4377,0,0
2025-10-08 10:00:00,1.16165,1.16342,1.16119,1.1631,5255,0,0
2025-10-08 11:00:00,1.1631,1.16355,1.1610800000000001,1.16148,4313,0,0
2025-10-08 12:00:00,1.16148,1.1620300000000001,1.16062,1.16113,4435,0,0
2025-10-08 13:00:00,1.16113,1.16364,1.1609,1.1633499999999999,3643,0,0
2025-10-08 14:00:00,1.1633499999999999,1.16348,1.16253,1.16263,3588,0,0
2025-10-08 15:00:00,1.16263,1.16378,1.16247,1.16327,3972,0,0
2025-10-08 16:00:00,1.16327,1.1644700000000001,1.16276,1.16318,5159,0,0
2025-10-08 17:00:00,1.16318,1.1636199999999999,1.16205,1.16217,5381,0,0
2025-10-08 18:00:00,1.16217,1.16222,1.16032,1.1606,5011,0,0
2025-10-08 19:00:00,1.1606,1.16071,1.15987,1.16052,3374,0,0
2025-10-08 20:00:00,1.16052,1.16093,1.16026,1.16073,2865,0,0
2025-10-08 21:00:00,1.16073,1.16222,1.15997,1.16199,5070,0,0
2025-10-08 22:00:00,1.16199,1.16283,1.16199,1.1628,2671,0,0
2025-10-08 23:00:00,1.1628,1.16323,1.16266,1.16279,1684,1,0
2025-10-09 00:00:00,1.16189,1.1628,1.16189,1.16273,2258,27,0
2025-10-09 01:00:00,1.16273,1.16349,1.16273,1.16336,1043,1,0
2025-10-09 02:00:00,1.16336,1.16339,1.1628,1.16292,1885,0,0
2025-10-09 03:00:00,1.16292,1.16411,1.16282,1.16371,2584,0,0
2025-10-09 04:00:00,1.16371,1.16455,1.16365,1.164,3969,0,0
2025-10-09 05:00:00,1.164,1.16477,1.16391,1.16442,2186,0,0
2025-10-09 06:00:00,1.16442,1.16465,1.16405,1.1645,1944,0,0
2025-10-09 07:00:00,1.1645,1.1647,1.1642000000000001,1.16455,1617,0,0
2025-10-09 08:00:00,1.16455,1.16482,1.16385,1.1638600000000001,2178,0,0
2025-10-09 09:00:00,1.1638600000000001,1.16388,1.16117,1.16156,5319,0,0
2025-10-09 10:00:00,1.16156,1.16234,1.16066,1.16112,5337,0,0
2025-10-09 11:00:00,1.16112,1.16145,1.16032,1.16124,4287,0,0
2025-10-09 12:00:00,1.16124,1.16272,1.1611,1.16256,5058,0,0
2025-10-09 13:00:00,1.16256,1.1627399999999999,1.16134,1.16184,3437,0,0
2025-10-09 14:00:00,1.16184,1.1622,1.16095,1.16124,3755,0,0
2025-10-09 15:00:00,1.16124,1.16162,1.16053,1.1615,5129,0,0
2025-10-09 16:00:00,1.1615,1.16233,1.15917,1.16027,8233,0,0
2025-10-09 17:00:00,1.16027,1.16028,1.15768,1.15812,7969,0,0
2025-10-09 18:00:00,1.15812,1.15819,1.15473,1.15587,7732,0,0
2025-10-09 19:00:00,1.15587,1.15633,1.15527,1.15582,4921,0,0
2025-10-09 20:00:00,1.15582,1.15664,1.15542,1.15597,4876,0,0
2025-10-09 21:00:00,1.15597,1.15606,1.15423,1.15462,3875,0,0
2025-10-09 22:00:00,1.15462,1.15617,1.15462,1.1559599999999999,3080,0,0
2025-10-09 23:00:00,1.1559599999999999,1.1567,1.15587,1.15647,1994,1,0
2025-10-10 00:00:00,1.15546,1.15649,1.1552,1.15632,289,8,0
2025-10-10 01:00:00,1.15632,1.15671,1.15617,1.15648,961,1,0
2025-10-10 02:00:00,1.15648,1.15663,1.15568,1.15655,3590,0,0
2025-10-10 03:00:00,1.15655,1.15706,1.15609,1.15676,2651,0,0
2025-10-10 04:00:00,1.15676,1.15713,1.15628,1.15629,2368,0,0
2025-10-10 05:00:00,1.15629,1.15729,1.15627,1.15696,2119,0,0
2025-10-10 06:00:00,1.15696,1.15741,1.15676,1.15729,2129,0,0
2025-10-10 07:00:00,1.15729,1.15737,1.15677,1.15736,1888,0,0
2025-10-10 08:00:00,1.15736,1.15779,1.15698,1.15702,1939,0,0
2025-10-10 09:00:00,1.15702,1.15748,1.15611,1.15705,4878,0,0
2025-10-10 10:00:00,1.15705,1.15801,1.1564,1.15781,4588,0,0
2025-10-10 11:00:00,1.15781,1.15895,1.15755,1.1579,3996,0,0
2025-10-10 12:00:00,1.1579,1.15801,1.15689,1.15747,3400,0,0
2025-10-10 13:00:00,1.15747,1.15835,1.15706,1.15717,3354,0,0
2025-10-10 14:00:00,1.15717,1.15749,1.15608,1.15611,3863,0,0
2025-10-10 15:00:00,1.15611,1.15762,1.15594,1.15719,4313,0,0
2025-10-10 16:00:00,1.15719,1.15735,1.15621,1.15692,4500,0,0
2025-10-10 17:00:00,1.15692,1.15823,1.15647,1.15787,6056,0,0
2025-10-10 18:00:00,1.15787,1.1631,1.1578,1.16128,12751,0,0
2025-10-10 19:00:00,1.16128,1.16256,1.16043,1.1606,6681,0,0
2025-10-10 20:00:00,1.1606,1.16093,1.15972,1.16012,3430,0,0
2025-10-10 21:00:00,1.16012,1.16129,1.16001,1.16085,3091,0,0
2025-10-10 22:00:00,1.16085,1.1615199999999999,1.1604,1.16127,2583,0,0
2025-10-10 23:00:00,1.16127,1.16286,1.16038,1.16209,3048,1,0
2025-10-13 00:00:00,1.16051,1.16143,1.16051,1.16113,478,11,0
2025-10-13 01:00:00,1.16113,1.16137,1.15921,1.16031,2684,1,0
2025-10-13 02:00:00,1.16031,1.161,1.16004,1.16017,3723,0,0
2025-10-13 03:00:00,1.16017,1.1616,1.16002,1.16158,4128,0,0
2025-10-13 04:00:00,1.16158,1.1621,1.16099,1.16197,4274,0,0
2025-10-13 05:00:00,1.16197,1.16276,1.1616900000000001,1.16195,2606,0,0
2025-10-13 06:00:00,1.16195,1.16217,1.16163,1.16206,2174,0,0
2025-10-13 07:00:00,1.16206,1.16252,1.1618,1.16202,1977,0,0
2025-10-13 08:00:00,1.16202,1.16239,1.16132,1.1615,2417,0,0
2025-10-13 09:00:00,1.1615,1.16299,1.16109,1.16143,4623,0,0
2025-10-13 10:00:00,1.16143,1.16159,1.15977,1.16,5729,0,0
2025-10-13 11:00:00,1.16,1.1605,1.15818,1.15856,4859,0,0
2025-10-13 12:00:00,1.15856,1.15981,1.1584699999999999,1.15943,3246,0,0
2025-10-13 13:00:00,1.15943,1.15958,1.15817,1.15838,3355,0,0
2025-10-13 14:00:00,1.15838,1.15942,1.1565699999999999,1.15686,5063,0,0
2025-10-13 15:00:00,1.15686,1.15765,1.15617,1.15685,4820,0,0
2025-10-13 16:00:00,1.15685,1.15775,1.15646,1.15751,5681,0,0
2025-10-13 17:00:00,1.15751,1.15751,1.15576,1.15614,6239,0,0
2025-10-13 18:00:00,1.15614,1.15755,1.15602,1.15739,4091,0,0
2025-10-13 19:00:00,1.15739,1.15793,1.15698,1.15754,3360,0,0
2025-10-13 20:00:00,1.15754,1.15771,1.157,1.15732,2886,0,0
2025-10-13 21:00:00,1.15732,1.1577600000000001,1.1566,1.15686,2633,0,0
2025-10-13 22:00:00,1.15686,1.1574,1.1566,1.15662,2439,0,0
2025-10-13 23:00:00,1.15661,1.15707,1.1565,1.15698,1532,1,0
2025-10-14 00:00:00,1.15666,1.15723,1.15656,1.15707,432,16,0
2025-10-14 01:00:00,1.15707,1.15739,1.15675,1.15676,889,1,0
2025-10-14 02:00:00,1.15676,1.15698,1.15634,1.15659,1744,0,0
2025-10-14 03:00:00,1.15659,1.15674,1.15553,1.15612,3091,0,0
2025-10-14 04:00:00,1.15612,1.15734,1.15606,1.15708,3205,0,0
2025-10-14 05:00:00,1.15708,1.15763,1.15703,1.15737,2140,0,0
2025-10-14 06:00:00,1.15737,1.15819,1.1571500000000001,1.15789,2217,0,0
2025-10-14 07:00:00,1.15789,1.15927,1.15785,1.15919,3543,0,0
2025-10-14 08:00:00,1.15919,1.15936,1.15828,1.15844,3278,0,0
2025-10-14 09:00:00,1.15844,1.15895,1.15631,1.15703,5816,0,0
2025-10-14 10:00:00,1.15703,1.15746,1.1543,1.15497,6579,0,0
2025-10-14 11:00:00,1.15497,1.15607,1.15458,1.15591,5021,0,0
2025-10-14 12:00:00,1.15591,1.15633,1.15517,1.15552,4540,0,0
2025-10-14 13:00:00,1.15552,1.15598,1.15514,1.15534,4273,0,0
2025-10-14 14:00:00,1.15534,1.15584,1.15464,1.15523,4454,0,0
2025-10-14 15:00:00,1.15523,1.15651,1.15482,1.15555,5597,0,0
2025-10-14 16:00:00,1.15555,1.15831,1.15544,1.15741,7171,0,0
2025-10-14 17:00:00,1.15741,1.15973,1.15693,1.15942,6983,0,0
2025-10-14 18:00:00,1.15942,1.16082,1.15868,1.16072,6518,0,0
2025-10-14 19:00:00,1.16072,1.16149,1.16014,1.16095,6057,0,0
2025-10-14 20:00:00,1.16095,1.16125,1.16019,1.16094,3781,0,0
2025-10-14 21:00:00,1.16094,1.16119,1.16037,1.16052,3314,0,0
2025-10-14 22:00:00,1.16052,1.16111,1.16046,1.16055,4102,0,0
2025-10-14 23:00:00,1.16054,1.16079,1.15997,1.16072,2376,1,0
2025-10-15 00:00:00,1.16056,1.16077,1.16056,1.16073,514,2,0
2025-10-15 01:00:00,1.16073,1.16095,1.16036,1.16036,984,1,0
2025-10-15 02:00:00,1.16036,1.16055,1.16021,1.16032,1530,0,0
2025-10-15 03:00:00,1.16032,1.16141,1.1602000000000001,1.16105,3159,0,0
2025-10-15 04:00:00,1.16105,1.16229,1.1607,1.1619,3529,0,0
2025-10-15 05:00:00,1.1619,1.16259,1.1617899999999999,1.16229,2921,0,0
2025-10-15 06:00:00,1.16229,1.16242,1.16187,1.16224,2204,0,0
2025-10-15 07:00:00,1.16224,1.16243,1.16171,1.16186,1720,0,0
2025-10-15 08:00:00,1.16186,1.16266,1.16185,1.16198,2595,0,0
2025-10-15 09:00:00,1.16198,1.16385,1.16178,1.16343,4335,0,0
2025-10-15 10:00:00,1.16343,1.16444,1.16296,1.16358,4791,0,0
2025-10-15 11:00:00,1.16358,1.16454,1.16317,1.16329,4363,0,0
2025-10-15 12:00:00,1.16329,1.16392,1.16282,1.16347,4187,0,0
2025-10-15 13:00:00,1.16347,1.1635,1.16207,1.16243,2877,0,0
2025-10-15 14:00:00,1.16243,1.16323,1.16198,1.16202,3264,0,0
2025-10-15 15:00:00,1.16202,1.16276,1.16139,1.16176,5104,0,0
2025-10-15 16:00:00,1.16176,1.1632,1.16107,1.16275,6782,0,0
2025-10-15 17:00:00,1.16275,1.163,1.16197,1.16245,5396,0,0
2025-10-15 18:00:00,1.16245,1.16473,1.16186,1.1637,5800,0,0
2025-10-15 19:00:00,1.1637,1.16408,1.16285,1.164,4740,0,0
2025-10-15 20:00:00,1.164,1.16402,1.1627,1.16293,5342,0,0
2025-10-15 21:00:00,1.16293,1.16375,1.16281,1.16332,2964,0,0
2025-10-15 22:00:00,1.16332,1.16449,1.16329,1.16443,2660,0,0
2025-10-15 23:00:00,1.16443,1.16477,1.16428,1.16465,2036,1,0
2025-10-16 00:00:00,1.16426,1.1646,1.16414,1.16433,338,6,0
2025-10-16 01:00:00,1.16433,1.1652,1.16432,1.16464,1019,1,0
2025-10-16 02:00:00,1.16464,1.16472,1.16448,1.16459,1633,0,0
2025-10-16 03:00:00,1.16459,1.16669,1.1643,1.16633,4092,0,0
2025-10-16 04:00:00,1.16633,1.16754,1.16611,1.1670099999999999,3877,0,0
2025-10-16 05:00:00,1.1670099999999999,1.16747,1.16644,1.16661,2627,0,0
2025-10-16 06:00:00,1.16661,1.16673,1.16618,1.16622,2032,0,0
2025-10-16 07:00:00,1.16622,1.16624,1.1656,1.16563,1445,0,0
2025-10-16 08:00:00,1.16563,1.16614,1.1654,1.16599,2587,0,0
2025-10-16 09:00:00,1.16599,1.1668,1.16524,1.16541,4779,0,0
2025-10-16 10:00:00,1.16541,1.16566,1.16433,1.1652,5487,0,0
2025-10-16 11:00:00,1.1652,1.16597,1.16486,1.16588,4020,0,0
2025-10-16 12:00:00,1.16588,1.16638,1.16526,1.16583,3531,0,0
2025-10-16 13:00:00,1.16583,1.16629,1.16531,1.16556,3542,0,0
2025-10-16 14:00:00,1.16556,1.16565,1.16465,1.1654,3801,0,0
2025-10-16 15:00:00,1.1654,1.16616,1.16492,1.16605,4612,0,0
2025-10-16 16:00:00,1.16605,1.16643,1.16502,1.16578,5863,0,0
2025-10-16 17:00:00,1.16578,1.1678,1.16537,1.16771,5559,0,0
2025-10-16 18:00:00,1.16771,1.1678,1.16614,1.16644,5066,0,0
2025-10-16 19:00:00,1.16644,1.1679,1.16643,1.16769,6548,0,0
2025-10-16 20:00:00,1.16769,1.16937,1.16768,1.1688399999999999,5641,0,0
2025-10-16 21:00:00,1.1688399999999999,1.16934,1.16806,1.16893,5264,0,0
2025-10-16 22:00:00,1.16893,1.16943,1.16872,1.16889,3857,0,0
2025-10-16 23:00:00,1.16889,1.16914,1.16848,1.16868,1676,1,0
2025-10-17 00:00:00,1.16805,1.16892,1.16788,1.16866,496,16,0
2025-10-17 01:00:00,1.16866,1.16958,1.16858,1.16947,1301,1,0
2025-10-17 02:00:00,1.16947,1.16997,1.16933,1.16992,1823,0,0
2025-10-17 03:00:00,1.16992,1.17113,1.16953,1.1707,2687,0,0
2025-10-17 04:00:00,1.1707,1.17097,1.17002,1.17011,4151,0,0
2025-10-17 05:00:00,1.17011,1.17114,1.16954,1.17052,3034,0,0
2025-10-17 06:00:00,1.17052,1.17122,1.17046,1.17095,2592,0,0
2025-10-17 07:00:00,1.17095,1.17121,1.17065,1.17099,2157,0,0
2025-10-17 08:00:00,1.17099,1.1728399999999999,1.17099,1.17233,2576,0,0
2025-10-17 09:00:00,1.17233,1.17266,1.17086,1.17108,5696,0,0
2025-10-17 10:00:00,1.17108,1.1715,1.16936,1.17116,8046,0,0
2025-10-17 11:00:00,1.17116,1.1716199999999999,1.1691799999999999,1.16972,5767,0,0
2025-10-17 12:00:00,1.16972,1.17077,1.16967,1.17012,3391,0,0
2025-10-17 13:00:00,1.17012,1.17027,1.16876,1.16898,3667,0,0
2025-10-17 14:00:00,1.16898,1.1697,1.16805,1.16851,5405,0,0
2025-10-17 15:00:00,1.16851,1.16864,1.16672,1.16763,5815,0,0
2025-10-17 16:00:00,1.16763,1.1681300000000001,1.16692,1.16708,6462,0,0
2025-10-17 17:00:00,1.16708,1.16733,1.16568,1.16669,7220,0,0
2025-10-17 18:00:00,1.16669,1.16733,1.16611,1.16733,5570,0,0
2025-10-17 19:00:00,1.16733,1.16793,1.16699,1.16711,3978,0,0
2025-10-17 20:00:00,1.16711,1.16758,1.16671,1.1668,3902,0,0
2025-10-17 21:00:00,1.1668,1.16743,1.16641,1.16681,3640,0,0
2025-10-17 22:00:00,1.16681,1.16711,1.1666,1.16706,2609,0,0
2025-10-17 23:00:00,1.16706,1.16706,1.16499,1.1650800000000001,1931,1,0
2025-10-20 00:00:00,1.16635,1.16656,1.16539,1.16539,398,18,0
2025-10-20 01:00:00,1.16539,1.16576,1.1651799999999999,1.16559,936,1,0
2025-10-20 02:00:00,1.16559,1.16615,1.1654200000000001,1.1658,1714,0,0
2025-10-20 03:00:00,1.1658,1.16665,1.1657899999999999,1.16665,3513,0,0
2025-10-20 04:00:00,1.16665,1.16675,1.16568,1.16599,2366,0,0
2025-10-20 05:00:00,1.16599,1.16706,1.16599,1.1666,1926,0,0
2025-10-20 06:00:00,1.1666,1.16688,1.16648,1.16682,2014,0,0
2025-10-20 07:00:00,1.16682,1.16738,1.16657,1.16715,1715,0,0
2025-10-20 08:00:00,1.16715,1.16755,1.16703,1.16736,2120,0,0
2025-10-20 09:00:00,1.16736,1.16736,1.16568,1.16586,3990,0,0
2025-10-20 10:00:00,1.16586,1.16681,1.16539,1.16626,4197,0,0
2025-10-20 11:00:00,1.16626,1.1666400000000001,1.1658,1.16635,4150,0,0
2025-10-20 12:00:00,1.16635,1.16678,1.16593,1.16621,4444,0,0
2025-10-20 13:00:00,1.16621,1.16631,1.16514,1.16535,3305,0,0
2025-10-20 14:00:00,1.16535,1.16564,1.16446,1.16564,3371,0,0
2025-10-20 15:00:00,1.16564,1.16604,1.16504,1.16535,4723,0,0
2025-10-20 16:00:00,1.16535,1.16544,1.16464,1.16493,4597,0,0
2025-10-20 17:00:00,1.16493,1.16643,1.16477,1.16538,4596,0,0
2025-10-20 18:00:00,1.16538,1.16644,1.16527,1.16553,4375,0,0
2025-10-20 19:00:00,1.16553,1.16581,1.16495,1.165,2871,0,0
2025-10-20 20:00:00,1.165,1.16529,1.16416,1.16436,2419,0,0
2025-10-20 21:00:00,1.16436,1.1648399999999999,1.16387,1.16462,2899,0,0
2025-10-20 22:00:00,1.16462,1.16492,1.16399,1.16408,1965,0,0
2025-10-20 23:00:00,1.16408,1.16444,1.16402,1.16407,1631,1,0
2025-10-21 00:00:00,1.16389,1.1644,1.16389,1.16435,377,15,0
2025-10-21 01:00:00,1.16435,1.16453,1.16426,1.16431,731,1,0
2025-10-21 02:00:00,1.16431,1.16449,1.1642299999999999,1.16441,1571,0,0
2025-10-21 03:00:00,1.16441,1.16552,1.16432,1.16531,2602,0,0
2025-10-21 04:00:00,1.16531,1.16531,1.1642299999999999,1.1645,2659,0,0
2025-10-21 05:00:00,1.1645,1.16455,1.16329,1.16342,2551,0,0
2025-10-21 06:00:00,1.16342,1.1635900000000001,1.1633,1.16348,1782,0,0
2025-10-21 07:00:00,1.16348,1.1637,1.16322,1.1635900000000001,1893,0,0
2025-10-21 08:00:00,1.1635900000000001,1.16376,1.16246,1.16255,3397,0,0
2025-10-21 09:00:00,1.16255,1.1634,1.16189,1.16319,3805,0,0
2025-10-21 10:00:00,1.16319,1.16355,1.16219,1.16256,5087,0,0
2025-10-21 11:00:00,1.16256,1.16277,1.16129,1.1621,5189,0,0
2025-10-21 12:00:00,1.1621,1.16271,1.16162,1.16207,3867,0,0
2025-10-21 13:00:00,1.16207,1.16234,1.16068,1.1617899999999999,4190,0,0
2025-10-21 14:00:00,1.1617899999999999,1.16259,1.16092,1.16129,4088,0,0
2025-10-21 15:00:00,1.16129,1.16171,1.16023,1.16111,5665,0,0
2025-10-21 16:00:00,1.16111,1.1616900000000001,1.16027,1.16126,6789,0,0
2025-10-21 17:00:00,1.16126,1.16181,1.15978,1.16043,6904,0,0
2025-10-21 18:00:00,1.16043,1.16165,1.16041,1.16151,5098,0,0
2025-10-21 19:00:00,1.16151,1.16244,1.1608,1.16092,5235,0,0
2025-10-21 20:00:00,1.16092,1.161,1.16017,1.16038,3386,0,0
2025-10-21 21:00:00,1.16038,1.16083,1.16036,1.16053,2544,0,0
2025-10-21 22:00:00,1.16053,1.16078,1.15999,1.16006,2329,0,0
2025-10-21 23:00:00,1.16007,1.16029,1.15989,1.15992,1356,1,0
2025-10-22 00:00:00,1.15982,1.16032,1.15982,1.16019,531,1,0
2025-10-22 01:00:00,1.16019,1.16038,1.1599599999999999,1.16002,877,1,0
2025-10-22 02:00:00,1.16002,1.16018,1.15992,1.15998,1235,0,0
2025-10-22 03:00:00,1.15998,1.16079,1.15997,1.16049,2919,0,0
2025-10-22 04:00:00,1.16049,1.16092,1.16017,1.16048,2197,0,0
2025-10-22 05:00:00,1.16048,1.16109,1.16048,1.16085,1680,0,0
2025-10-22 06:00:00,1.16085,1.16089,1.16049,1.16073,1638,0,0
2025-10-22 07:00:00,1.16073,1.16096,1.16051,1.1609099999999999,1465,0,0
2025-10-22 08:00:00,1.1609099999999999,1.16158,1.1609,1.16136,1731,0,0
2025-10-22 09:00:00,1.16136,1.16149,1.16044,1.16097,4848,0,0
2025-10-22 10:00:00,1.16097,1.1613,1.15998,1.16008,4307,0,0
2025-10-22 11:00:00,1.16008,1.1601,1.15901,1.15976,4838,0,0
2025-10-22 12:00:00,1.15976,1.1602000000000001,1.15926,1.15949,3079,0,0
2025-10-22 13:00:00,1.15949,1.1596899999999999,1.15831,1.1586,3074,0,0
2025-10-22 14:00:00,1.1586,1.15892,1.15826,1.15828,3903,0,0
2025-10-22 15:00:00,1.15828,1.15913,1.1577,1.15831,5003,0,0
2025-10-22 16:00:00,1.15831,1.15977,1.15819,1.15948,5699,0,0
2025-10-22 17:00:00,1.15948,1.16115,1.1592500000000001,1.16111,5443,0,0
2025-10-22 18:00:00,1.16111,1.16168,1.16088,1.16113,5198,0,0
2025-10-22 19:00:00,1.16113,1.16225,1.16105,1.16195,5092,0,0
2025-10-22 20:00:00,1.16195,1.16209,1.16128,1.16149,3802,0,0
2025-10-22 21:00:00,1.16149,1.16156,1.16078,1.16093,2801,0,0
2025-10-22 22:00:00,1.16093,1.16111,1.1604700000000001,1.16059,2325,0,0
2025-10-22 23:00:00,1.16058,1.1610800000000001,1.1605699999999999,1.16097,1251,1,0
2025-10-23 00:00:00,1.1607,1.16112,1.1606,1.1611,271,13,0
2025-10-23 01:00:00,1.16119,1.16145,1.16111,1.16121,653,1,0
2025-10-23 02:00:00,1.16121,1.16125,1.16068,1.16074,1563,0,0
2025-10-23 03:00:00,1.16074,1.16076,1.1598,1.16042,2383,0,0
2025-10-23 04:00:00,1.16042,1.16056,1.15977,1.1598,2353,0,0
2025-10-23 05:00:00,1.1598,1.15995,1.15954,1.15967,1990,0,0
2025-10-23 06:00:00,1.15967,1.15985,1.15922,1.15932,1664,0,0
2025-10-23 07:00:00,1.15932,1.15992,1.1590799999999999,1.15988,1603,0,0
2025-10-23 08:00:00,1.15988,1.1604,1.1597,1.16014,1551,0,0
2025-10-23 09:00:00,1.16014,1.16036,1.1590799999999999,1.15945,3293,0,0
2025-10-23 10:00:00,1.15945,1.16015,1.15911,1.16001,3924,0,0
2025-10-23 11:00:00,1.16001,1.16062,1.15931,1.15964,3281,0,0
2025-10-23 12:00:00,1.15964,1.16002,1.15932,1.15938,2839,0,0
2025-10-23 13:00:00,1.15938,1.15948,1.15858,1.15881,2396,0,0
2025-10-23 14:00:00,1.15881,1.15929,1.15855,1.15873,2991,0,0
2025-10-23 15:00:00,1.15873,1.1606,1.15869,1.1601,3867,0,0
2025-10-23 16:00:00,1.1601,1.16105,1.15984,1.16068,4997,0,0
2025-10-23 17:00:00,1.16068,1.16199,1.16056,1.16134,5192,0,0
2025-10-23 18:00:00,1.16134,1.16158,1.16067,1.16116,4047,0,0
2025-10-23 19:00:00,1.16116,1.16161,1.16065,1.1607,3174,0,0
2025-10-23 20:00:00,1.1607,1.16122,1.16045,1.16117,2885,0,0
2025-10-23 21:00:00,1.16117,1.1618,1.16099,1.16176,2298,0,0
2025-10-23 22:00:00,1.16176,1.16202,1.16153,1.16165,2068,0,0
2025-10-23 23:00:00,1.16165,1.16194,1.16138,1.1617,1208,1,0
2025-10-24 00:00:00,1.16114,1.16165,1.16114,1.16151,695,1,0
2025-10-24 01:00:00,1.16151,1.1621299999999999,1.16151,1.1618,663,1,0
2025-10-24 02:00:00,1.1618,1.1619,1.1615199999999999,1.16171,1137,0,0
2025-10-24 03:00:00,1.16171,1.16215,1.16171,1.16181,2134,0,0
2025-10-24 04:00:00,1.16181,1.16187,1.1609099999999999,1.16097,2065,0,0
2025-10-24 05:00:00,1.16097,1.16125,1.16078,1.1608100000000001,1926,0,0
2025-10-24 06:00:00,1.1608100000000001,1.1611799999999999,1.16072,1.16093,1515,0,0
2025-10-24 07:00:00,1.16093,1.16094,1.16058,1.16076,1193,0,0
2025-10-24 08:00:00,1.16076,1.1608,1.16019,1.16054,1739,0,0
2025-10-24 09:00:00,1.16054,1.1614200000000001,1.16011,1.16136,3072,0,0
2025-10-24 10:00:00,1.16136,1.1628,1.16021,1.16182,5401,0,0
2025-10-24 11:00:00,1.16182,1.16238,1.16064,1.16101,4151,0,0
2025-10-24 12:00:00,1.16101,1.16128,1.16055,1.1611799999999999,3015,0,0
2025-10-24 13:00:00,1.1611799999999999,1.16166,1.1611,1.16129,2444,0,0
2025-10-24 14:00:00,1.16129,1.16157,1.16073,1.1615,3194,0,0
2025-10-24 15:00:00,1.1615,1.16488,1.16088,1.16344,8285,0,0
2025-10-24 16:00:00,1.16344,1.16436,1.16208,1.16263,7293,0,0
2025-10-24 17:00:00,1.16263,1.1635900000000001,1.16184,1.16259,6036,0,0
2025-10-24 18:00:00,1.16259,1.16355,1.16215,1.16254,5004,0,0
2025-10-24 19:00:00,1.16254,1.16277,1.16212,1.16256,2942,0,0
2025-10-24 20:00:00,1.16256,1.1632,1.16245,1.16275,2508,0,0
2025-10-24 21:00:00,1.16275,1.16279,1.16249,1.1626,2227,0,0
2025-10-24 22:00:00,1.1626,1.16333,1.16259,1.16314,2065,0,0
2025-10-24 23:00:00,1.16314,1.1635900000000001,1.16208,1.16257,1961,1,0
2025-10-27 00:00:00,1.16343,1.16361,1.16236,1.1628,429,18,0
2025-10-27 01:00:00,1.1628,1.16354,1.16255,1.16283,1384,1,0
2025-10-27 02:00:00,1.16283,1.1633,1.16257,1.16312,2075,0,0
2025-10-27 03:00:00,1.16312,1.16376,1.16281,1.16351,2224,0,0
2025-10-27 04:00:00,1.16351,1.16478,1.16336,1.1639,2690,0,0
2025-10-27 05:00:00,1.1639,1.16397,1.16303,1.16309,1762,0,0
2025-10-27 06:00:00,1.16309,1.16323,1.16272,1.16278,1398,0,0
2025-10-27 07:00:00,1.16278,1.1628,1.1621,1.16246,1504,0,0
2025-10-27 08:00:00,1.16246,1.16273,1.16209,1.16263,1707,0,0
2025-10-27 09:00:00,1.16263,1.1632500000000001,1.16249,1.1626400000000001,2822,0,0
2025-10-27 10:00:00,1.1626400000000001,1.16279,1.162,1.16202,3167,0,0
2025-10-27 11:00:00,1.16202,1.16333,1.16178,1.16281,4098,0,0
2025-10-27 12:00:00,1.16281,1.16398,1.16263,1.16379,4102,0,0
2025-10-27 13:00:00,1.16379,1.16446,1.16355,1.16415,2922,0,0
2025-10-27 14:00:00,1.16415,1.16474,1.1636199999999999,1.16459,2984,0,0
2025-10-27 15:00:00,1.16459,1.16514,1.16379,1.16415,3537,0,0
2025-10-27 16:00:00,1.16415,1.16429,1.16317,1.16361,4412,0,0
2025-10-27 17:00:00,1.16361,1.16424,1.1632500000000001,1.1641,4296,0,0
2025-10-27 18:00:00,1.1641,1.16418,1.16331,1.16354,4063,0,0
2025-10-27 19:00:00,1.16354,1.1641,1.16326,1.1639,3177,0,0
2025-10-27 20:00:00,1.1639,1.16416,1.16358,1.1638,2481,0,0
2025-10-27 21:00:00,1.1638,1.1652,1.16352,1.16503,2592,0,0
2025-10-27 22:00:00,1.16503,1.16504,1.1644,1.16475,2142,0,0
2025-10-27 23:00:00,1.16475,1.16488,1.16434,1.16446,1247,1,0
2025-10-28 00:00:00,1.16432,1.16449,1.1641,1.16449,190,15,0
2025-10-28 01:00:00,1.16449,1.16506,1.16449,1.16498,1379,1,0
2025-10-28 02:00:00,1.16498,1.16549,1.16494,1.16512,1282,0,0
2025-10-28 03:00:00,1.16512,1.16588,1.16467,1.16556,2580,0,0
2025-10-28 04:00:00,1.16556,1.16638,1.16553,1.16574,2694,0,0
2025-10-28 05:00:00,1.16574,1.16632,1.1654,1.16547,2094,0,0
2025-10-28 06:00:00,1.16547,1.1663000000000001,1.16543,1.166,1904,0,0
2025-10-28 07:00:00,1.166,1.16676,1.16588,1.16663,1937,0,0
2025-10-28 08:00:00,1.16663,1.16679,1.16629,1.16639,2063,0,0
2025-10-28 09:00:00,1.16639,1.1667,1.16549,1.16559,2404,0,0
2025-10-28 10:00:00,1.16559,1.16614,1.16512,1.16551,3516,0,0
2025-10-28 11:00:00,1.16551,1.16628,1.16489,1.16525,4725,0,0
2025-10-28 12:00:00,1.16525,1.16589,1.1645,1.16568,3689,0,0
2025-10-28 13:00:00,1.16568,1.16651,1.16549,1.16641,3532,0,0
2025-10-28 14:00:00,1.16641,1.16644,1.16551,1.16591,2992,0,0
2025-10-28 15:00:00,1.16591,1.16598,1.16349,1.16405,5057,0,0
2025-10-28 16:00:00,1.16405,1.16405,1.16257,1.16394,5423,0,0
2025-10-28 17:00:00,1.16394,1.16635,1.16371,1.16605,5145,0,0
2025-10-28 18:00:00,1.16605,1.16672,1.1655,1.16588,4493,0,0
2025-10-28 19:00:00,1.16588,1.16678,1.1653,1.16678,4761,0,0
2025-10-28 20:00:00,1.16678,1.16688,1.16593,1.16632,3304,0,0
2025-10-28 21:00:00,1.16632,1.16638,1.16562,1.16621,2922,0,0
2025-10-28 22:00:00,1.16621,1.16653,1.16517,1.16523,2811,0,0
2025-10-28 23:00:00,1.16523,1.16572,1.16504,1.16505,1446,1,0
2025-10-29 00:00:00,1.16503,1.16523,1.16502,1.16523,440,7,0
2025-10-29 01:00:00,1.16523,1.16541,1.16497,1.16505,1041,1,0
2025-10-29 02:00:00,1.16505,1.16574,1.16486,1.16572,1430,0,0
2025-10-29 03:00:00,1.16572,1.16608,1.16532,1.16546,4166,0,0
2025-10-29 04:00:00,1.16546,1.16562,1.16466,1.16475,2725,0,0
2025-10-29 05:00:00,1.16475,1.1648100000000001,1.16418,1.16464,2027,0,0
2025-10-29 06:00:00,1.16464,1.16466,1.16369,1.16372,1634,0,0
2025-10-29 07:00:00,1.16372,1.16376,1.16314,1.16343,1852,0,0
2025-10-29 08:00:00,1.16343,1.16354,1.1627399999999999,1.16314,2589,0,0
2025-10-29 09:00:00,1.16314,1.16327,1.16252,1.163,2649,0,0
2025-10-29 10:00:00,1.163,1.16378,1.16284,1.16326,4213,0,0
2025-10-29 11:00:00,1.16326,1.16341,1.16233,1.16233,3749,0,0
2025-10-29 12:00:00,1.16233,1.16471,1.16189,1.16412,3712,0,0
2025-10-29 13:00:00,1.16412,1.16487,1.16372,1.16473,2982,0,0
2025-10-29 14:00:00,1.16473,1.16486,1.16332,1.16399,3411,0,0
2025-10-29 15:00:00,1.16399,1.16449,1.16276,1.16339,4188,0,0
2025-10-29 16:00:00,1.16339,1.16458,1.1633499999999999,1.16368,5423,0,0
2025-10-29 17:00:00,1.16368,1.16514,1.16318,1.16505,4565,0,0
2025-10-29 18:00:00,1.16505,1.16647,1.16451,1.16636,4908,0,0
2025-10-29 19:00:00,1.16636,1.16659,1.16556,1.16573,3771,0,0
2025-10-29 20:00:00,1.16573,1.16591,1.16458,1.16472,3289,0,0
2025-10-29 21:00:00,1.16472,1.16513,1.15842,1.15946,12071,0,0
2025-10-29 22:00:00,1.15946,1.16,1.1577600000000001,1.15994,9525,0,0
2025-10-29 23:00:00,1.15993,1.16072,1.1590799999999999,1.15989,2830,1,0
2025-10-30 00:00:00,1.1599,1.16038,1.1599,1.16016,138,1,0
2025-10-30 01:00:00,1.16032,1.16056,1.16012,1.16038,655,1,0
2025-10-30 02:00:00,1.16038,1.16053,1.16014,1.16031,1142,0,0
2025-10-30 03:00:00,1.16031,1.16156,1.15971,1.16122,2810,0,0
2025-10-30 04:00:00,1.16122,1.1615199999999999,1.16088,1.16137,2695,0,0
2025-10-30 05:00:00,1.16137,1.16197,1.16123,1.16173,2353,0,0
2025-10-30 06:00:00,1.16173,1.16199,1.16072,1.16155,3340,0,0
2025-10-30 07:00:00,1.16155,1.16374,1.16137,1.1632,4635,0,0
2025-10-30 08:00:00,1.1632,1.16341,1.16237,1.16242,2656,0,0
2025-10-30 09:00:00,1.16242,1.16297,1.16183,1.16197,3835,0,0
2025-10-30 10:00:00,1.16197,1.16228,1.16097,1.16186,4690,0,0
2025-10-30 11:00:00,1.16186,1.1620300000000001,1.16067,1.1616900000000001,4754,0,0
2025-10-30 12:00:00,1.1616900000000001,1.16283,1.16145,1.16168,4145,0,0
2025-10-30 13:00:00,1.16168,1.16199,1.16061,1.16069,3922,0,0
2025-10-30 14:00:00,1.16069,1.16112,1.15963,1.15981,3770,0,0
2025-10-30 15:00:00,1.15981,1.15993,1.15534,1.15553,5779,0,0
2025-10-30 16:00:00,1.15553,1.15795,1.15472,1.15795,7322,0,0
2025-10-30 17:00:00,1.15795,1.15863,1.1568,1.15733,7177,0,0
2025-10-30 18:00:00,1.15733,1.15773,1.15608,1.15635,4283,0,0
2025-10-30 19:00:00,1.15635,1.15714,1.15594,1.15692,3351,0,0
2025-10-30 20:00:00,1.15692,1.15698,1.15605,1.15663,2832,0,0
2025-10-30 21:00:00,1.15663,1.15704,1.15646,1.1568100000000001,2968,0,0
2025-10-30 22:00:00,1.1568100000000001,1.15716,1.15619,1.15641,2612,0,0
2025-10-30 23:00:00,1.15641,1.15722,1.15636,1.1564,1493,1,0
2025-10-31 00:00:00,1.15637,1.15688,1.15637,1.15678,265,8,0
2025-10-31 01:00:00,1.15678,1.15697,1.15659,1.15678,916,1,0
2025-10-31 02:00:00,1.1568,1.15733,1.1565699999999999,1.1571799999999999,1406,0,0
2025-10-31 03:00:00,1.1571799999999999,1.1577,1.15703,1.15738,2530,0,0
2025-10-31 04:00:00,1.15738,1.15775,1.15667,1.15677,2525,0,0
2025-10-31 05:00:00,1.15677,1.15746,1.15651,1.15683,2343,0,0
2025-10-31 06:00:00,1.15683,1.1571,1.15661,1.15674,1594,0,0
2025-10-31 07:00:00,1.15674,1.15732,1.15665,1.1572,1372,0,0
2025-10-31 08:00:00,1.1572,1.15721,1.15664,1.15682,1814,0,0
2025-10-31 09:00:00,1.15682,1.15734,1.15609,1.15615,2248,0,0
2025-10-31 10:00:00,1.15615,1.15659,1.15551,1.15649,3890,0,0
2025-10-31 11:00:00,1.15649,1.15714,1.156,1.15706,3431,0,0
2025-10-31 12:00:00,1.15706,1.15768,1.1565699999999999,1.15758,3350,0,0
2025-10-31 13:00:00,1.15758,1.15761,1.15675,1.15709,2738,0,0
2025-10-31 14:00:00,1.15709,1.1574200000000001,1.15581,1.15668,2861,0,0
2025-10-31 15:00:00,1.15668,1.15668,1.1553499999999999,1.1556,4379,0,0
2025-10-31 16:00:00,1.1556,1.15565,1.15303,1.15388,5535,0,0
2025-10-31 17:00:00,1.15388,1.15427,1.15223,1.1534200000000001,5428,0,0
2025-10-31 18:00:00,1.1534200000000001,1.1543,1.15238,1.15408,5853,0,0
2025-10-31 19:00:00,1.15408,1.15434,1.15283,1.15303,4762,0,0
2025-10-31 20:00:00,1.15303,1.15312,1.15222,1.15243,2743,0,0
2025-10-31 21:00:00,1.15243,1.1527,1.15217,1.15252,2459,0,0
2025-10-31 22:00:00,1.15252,1.15316,1.15231,1.15255,1823,0,0
2025-10-31 23:00:00,1.1525400000000001,1.15394,1.15253,1.1537,1932,1,0
2025-11-03 00:00:00,1.15322,1.15338,1.15274,1.1532,499,2,0
2025-11-03 01:00:00,1.15318,1.15381,1.1525400000000001,1.15276,2965,0,0
2025-11-03 02:00:00,1.15276,1.15311,1.15244,1.1526,2397,0,0
2025-11-03 03:00:00,1.1526,1.1529,1.15217,1.15271,2013,0,0
2025-11-03 04:00:00,1.15271,1.15341,1.15265,1.15316,1798,0,0
2025-11-03 05:00:00,1.15316,1.15345,1.15302,1.15338,1755,0,0
2025-11-03 06:00:00,1.15338,1.15372,1.1532,1.1534,1188,0,0
2025-11-03 07:00:00,1.1534,1.15377,1.15324,1.15351,1203,0,0
2025-11-03 08:00:00,1.15351,1.1541299999999999,1.15344,1.15378,1547,0,0
2025-11-03 09:00:00,1.15378,1.15412,1.15335,1.15398,2952,0,0
2025-11-03 10:00:00,1.15398,1.15402,1.1509800000000001,1.15134,3776,0,0
2025-11-03 11:00:00,1.15134,1.15207,1.15113,1.15144,3346,0,0
2025-11-03 12:00:00,1.15144,1.152,1.15082,1.15154,3719,0,0
2025-11-03 13:00:00,1.15154,1.15199,1.15127,1.15154,2743,0,0
2025-11-03 14:00:00,1.15154,1.15221,1.15143,1.15174,2979,0,0
2025-11-03 15:00:00,1.15174,1.15178,1.1506,1.1511,3881,0,0
2025-11-03 16:00:00,1.1511,1.15128,1.15052,1.15102,4716,0,0
2025-11-03 17:00:00,1.15102,1.15251,1.15061,1.15251,5992,0,0
2025-11-03 18:00:00,1.15251,1.15318,1.15216,1.15307,3752,0,0
2025-11-03 19:00:00,1.15307,1.15378,1.15267,1.15274,2862,0,0
2025-11-03 20:00:00,1.15274,1.1531,1.15207,1.15231,2373,0,0
2025-11-03 21:00:00,1.15231,1.15249,1.15165,1.15195,2649,0,0
2025-11-03 22:00:00,1.15196,1.15232,1.15179,1.1519300000000001,1750,1,0
2025-11-03 23:00:00,1.1519300000000001,1.1520299999999999,1.1516,1.15188,980,1,0
2025-11-04 00:00:00,1.15163,1.15202,1.15162,1.15199,307,9,0
2025-11-04 01:00:00,1.15199,1.15205,1.15179,1.15185,1062,0,0
2025-11-04 02:00:00,1.15185,1.15186,1.15058,1.15086,2763,0,0
2025-11-04 03:00:00,1.15086,1.15101,1.14983,1.151,2849,0,0
2025-11-04 04:00:00,1.151,1.15111,1.15051,1.1511,2032,0,0
2025-11-04 05:00:00,1.1511,1.15177,1.15105,1.15136,1755,0,0
2025-11-04 06:00:00,1.15136,1.15175,1.15095,1.15097,1467,0,0
2025-11-04 07:00:00,1.15097,1.15141,1.15077,1.15125,2577,0,0
2025-11-04 08:00:00,1.15125,1.15266,1.15116,1.15235,3200,0,0
2025-11-04 09:00:00,1.15235,1.15336,1.15226,1.15273,3640,0,0
2025-11-04 10:00:00,1.15273,1.1529,1.15136,1.1514,4341,0,0
2025-11-04 11:00:00,1.1514,1.15173,1.15002,1.15012,4183,0,0
2025-11-04 12:00:00,1.15012,1.15099,1.1499,1.15041,3529,0,0
2025-11-04 13:00:00,1.15041,1.15057,1.14894,1.14902,2925,0,0
2025-11-04 14:00:00,1.14902,1.14931,1.14772,1.14893,3975,0,0
2025-11-04 15:00:00,1.14893,1.14968,1.14883,1.14923,3941,0,0
2025-11-04 16:00:00,1.14923,1.14947,1.14731,1.1481,5002,0,0
2025-11-04 17:00:00,1.1481,1.14928,1.14748,1.14916,4739,0,0
2025-11-04 18:00:00,1.14916,1.14966,1.14876,1.14897,3842,0,0
2025-11-04 19:00:00,1.14897,1.14904,1.14836,1.14841,2496,0,0
2025-11-04 20:00:00,1.14841,1.14865,1.14812,1.14839,2615,0,0
2025-11-04 21:00:00,1.14839,1.14872,1.14787,1.14791,2611,0,0
2025-11-04 22:00:00,1.14791,1.14833,1.14752,1.14797,1930,1,0
2025-11-04 23:00:00,1.14798,1.14828,1.1479,1.14809,1514,1,0
2025-11-05 00:00:00,1.14801,1.14846,1.14779,1.14829,710,5,0
2025-11-05 01:00:00,1.1482999999999999,1.14858,1.14824,1.14853,883,0,0
2025-11-05 02:00:00,1.14853,1.1485400000000001,1.14809,1.14839,2555,0,0
2025-11-05 03:00:00,1.14839,1.1498,1.14799,1.14896,3642,0,0
2025-11-05 04:00:00,1.14896,1.14922,1.14853,1.14886,2455,0,0
2025-11-05 05:00:00,1.14886,1.14924,1.1486,1.14887,2384,0,0
2025-11-05 06:00:00,1.14887,1.14919,1.14876,1.14906,1273,0,0
2025-11-05 07:00:00,1.14906,1.14942,1.14895,1.1492,1625,0,0
2025-11-05 08:00:00,1.1492,1.14944,1.14872,1.14883,1846,0,0
2025-11-05 09:00:00,1.14883,1.1491,1.14835,1.14868,2949,0,0
2025-11-05 10:00:00,1.14868,1.14954,1.14857,1.1489,3664,0,0
2025-11-05 11:00:00,1.1489,1.14926,1.14816,1.14845,3321,0,0
2025-11-05 12:00:00,1.14845,1.14852,1.14761,1.14834,3099,0,0
2025-11-05 13:00:00,1.14834,1.1489099999999999,1.1479,1.14883,2474,0,0
2025-11-05 14:00:00,1.14883,1.14926,1.14872,1.14909,2936,0,0
2025-11-05 15:00:00,1.14909,1.14935,1.1473,1.14737,4664,0,0
2025-11-05 16:00:00,1.14737,1.14931,1.14689,1.14871,4708,0,0
2025-11-05 17:00:00,1.14871,1.14874,1.14702,1.14791,7104,0,0
2025-11-05 18:00:00,1.14791,1.14857,1.14701,1.14839,4428,0,0
2025-11-05 19:00:00,1.14839,1.14859,1.14765,1.14804,2638,0,0
2025-11-05 20:00:00,1.14804,1.14837,1.14789,1.14816,2292,0,0
2025-11-05 21:00:00,1.14816,1.14876,1.14806,1.1486,1890,0,0
2025-11-05 22:00:00,1.14862,1.14918,1.14862,1.14883,1486,1,0
2025-11-05 23:00:00,1.14883,1.14939,1.14874,1.14916,1051,1,0
2025-11-06 00:00:00,1.14901,1.1492499999999999,1.14899,1.14914,572,1,0
2025-11-06 01:00:00,1.14914,1.1497,1.14907,1.14959,916,0,0
2025-11-06 02:00:00,1.14959,1.15019,1.14933,1.15009,2126,0,0
2025-11-06 03:00:00,1.15009,1.15088,1.15008,1.15074,2385,0,0
2025-11-06 04:00:00,1.15074,1.15089,1.15033,1.15053,1805,0,0
2025-11-06 05:00:00,1.15053,1.15078,1.15035,1.1507,1624,0,0
2025-11-06 06:00:00,1.1507,1.15082,1.15041,1.15069,1313,0,0
2025-11-06 07:00:00,1.15069,1.15109,1.15039,1.151,1519,0,0
2025-11-06 08:00:00,1.151,1.15137,1.15055,1.15072,1908,0,0
2025-11-06 09:00:00,1.15072,1.15134,1.15067,1.15085,2845,0,0
2025-11-06 10:00:00,1.15085,1.15234,1.1506,1.15214,4044,0,0
2025-11-06 11:00:00,1.15214,1.15237,1.15114,1.15138,3251,0,0
2025-11-06 12:00:00,1.15138,1.15173,1.15104,1.15107,2607,0,0
2025-11-06 13:00:00,1.15107,1.15209,1.15104,1.15201,2422,0,0
2025-11-06 14:00:00,1.15201,1.15327,1.15144,1.15308,4429,0,0
2025-11-06 15:00:00,1.15308,1.15441,1.1529,1.15357,4868,0,0
2025-11-06 16:00:00,1.15357,1.15375,1.15202,1.15206,4821,0,0
2025-11-06 17:00:00,1.15206,1.15427,1.15192,1.15395,6079,0,0
2025-11-06 18:00:00,1.15395,1.15417,1.15317,1.15379,4853,0,0
2025-11-06 19:00:00,1.15379,1.15428,1.15301,1.15407,4093,0,0
2025-11-06 20:00:00,1.15407,1.15501,1.15392,1.15473,3260,0,0
2025-11-06 21:00:00,1.15473,1.15522,1.15419,1.15443,2733,0,0
2025-11-06 22:00:00,1.15443,1.15491,1.15428,1.15475,1858,1,0
2025-11-06 23:00:00,1.15476,1.1549,1.15446,1.15462,1473,1,0
2025-11-07 00:00:00,1.1538,1.15473,1.1537600000000001,1.15419,2296,12,0
2025-11-07 01:00:00,1.15419,1.15514,1.15419,1.15486,875,0,0
2025-11-07 02:00:00,1.15486,1.1549,1.15379,1.15395,2503,0,0
2025-11-07 03:00:00,1.15395,1.15415,1.15364,1.15381,2611,0,0
2025-11-07 04:00:00,1.15381,1.1543,1.15381,1.15402,1897,0,0
2025-11-07 05:00:00,1.15402,1.1541,1.1535199999999999,1.15379,1617,0,0
2025-11-07 06:00:00,1.15379,1.15381,1.15326,1.15366,1384,0,0
2025-11-07 07:00:00,1.15366,1.15385,1.15327,1.1534200000000001,1487,0,0
2025-11-07 08:00:00,1.1534200000000001,1.1536,1.15298,1.15311,1752,0,0
2025-11-07 09:00:00,1.15311,1.15363,1.1531,1.1533,2511,0,0
2025-11-07 10:00:00,1.1533,1.154,1.15299,1.15348,3332,0,0
2025-11-07 11:00:00,1.15348,1.15424,1.15345,1.15382,2485,0,0
2025-11-07 12:00:00,1.15382,1.15519,1.1537600000000001,1.15502,2697,0,0
2025-11-07 13:00:00,1.15502,1.1561,1.15494,1.15581,3180,0,0
2025-11-07 14:00:00,1.15581,1.15652,1.15542,1.15561,3507,0,0
2025-11-07 15:00:00,1.15561,1.15697,1.15557,1.15674,4520,0,0
2025-11-07 16:00:00,1.15674,1.15788,1.1565400000000001,1.15735,4504,0,0
2025-11-07 17:00:00,1.15735,1.1591,1.1571500000000001,1.1571799999999999,6038,0,0
2025-11-07 18:00:00,1.1571799999999999,1.15824,1.15716,1.15777,3767,0,0
2025-11-07 19:00:00,1.15777,1.1582,1.15717,1.1580300000000001,2853,0,0
2025-11-07 20:00:00,1.1580300000000001,1.15836,1.15676,1.15684,2212,0,0
2025-11-07 21:00:00,1.15684,1.15729,1.15555,1.15595,3479,0,0
2025-11-07 22:00:00,1.15591,1.15667,1.15575,1.15643,2234,1,0
2025-11-07 23:00:00,1.15643,1.15669,1.15591,1.15656,1262,1,0
2025-11-10 00:00:00,1.15556,1.15581,1.15548,1.15555,271,4,0
2025-11-10 01:00:00,1.15555,1.15579,1.15415,1.15434,2280,0,0
2025-11-10 02:00:00,1.15434,1.15598,1.15432,1.15544,3424,0,0
2025-11-10 03:00:00,1.15544,1.15603,1.15466,1.15582,2907,0,0
2025-11-10 04:00:00,1.15582,1.15607,1.15549,1.15579,1827,0,0
2025-11-10 05:00:00,1.15579,1.15588,1.15514,1.15546,1551,0,0
2025-11-10 06:00:00,1.15546,1.15625,1.15546,1.1561,1587,0,0
2025-11-10 07:00:00,1.1561,1.15665,1.15579,1.1562000000000001,1773,0,0
2025-11-10 08:00:00,1.1562000000000001,1.1565,1.15517,1.15541,2121,0,0
2025-11-10 09:00:00,1.15541,1.1572,1.15536,1.15677,3013,0,0
2025-11-10 10:00:00,1.15677,1.15829,1.15652,1.15724,3794,0,0
2025-11-10 11:00:00,1.15724,1.1574,1.15641,1.15682,3258,0,0
2025-11-10 12:00:00,1.15682,1.15714,1.15612,1.15628,3091,0,0
2025-11-10 13:00:00,1.15628,1.15641,1.15542,1.15632,2630,0,0
2025-11-10 14:00:00,1.15632,1.15755,1.15627,1.1568,2794,0,0
2025-11-10 15:00:00,1.1568,1.1578,1.15669,1.15682,3667,0,0
2025-11-10 16:00:00,1.15682,1.15686,1.15594,1.15645,4139,0,0
2025-11-10 17:00:00,1.15645,1.15669,1.15454,1.15456,4876,0,0
2025-11-10 18:00:00,1.15456,1.15549,1.15431,1.1545,3751,0,0
2025-11-10 19:00:00,1.1545,1.15612,1.15411,1.15605,3288,0,0
2025-11-10 20:00:00,1.15605,1.15648,1.1558,1.15586,2205,0,0
2025-11-10 21:00:00,1.15586,1.15631,1.15582,1.15608,2261,0,0
2025-11-10 22:00:00,1.15607,1.15646,1.15605,1.15639,1723,1,0
2025-11-10 23:00:00,1.15639,1.1564,1.15551,1.1556,1054,1,0
2025-11-11 00:00:00,1.1550799999999999,1.15584,1.1550799999999999,1.15561,1297,14,0
2025-11-11 01:00:00,1.15561,1.15604,1.15561,1.15568,887,0,0
2025-11-11 02:00:00,1.15568,1.15598,1.15521,1.15524,2531,0,0
2025-11-11 03:00:00,1.15524,1.15549,1.15473,1.15547,2328,0,0
2025-11-11 04:00:00,1.15547,1.1557,1.15518,1.15536,1707,0,0
2025-11-11 05:00:00,1.15536,1.15582,1.1553499999999999,1.15564,1511,0,0
2025-11-11 06:00:00,1.15564,1.1559300000000001,1.15555,1.15579,1387,0,0
2025-11-11 07:00:00,1.15579,1.15652,1.15579,1.15618,2158,0,0
2025-11-11 08:00:00,1.15618,1.15632,1.15504,1.15523,1940,0,0
2025-11-11 09:00:00,1.15523,1.15609,1.15497,1.15599,3881,0,0
2025-11-11 10:00:00,1.15599,1.15684,1.15547,1.15548,3389,0,0
2025-11-11 11:00:00,1.15548,1.15685,1.15536,1.15648,3062,0,0
2025-11-11 12:00:00,1.15648,1.15748,1.15627,1.1573,2824,0,0
2025-11-11 13:00:00,1.1573,1.15777,1.15702,1.1572,2803,0,0
2025-11-11 14:00:00,1.1572,1.1577,1.15685,1.15703,2977,0,0
2025-11-11 15:00:00,1.15703,1.16059,1.15703,1.16009,5627,0,0
2025-11-11 16:00:00,1.16009,1.1605,1.15937,1.16006,4294,0,0
2025-11-11 17:00:00,1.16006,1.16031,1.15917,1.15951,4577,0,0
2025-11-11 18:00:00,1.15951,1.15998,1.1590799999999999,1.1593499999999999,3406,0,0
2025-11-11 19:00:00,1.1593499999999999,1.15991,1.15909,1.1595,2058,0,0
2025-11-11 20:00:00,1.1595,1.15957,1.15914,1.15926,1964,0,0
2025-11-11 21:00:00,1.15926,1.15931,1.15833,1.15843,2436,0,0
2025-11-11 22:00:00,1.15843,1.1589,1.15832,1.15833,1867,1,0
2025-11-11 23:00:00,1.15833,1.15855,1.1581,1.15821,1271,1,0
2025-11-12 00:00:00,1.15809,1.15852,1.15808,1.15849,384,15,0
2025-11-12 01:00:00,1.15851,1.15873,1.15821,1.15868,812,0,0
2025-11-12 02:00:00,1.15868,1.15869,1.15792,1.15796,2147,0,0
2025-11-12 03:00:00,1.15796,1.15824,1.15747,1.15755,2134,0,0
2025-11-12 04:00:00,1.15755,1.15798,1.15753,1.15789,1647,0,0
2025-11-12 05:00:00,1.15789,1.15814,1.15756,1.15778,1466,0,0
2025-11-12 06:00:00,1.15778,1.15786,1.15703,1.15723,1726,0,0
2025-11-12 07:00:00,1.15723,1.15786,1.15711,1.15762,2232,0,0
2025-11-12 08:00:00,1.15762,1.15825,1.1575199999999999,1.15824,1740,0,0
2025-11-12 09:00:00,1.15824,1.15884,1.1581299999999999,1.15839,2912,0,0
2025-11-12 10:00:00,1.15839,1.15877,1.1577,1.15775,3520,0,0
2025-11-12 11:00:00,1.15775,1.15806,1.15684,1.15701,3350,0,0
2025-11-12 12:00:00,1.15701,1.15754,1.15652,1.15701,3123,0,0
2025-11-12 13:00:00,1.15701,1.15779,1.15658,1.15779,2605,0,0
2025-11-12 14:00:00,1.15779,1.1580300000000001,1.15719,1.1577,3502,0,0
2025-11-12 15:00:00,1.1577,1.15798,1.15662,1.15721,4000,0,0
2025-11-12 16:00:00,1.15721,1.15759,1.1562999999999999,1.15754,4713,0,0
2025-11-12 17:00:00,1.15754,1.15958,1.15729,1.15941,5037,0,0
2025-11-12 18:00:00,1.15941,1.15978,1.15885,1.15913,3854,0,0
2025-11-12 19:00:00,1.15913,1.15971,1.15912,1.15932,2929,0,0
2025-11-12 20:00:00,1.15932,1.15944,1.15891,1.15897,2178,0,0
2025-11-12 21:00:00,1.15897,1.15905,1.15842,1.15865,2233,0,0
2025-11-12 22:00:00,1.15865,1.15906,1.15854,1.15896,1908,1,0
2025-11-12 23:00:00,1.15896,1.15931,1.15848,1.1592,1295,1,0
2025-11-13 00:00:00,1.15909,1.15924,1.15883,1.15886,1718,7,0
2025-11-13 01:00:00,1.15892,1.15942,1.15888,1.15917,777,0,0
2025-11-13 02:00:00,1.15917,1.15922,1.15804,1.15805,2993,0,0
2025-11-13 03:00:00,1.15805,1.15896,1.15792,1.15894,2477,0,0
2025-11-13 04:00:00,1.15894,1.15928,1.15854,1.15893,1785,0,0
2025-11-13 05:00:00,1.15893,1.15915,1.15868,1.15897,1624,0,0
2025-11-13 06:00:00,1.15897,1.15917,1.1587399999999999,1.15902,1538,0,0
2025-11-13 07:00:00,1.15902,1.15909,1.15805,1.1582,1605,0,0
2025-11-13 08:00:00,1.1582,1.15858,1.1581299999999999,1.15856,2072,0,0
2025-11-13 09:00:00,1.15856,1.16122,1.1583,1.16113,3606,0,0
2025-11-13 10:00:00,1.16113,1.16293,1.16104,1.16281,4113,0,0
2025-11-13 11:00:00,1.16281,1.16347,1.16109,1.16167,4559,0,0
2025-11-13 12:00:00,1.16167,1.16236,1.16114,1.16158,3217,0,0
2025-11-13 13:00:00,1.16158,1.16205,1.16048,1.16065,3292,0,0
2025-11-13 14:00:00,1.16065,1.1623,1.16058,1.16227,3548,0,0
2025-11-13 15:00:00,1.16227,1.1625,1.16117,1.16204,4197,0,0
2025-11-13 16:00:00,1.16204,1.1631,1.1617,1.1628,5021,0,0
2025-11-13 17:00:00,1.1628,1.16431,1.16233,1.16394,5679,0,0
2025-11-13 18:00:00,1.16394,1.16489,1.16366,1.16489,4754,0,0
2025-11-13 19:00:00,1.16489,1.1656,1.16459,1.16513,4127,0,0
2025-11-13 20:00:00,1.16513,1.1652,1.16369,1.16383,3751,0,0
2025-11-13 21:00:00,1.16383,1.16414,1.16352,1.16356,2739,0,0
2025-11-13 22:00:00,1.16355,1.16392,1.1632500000000001,1.16329,2292,1,0
2025-11-13 23:00:00,1.1633,1.16378,1.16308,1.1633499999999999,1300,1,0
2025-11-14 00:00:00,1.16344,1.16373,1.16304,1.16353,407,6,0
2025-11-14 01:00:00,1.16353,1.1637,1.16233,1.16302,1557,0,0
2025-11-14 02:00:00,1.16302,1.16336,1.1627,1.16328,3099,0,0
2025-11-14 03:00:00,1.16328,1.16391,1.163,1.16333,3080,0,0
2025-11-14 04:00:00,1.16333,1.16376,1.16299,1.16357,2304,0,0
2025-11-14 05:00:00,1.16357,1.16448,1.16355,1.1638600000000001,2092,0,0
2025-11-14 06:00:00,1.1638600000000001,1.1643,1.16378,1.16419,1907,0,0
2025-11-14 07:00:00,1.16419,1.1648399999999999,1.16394,1.16476,2075,0,0
2025-11-14 08:00:00,1.16476,1.16485,1.16336,1.16377,2337,0,0
2025-11-14 09:00:00,1.16377,1.16463,1.16319,1.16327,4041,0,0
2025-11-14 10:00:00,1.16327,1.16371,1.16206,1.16297,6102,0,0
2025-11-14 11:00:00,1.16297,1.16312,1.16204,1.16221,3741,0,0
2025-11-14 12:00:00,1.16221,1.16221,1.16126,1.16138,3438,0,0
2025-11-14 13:00:00,1.16138,1.16197,1.1609,1.16194,3421,0,0
2025-11-14 14:00:00,1.16194,1.16527,1.16168,1.16525,5184,0,0
2025-11-14 15:00:00,1.16525,1.16537,1.16341,1.16378,6363,0,0
2025-11-14 16:00:00,1.16378,1.16383,1.16212,1.16235,6339,0,0
2025-11-14 17:00:00,1.16235,1.16257,1.16064,1.1613,6387,0,0
2025-11-14 18:00:00,1.1613,1.16226,1.16099,1.1617,4465,0,0
2025-11-14 19:00:00,1.1617,1.16182,1.1608100000000001,1.16141,3359,0,0
2025-11-14 20:00:00,1.16141,1.1617899999999999,1.16097,1.16163,2813,0,0
2025-11-14 21:00:00,1.16163,1.162,1.16158,1.1617899999999999,2634,0,0
2025-11-14 22:00:00,1.16178,1.16232,1.16168,1.16207,1928,1,0
2025-11-14 23:00:00,1.16207,1.16235,1.16167,1.16208,1490,1,0
2025-11-17 00:00:00,1.16135,1.16239,1.16131,1.1620300000000001,502,15,0
2025-11-17 01:00:00,1.1620300000000001,1.16244,1.16116,1.16147,1476,0,0
2025-11-17 02:00:00,1.16147,1.1615,1.16051,1.16066,3032,0,0
2025-11-17 03:00:00,1.16066,1.161,1.16054,1.16067,2284,0,0
2025-11-17 04:00:00,1.16067,1.16067,1.16015,1.16024,1931,0,0
2025-11-17 05:00:00,1.16024,1.16024,1.15963,1.1598600000000001,1892,0,0
2025-11-17 06:00:00,1.1598600000000001,1.16033,1.15974,1.16027,1532,0,0
2025-11-17 07:00:00,1.16027,1.16052,1.15991,1.16003,1590,0,0
2025-11-17 08:00:00,1.16003,1.16086,1.15953,1.16074,2075,0,0
2025-11-17 09:00:00,1.16074,1.16149,1.16066,1.16132,2554,0,0
2025-11-17 10:00:00,1.16132,1.16151,1.15993,1.16032,3444,0,0
2025-11-17 11:00:00,1.16032,1.16046,1.1597,1.16013,3136,0,0
2025-11-17 12:00:00,1.16013,1.16082,1.15961,1.15968,2848,0,0
2025-11-17 13:00:00,1.15968,1.1602999999999999,1.1595,1.16014,2786,0,0
2025-11-17 14:00:00,1.16014,1.16046,1.1595900000000001,1.1599,2790,0,0
2025-11-17 15:00:00,1.1599,1.15997,1.15884,1.15914,4027,0,0
2025-11-17 16:00:00,1.15914,1.15951,1.15832,1.15859,4237,0,0
2025-11-17 17:00:00,1.15859,1.15981,1.15819,1.15975,4408,0,0
2025-11-17 18:00:00,1.15975,1.16018,1.15936,1.15975,3545,0,0
2025-11-17 19:00:00,1.15975,1.15992,1.15914,1.15939,2479,0,0
2025-11-17 20:00:00,1.15939,1.15948,1.15883,1.15912,2649,0,0
2025-11-17 21:00:00,1.15912,1.15954,1.15833,1.15839,2872,0,0
2025-11-17 22:00:00,1.15839,1.15907,1.15825,1.15884,2485,1,0
2025-11-17 23:00:00,1.15884,1.15924,1.15871,1.15914,1170,1,0
2025-11-18 00:00:00,1.15892,1.1592,1.15857,1.15889,535,9,0
2025-11-18 01:00:00,1.15889,1.15941,1.15889,1.15902,982,0,0
2025-11-18 02:00:00,1.15902,1.15903,1.15848,1.15871,2339,0,0
2025-11-18 03:00:00,1.15871,1.15931,1.15848,1.15907,2400,0,0
2025-11-18 04:00:00,1.15907,1.1594,1.15883,1.15929,1682,0,0
2025-11-18 05:00:00,1.15929,1.1595900000000001,1.15913,1.1592500000000001,1669,0,0
2025-11-18 06:00:00,1.1592500000000001,1.16037,1.15891,1.15995,2750,0,0
2025-11-18 07:00:00,1.15995,1.16003,1.15953,1.15978,1872,0,0
2025-11-18 08:00:00,1.15978,1.1601,1.15933,1.15946,2210,0,0
2025-11-18 09:00:00,1.15946,1.15997,1.15911,1.15911,3686,0,0
2025-11-18 10:00:00,1.15911,1.16064,1.15901,1.1592,4148,0,0
2025-11-18 11:00:00,1.1592,1.15958,1.15875,1.15894,3191,0,0
2025-11-18 12:00:00,1.15894,1.1591,1.15797,1.15821,2841,0,0
2025-11-18 13:00:00,1.15821,1.15886,1.158,1.15849,2585,0,0
2025-11-18 14:00:00,1.15849,1.15927,1.15834,1.15919,3346,0,0
2025-11-18 15:00:00,1.15919,1.16021,1.15884,1.15968,5217,0,0
2025-11-18 16:00:00,1.15968,1.16022,1.15932,1.16001,4654,0,0
2025-11-18 17:00:00,1.16001,1.16079,1.15818,1.15822,5791,0,0
2025-11-18 18:00:00,1.15822,1.15841,1.15726,1.1579,5217,0,0
2025-11-18 19:00:00,1.1579,1.15806,1.15714,1.15755,3507,0,0
2025-11-18 20:00:00,1.15755,1.15857,1.15751,1.15821,3143,0,0
2025-11-18 21:00:00,1.15821,1.1587,1.1580300000000001,1.15856,2578,0,0
2025-11-18 22:00:00,1.15856,1.15869,1.15788,1.15806,2175,1,0
2025-11-18 23:00:00,1.15807,1.1583700000000001,1.15779,1.15801,1175,1,0
2025-11-19 00:00:00,1.1576,1.15816,1.15737,1.15753,553,14,0
2025-11-19 01:00:00,1.15753,1.15817,1.15753,1.15802,905,0,0
2025-11-19 02:00:00,1.15802,1.15841,1.15785,1.15823,2316,0,0
2025-11-19 03:00:00,1.15823,1.15851,1.1576,1.1577,2257,0,0
2025-11-19 04:00:00,1.1577,1.1582,1.15724,1.15788,2040,0,0
2025-11-19 05:00:00,1.15788,1.1584,1.1577,1.1583700000000001,1899,0,0
2025-11-19 06:00:00,1.1583700000000001,1.15845,1.1577600000000001,1.15843,1666,0,0
2025-11-19 07:00:00,1.15843,1.15909,1.15834,1.1589,1982,0,0
2025-11-19 08:00:00,1.1589,1.15915,1.15868,1.15871,2013,0,0
2025-11-19 09:00:00,1.15871,1.15974,1.1577600000000001,1.15817,3752,0,0
2025-11-19 10:00:00,1.15817,1.15891,1.15712,1.15737,3978,0,0
2025-11-19 11:00:00,1.15737,1.15804,1.15658,1.15732,3869,0,0
2025-11-19 12:00:00,1.15732,1.15775,1.15677,1.15692,3574,0,0
2025-11-19 13:00:00,1.15692,1.1587399999999999,1.15686,1.1586400000000001,3534,0,0
2025-11-19 14:00:00,1.1586400000000001,1.15893,1.15759,1.15784,3223,0,0
2025-11-19 15:00:00,1.15784,1.1591,1.1571,1.15729,3533,0,0
2025-11-19 16:00:00,1.15729,1.1574,1.15549,1.15556,5037,0,0
2025-11-19 17:00:00,1.15556,1.15566,1.15405,1.15467,5858,0,0
2025-11-19 18:00:00,1.15467,1.15476,1.15349,1.15398,4321,0,0
2025-11-19 19:00:00,1.15398,1.15425,1.15262,1.1533,3978,0,0
2025-11-19 20:00:00,1.1533,1.15374,1.1529099999999999,1.15302,3013,0,0
2025-11-19 21:00:00,1.15302,1.15313,1.15183,1.1521,4689,0,0
2025-11-19 22:00:00,1.15211,1.15286,1.15201,1.15263,2687,1,0
2025-11-19 23:00:00,1.15263,1.15385,1.1522999999999999,1.15373,1965,1,0
2025-11-20 00:00:00,1.15369,1.15385,1.15364,1.15377,392,5,0
2025-11-20 01:00:00,1.15377,1.1542,1.15366,1.15395,1390,0,0
2025-11-20 02:00:00,1.15395,1.15396,1.1529,1.15344,3157,0,0
2025-11-20 03:00:00,1.15344,1.15354,1.15226,1.15231,2770,0,0
2025-11-20 04:00:00,1.15231,1.15238,1.15154,1.1520299999999999,2653,0,0
2025-11-20 05:00:00,1.1520299999999999,1.15224,1.15103,1.15143,2585,0,0
2025-11-20 06:00:00,1.15143,1.15206,1.1513200000000001,1.15195,1836,0,0
2025-11-20 07:00:00,1.15195,1.15197,1.1514,1.15157,2153,0,0
2025-11-20 08:00:00,1.15157,1.15233,1.15135,1.152,2876,0,0
2025-11-20 09:00:00,1.152,1.15228,1.15152,1.15196,3610,0,0
2025-11-20 10:00:00,1.15196,1.15233,1.15117,1.15211,3913,0,0
2025-11-20 11:00:00,1.15211,1.15278,1.15173,1.15274,3190,0,0
2025-11-20 12:00:00,1.15274,1.15294,1.15244,1.15275,2759,0,0
2025-11-20 13:00:00,1.15275,1.15276,1.1513200000000001,1.15144,3053,0,0
2025-11-20 14:00:00,1.15144,1.15168,1.15072,1.15111,3240,0,0
2025-11-20 15:00:00,1.15111,1.15398,1.15025,1.15279,8385,0,0
2025-11-20 16:00:00,1.15279,1.15499,1.15232,1.15351,7870,0,0
2025-11-20 17:00:00,1.15351,1.1537,1.152,1.15273,6393,0,0
2025-11-20 18:00:00,1.15273,1.1541299999999999,1.15273,1.15336,5919,0,0
2025-11-20 19:00:00,1.15336,1.15382,1.15251,1.15286,5679,0,0
2025-11-20 20:00:00,1.15286,1.15367,1.15269,1.15365,4179,0,0
2025-11-20 21:00:00,1.15365,1.15407,1.15354,1.1538,3219,0,0
2025-11-20 22:00:00,1.1538,1.1538599999999999,1.15259,1.15261,2470,1,0
2025-11-20 23:00:00,1.15262,1.15287,1.15239,1.15278,1353,1,0
2025-11-21 00:00:00,1.15217,1.15283,1.1519,1.15266,630,10,0
2025-11-21 01:00:00,1.15266,1.15347,1.15234,1.15336,1447,0,0
2025-11-21 02:00:00,1.15336,1.15359,1.15284,1.1535199999999999,2845,0,0
2025-11-21 03:00:00,1.1535199999999999,1.15383,1.15326,1.15326,3207,0,0
2025-11-21 04:00:00,1.15326,1.15389,1.1532499999999999,1.15357,2529,0,0
2025-11-21 05:00:00,1.15357,1.15378,1.15335,1.15364,2000,0,0
2025-11-21 06:00:00,1.15364,1.15422,1.1536,1.1538599999999999,2146,0,0
2025-11-21 07:00:00,1.1538599999999999,1.15418,1.15346,1.15353,2202,0,0
2025-11-21 08:00:00,1.15353,1.15467,1.1535199999999999,1.15414,2698,0,0
2025-11-21 09:00:00,1.15414,1.15478,1.15391,1.15415,4209,0,0
2025-11-21 10:00:00,1.15415,1.15525,1.1534200000000001,1.1541299999999999,5340,0,0
2025-11-21 11:00:00,1.1541299999999999,1.15429,1.1525,1.15253,3882,0,0
2025-11-21 12:00:00,1.15253,1.15272,1.15125,1.15199,4543,0,0
2025-11-21 13:00:00,1.15199,1.15228,1.15044,1.1506,3758,0,0
2025-11-21 14:00:00,1.1506,1.15259,1.14968,1.15247,6349,0,0
2025-11-21 15:00:00,1.15247,1.15268,1.15155,1.15207,4405,0,0
2025-11-21 16:00:00,1.15207,1.15236,1.15056,1.15141,5863,0,0
2025-11-21 17:00:00,1.15141,1.15234,1.14991,1.1503,7036,0,0
2025-11-21 18:00:00,1.1503,1.15053,1.14911,1.15049,5394,0,0
2025-11-21 19:00:00,1.15049,1.1513,1.15006,1.15072,4432,0,0
2025-11-21 20:00:00,1.15072,1.15084,1.15019,1.15041,3393,0,0
2025-11-21 21:00:00,1.15041,1.15177,1.15041,1.15133,2946,0,0
2025-11-21 22:00:00,1.1513200000000001,1.15179,1.15091,1.15174,2104,1,0
2025-11-21 23:00:00,1.15173,1.15208,1.15123,1.1513200000000001,1604,1,0
2025-11-24 00:00:00,1.15119,1.15138,1.1509,1.15115,248,15,0
2025-11-24 01:00:00,1.15127,1.15145,1.1506,1.15074,1228,0,0
2025-11-24 02:00:00,1.15074,1.15085,1.15021,1.15068,1566,0,0
2025-11-24 03:00:00,1.15068,1.1513,1.15051,1.15105,1744,0,0
2025-11-24 04:00:00,1.15105,1.15182,1.15103,1.1515900000000001,1957,0,0
2025-11-24 05:00:00,1.1515900000000001,1.15192,1.15135,1.15163,1892,0,0
2025-11-24 06:00:00,1.15163,1.15216,1.1515900000000001,1.15207,1408,0,0
2025-11-24 07:00:00,1.15207,1.15282,1.15207,1.15227,2081,0,0
2025-11-24 08:00:00,1.15227,1.15272,1.1520299999999999,1.15209,1886,0,0
2025-11-24 09:00:00,1.15209,1.15224,1.15113,1.1512,2945,0,0
2025-11-24 10:00:00,1.1512,1.15344,1.15099,1.15278,4190,0,0
2025-11-24 11:00:00,1.15278,1.15344,1.15248,1.15298,3441,0,0
2025-11-24 12:00:00,1.15298,1.15421,1.15297,1.15409,3159,0,0
2025-11-24 13:00:00,1.15409,1.15471,1.15363,1.15454,2448,0,0
2025-11-24 14:00:00,1.15454,1.15505,1.15363,1.15473,3390,0,0
2025-11-24 15:00:00,1.15473,1.15499,1.15374,1.1538599999999999,3508,0,0
2025-11-24 16:00:00,1.1538599999999999,1.1541299999999999,1.1526399999999999,1.15271,4595,0,0
2025-11-24 17:00:00,1.15271,1.153,1.1517,1.15289,4579,0,0
2025-11-24 18:00:00,1.15289,1.15309,1.15175,1.1518,2990,0,0
2025-11-24 19:00:00,1.1518,1.15197,1.15117,1.1518,2953,0,0
2025-11-24 20:00:00,1.1518,1.15282,1.15172,1.15278,2076,0,0
2025-11-24 21:00:00,1.15278,1.1529099999999999,1.15231,1.15276,2126,0,0
2025-11-24 22:00:00,1.15276,1.15282,1.15218,1.15224,1823,1,0
2025-11-24 23:00:00,1.15224,1.15235,1.1519300000000001,1.15201,959,1,0
2025-11-25 00:00:00,1.15167,1.15248,1.15167,1.15239,451,2,0
2025-11-25 01:00:00,1.15243,1.15253,1.15188,1.1520299999999999,1480,0,0
2025-11-25 02:00:00,1.1520299999999999,1.15235,1.15188,1.15233,2048,0,0
2025-11-25 03:00:00,1.15233,1.153,1.1522000000000001,1.15259,2442,0,0
2025-11-25 04:00:00,1.15259,1.15284,1.15224,1.15284,1761,0,0
2025-11-25 05:00:00,1.15284,1.15303,1.15173,1.15181,1845,0,0
2025-11-25 06:00:00,1.15181,1.15181,1.15144,1.1515,1446,0,0
2025-11-25 07:00:00,1.1515,1.15184,1.15117,1.15168,1645,0,0
2025-11-25 08:00:00,1.15168,1.15217,1.15149,1.15186,1826,0,0
2025-11-25 09:00:00,1.15186,1.15304,1.15177,1.15229,3170,0,0
2025-11-25 10:00:00,1.15229,1.15335,1.15207,1.15285,3572,0,0
2025-11-25 11:00:00,1.15285,1.15367,1.15273,1.1534200000000001,3406,0,0
2025-11-25 12:00:00,1.1534200000000001,1.15411,1.15323,1.1539,2864,0,0
2025-11-25 13:00:00,1.1539,1.1539,1.15248,1.15269,2355,0,0
2025-11-25 14:00:00,1.15269,1.15572,1.1525400000000001,1.15446,4251,0,0
2025-11-25 15:00:00,1.15446,1.15625,1.15427,1.15583,6230,0,0
2025-11-25 16:00:00,1.15583,1.15719,1.15525,1.15668,5482,0,0
2025-11-25 17:00:00,1.15668,1.15839,1.15619,1.15626,5733,0,0
2025-11-25 18:00:00,1.15626,1.15717,1.15501,1.15531,4028,0,0
2025-11-25 19:00:00,1.15531,1.15838,1.15524,1.15824,5675,0,0
2025-11-25 20:00:00,1.15824,1.15859,1.15766,1.15795,3707,0,0
2025-11-25 21:00:00,1.15795,1.15854,1.15741,1.1583700000000001,2882,0,0
2025-11-25 22:00:00,1.15836,1.15843,1.1558,1.1565,2962,1,0
2025-11-25 23:00:00,1.15649,1.15724,1.15643,1.15692,1289,1,0
2025-11-26 00:00:00,1.15667,1.15694,1.15664,1.15692,515,12,0
2025-11-26 01:00:00,1.15693,1.1573,1.15644,1.1565,1022,0,0
2025-11-26 02:00:00,1.1565,1.15725,1.15634,1.15683,3023,0,0
2025-11-26 03:00:00,1.15683,1.15831,1.15653,1.15774,4035,0,0
2025-11-26 04:00:00,1.15774,1.15867,1.15749,1.1582,3529,0,0
2025-11-26 05:00:00,1.1582,1.15916,1.15809,1.15906,2732,0,0
2025-11-26 06:00:00,1.15906,1.15916,1.15823,1.15838,2206,0,0
2025-11-26 07:00:00,1.15838,1.15914,1.15827,1.1590799999999999,2395,0,0
2025-11-26 08:00:00,1.1590799999999999,1.1595900000000001,1.1584,1.15863,2952,0,0
2025-11-26 09:00:00,1.15863,1.15923,1.15753,1.15794,3839,0,0
2025-11-26 10:00:00,1.15794,1.1581,1.15659,1.15721,4241,0,0
2025-11-26 11:00:00,1.15721,1.15799,1.15683,1.15721,3555,0,0
2025-11-26 12:00:00,1.15721,1.15779,1.15685,1.15737,2829,0,0
2025-11-26 13:00:00,1.15737,1.15808,1.15682,1.15743,4069,0,0
2025-11-26 14:00:00,1.15743,1.158,1.15692,1.15724,5811,0,0
2025-11-26 15:00:00,1.15724,1.1584,1.15486,1.15525,7642,0,0
2025-11-26 16:00:00,1.15525,1.15818,1.15473,1.15789,5686,0,0
2025-11-26 17:00:00,1.15789,1.15948,1.1578,1.15895,5874,0,0
2025-11-26 18:00:00,1.15895,1.16008,1.15888,1.15905,4290,0,0
2025-11-26 19:00:00,1.15905,1.15939,1.15852,1.1593,3421,0,0
2025-11-26 20:00:00,1.1593,1.15964,1.15893,1.1593499999999999,2491,0,0
2025-11-26 21:00:00,1.1593499999999999,1.15964,1.15906,1.15937,2332,0,0
2025-11-26 22:00:00,1.15936,1.15973,1.15922,1.15941,2037,1,0
2025-11-26 23:00:00,1.15941,1.15973,1.1593499999999999,1.15955,1205,1,0
2025-11-27 00:00:00,1.15895,1.15964,1.15844,1.15948,420,2,0
2025-11-27 01:00:00,1.15939,1.16023,1.15938,1.1602000000000001,1030,0,0
2025-11-27 02:00:00,1.1602000000000001,1.1605,1.16,1.16022,2076,0,0
2025-11-27 03:00:00,1.16022,1.16127,1.16008,1.16092,3185,0,0
2025-11-27 04:00:00,1.16092,1.16135,1.16007,1.16039,2537,0,0
2025-11-27 05:00:00,1.16039,1.16067,1.16,1.1602000000000001,1975,0,0
2025-11-27 06:00:00,1.1602000000000001,1.16052,1.16003,1.16007,1852,0,0
2025-11-27 07:00:00,1.16007,1.16062,1.16007,1.16023,2506,0,0
2025-11-27 08:00:00,1.16023,1.16053,1.15914,1.15926,2862,0,0
2025-11-27 09:00:00,1.15926,1.15939,1.1586,1.15916,2718,0,0
2025-11-27 10:00:00,1.15916,1.15957,1.15867,1.15927,3555,0,0
2025-11-27 11:00:00,1.15927,1.15937,1.15767,1.15777,3257,0,0
2025-11-27 12:00:00,1.15777,1.1585,1.15772,1.15839,2511,0,0
2025-11-27 13:00:00,1.15839,1.15876,1.15787,1.15863,2691,0,0
2025-11-27 14:00:00,1.15863,1.15904,1.15822,1.15833,2540,0,0
2025-11-27 15:00:00,1.15833,1.1596899999999999,1.15832,1.15948,3202,0,0
2025-11-27 16:00:00,1.15948,1.15978,1.15903,1.15951,3037,0,0
2025-11-27 17:00:00,1.15951,1.1599599999999999,1.15923,1.15941,2856,0,0
2025-11-27 18:00:00,1.15941,1.16003,1.15922,1.15995,1863,0,0
2025-11-27 19:00:00,1.15995,1.16017,1.15917,1.15949,1362,0,0
2025-11-27 20:00:00,1.15949,1.15956,1.15912,1.1592,1054,0,0
2025-11-27 21:00:00,1.1592,1.15961,1.1592,1.15953,889,0,0
2025-11-27 22:00:00,1.15953,1.15963,1.15942,1.1595,817,1,0
2025-11-27 23:00:00,1.15951,1.15971,1.1595,1.15954,610,1,0
2025-11-28 00:00:00,1.15927,1.15956,1.15912,1.15951,353,8,0
2025-11-28 01:00:00,1.1595,1.16014,1.15942,1.15997,712,0,0
2025-11-28 02:00:00,1.15997,1.1602000000000001,1.15921,1.15942,2812,0,0
2025-11-28 03:00:00,1.15942,1.15987,1.15817,1.15832,2433,0,0
2025-11-28 04:00:00,1.15832,1.15881,1.15802,1.15842,3671,0,0
2025-11-28 05:00:00,1.15842,1.1590799999999999,1.15816,1.15872,4636,0,0
2025-11-28 06:00:00,1.15872,1.15923,1.15843,1.15889,4001,0,0
2025-11-28 07:00:00,1.15889,1.15932,1.15819,1.15886,6855,0,0
2025-11-28 08:00:00,1.15886,1.15899,1.15808,1.1583,8525,0,0
2025-11-28 09:00:00,1.1583,1.15893,1.15769,1.15786,7653,0,0
2025-11-28 10:00:00,1.15786,1.15811,1.1566,1.15677,7119,0,0
2025-11-28 11:00:00,1.15677,1.15798,1.15659,1.15668,9161,0,0
2025-11-28 12:00:00,1.15668,1.15696,1.15551,1.15594,6568,0,0
2025-11-28 13:00:00,1.15594,1.15689,1.15557,1.15679,7303,0,0
2025-11-28 14:00:00,1.15679,1.15728,1.15604,1.15664,6087,0,0
2025-11-28 15:00:00,1.15664,1.15785,1.15627,1.15746,8029,0,0
2025-11-28 16:00:00,1.15746,1.1585,1.15712,1.15846,4475,0,0
2025-11-28 17:00:00,1.15846,1.16077,1.15795,1.16074,5501,0,0
2025-11-28 18:00:00,1.16074,1.16076,1.15929,1.15993,4083,0,0
2025-11-28 19:00:00,1.15993,1.16043,1.15934,1.16027,2618,0,0
2025-11-28 20:00:00,1.16027,1.16045,1.1595900000000001,1.16015,2113,0,0
2025-11-28 21:00:00,1.16015,1.16039,1.16006,1.16022,1806,0,0
2025-11-28 22:00:00,1.16022,1.16043,1.16004,1.16005,2068,1,0
2025-11-28 23:00:00,1.16004,1.16026,1.15961,1.1596899999999999,1444,1,0
2025-12-01 00:00:00,1.15915,1.16,1.15909,1.1599,730,14,0
2025-12-01 01:00:00,1.1599,1.16077,1.1596,1.16011,1860,0,0
2025-12-01 02:00:00,1.16011,1.1607,1.15977,1.16032,3659,0,0
2025-12-01 03:00:00,1.16032,1.16159,1.16005,1.16052,4798,0,0
2025-12-01 04:00:00,1.16052,1.16059,1.1593,1.15949,2876,0,0
2025-12-01 05:00:00,1.15949,1.15976,1.15896,1.15968,2206,0,0
2025-12-01 06:00:00,1.15968,1.16024,1.15945,1.1598600000000001,1839,0,0
2025-12-01 07:00:00,1.1598600000000001,1.16015,1.1595,1.1598,2641,0,0
2025-12-01 08:00:00,1.1598,1.15992,1.15906,1.15961,3349,0,0
2025-12-01 09:00:00,1.15961,1.16129,1.15955,1.1607,3792,0,0
2025-12-01 10:00:00,1.1607,1.16219,1.16041,1.16136,4787,0,0
2025-12-01 11:00:00,1.16136,1.16237,1.16136,1.16221,3950,0,0
2025-12-01 12:00:00,1.16221,1.16285,1.16191,1.16275,3442,0,0
2025-12-01 13:00:00,1.16275,1.16323,1.16241,1.16279,2977,0,0
2025-12-01 14:00:00,1.16279,1.16489,1.16265,1.16487,4118,0,0
2025-12-01 15:00:00,1.16487,1.1652,1.1639599999999999,1.1645,4741,0,0
2025-12-01 16:00:00,1.1645,1.16453,1.16304,1.16326,5615,0,0
2025-12-01 17:00:00,1.16326,1.16405,1.16228,1.16288,6256,0,0
2025-12-01 18:00:00,1.16288,1.16345,1.16209,1.16229,4301,0,0
2025-12-01 19:00:00,1.16229,1.16288,1.16178,1.16208,3085,0,0
2025-12-01 20:00:00,1.16208,1.16236,1.1611799999999999,1.1612,2935,0,0
2025-12-01 21:00:00,1.1612,1.16125,1.16071,1.16085,2891,0,0
2025-12-01 22:00:00,1.16085,1.16099,1.16065,1.16094,1909,1,0
2025-12-01 23:00:00,1.16095,1.16109,1.16078,1.16095,1009,1,0
2025-12-02 00:00:00,1.16065,1.16097,1.16043,1.16083,162,2,0
2025-12-02 01:00:00,1.16083,1.16101,1.16067,1.16067,622,0,0
2025-12-02 02:00:00,1.16067,1.16094,1.16039,1.16059,2207,0,0
2025-12-02 03:00:00,1.16059,1.16111,1.16038,1.1609099999999999,2244,0,0
2025-12-02 04:00:00,1.1609099999999999,1.16119,1.16088,1.16119,1439,0,0
2025-12-02 05:00:00,1.16119,1.16129,1.16089,1.1612,1755,0,0
2025-12-02 06:00:00,1.1612,1.1614200000000001,1.16089,1.1609099999999999,1348,0,0
2025-12-02 07:00:00,1.1609099999999999,1.1611,1.16071,1.16101,1332,0,0
2025-12-02 08:00:00,1.16101,1.16113,1.1605,1.16096,1896,0,0
2025-12-02 09:00:00,1.16096,1.16163,1.16088,1.16127,2727,0,0
2025-12-02 10:00:00,1.16127,1.16162,1.1609,1.1610800000000001,3309,0,0
2025-12-02 11:00:00,1.1610800000000001,1.16143,1.16024,1.16101,3326,0,0
2025-12-02 12:00:00,1.16101,1.16125,1.1598600000000001,1.16067,3495,0,0
2025-12-02 13:00:00,1.16067,1.16129,1.16035,1.16117,2695,0,0
2025-12-02 14:00:00,1.16117,1.16195,1.16074,1.16177,3033,0,0
2025-12-02 15:00:00,1.16177,1.16198,1.16112,1.16177,3425,0,0
2025-12-02 16:00:00,1.16177,1.16235,1.16132,1.16178,5023,0,0
2025-12-02 17:00:00,1.16178,1.16188,1.15934,1.16063,6182,0,0
2025-12-02 18:00:00,1.16063,1.16097,1.15914,1.15956,4284,0,0
2025-12-02 19:00:00,1.15956,1.16079,1.1593,1.16072,3086,0,0
2025-12-02 20:00:00,1.16072,1.16133,1.16058,1.16086,2592,0,0
2025-12-02 21:00:00,1.16086,1.16248,1.16086,1.16205,2399,0,0
2025-12-02 22:00:00,1.16205,1.16259,1.16197,1.16244,2586,1,0
2025-12-02 23:00:00,1.16244,1.16258,1.1621,1.16246,1329,1,0
2025-12-03 00:00:00,1.1622,1.16243,1.16195,1.16232,274,8,0
2025-12-03 01:00:00,1.16232,1.16292,1.16232,1.16283,791,0,0
2025-12-03 02:00:00,1.16283,1.1633,1.16278,1.16307,2325,0,0
2025-12-03 03:00:00,1.16307,1.16376,1.16305,1.16368,2255,0,0
2025-12-03 04:00:00,1.16368,1.16387,1.16353,1.16382,1644,0,0
2025-12-03 05:00:00,1.16382,1.16391,1.1637,1.16378,1488,0,0
2025-12-03 06:00:00,1.16378,1.16421,1.16363,1.16412,1472,0,0
2025-12-03 07:00:00,1.16412,1.16438,1.16409,1.16426,1659,0,0
2025-12-03 08:00:00,1.16426,1.16477,1.16417,1.16431,1983,0,0
2025-12-03 09:00:00,1.16431,1.16526,1.16394,1.16414,3309,0,0
2025-12-03 10:00:00,1.16414,1.1645699999999999,1.16357,1.1644,3582,0,0
2025-12-03 11:00:00,1.1644,1.16478,1.16402,1.16456,3672,0,0
2025-12-03 12:00:00,1.16456,1.16639,1.16448,1.16605,3698,0,0
2025-12-03 13:00:00,1.16605,1.16658,1.1655,1.16655,2953,0,0
2025-12-03 14:00:00,1.16655,1.16693,1.16624,1.16632,3000,0,0
2025-12-03 15:00:00,1.16632,1.16753,1.1662,1.16665,5176,0,0
2025-12-03 16:00:00,1.16665,1.16671,1.16558,1.16629,5224,0,0
2025-12-03 17:00:00,1.16629,1.16682,1.16546,1.16598,6713,0,0
2025-12-03 18:00:00,1.16598,1.16665,1.16584,1.16595,4557,0,0
2025-12-03 19:00:00,1.16595,1.16708,1.16576,1.16685,2858,0,0
2025-12-03 20:00:00,1.16685,1.16758,1.16685,1.1672,3050,0,0
2025-12-03 21:00:00,1.1672,1.16777,1.16711,1.16727,2026,0,0
2025-12-03 22:00:00,1.16726,1.16729,1.16651,1.16657,1700,1,0
2025-12-03 23:00:00,1.16656,1.16717,1.16642,1.16707,1119,1,0
2025-12-04 00:00:00,1.1663000000000001,1.16738,1.1663000000000001,1.16707,255,5,0
2025-12-04 01:00:00,1.16707,1.16721,1.16636,1.1666400000000001,1081,0,0
2025-12-04 02:00:00,1.1666400000000001,1.16675,1.16596,1.16631,2459,0,0
2025-12-04 03:00:00,1.16631,1.1665,1.16588,1.16632,2373,0,0
2025-12-04 04:00:00,1.16632,1.16641,1.16592,1.16602,1761,0,0
2025-12-04 05:00:00,1.16602,1.16604,1.16535,1.16559,1949,0,0
2025-12-04 06:00:00,1.16559,1.16586,1.16553,1.16573,1607,0,0
2025-12-04 07:00:00,1.16573,1.16622,1.16563,1.16599,2159,0,0
2025-12-04 08:00:00,1.16599,1.16601,1.16532,1.16582,2301,0,0
2025-12-04 09:00:00,1.16582,1.16657,1.16554,1.16657,2733,0,0
2025-12-04 10:00:00,1.16657,1.16822,1.16635,1.16769,4600,0,0
2025-12-04 11:00:00,1.16769,1.16804,1.16736,1.16776,3728,0,0
2025-12-04 12:00:00,1.16776,1.16799,1.16638,1.16667,3201,0,0
2025-12-04 13:00:00,1.16667,1.16807,1.16653,1.16803,3101,0,0
2025-12-04 14:00:00,1.16803,1.1681,1.16655,1.167,3459,0,0
2025-12-04 15:00:00,1.167,1.16713,1.16523,1.1665,5260,0,0
2025-12-04 16:00:00,1.1665,1.16771,1.16645,1.1670099999999999,5763,0,0
2025-12-04 17:00:00,1.1670099999999999,1.16748,1.16582,1.1673499999999999,5346,0,0
2025-12-04 18:00:00,1.1673499999999999,1.16737,1.16536,1.1659,3794,0,0
2025-12-04 19:00:00,1.1659,1.16599,1.16532,1.16562,2713,0,0
2025-12-04 20:00:00,1.16562,1.166,1.16539,1.16545,2422,0,0
2025-12-04 21:00:00,1.16545,1.16559,1.16503,1.16526,2739,0,0
2025-12-04 22:00:00,1.16524,1.16524,1.16411,1.1644,2443,1,0
2025-12-04 23:00:00,1.1644,1.16461,1.16411,1.16442,1200,1,0
2025-12-05 00:00:00,1.16412,1.16449,1.16404,1.16438,239,6,0
2025-12-05 01:00:00,1.16443,1.1644700000000001,1.16412,1.16435,1040,0,0
2025-12-05 02:00:00,1.16435,1.16503,1.16435,1.16499,1839,0,0
2025-12-05 03:00:00,1.16499,1.16538,1.16498,1.16536,1916,0,0
2025-12-05 04:00:00,1.16536,1.16545,1.16513,1.1652,1390,0,0
2025-12-05 05:00:00,1.1652,1.1652,1.16465,1.1649,1164,0,0
2025-12-05 06:00:00,1.1649,1.16543,1.16489,1.16535,1340,0,0
2025-12-05 07:00:00,1.16535,1.16593,1.16532,1.16592,1839,0,0
2025-12-05 08:00:00,1.16592,1.16616,1.16554,1.16595,1664,0,0
2025-12-05 09:00:00,1.16595,1.16719,1.16587,1.16632,3157,0,0
2025-12-05 10:00:00,1.16632,1.16642,1.16525,1.16538,3840,0,0
2025-12-05 11:00:00,1.16538,1.16554,1.16483,1.16545,3011,0,0
2025-12-05 12:00:00,1.16545,1.1657,1.16479,1.16511,2367,0,0
2025-12-05 13:00:00,1.16511,1.16525,1.16417,1.16464,2245,0,0
2025-12-05 14:00:00,1.16464,1.16533,1.16437,1.1651799999999999,2969,0,0
2025-12-05 15:00:00,1.1651799999999999,1.1654,1.16437,1.1651799999999999,3931,0,0
2025-12-05 16:00:00,1.1651799999999999,1.16602,1.1645699999999999,1.16504,4969,0,0
2025-12-05 17:00:00,1.16504,1.16589,1.16438,1.1648100000000001,5395,0,0
2025-12-05 18:00:00,1.1648100000000001,1.16491,1.16281,1.16343,4857,0,0
2025-12-05 19:00:00,1.16343,1.16444,1.16326,1.16444,2876,0,0
2025-12-05 20:00:00,1.16444,1.16487,1.16421,1.1643,2247,0,0
2025-12-05 21:00:00,1.1643,1.16442,1.16399,1.1643,1588,0,0
2025-12-05 22:00:00,1.1643,1.16446,1.16398,1.16442,1657,1,0
2025-12-05 23:00:00,1.1644,1.16471,1.16402,1.1643,1276,1,0
2025-12-08 00:00:00,1.16353,1.1644,1.16338,1.16436,370,20,0
2025-12-08 01:00:00,1.16436,1.16462,1.16395,1.16407,1566,0,0
2025-12-08 02:00:00,1.16407,1.16517,1.16398,1.16514,2768,0,0
2025-12-08 03:00:00,1.16514,1.16532,1.16456,1.1651799999999999,2719,0,0
2025-12-08 04:00:00,1.1651799999999999,1.16543,1.1649,1.16537,2222,0,0
2025-12-08 05:00:00,1.16537,1.16553,1.165,1.16504,1850,0,0
2025-12-08 06:00:00,1.16504,1.16555,1.16499,1.16546,1679,0,0
2025-12-08 07:00:00,1.16546,1.16563,1.16525,1.16561,1808,0,0
2025-12-08 08:00:00,1.16561,1.1672,1.16561,1.1661,3000,0,0
2025-12-08 09:00:00,1.1661,1.16681,1.1655,1.16582,3383,0,0
2025-12-08 10:00:00,1.16582,1.16625,1.1648100000000001,1.16559,3596,0,0
2025-12-08 11:00:00,1.16559,1.16576,1.1648100000000001,1.16489,3485,0,0
2025-12-08 12:00:00,1.16489,1.16556,1.16479,1.16507,2901,0,0
2025-12-08 13:00:00,1.16507,1.16534,1.16468,1.16503,2909,0,0
2025-12-08 14:00:00,1.16503,1.16538,1.16477,1.16531,3161,0,0
2025-12-08 15:00:00,1.16531,1.16573,1.16458,1.16485,4003,0,0
2025-12-08 16:00:00,1.16485,1.16549,1.16379,1.16404,5087,0,0
2025-12-08 17:00:00,1.16404,1.16404,1.16173,1.16253,5728,0,0
2025-12-08 18:00:00,1.16253,1.16286,1.16163,1.16249,4306,0,0
2025-12-08 19:00:00,1.16249,1.16394,1.162,1.16393,3770,0,0
2025-12-08 20:00:00,1.16393,1.16419,1.16344,1.16375,3121,0,0
2025-12-08 21:00:00,1.16375,1.16416,1.16363,1.16393,2262,0,0
2025-12-08 22:00:00,1.16393,1.16418,1.16374,1.1638,1757,1,0
2025-12-08 23:00:00,1.16382,1.16389,1.1635,1.16369,1144,1,0
2025-12-09 00:00:00,1.16327,1.16368,1.16307,1.16356,421,17,0
2025-12-09 01:00:00,1.16354,1.16409,1.16354,1.16409,860,0,0
2025-12-09 02:00:00,1.16409,1.1643,1.16369,1.1638600000000001,1984,0,0
2025-12-09 03:00:00,1.1638600000000001,1.16475,1.1636199999999999,1.16471,2266,0,0
2025-12-09 04:00:00,1.16471,1.1648399999999999,1.16437,1.1645699999999999,1987,0,0
2025-12-09 05:00:00,1.1645699999999999,1.16489,1.16437,1.16456,2041,0,0
2025-12-09 06:00:00,1.16456,1.16471,1.16436,1.16468,1642,0,0
2025-12-09 07:00:00,1.16468,1.16504,1.16441,1.16488,2035,0,0
2025-12-09 08:00:00,1.16488,1.16492,1.16421,1.1644,2465,0,0
2025-12-09 09:00:00,1.1644,1.16462,1.16383,1.16401,2805,0,0
2025-12-09 10:00:00,1.16401,1.16497,1.16338,1.16448,3735,0,0
2025-12-09 11:00:00,1.16448,1.16573,1.16436,1.16526,3672,0,0
2025-12-09 12:00:00,1.16526,1.16544,1.16406,1.16445,3123,0,0
2025-12-09 13:00:00,1.16445,1.16476,1.1638,1.16436,3112,0,0
2025-12-09 14:00:00,1.16436,1.16445,1.16343,1.16376,3114,0,0
2025-12-09 15:00:00,1.16376,1.164,1.16292,1.16345,4378,0,0
2025-12-09 16:00:00,1.16345,1.16388,1.16282,1.16383,5495,0,0
2025-12-09 17:00:00,1.16383,1.16383,1.1615199999999999,1.16287,6355,0,0
2025-12-09 18:00:00,1.16287,1.16411,1.16286,1.16382,3748,0,0
2025-12-09 19:00:00,1.16382,1.16398,1.1622,1.16242,2906,0,0
2025-12-09 20:00:00,1.16242,1.16249,1.1617,1.16242,2473,0,0
2025-12-09 21:00:00,1.16242,1.16299,1.1622,1.16287,2097,0,0
2025-12-09 22:00:00,1.16287,1.16321,1.16265,1.16267,1918,1,0
2025-12-09 23:00:00,1.16267,1.16293,1.16236,1.16261,1231,1,0
2025-12-10 00:00:00,1.16215,1.16271,1.16215,1.16252,376,18,0
2025-12-10 01:00:00,1.16252,1.16286,1.16247,1.1628,972,0,0
2025-12-10 02:00:00,1.1628,1.16289,1.16246,1.1626400000000001,2148,0,0
2025-12-10 03:00:00,1.1626400000000001,1.16287,1.16224,1.1623999999999999,1886,0,0
2025-12-10 04:00:00,1.1623999999999999,1.16284,1.16232,1.16239,1763,0,0
2025-12-10 05:00:00,1.16239,1.16272,1.1622,1.16265,1661,0,0
2025-12-10 06:00:00,1.16265,1.16291,1.16251,1.1627399999999999,1321,0,0
2025-12-10 07:00:00,1.1627399999999999,1.16311,1.16265,1.1629800000000001,1450,0,0
2025-12-10 08:00:00,1.1629800000000001,1.16356,1.16286,1.16354,1769,0,0
2025-12-10 09:00:00,1.16354,1.16494,1.16344,1.1648399999999999,3030,0,0
2025-12-10 10:00:00,1.1648399999999999,1.16577,1.16438,1.16527,3811,0,0
2025-12-10 11:00:00,1.16527,1.16531,1.16355,1.16366,3459,0,0
2025-12-10 12:00:00,1.16366,1.16395,1.16275,1.16344,3357,0,0
2025-12-10 13:00:00,1.16344,1.16383,1.163,1.16351,2935,0,0
2025-12-10 14:00:00,1.16351,1.1642299999999999,1.16329,1.16393,2975,0,0
2025-12-10 15:00:00,1.16393,1.1642000000000001,1.16278,1.16401,3869,0,0
2025-12-10 16:00:00,1.16401,1.1645,1.16338,1.16431,4747,0,0
2025-12-10 17:00:00,1.16431,1.16513,1.16348,1.16419,4854,0,0
2025-12-10 18:00:00,1.16419,1.165,1.16373,1.165,3602,0,0
2025-12-10 19:00:00,1.165,1.16605,1.1645699999999999,1.16587,3101,0,0
2025-12-10 20:00:00,1.16587,1.1661,1.16538,1.16558,2702,0,0
2025-12-10 21:00:00,1.16558,1.16808,1.16429,1.16783,11746,0,0
2025-12-10 22:00:00,1.16778,1.16997,1.1673499999999999,1.16939,6612,1,0
2025-12-10 23:00:00,1.16939,1.16956,1.16894,1.16952,1945,1,0
2025-12-11 00:00:00,1.16936,1.16951,1.16811,1.1695,846,2,0
2025-12-11 01:00:00,1.16952,1.17029,1.16942,1.17015,1106,0,0
2025-12-11 02:00:00,1.17015,1.1705,1.16974,1.1702,2956,0,0
2025-12-11 03:00:00,1.1702,1.17073,1.17004,1.17019,2823,0,0
2025-12-11 04:00:00,1.17019,1.17061,1.16936,1.16942,2376,0,0
2025-12-11 05:00:00,1.16942,1.16977,1.16903,1.16909,2356,0,0
2025-12-11 06:00:00,1.16909,1.16917,1.16856,1.16902,1856,0,0
2025-12-11 07:00:00,1.16902,1.16921,1.1684700000000001,1.16856,1709,0,0
2025-12-11 08:00:00,1.16856,1.16898,1.16824,1.16889,2553,0,0
2025-12-11 09:00:00,1.16889,1.1701,1.1687400000000001,1.16938,3381,0,0
2025-12-11 10:00:00,1.16938,1.17068,1.16937,1.16973,4129,0,0
2025-12-11 11:00:00,1.16973,1.17035,1.1687400000000001,1.1702,3916,0,0
2025-12-11 12:00:00,1.1702,1.17077,1.16988,1.17071,3180,0,0
2025-12-11 13:00:00,1.17071,1.17178,1.17061,1.17133,3229,0,0
2025-12-11 14:00:00,1.17133,1.17194,1.17098,1.17168,3410,0,0
2025-12-11 15:00:00,1.17168,1.17364,1.17132,1.17312,5798,0,0
2025-12-11 16:00:00,1.17312,1.17485,1.17303,1.17378,5210,0,0
2025-12-11 17:00:00,1.17378,1.17571,1.17318,1.17563,5149,0,0
2025-12-11 18:00:00,1.17563,1.17596,1.17464,1.17555,4198,0,0
2025-12-11 19:00:00,1.17555,1.17627,1.17499,1.17553,3442,0,0
2025-12-11 20:00:00,1.17553,1.17595,1.17512,1.17538,2633,0,0
2025-12-11 21:00:00,1.17538,1.17538,1.17405,1.1741,2363,0,0
2025-12-11 22:00:00,1.1741,1.17456,1.17365,1.17409,2493,1,0
2025-12-11 23:00:00,1.17409,1.17433,1.17372,1.17373,1973,1,0
2025-12-12 00:00:00,1.17377,1.17389,1.1736900000000001,1.17381,448,12,0
2025-12-12 01:00:00,1.17381,1.17416,1.17371,1.17408,1059,0,0
2025-12-12 02:00:00,1.17408,1.17445,1.17392,1.1740599999999999,2595,0,0
2025-12-12 03:00:00,1.1740599999999999,1.17463,1.17328,1.1735,2389,0,0
2025-12-12 04:00:00,1.1735,1.17379,1.17314,1.17361,1958,0,0
2025-12-12 05:00:00,1.17361,1.17376,1.17333,1.17344,1697,0,0
2025-12-12 06:00:00,1.17344,1.17357,1.17314,1.1732,1604,0,0
2025-12-12 07:00:00,1.1732,1.17393,1.17316,1.17386,1647,0,0
2025-12-12 08:00:00,1.17386,1.17418,1.17341,1.17391,2474,0,0
2025-12-12 09:00:00,1.17391,1.17434,1.17357,1.1738,3210,0,0
2025-12-12 10:00:00,1.1738,1.17424,1.17283,1.17283,3909,0,0
2025-12-12 11:00:00,1.17283,1.17347,1.17271,1.17327,3154,0,0
2025-12-12 12:00:00,1.17327,1.17333,1.1724700000000001,1.17276,3123,0,0
2025-12-12 13:00:00,1.17276,1.17292,1.1722299999999999,1.1727,2198,0,0
2025-12-12 14:00:00,1.1727,1.17282,1.17197,1.17249,2877,0,0
2025-12-12 15:00:00,1.17249,1.17352,1.1724,1.17275,3685,0,0
2025-12-12 16:00:00,1.17275,1.17435,1.17231,1.1742,4681,0,0
2025-12-12 17:00:00,1.1742,1.17449,1.17296,1.17384,4960,0,0
2025-12-12 18:00:00,1.17384,1.17434,1.17263,1.1731,4474,0,0
2025-12-12 19:00:00,1.1731,1.17482,1.17301,1.17477,2994,0,0
2025-12-12 20:00:00,1.17477,1.17499,1.17407,1.17417,2966,0,0
2025-12-12 21:00:00,1.17417,1.17417,1.17354,1.17404,2447,0,0
2025-12-12 22:00:00,1.17404,1.17466,1.17368,1.17393,2280,1,0
2025-12-12 23:00:00,1.17393,1.17449,1.17382,1.1739600000000001,1296,1,0
2025-12-15 00:00:00,1.17324,1.17375,1.17323,1.17365,459,19,0
2025-12-15 01:00:00,1.17362,1.17407,1.17354,1.17371,1009,0,0
2025-12-15 02:00:00,1.17371,1.17373,1.17287,1.17333,2190,0,0
2025-12-15 03:00:00,1.17333,1.17425,1.17295,1.17414,2464,0,0
2025-12-15 04:00:00,1.17414,1.17448,1.17372,1.17416,2589,0,0
2025-12-15 05:00:00,1.17416,1.17448,1.1732,1.17344,2225,0,0
2025-12-15 06:00:00,1.17344,1.17357,1.17319,1.17325,1793,0,0
2025-12-15 07:00:00,1.17325,1.17359,1.17321,1.17343,1691,0,0
2025-12-15 08:00:00,1.17343,1.17364,1.1729,1.17352,2655,0,0
2025-12-15 09:00:00,1.17352,1.17381,1.1728,1.17287,2973,0,0
2025-12-15 10:00:00,1.17287,1.17386,1.17265,1.17314,3618,0,0
2025-12-15 11:00:00,1.17314,1.17436,1.17305,1.17434,3274,0,0
2025-12-15 12:00:00,1.17434,1.1746699999999999,1.17392,1.1743000000000001,2542,0,0
2025-12-15 13:00:00,1.1743000000000001,1.1750099999999999,1.17413,1.17488,2250,0,0
2025-12-15 14:00:00,1.17488,1.17593,1.17484,1.17532,2604,0,0
2025-12-15 15:00:00,1.17532,1.17598,1.17474,1.17476,3594,0,0
2025-12-15 16:00:00,1.17476,1.17642,1.17443,1.17637,4648,0,0
2025-12-15 17:00:00,1.17637,1.17689,1.17549,1.17629,6034,0,0
2025-12-15 18:00:00,1.17629,1.17647,1.17523,1.17555,4381,0,0
2025-12-15 19:00:00,1.17555,1.17559,1.17451,1.1746,2958,0,0
2025-12-15 20:00:00,1.1746,1.17483,1.17392,1.17433,2697,0,0
2025-12-15 21:00:00,1.17433,1.175,1.17383,1.17487,1891,0,0
2025-12-15 22:00:00,1.17487,1.1752,1.17474,1.17509,1547,1,0
2025-12-15 23:00:00,1.17506,1.17539,1.1749,1.17532,1017,1,0
2025-12-16 00:00:00,1.1748,1.1752,1.17455,1.17509,906,8,0
2025-12-16 01:00:00,1.17509,1.17557,1.17509,1.17536,761,0,0
2025-12-16 02:00:00,1.17536,1.17581,1.17486,1.175,2649,0,0
2025-12-16 03:00:00,1.175,1.17553,1.17468,1.1751800000000001,2756,0,0
2025-12-16 04:00:00,1.1751800000000001,1.17566,1.1750099999999999,1.17556,1974,0,0
2025-12-16 05:00:00,1.17556,1.17591,1.17502,1.1752,1814,0,0
2025-12-16 06:00:00,1.1752,1.17539,1.17502,1.17511,1257,0,0
2025-12-16 07:00:00,1.17511,1.17541,1.17493,1.17507,1754,0,0
2025-12-16 08:00:00,1.17507,1.17537,1.17465,1.17526,2058,0,0
2025-12-16 09:00:00,1.17526,1.17545,1.17446,1.17525,2816,0,0
2025-12-16 10:00:00,1.17525,1.1764000000000001,1.1746699999999999,1.17543,4000,0,0
2025-12-16 11:00:00,1.17543,1.1762,1.175,1.17563,3486,0,0
2025-12-16 12:00:00,1.17563,1.17618,1.17537,1.17573,3106,0,0
2025-12-16 13:00:00,1.17573,1.17632,1.1751800000000001,1.17631,2438,0,0
2025-12-16 14:00:00,1.17631,1.17782,1.17606,1.17779,3100,0,0
2025-12-16 15:00:00,1.17779,1.17949,1.17571,1.17756,8135,0,0
2025-12-16 16:00:00,1.17756,1.18002,1.1769,1.17999,6709,0,0
2025-12-16 17:00:00,1.17999,1.1804000000000001,1.17675,1.17702,6426,0,0
2025-12-16 18:00:00,1.17702,1.17758,1.17614,1.1769,4467,0,0
2025-12-16 19:00:00,1.1769,1.17781,1.17627,1.1764000000000001,3408,0,0
2025-12-16 20:00:00,1.1764000000000001,1.17641,1.17454,1.1753,3526,0,0
2025-12-16 21:00:00,1.1753,1.17622,1.17346,1.17577,3712,0,0
2025-12-16 22:00:00,1.17577,1.1763,1.17463,1.17477,2867,1,0
2025-12-16 23:00:00,1.17476,1.17513,1.1745700000000001,1.17471,1326,1,0
2025-12-17 00:00:00,1.17447,1.17481,1.17447,1.17472,479,4,0
2025-12-17 01:00:00,1.17477,1.17515,1.17477,1.17494,722,0,0
2025-12-17 02:00:00,1.17494,1.17517,1.17453,1.17502,2073,0,0
2025-12-17 03:00:00,1.17502,1.17523,1.17451,1.17474,2616,0,0
2025-12-17 04:00:00,1.17474,1.17482,1.17375,1.174,2471,0,0
2025-12-17 05:00:00,1.174,1.17408,1.1737,1.17393,1929,0,0
2025-12-17 06:00:00,1.17393,1.17398,1.17279,1.17295,2045,0,0
2025-12-17 07:00:00,1.17295,1.1731,1.17249,1.1729,2270,0,0
2025-12-17 08:00:00,1.1729,1.1730800000000001,1.1706699999999999,1.171,3197,0,0
2025-12-17 09:00:00,1.171,1.17135,1.1703000000000001,1.17129,4710,0,0
2025-12-17 10:00:00,1.17129,1.17211,1.1706,1.1718899999999999,3519,0,0
2025-12-17 11:00:00,1.1718899999999999,1.17208,1.17118,1.1716,3682,0,0
2025-12-17 12:00:00,1.1716,1.17252,1.17131,1.17252,3149,0,0
2025-12-17 13:00:00,1.17252,1.1727400000000001,1.17079,1.1709100000000001,2928,0,0
2025-12-17 14:00:00,1.1709100000000001,1.17275,1.17086,1.17267,3329,0,0
2025-12-17 15:00:00,1.17267,1.17333,1.17201,1.17317,4744,0,0
2025-12-17 16:00:00,1.17317,1.17445,1.1728399999999999,1.17413,4636,0,0
2025-12-17 17:00:00,1.17413,1.17584,1.17405,1.1753,6080,0,0
2025-12-17 18:00:00,1.1753,1.17564,1.17456,1.17474,4739,0,0
2025-12-17 19:00:00,1.17474,1.17548,1.17456,1.17495,2903,0,0
2025-12-17 20:00:00,1.17495,1.17556,1.17426,1.17443,2704,0,0
2025-12-17 21:00:00,1.17443,1.17474,1.17414,1.17449,1991,0,0
2025-12-17 22:00:00,1.17449,1.17462,1.17385,1.17395,1800,1,0
2025-12-17 23:00:00,1.17395,1.17415,1.17386,1.174,1199,1,0
2025-12-18 00:00:00,1.17378,1.17429,1.17376,1.17401,367,4,0
2025-12-18 01:00:00,1.17401,1.17435,1.17401,1.17417,718,0,0
2025-12-18 02:00:00,1.17417,1.17459,1.17403,1.17441,2010,0,0
2025-12-18 03:00:00,1.17441,1.17455,1.17351,1.17385,2241,0,0
2025-12-18 04:00:00,1.17385,1.17428,1.17368,1.17409,2121,0,0
2025-12-18 05:00:00,1.17409,1.1742,1.17375,1.17394,1411,0,0
2025-12-18 06:00:00,1.17394,1.17431,1.17383,1.17429,1515,0,0
2025-12-18 07:00:00,1.17429,1.17468,1.17413,1.17458,1670,0,0
2025-12-18 08:00:00,1.17458,1.17473,1.1739,1.17442,2155,0,0
2025-12-18 09:00:00,1.17442,1.17496,1.17337,1.17339,3013,0,0
2025-12-18 10:00:00,1.17339,1.17373,1.17282,1.17324,3395,0,0
2025-12-18 11:00:00,1.17324,1.17328,1.17175,1.17221,3422,0,0
2025-12-18 12:00:00,1.17221,1.17268,1.17179,1.17249,2605,0,0
2025-12-18 13:00:00,1.17249,1.17273,1.17204,1.17208,2579,0,0
2025-12-18 14:00:00,1.17208,1.17235,1.17127,1.1714,3789,0,0
2025-12-18 15:00:00,1.1714,1.17631,1.17133,1.1747,8468,0,0
2025-12-18 16:00:00,1.1747,1.17559,1.17327,1.17349,7853,0,0
2025-12-18 17:00:00,1.17349,1.17405,1.17161,1.17273,5825,0,0
2025-12-18 18:00:00,1.17273,1.1746,1.17257,1.17282,4666,0,0
2025-12-18 19:00:00,1.17282,1.1729,1.17154,1.1718899999999999,4042,0,0
2025-12-18 20:00:00,1.1718899999999999,1.17249,1.17154,1.17195,2517,0,0
2025-12-18 21:00:00,1.17195,1.17277,1.1718,1.17251,2682,0,0
2025-12-18 22:00:00,1.17251,1.17277,1.17203,1.1722,2096,1,0
2025-12-18 23:00:00,1.1722,1.1724999999999999,1.17216,1.17231,1020,1,0
2025-12-19 00:00:00,1.17204,1.17246,1.17146,1.17229,1572,5,0
2025-12-19 01:00:00,1.17266,1.1727400000000001,1.17238,1.17249,840,0,0
2025-12-19 02:00:00,1.17249,1.17268,1.17218,1.17264,2104,0,0
2025-12-19 03:00:00,1.17264,1.17288,1.17207,1.17243,1862,0,0
2025-12-19 04:00:00,1.17243,1.17285,1.17214,1.17227,1844,0,0
2025-12-19 05:00:00,1.17227,1.17261,1.17184,1.17214,2338,0,0
2025-12-19 06:00:00,1.17214,1.17227,1.17155,1.17181,1434,0,0
2025-12-19 07:00:00,1.17181,1.17208,1.17178,1.17199,1471,0,0
2025-12-19 08:00:00,1.17199,1.17217,1.17119,1.17198,2714,0,0
2025-12-19 09:00:00,1.17198,1.17205,1.17035,1.17076,3460,0,0
2025-12-19 10:00:00,1.17076,1.1716199999999999,1.17064,1.17126,3375,0,0
2025-12-19 11:00:00,1.17126,1.17178,1.1709100000000001,1.17122,3676,0,0
2025-12-19 12:00:00,1.17122,1.17177,1.17088,1.17163,3091,0,0
2025-12-19 13:00:00,1.17163,1.17178,1.17078,1.17112,2790,0,0
2025-12-19 14:00:00,1.17112,1.1715200000000001,1.17077,1.17102,2907,0,0
2025-12-19 15:00:00,1.17102,1.17194,1.17031,1.17193,4095,0,0
2025-12-19 16:00:00,1.17193,1.17379,1.1718899999999999,1.17268,5001,0,0
2025-12-19 17:00:00,1.17268,1.17285,1.17095,1.17098,5171,0,0
2025-12-19 18:00:00,1.17098,1.17212,1.17085,1.1721,3551,0,0
2025-12-19 19:00:00,1.1721,1.17211,1.17135,1.17193,2388,0,0
2025-12-19 20:00:00,1.17193,1.17272,1.17182,1.17202,2591,0,0
2025-12-19 21:00:00,1.17202,1.17251,1.17166,1.17235,2110,0,0
2025-12-19 22:00:00,1.17231,1.17256,1.17063,1.17097,1765,1,0
2025-12-19 23:00:00,1.17097,1.17137,1.17061,1.17077,1499,1,0
2025-12-22 00:00:00,1.17151,1.1716199999999999,1.1710099999999999,1.17114,1307,6,0
2025-12-22 01:00:00,1.17114,1.17154,1.17064,1.17102,1711,0,0
2025-12-22 02:00:00,1.17102,1.17161,1.17095,1.17158,3285,0,0
2025-12-22 03:00:00,1.17158,1.17193,1.17136,1.17172,2364,0,0
2025-12-22 04:00:00,1.17172,1.17196,1.1715200000000001,1.17164,1618,0,0
2025-12-22 05:00:00,1.17164,1.17183,1.17135,1.17175,1693,0,0
2025-12-22 06:00:00,1.17175,1.17218,1.17163,1.17202,1448,0,0
2025-12-22 07:00:00,1.17202,1.1722,1.17157,1.17176,1465,0,0
2025-12-22 08:00:00,1.17176,1.17192,1.1713,1.1716,1831,0,0
2025-12-22 09:00:00,1.1716,1.1731,1.17149,1.17289,2608,0,0
2025-12-22 10:00:00,1.17289,1.17382,1.17233,1.17358,2835,0,0
2025-12-22 11:00:00,1.17358,1.17364,1.17277,1.17302,2716,0,0
2025-12-22 12:00:00,1.17302,1.17381,1.17291,1.17333,2608,0,0
2025-12-22 13:00:00,1.17333,1.17365,1.1729,1.1733500000000001,2040,0,0
2025-12-22 14:00:00,1.1733500000000001,1.17432,1.17333,1.17418,2830,0,0
2025-12-22 15:00:00,1.17418,1.17544,1.17418,1.17506,4203,0,0
2025-12-22 16:00:00,1.17506,1.17664,1.1745,1.17602,3956,0,0
2025-12-22 17:00:00,1.17602,1.17695,1.1757900000000001,1.17639,4189,0,0
2025-12-22 18:00:00,1.17639,1.17641,1.17482,1.17498,3006,0,0
2025-12-22 19:00:00,1.17498,1.17646,1.17494,1.17584,2475,0,0
2025-12-22 20:00:00,1.17584,1.17584,1.17495,1.17529,2157,0,0
2025-12-22 21:00:00,1.17529,1.1756,1.1749100000000001,1.17553,1740,0,0
2025-12-22 22:00:00,1.17553,1.1758899999999999,1.17521,1.1755200000000001,1490,1,0
2025-12-22 23:00:00,1.1755200000000001,1.17621,1.17546,1.1761300000000001,884,1,0
2025-12-23 00:00:00,1.17548,1.17609,1.17503,1.1758899999999999,962,10,0
2025-12-23 01:00:00,1.1758899999999999,1.17658,1.17587,1.17637,902,0,0
2025-12-23 02:00:00,1.17637,1.17703,1.17629,1.17693,1937,0,0
2025-12-23 03:00:00,1.17693,1.1776,1.17659,1.1773,2290,0,0
2025-12-23 04:00:00,1.1773,1.17805,1.17725,1.17776,1931,0,0
2025-12-23 05:00:00,1.17776,1.17791,1.17733,1.17766,1731,0,0
2025-12-23 06:00:00,1.17766,1.17792,1.17739,1.17755,2099,0,0
2025-12-23 07:00:00,1.17755,1.17797,1.17744,1.17753,2096,0,0
2025-12-23 08:00:00,1.17753,1.17765,1.17688,1.1771099999999999,1853,0,0
2025-12-23 09:00:00,1.1771099999999999,1.17814,1.17694,1.17786,3023,0,0
2025-12-23 10:00:00,1.17786,1.17844,1.17753,1.17844,3663,0,0
2025-12-23 11:00:00,1.17844,1.1792799999999999,1.17819,1.17925,3801,0,0
2025-12-23 12:00:00,1.17925,1.18003,1.17919,1.17991,2917,0,0
2025-12-23 13:00:00,1.17991,1.18001,1.17924,1.1796,2625,0,0
2025-12-23 14:00:00,1.1796,1.1802,1.1789100000000001,1.17898,2930,0,0
2025-12-23 15:00:00,1.17898,1.17939,1.17744,1.17749,5068,0,0
2025-12-23 16:00:00,1.17749,1.17795,1.17686,1.17697,4869,0,0
2025-12-23 17:00:00,1.17697,1.17791,1.17641,1.17742,4886,0,0
2025-12-23 18:00:00,1.17742,1.17804,1.17734,1.17756,3321,0,0
2025-12-23 19:00:00,1.17756,1.1779,1.17691,1.1771,2673,0,0
2025-12-23 20:00:00,1.1771,1.17831,1.17697,1.17829,2358,0,0
2025-12-23 21:00:00,1.17829,1.17913,1.17821,1.17901,2094,0,0
2025-12-23 22:00:00,1.17901,1.17937,1.1787,1.17895,1628,1,0
2025-12-23 23:00:00,1.17895,1.17967,1.17883,1.17931,1152,1,0
2025-12-24 00:00:00,1.17895,1.17938,1.17883,1.17934,923,1,0
2025-12-24 01:00:00,1.17934,1.17972,1.1792799999999999,1.17949,802,0,0
2025-12-24 02:00:00,1.17949,1.17991,1.17905,1.1799,2326,0,0
2025-12-24 03:00:00,1.1799,1.18063,1.17969,1.18052,2380,0,0
2025-12-24 04:00:00,1.18052,1.18079,1.17983,1.17984,1956,0,0
2025-12-24 05:00:00,1.17984,1.17986,1.17871,1.17876,1839,0,0
2025-12-24 06:00:00,1.17876,1.17933,1.1786,1.17913,1711,0,0
2025-12-24 07:00:00,1.17913,1.1802,1.17906,1.17991,1589,0,0
2025-12-24 08:00:00,1.17991,1.1804000000000001,1.17978,1.17998,2056,0,0
2025-12-24 09:00:00,1.17998,1.18019,1.17866,1.17892,2874,0,0
2025-12-24 10:00:00,1.17892,1.17994,1.17799,1.17994,3453,0,0
2025-12-24 11:00:00,1.17994,1.18009,1.17945,1.17996,2734,0,0
2025-12-24 12:00:00,1.17996,1.17999,1.1791,1.17963,2576,0,0
2025-12-24 13:00:00,1.17963,1.17985,1.17912,1.1793,2493,0,0
2025-12-24 14:00:00,1.1793,1.17933,1.17841,1.17844,2719,0,0
2025-12-24 15:00:00,1.17844,1.1791,1.17837,1.17856,3683,0,0
2025-12-24 16:00:00,1.17856,1.1787,1.17775,1.17808,3951,0,0
2025-12-24 17:00:00,1.17808,1.17826,1.17754,1.17782,3764,0,0
2025-12-24 18:00:00,1.17782,1.17809,1.1773,1.17793,3229,0,0
2025-12-24 19:00:00,1.17793,1.17831,1.17729,1.17769,2231,0,0
2025-12-24 20:00:00,1.17769,1.17798,1.17744,1.1779,1424,0,0
2025-12-24 21:00:00,1.1779,1.17822,1.17788,1.17817,882,0,0
2025-12-26 00:00:00,1.17751,1.17815,1.17744,1.17784,191,21,0
2025-12-26 01:00:00,1.17784,1.17846,1.1775,1.17839,2397,0,0
2025-12-26 02:00:00,1.17839,1.17919,1.17768,1.17861,3441,0,0
2025-12-26 03:00:00,1.17861,1.17916,1.1783,1.17874,2704,0,0
2025-12-26 04:00:00,1.17874,1.17938,1.17837,1.17923,2106,0,0
2025-12-26 05:00:00,1.17923,1.17927,1.17834,1.17845,1856,0,0
2025-12-26 06:00:00,1.17845,1.1787,1.178,1.1783299999999999,1667,0,0
2025-12-26 07:00:00,1.1783299999999999,1.17871,1.17804,1.1786,1645,0,0
2025-12-26 08:00:00,1.1786,1.17878,1.17717,1.17767,2611,0,0
2025-12-26 09:00:00,1.17767,1.1778,1.17703,1.1773,2835,0,0
2025-12-26 10:00:00,1.1773,1.17776,1.17667,1.1777,2597,0,0
2025-12-26 11:00:00,1.1777,1.17777,1.17686,1.17704,2200,0,0
2025-12-26 12:00:00,1.17704,1.1779600000000001,1.1769,1.1773,2338,0,0
2025-12-26 13:00:00,1.1773,1.17823,1.1773,1.17775,2171,0,0
2025-12-26 14:00:00,1.17775,1.17825,1.17729,1.17816,2418,0,0
2025-12-26 15:00:00,1.17816,1.17967,1.17815,1.17915,4320,0,0
2025-12-26 16:00:00,1.17915,1.17944,1.17812,1.17839,3909,0,0
2025-12-26 17:00:00,1.17839,1.17926,1.17717,1.17773,3653,0,0
2025-12-26 18:00:00,1.17773,1.17798,1.17622,1.17651,4423,0,0
2025-12-26 19:00:00,1.17651,1.17704,1.17616,1.1770100000000001,3673,0,0
2025-12-26 20:00:00,1.1770100000000001,1.17739,1.1769,1.17719,3800,0,0
2025-12-26 21:00:00,1.17719,1.17767,1.17693,1.17767,2941,0,0
2025-12-26 22:00:00,1.17768,1.17815,1.17722,1.17748,1783,1,0
2025-12-26 23:00:00,1.17748,1.17765,1.17657,1.17709,1636,1,0
2025-12-29 00:00:00,1.17636,1.17727,1.17636,1.17673,476,29,0
2025-12-29 01:00:00,1.17673,1.1778,1.17673,1.17727,1071,0,0
2025-12-29 02:00:00,1.17727,1.1784,1.17718,1.17797,2500,0,0
2025-12-29 03:00:00,1.17797,1.17863,1.17788,1.17841,2357,0,0
2025-12-29 04:00:00,1.17841,1.17854,1.17757,1.17758,2241,0,0
2025-12-29 05:00:00,1.17758,1.1776200000000001,1.17714,1.1773500000000001,1735,0,0
2025-12-29 06:00:00,1.1773500000000001,1.17736,1.17641,1.17646,1736,0,0
2025-12-29 07:00:00,1.17646,1.17646,1.17539,1.17561,2318,0,0
2025-12-29 08:00:00,1.17561,1.17696,1.17545,1.17696,2582,0,0
2025-12-29 09:00:00,1.17696,1.17792,1.17653,1.17771,3404,0,0
2025-12-29 10:00:00,1.17771,1.17886,1.1771099999999999,1.1784,3682,0,0
2025-12-29 11:00:00,1.1784,1.1789,1.17718,1.17765,3858,0,0
2025-12-29 12:00:00,1.17765,1.17801,1.17654,1.17661,3334,0,0
2025-12-29 13:00:00,1.17661,1.17712,1.17577,1.1766,3312,0,0
2025-12-29 14:00:00,1.1766,1.17692,1.17557,1.17618,3775,0,0
2025-12-29 15:00:00,1.17618,1.17739,1.17605,1.17698,4097,0,0
2025-12-29 16:00:00,1.17698,1.1789,1.1767,1.17832,4817,0,0
2025-12-29 17:00:00,1.17832,1.17866,1.17666,1.1768,5681,0,0
2025-12-29 18:00:00,1.1768,1.17682,1.17525,1.1756,4591,0,0
2025-12-29 19:00:00,1.1756,1.1757,1.17497,1.1752,2821,0,0
2025-12-29 20:00:00,1.1752,1.17591,1.17508,1.17574,2033,0,0
2025-12-29 21:00:00,1.17574,1.17683,1.17569,1.17673,1991,0,0
2025-12-29 22:00:00,1.17672,1.17706,1.17643,1.17706,2401,1,0
2025-12-29 23:00:00,1.17706,1.17747,1.177,1.17719,1195,1,0
2025-12-30 00:00:00,1.17657,1.17716,1.17626,1.17666,809,19,0
2025-12-30 01:00:00,1.17666,1.1774499999999999,1.17666,1.17725,943,0,0
2025-12-30 02:00:00,1.17725,1.17752,1.17715,1.17731,2146,0,0
2025-12-30 03:00:00,1.17731,1.17751,1.177,1.1775,2118,0,0
2025-12-30 04:00:00,1.1775,1.17764,1.17715,1.17734,2024,0,0
2025-12-30 05:00:00,1.17734,1.1776,1.17706,1.17726,1562,0,0
2025-12-30 06:00:00,1.17726,1.17778,1.17717,1.17771,1305,0,0
2025-12-30 07:00:00,1.17771,1.17791,1.1773,1.17752,1608,0,0
2025-12-30 08:00:00,1.17752,1.17798,1.1774,1.17786,2021,0,0
2025-12-30 09:00:00,1.17786,1.17787,1.17663,1.17706,2351,0,0
2025-12-30 10:00:00,1.17706,1.17753,1.17662,1.17672,3211,0,0
2025-12-30 11:00:00,1.17672,1.17778,1.17642,1.1769,2695,0,0
2025-12-30 12:00:00,1.1769,1.17774,1.17689,1.17737,2330,0,0
2025-12-30 13:00:00,1.17737,1.17767,1.17663,1.17669,2238,0,0
2025-12-30 14:00:00,1.17669,1.1768,1.17609,1.17619,2595,0,0
2025-12-30 15:00:00,1.17619,1.17678,1.17555,1.17633,4538,0,0
2025-12-30 16:00:00,1.17633,1.17644,1.17565,1.17634,4073,0,0
2025-12-30 17:00:00,1.17634,1.17664,1.17452,1.17597,4724,0,0
2025-12-30 18:00:00,1.17597,1.17667,1.17543,1.17648,4130,0,0
2025-12-30 19:00:00,1.17648,1.17667,1.1755200000000001,1.17561,2972,0,0
2025-12-30 20:00:00,1.17561,1.17595,1.17484,1.17503,2446,0,0
2025-12-30 21:00:00,1.17503,1.17529,1.17452,1.17466,2186,0,0
2025-12-30 22:00:00,1.17466,1.1750099999999999,1.17432,1.17438,1980,1,0
2025-12-30 23:00:00,1.17438,1.17486,1.17438,1.17478,828,1,0
2025-12-31 00:00:00,1.17442,1.17481,1.17412,1.17452,191,1,0
2025-12-31 01:00:00,1.17447,1.1749,1.17442,1.1745700000000001,598,0,0
2025-12-31 02:00:00,1.1745700000000001,1.17478,1.17443,1.17472,1297,0,0
2025-12-31 03:00:00,1.17472,1.1749,1.17419,1.17426,1964,0,0
2025-12-31 04:00:00,1.17426,1.17427,1.1739,1.17403,2262,0,0
2025-12-31 05:00:00,1.17403,1.17437,1.17394,1.17427,1423,0,0
2025-12-31 06:00:00,1.17427,1.1743000000000001,1.17332,1.17346,1416,0,0
2025-12-31 07:00:00,1.17346,1.17392,1.17343,1.17385,1965,0,0
2025-12-31 08:00:00,1.17385,1.1739600000000001,1.17332,1.17373,1960,0,0
2025-12-31 09:00:00,1.17373,1.17387,1.17299,1.1737,2934,0,0
2025-12-31 10:00:00,1.1737,1.17398,1.17202,1.17231,3230,0,0
2025-12-31 11:00:00,1.17231,1.17388,1.17202,1.1735,3108,0,0
2025-12-31 12:00:00,1.1735,1.17436,1.17288,1.17391,2997,0,0
2025-12-31 13:00:00,1.17391,1.17477,1.17363,1.17472,2682,0,0
2025-12-31 14:00:00,1.17472,1.17592,1.17472,1.17551,3088,0,0
2025-12-31 15:00:00,1.17551,1.17594,1.17416,1.17421,3788,0,0
2025-12-31 16:00:00,1.17421,1.17426,1.17275,1.17303,4441,0,0
2025-12-31 17:00:00,1.17303,1.17462,1.17204,1.1743999999999999,5990,0,0
2025-12-31 18:00:00,1.1743999999999999,1.17488,1.17289,1.17348,4735,0,0
2025-12-31 19:00:00,1.17348,1.17391,1.17314,1.17361,3314,0,0
2025-12-31 20:00:00,1.17361,1.17389,1.17303,1.17358,2935,0,0
2025-12-31 21:00:00,1.17358,1.17432,1.17358,1.1740599999999999,2385,0,0
2026-01-02 00:00:00,1.17451,1.17487,1.17411,1.17463,391,28,0
2026-01-02 01:00:00,1.17463,1.17509,1.1745700000000001,1.17508,771,0,0
2026-01-02 02:00:00,1.17508,1.17564,1.17499,1.1756199999999999,1402,0,0
2026-01-02 03:00:00,1.1756199999999999,1.17627,1.1756199999999999,1.17608,2287,0,0
2026-01-02 04:00:00,1.17608,1.17638,1.17582,1.17595,1948,0,0
2026-01-02 05:00:00,1.17595,1.1764999999999999,1.17593,1.17643,1606,0,0
2026-01-02 06:00:00,1.17643,1.1764999999999999,1.17553,1.17557,1750,0,0
2026-01-02 07:00:00,1.17557,1.1757900000000001,1.1751,1.17514,1612,0,0
2026-01-02 08:00:00,1.17514,1.17515,1.17416,1.1743999999999999,2115,0,0
2026-01-02 09:00:00,1.1743999999999999,1.17472,1.17324,1.1735,2906,0,0
2026-01-02 10:00:00,1.1735,1.17384,1.17241,1.17287,3983,0,0
2026-01-02 11:00:00,1.17287,1.17372,1.17208,1.17215,3370,0,0
2026-01-02 12:00:00,1.17215,1.17237,1.17132,1.1721,2809,0,0
2026-01-02 13:00:00,1.1721,1.17225,1.17154,1.1722,2414,0,0
2026-01-02 14:00:00,1.1722,1.17272,1.17208,1.17238,2499,0,0
2026-01-02 15:00:00,1.17238,1.1729,1.17184,1.17218,3970,0,0
2026-01-02 16:00:00,1.17218,1.17306,1.17157,1.17288,4166,0,0
2026-01-02 17:00:00,1.17288,1.17521,1.17285,1.17507,5218,0,0
2026-01-02 18:00:00,1.17507,1.17545,1.17342,1.17373,3970,0,0
2026-01-02 19:00:00,1.17373,1.17378,1.17286,1.1730800000000001,2989,0,0
2026-01-02 20:00:00,1.1730800000000001,1.17314,1.17155,1.17192,2881,0,0
2026-01-02 21:00:00,1.17192,1.17243,1.17142,1.17232,2460,0,0
2026-01-02 22:00:00,1.17232,1.17237,1.1715200000000001,1.17176,1808,1,0
2026-01-02 23:00:00,1.17176,1.17232,1.17172,1.1718899999999999,1178,1,0
2026-01-05 00:00:00,1.17204,1.17212,1.17093,1.171,826,1,0
2026-01-05 01:00:00,1.17115,1.1712799999999999,1.17003,1.17053,2082,0,0
2026-01-05 02:00:00,1.17053,1.17111,1.17037,1.17051,3270,0,0
2026-01-05 03:00:00,1.17051,1.17075,1.16998,1.17004,3231,0,0
2026-01-05 04:00:00,1.17004,1.17017,1.1684,1.16886,3100,0,0
2026-01-05 05:00:00,1.16886,1.16907,1.16724,1.16754,2723,0,0
2026-01-05 06:00:00,1.16754,1.1683,1.16732,1.16819,2289,0,0
2026-01-05 07:00:00,1.16819,1.16861,1.16804,1.16855,1861,0,0
2026-01-05 08:00:00,1.16855,1.16919,1.16785,1.1691,2283,0,0
2026-01-05 09:00:00,1.1691,1.16924,1.16837,1.16865,3684,0,0
2026-01-05 10:00:00,1.16865,1.16948,1.16812,1.16835,3756,0,0
2026-01-05 11:00:00,1.16835,1.1687400000000001,1.16741,1.16824,3125,0,0
2026-01-05 12:00:00,1.16824,1.169,1.16797,1.16899,3274,0,0
2026-01-05 13:00:00,1.16899,1.16909,1.16804,1.16817,3133,0,0
2026-01-05 14:00:00,1.16817,1.16851,1.1670099999999999,1.16709,3212,0,0
2026-01-05 15:00:00,1.16709,1.16753,1.16592,1.16745,4718,0,0
2026-01-05 16:00:00,1.16745,1.16876,1.16733,1.16853,5069,0,0
2026-01-05 17:00:00,1.16853,1.17046,1.16853,1.17046,5776,0,0
2026-01-05 18:00:00,1.17046,1.1718600000000001,1.17041,1.17148,4415,0,0
2026-01-05 19:00:00,1.17148,1.17198,1.1710099999999999,1.17147,3226,0,0
2026-01-05 20:00:00,1.17147,1.17254,1.17133,1.1724999999999999,2273,0,0
2026-01-05 21:00:00,1.1724999999999999,1.17287,1.1722,1.17272,2528,0,0
2026-01-05 22:00:00,1.17272,1.17288,1.17238,1.1724700000000001,1670,1,0
2026-01-05 23:00:00,1.1724700000000001,1.17266,1.17194,1.17214,1066,1,0
2026-01-06 00:00:00,1.17179,1.17216,1.17179,1.17187,242,1,0
2026-01-06 01:00:00,1.17187,1.17217,1.1712799999999999,1.17146,1078,0,0
2026-01-06 02:00:00,1.17146,1.1717,1.17108,1.17168,2163,0,0
2026-01-06 03:00:00,1.17168,1.17253,1.17123,1.17253,2903,0,0
2026-01-06 04:00:00,1.17253,1.17378,1.17221,1.17373,2366,0,0
2026-01-06 05:00:00,1.17373,1.17382,1.17327,1.1734499999999999,2458,0,0
2026-01-06 06:00:00,1.1734499999999999,1.17357,1.17315,1.17337,1784,0,0
2026-01-06 07:00:00,1.17337,1.1737,1.17272,1.1729,2102,0,0
2026-01-06 08:00:00,1.1729,1.17372,1.17288,1.17362,2146,0,0
2026-01-06 09:00:00,1.17362,1.17429,1.17261,1.17293,2979,0,0
2026-01-06 10:00:00,1.17293,1.17391,1.17261,1.17287,3746,0,0
2026-01-06 11:00:00,1.17287,1.17291,1.17082,1.17135,3667,0,0
2026-01-06 12:00:00,1.17135,1.17172,1.17084,1.17129,2823,0,0
2026-01-06 13:00:00,1.17129,1.17132,1.17049,1.17064,2600,0,0
2026-01-06 14:00:00,1.17064,1.17123,1.16975,1.17015,2983,0,0
2026-01-06 15:00:00,1.17015,1.17136,1.16973,1.1711,4111,0,0
2026-01-06 16:00:00,1.1711,1.17176,1.16995,1.1709100000000001,4636,0,0
2026-01-06 17:00:00,1.1709100000000001,1.1709100000000001,1.16841,1.16953,5532,0,0
2026-01-06 18:00:00,1.16953,1.16982,1.16859,1.16882,3867,0,0
2026-01-06 19:00:00,1.16882,1.1701,1.16869,1.17008,2542,0,0
2026-01-06 20:00:00,1.17008,1.17021,1.16871,1.1688399999999999,2678,0,0
2026-01-06 21:00:00,1.1688399999999999,1.1691,1.16839,1.16896,2743,0,0
2026-01-06 22:00:00,1.16896,1.16931,1.16865,1.1687,1824,1,0
2026-01-06 23:00:00,1.1687,1.16887,1.16846,1.16883,1170,1,0
2026-01-07 00:00:00,1.16834,1.1688399999999999,1.16834,1.16878,645,1,0
2026-01-07 01:00:00,1.16878,1.16904,1.16869,1.16872,739,0,0
2026-01-07 02:00:00,1.16872,1.16943,1.16856,1.16917,2522,0,0
2026-01-07 03:00:00,1.16917,1.17005,1.16899,1.16957,2530,0,0
2026-01-07 04:00:00,1.16957,1.17025,1.16952,1.16961,2043,0,0
2026-01-07 05:00:00,1.16961,1.17005,1.16961,1.16988,1816,0,0
2026-01-07 06:00:00,1.16988,1.17021,1.16912,1.16914,2254,0,0
2026-01-07 07:00:00,1.16914,1.16943,1.16911,1.1693,2051,0,0
2026-01-07 08:00:00,1.1693,1.16996,1.16921,1.16978,2000,0,0
2026-01-07 09:00:00,1.16978,1.16991,1.16788,1.16827,3061,0,0
2026-01-07 10:00:00,1.16827,1.16873,1.16729,1.16859,3705,0,0
2026-01-07 11:00:00,1.16859,1.1687,1.1681300000000001,1.16846,2784,0,0
2026-01-07 12:00:00,1.16846,1.1694,1.16837,1.16886,2960,0,0
2026-01-07 13:00:00,1.16886,1.16924,1.16852,1.16894,2531,0,0
2026-01-07 14:00:00,1.16894,1.16914,1.16812,1.16877,2710,0,0
2026-01-07 15:00:00,1.16877,1.16948,1.16826,1.1691799999999999,4155,0,0
2026-01-07 16:00:00,1.1691799999999999,1.16983,1.1687,1.16963,4265,0,0
2026-01-07 17:00:00,1.16963,1.16988,1.16802,1.16903,6553,0,0
2026-01-07 18:00:00,1.16903,1.16933,1.1682299999999999,1.16892,3253,0,0
2026-01-07 19:00:00,1.16892,1.16948,1.16863,1.16881,2813,0,0
2026-01-07 20:00:00,1.16881,1.16906,1.16826,1.16831,2161,0,0
2026-01-07 21:00:00,1.16831,1.16854,1.16787,1.16822,2474,0,0
2026-01-07 22:00:00,1.16822,1.16838,1.16788,1.16788,1991,1,0
2026-01-07 23:00:00,1.16788,1.16791,1.16736,1.1675200000000001,973,1,0
2026-01-08 00:00:00,1.16738,1.16774,1.16726,1.16768,251,2,0
2026-01-08 01:00:00,1.16768,1.16776,1.16751,1.1677,692,0,0
2026-01-08 02:00:00,1.1677,1.16781,1.16757,1.16757,1765,0,0
2026-01-08 03:00:00,1.16757,1.16781,1.16728,1.1675,2250,0,0
2026-01-08 04:00:00,1.1675,1.16807,1.16726,1.16803,2345,0,0
2026-01-08 05:00:00,1.16803,1.16829,1.16789,1.16801,2146,0,0
2026-01-08 06:00:00,1.16801,1.16812,1.16778,1.16806,1579,0,0
2026-01-08 07:00:00,1.16806,1.16829,1.16774,1.16824,1886,0,0
2026-01-08 08:00:00,1.16824,1.1683,1.16749,1.16816,2853,0,0
2026-01-08 09:00:00,1.16816,1.16828,1.16769,1.16778,2677,0,0
2026-01-08 10:00:00,1.16778,1.16791,1.1669100000000001,1.16715,3443,0,0
2026-01-08 11:00:00,1.16715,1.16769,1.16694,1.16767,2947,0,0
2026-01-08 12:00:00,1.16767,1.16821,1.16756,1.16798,2725,0,0
2026-01-08 13:00:00,1.16798,1.16804,1.16753,1.16775,2173,0,0
2026-01-08 14:00:00,1.16775,1.16778,1.16699,1.16732,2591,0,0
2026-01-08 15:00:00,1.16732,1.16778,1.16586,1.16629,3909,0,0
2026-01-08 16:00:00,1.16629,1.16667,1.16561,1.16645,4295,0,0
2026-01-08 17:00:00,1.16645,1.16738,1.16607,1.1666400000000001,4441,0,0
2026-01-08 18:00:00,1.1666400000000001,1.16677,1.16526,1.16547,3878,0,0
2026-01-08 19:00:00,1.16547,1.16559,1.16437,1.16506,3364,0,0
2026-01-08 20:00:00,1.16506,1.16534,1.16449,1.16454,2558,0,0
2026-01-08 21:00:00,1.16454,1.16507,1.16428,1.16501,2053,0,0
2026-01-08 22:00:00,1.16501,1.16545,1.16498,1.16511,1863,1,0
2026-01-08 23:00:00,1.16511,1.16626,1.16506,1.1659,1498,1,0
2026-01-09 00:00:00,1.16492,1.16598,1.16492,1.16587,304,3,0
2026-01-09 01:00:00,1.16586,1.16621,1.16565,1.16581,846,0,0
2026-01-09 02:00:00,1.16581,1.16581,1.16536,1.16539,1728,0,0
2026-01-09 03:00:00,1.16539,1.16573,1.16485,1.16491,2283,0,0
2026-01-09 04:00:00,1.16491,1.16547,1.1646,1.16543,2276,0,0
2026-01-09 05:00:00,1.16543,1.16591,1.16536,1.16564,1843,0,0
2026-01-09 06:00:00,1.16564,1.16571,1.16521,1.1654200000000001,1579,0,0
2026-01-09 07:00:00,1.1654200000000001,1.16564,1.16501,1.16509,1761,0,0
2026-01-09 08:00:00,1.16509,1.16529,1.1648399999999999,1.16492,2063,0,0
2026-01-09 09:00:00,1.16492,1.16507,1.16401,1.16506,2846,0,0
2026-01-09 10:00:00,1.16506,1.16529,1.16413,1.16488,3328,0,0
2026-01-09 11:00:00,1.16488,1.16503,1.1642299999999999,1.16426,2325,0,0
2026-01-09 12:00:00,1.16426,1.1647,1.16371,1.16469,2257,0,0
2026-01-09 13:00:00,1.16469,1.16471,1.16417,1.1646,2105,0,0
2026-01-09 14:00:00,1.1646,1.16461,1.16398,1.16415,2772,0,0
2026-01-09 15:00:00,1.16415,1.16607,1.16252,1.16451,7067,0,0
2026-01-09 16:00:00,1.16451,1.16525,1.163,1.16367,7181,0,0
2026-01-09 17:00:00,1.16367,1.16409,1.16183,1.16405,6402,0,0
2026-01-09 18:00:00,1.16405,1.16432,1.16281,1.16334,4167,0,0
2026-01-09 19:00:00,1.16334,1.16346,1.16277,1.16319,3185,0,0
2026-01-09 20:00:00,1.16319,1.16401,1.16311,1.16339,2461,0,0
2026-01-09 21:00:00,1.16339,1.16388,1.1633,1.16347,2046,0,0
2026-01-09 22:00:00,1.16347,1.16377,1.16339,1.16345,1250,1,0
2026-01-09 23:00:00,1.16345,1.16369,1.16295,1.16334,974,1,0
2026-01-12 00:00:00,1.16276,1.16337,1.16275,1.16293,420,19,0
2026-01-12 01:00:00,1.16293,1.16337,1.16232,1.16237,698,0,0
2026-01-12 02:00:00,1.16237,1.1665,1.16218,1.16648,4234,0,0
2026-01-12 03:00:00,1.16648,1.16713,1.16558,1.16562,3687,0,0
2026-01-12 04:00:00,1.16562,1.16643,1.1654200000000001,1.16549,2325,0,0
2026-01-12 05:00:00,1.16549,1.16593,1.16549,1.16553,1824,0,0
2026-01-12 06:00:00,1.16553,1.16584,1.1653,1.16557,1571,0,0
2026-01-12 07:00:00,1.16557,1.16711,1.16557,1.16692,2090,0,0
2026-01-12 08:00:00,1.16692,1.1673,1.1663999999999999,1.16698,2328,0,0
2026-01-12 09:00:00,1.16698,1.16876,1.16687,1.16848,3855,0,0
2026-01-12 10:00:00,1.16848,1.1691799999999999,1.1676199999999999,1.16883,4009,0,0
2026-01-12 11:00:00,1.16883,1.16957,1.16811,1.16818,3113,0,0
2026-01-12 12:00:00,1.16818,1.16855,1.16761,1.16854,2934,0,0
2026-01-12 13:00:00,1.16854,1.16895,1.16758,1.16788,2799,0,0
2026-01-12 14:00:00,1.16788,1.16875,1.16771,1.16814,3116,0,0
2026-01-12 15:00:00,1.16814,1.16984,1.1678,1.1693,4143,0,0
2026-01-12 16:00:00,1.1693,1.1693,1.16741,1.1677,5042,0,0
2026-01-12 17:00:00,1.1677,1.1686,1.16731,1.16811,4092,0,0
2026-01-12 18:00:00,1.16811,1.16822,1.16714,1.1672,3565,0,0
2026-01-12 19:00:00,1.1672,1.16761,1.16662,1.16685,3163,0,0
2026-01-12 20:00:00,1.16685,1.16715,1.16653,1.16689,1908,0,0
2026-01-12 21:00:00,1.16689,1.16739,1.16678,1.1672,1549,0,0
2026-01-12 22:00:00,1.1672,1.16732,1.1663000000000001,1.16651,1840,1,0
2026-01-12 23:00:00,1.1665,1.16688,1.16643,1.1666,1058,1,0
2026-01-13 00:00:00,1.16647,1.1669100000000001,1.16642,1.16679,376,6,0
2026-01-13 01:00:00,1.16679,1.16707,1.16655,1.16675,1016,0,0
2026-01-13 02:00:00,1.16675,1.16677,1.16608,1.16639,2153,0,0
2026-01-13 03:00:00,1.16639,1.16647,1.16561,1.16587,2340,0,0
2026-01-13 04:00:00,1.16587,1.16614,1.16568,1.16592,2011,0,0
2026-01-13 05:00:00,1.16592,1.16635,1.16567,1.16587,1579,0,0
2026-01-13 06:00:00,1.16587,1.16658,1.16585,1.16653,1885,0,0
2026-01-13 07:00:00,1.16653,1.16676,1.16618,1.16629,1828,0,0
2026-01-13 08:00:00,1.16629,1.16631,1.1654,1.16589,2475,0,0
2026-01-13 09:00:00,1.16589,1.16649,1.16559,1.16641,2719,0,0
2026-01-13 10:00:00,1.16641,1.16692,1.16587,1.1669100000000001,3283,0,0
2026-01-13 11:00:00,1.1669100000000001,1.16726,1.16637,1.16719,2686,0,0
2026-01-13 12:00:00,1.16719,1.16743,1.16652,1.16665,2475,0,0
2026-01-13 13:00:00,1.16665,1.16704,1.16647,1.16685,1922,0,0
2026-01-13 14:00:00,1.16685,1.1669100000000001,1.16532,1.16554,2692,0,0
2026-01-13 15:00:00,1.16554,1.16775,1.16504,1.16686,6444,0,0
2026-01-13 16:00:00,1.16686,1.1673499999999999,1.16576,1.16641,5387,0,0
2026-01-13 17:00:00,1.16641,1.16651,1.16441,1.16522,5240,0,0
2026-01-13 18:00:00,1.16522,1.16548,1.16343,1.1645699999999999,4037,0,0
2026-01-13 19:00:00,1.1645699999999999,1.16487,1.16413,1.16463,3176,0,0
2026-01-13 20:00:00,1.16463,1.16545,1.16417,1.16532,2519,0,0
2026-01-13 21:00:00,1.16532,1.16535,1.16459,1.16491,2702,0,0
2026-01-13 22:00:00,1.16492,1.16499,1.16451,1.16455,1858,1,0
2026-01-13 23:00:00,1.16454,1.16466,1.16422,1.1642299999999999,730,1,0
2026-01-14 00:00:00,1.16418,1.16439,1.16414,1.16436,302,5,0
2026-01-14 01:00:00,1.16436,1.1645699999999999,1.16419,1.16421,530,0,0
2026-01-14 02:00:00,1.16421,1.16437,1.16381,1.16429,1861,0,0
2026-01-14 03:00:00,1.16429,1.16432,1.16369,1.16383,1846,0,0
2026-01-14 04:00:00,1.16383,1.16444,1.16361,1.16435,1633,0,0
2026-01-14 05:00:00,1.16435,1.16488,1.16435,1.16469,1646,0,0
2026-01-14 06:00:00,1.16469,1.16483,1.16436,1.16443,1227,0,0
2026-01-14 07:00:00,1.16443,1.16453,1.16417,1.16419,1367,0,0
2026-01-14 08:00:00,1.16419,1.16503,1.16414,1.1649,1649,0,0
2026-01-14 09:00:00,1.1649,1.16521,1.16446,1.16463,2183,0,0
2026-01-14 10:00:00,1.16463,1.16504,1.16412,1.16475,3763,0,0
2026-01-14 11:00:00,1.16475,1.16538,1.16461,1.16517,2603,0,0
2026-01-14 12:00:00,1.16517,1.1658,1.1647,1.16551,2924,0,0
2026-01-14 13:00:00,1.16551,1.16551,1.16438,1.16471,2502,0,0
2026-01-14 14:00:00,1.16471,1.16601,1.16451,1.166,3367,0,0
2026-01-14 15:00:00,1.166,1.166,1.16449,1.16501,3909,0,0
2026-01-14 16:00:00,1.16501,1.16598,1.16488,1.16561,5221,0,0
2026-01-14 17:00:00,1.16561,1.16608,1.16495,1.166,5182,0,0
2026-01-14 18:00:00,1.166,1.16617,1.16527,1.16546,3791,0,0
2026-01-14 19:00:00,1.16546,1.16559,1.16455,1.16469,3489,0,0
2026-01-14 20:00:00,1.16469,1.16477,1.16382,1.16382,2871,0,0
2026-01-14 21:00:00,1.16382,1.16393,1.16352,1.1636199999999999,1968,0,0
2026-01-14 22:00:00,1.16363,1.16473,1.16363,1.16431,3164,1,0
2026-01-14 23:00:00,1.16432,1.16463,1.16421,1.16444,1351,1,0
2026-01-15 00:00:00,1.16402,1.1646,1.16402,1.16431,179,9,0
2026-01-15 01:00:00,1.16431,1.16471,1.16431,1.1645,899,0,0
2026-01-15 02:00:00,1.1645,1.1645699999999999,1.16356,1.16379,1795,0,0
2026-01-15 03:00:00,1.16379,1.16419,1.1633499999999999,1.16389,2584,0,0
2026-01-15 04:00:00,1.16389,1.16408,1.1636199999999999,1.16401,1766,0,0
2026-01-15 05:00:00,1.16401,1.16417,1.16369,1.16387,1696,0,0
2026-01-15 06:00:00,1.16387,1.16395,1.16342,1.16347,1206,0,0
2026-01-15 07:00:00,1.16347,1.16379,1.16336,1.16351,1669,0,0
2026-01-15 08:00:00,1.16351,1.16383,1.163,1.16332,2449,0,0
2026-01-15 09:00:00,1.16332,1.16365,1.1626,1.16289,2891,0,0
2026-01-15 10:00:00,1.16289,1.16354,1.16269,1.16308,2790,0,0
2026-01-15 11:00:00,1.16308,1.16398,1.16303,1.1636,3245,0,0
2026-01-15 12:00:00,1.1636,1.1641,1.16328,1.16357,2639,0,0
2026-01-15 13:00:00,1.16357,1.16381,1.16302,1.16311,2614,0,0
2026-01-15 14:00:00,1.16311,1.16352,1.16205,1.1623,2643,0,0
2026-01-15 15:00:00,1.1623,1.1625,1.1599,1.16015,5130,0,0
2026-01-15 16:00:00,1.16015,1.1610800000000001,1.15932,1.16011,5008,0,0
2026-01-15 17:00:00,1.16011,1.16095,1.15973,1.16024,4234,0,0
2026-01-15 18:00:00,1.16024,1.1611,1.15985,1.16046,3722,0,0
2026-01-15 19:00:00,1.16046,1.16138,1.16037,1.1609099999999999,2586,0,0
2026-01-15 20:00:00,1.1609099999999999,1.16153,1.1609099999999999,1.16148,2146,0,0
2026-01-15 21:00:00,1.16148,1.16174,1.16114,1.16137,2321,0,0
2026-01-15 22:00:00,1.16138,1.16155,1.16028,1.16042,1724,1,0
2026-01-15 23:00:00,1.16042,1.1610800000000001,1.16033,1.16089,1078,1,0
2026-01-16 00:00:00,1.16023,1.1608,1.16023,1.1607,202,15,0
2026-01-16 01:00:00,1.1607,1.16103,1.1607,1.16092,695,0,0
2026-01-16 02:00:00,1.16092,1.16097,1.16026,1.16037,1920,0,0
2026-01-16 03:00:00,1.16037,1.16087,1.16024,1.16069,1876,0,0
2026-01-16 04:00:00,1.16069,1.1614200000000001,1.16062,1.16097,2218,0,0
2026-01-16 05:00:00,1.16097,1.16126,1.1607,1.16121,1538,0,0
2026-01-16 06:00:00,1.16121,1.16137,1.16103,1.16109,1117,0,0
2026-01-16 07:00:00,1.16109,1.16113,1.1606,1.16069,1631,0,0
2026-01-16 08:00:00,1.16069,1.16099,1.16044,1.16095,1729,0,0
2026-01-16 09:00:00,1.16095,1.16146,1.1608100000000001,1.16123,2927,0,0
2026-01-16 10:00:00,1.16123,1.16146,1.16086,1.16093,3071,0,0
2026-01-16 11:00:00,1.16093,1.16153,1.1608100000000001,1.16083,2349,0,0
2026-01-16 12:00:00,1.16083,1.16176,1.1608100000000001,1.1613,2319,0,0
2026-01-16 13:00:00,1.1613,1.16234,1.16127,1.16192,2506,0,0
2026-01-16 14:00:00,1.16192,1.16222,1.16137,1.16191,2998,0,0
2026-01-16 15:00:00,1.16191,1.1621299999999999,1.1611799999999999,1.16185,3388,0,0
2026-01-16 16:00:00,1.16185,1.16208,1.16127,1.16185,3833,0,0
2026-01-16 17:00:00,1.16185,1.1627399999999999,1.15846,1.15937,7949,0,0
2026-01-16 18:00:00,1.15937,1.16059,1.15937,1.15985,5110,0,0
2026-01-16 19:00:00,1.15985,1.1602999999999999,1.1595,1.15958,3574,0,0
2026-01-16 20:00:00,1.15958,1.15994,1.15893,1.15955,2647,0,0
2026-01-16 21:00:00,1.15955,1.15973,1.15915,1.15963,2551,0,0
2026-01-16 22:00:00,1.15963,1.16022,1.15954,1.15995,1615,1,0
2026-01-16 23:00:00,1.15995,1.16023,1.15972,1.15985,1024,1,0
2026-01-19 00:00:00,1.15784,1.15865,1.15751,1.1583700000000001,639,4,0
2026-01-19 01:00:00,1.1583700000000001,1.16271,1.15793,1.16245,4238,0,0
2026-01-19 02:00:00,1.16245,1.16378,1.16048,1.1632,5516,0,0
2026-01-19 03:00:00,1.1632,1.16344,1.1622,1.16226,4032,0,0
2026-01-19 04:00:00,1.16226,1.1623999999999999,1.16159,1.16177,2909,0,0
2026-01-19 05:00:00,1.16177,1.16263,1.16162,1.16248,2516,0,0
2026-01-19 06:00:00,1.16248,1.16336,1.16246,1.16329,1855,0,0
2026-01-19 07:00:00,1.16329,1.16375,1.16269,1.16276,2148,0,0
2026-01-19 08:00:00,1.16276,1.1632500000000001,1.16251,1.16278,2225,0,0
2026-01-19 09:00:00,1.16278,1.16414,1.1623,1.16262,3887,0,0
2026-01-19 10:00:00,1.16262,1.16281,1.16186,1.16252,3801,0,0
2026-01-19 11:00:00,1.16252,1.1629800000000001,1.16112,1.16245,3711,0,0
2026-01-19 12:00:00,1.16245,1.16286,1.16221,1.16239,2949,0,0
2026-01-19 13:00:00,1.16239,1.16291,1.1620300000000001,1.16278,2389,0,0
2026-01-19 14:00:00,1.16278,1.16333,1.16251,1.16258,2808,0,0
2026-01-19 15:00:00,1.16258,1.16357,1.16258,1.1632,3073,0,0
2026-01-19 16:00:00,1.1632,1.16426,1.16302,1.16398,3246,0,0
2026-01-19 17:00:00,1.16398,1.16436,1.1632,1.16399,3812,0,0
2026-01-19 18:00:00,1.16399,1.16473,1.16378,1.16421,2479,0,0
2026-01-19 19:00:00,1.16421,1.16466,1.16399,1.16458,1730,0,0
2026-01-19 20:00:00,1.16458,1.16488,1.16432,1.16433,1282,0,0
2026-01-19 21:00:00,1.16433,1.16469,1.16425,1.16431,943,0,0
2026-01-19 22:00:00,1.16431,1.16453,1.16419,1.16452,670,1,0
2026-01-19 23:00:00,1.16452,1.16464,1.16428,1.16458,730,1,0
2026-01-20 00:00:00,1.16426,1.1647,1.1641,1.16453,164,1,0
2026-01-20 01:00:00,1.16453,1.16463,1.16384,1.16394,650,0,0
2026-01-20 02:00:00,1.16394,1.1641,1.16326,1.16403,2075,0,0
2026-01-20 03:00:00,1.16403,1.16441,1.1639,1.16437,2705,0,0
2026-01-20 04:00:00,1.16437,1.16464,1.16406,1.16445,1911,0,0
2026-01-20 05:00:00,1.16445,1.16587,1.16441,1.16566,2168,0,0
2026-01-20 06:00:00,1.16566,1.16665,1.16561,1.16655,2179,0,0
2026-01-20 07:00:00,1.16655,1.16726,1.16632,1.16634,2389,0,0
2026-01-20 08:00:00,1.16634,1.1669,1.16623,1.16685,3113,0,0
2026-01-20 09:00:00,1.16685,1.16938,1.16642,1.16887,4823,0,0
2026-01-20 10:00:00,1.16887,1.17218,1.16871,1.1716199999999999,7153,0,0
2026-01-20 11:00:00,1.1716199999999999,1.17329,1.17159,1.17262,5421,0,0
2026-01-20 12:00:00,1.17262,1.1732,1.17153,1.1731,4892,0,0
2026-01-20 13:00:00,1.1731,1.17389,1.17226,1.1735,4113,0,0
2026-01-20 14:00:00,1.1735,1.17436,1.17259,1.1726,4483,0,0
2026-01-20 15:00:00,1.1726,1.17689,1.1718600000000001,1.1733500000000001,8221,0,0
2026-01-20 16:00:00,1.1733500000000001,1.17371,1.17154,1.17194,8298,0,0
2026-01-20 17:00:00,1.17194,1.17371,1.17164,1.17273,6379,0,0
2026-01-20 18:00:00,1.17273,1.17392,1.17271,1.17388,5041,0,0
2026-01-20 19:00:00,1.17388,1.17426,1.17298,1.17317,4276,0,0
2026-01-20 20:00:00,1.17317,1.17343,1.17266,1.17268,2836,0,0
2026-01-20 21:00:00,1.17268,1.17281,1.17115,1.17123,3434,0,0
2026-01-20 22:00:00,1.17123,1.17205,1.17109,1.17195,3046,1,0
2026-01-20 23:00:00,1.17195,1.17268,1.17175,1.17262,1122,1,0
2026-01-21 00:00:00,1.17198,1.17253,1.1716199999999999,1.17219,263,1,0
2026-01-21 01:00:00,1.17219,1.1729,1.1721300000000001,1.17271,919,0,0
2026-01-21 02:00:00,1.17271,1.17271,1.17168,1.17239,2213,0,0
2026-01-21 03:00:00,1.17239,1.17343,1.17226,1.17292,3062,0,0
2026-01-21 04:00:00,1.17292,1.17316,1.17245,1.17266,2339,0,0
2026-01-21 05:00:00,1.17266,1.17291,1.17108,1.17188,2862,0,0
2026-01-21 06:00:00,1.17188,1.17203,1.17141,1.1718,2337,0,0
2026-01-21 07:00:00,1.1718,1.17216,1.17158,1.17176,1954,0,0
2026-01-21 08:00:00,1.17176,1.1724999999999999,1.17155,1.17239,2271,0,0
2026-01-21 09:00:00,1.17239,1.17256,1.1710099999999999,1.17171,4323,0,0
2026-01-21 10:00:00,1.17171,1.17187,1.17052,1.17102,4371,0,0
2026-01-21 11:00:00,1.17102,1.17129,1.17014,1.17035,3400,0,0
2026-01-21 12:00:00,1.17035,1.17086,1.17014,1.17069,3178,0,0
2026-01-21 13:00:00,1.17069,1.17204,1.1703999999999999,1.17143,3558,0,0
2026-01-21 14:00:00,1.17143,1.1736,1.17121,1.17348,3826,0,0
2026-01-21 15:00:00,1.17348,1.1743000000000001,1.17288,1.17395,4718,0,0
2026-01-21 16:00:00,1.17395,1.17408,1.17151,1.17248,8573,0,0
2026-01-21 17:00:00,1.17248,1.17285,1.1700599999999999,1.17023,7131,0,0
2026-01-21 18:00:00,1.17023,1.17108,1.16948,1.17034,5691,0,0
2026-01-21 19:00:00,1.17034,1.17116,1.16973,1.1703000000000001,4477,0,0
2026-01-21 20:00:00,1.1703000000000001,1.17035,1.16939,1.16971,3093,0,0
2026-01-21 21:00:00,1.16971,1.17054,1.16771,1.16914,6156,0,0
2026-01-21 22:00:00,1.16914,1.16919,1.1676199999999999,1.16867,3589,1,0
2026-01-21 23:00:00,1.16868,1.16897,1.1684,1.16875,1140,1,0
2026-01-22 00:00:00,1.16806,1.1685699999999999,1.16797,1.16841,384,10,0
2026-01-22 01:00:00,1.1685699999999999,1.1685699999999999,1.16699,1.16731,1274,0,0
2026-01-22 02:00:00,1.16731,1.16899,1.16729,1.16873,2879,0,0
2026-01-22 03:00:00,1.16873,1.16902,1.16815,1.16887,2757,0,0
2026-01-22 04:00:00,1.16887,1.16936,1.16833,1.16858,2234,0,0
2026-01-22 05:00:00,1.16858,1.16904,1.1685,1.16889,1646,0,0
2026-01-22 06:00:00,1.16889,1.16972,1.16888,1.16914,1710,0,0
2026-01-22 07:00:00,1.16914,1.16921,1.16845,1.16885,1882,0,0
2026-01-22 08:00:00,1.16885,1.16919,1.16845,1.16887,2394,0,0
2026-01-22 09:00:00,1.16887,1.1696,1.16849,1.16905,3438,0,0
2026-01-22 10:00:00,1.16905,1.1695,1.16842,1.16889,4067,0,0
2026-01-22 11:00:00,1.16889,1.16974,1.16877,1.16928,3567,0,0
2026-01-22 12:00:00,1.16928,1.16958,1.16868,1.16952,3020,0,0
2026-01-22 13:00:00,1.16952,1.17041,1.16905,1.17023,4370,0,0
2026-01-22 14:00:00,1.17023,1.17092,1.17002,1.17037,3732,0,0
2026-01-22 15:00:00,1.17037,1.17187,1.1703000000000001,1.17138,5346,0,0
2026-01-22 16:00:00,1.17138,1.17254,1.17108,1.17194,5270,0,0
2026-01-22 17:00:00,1.17194,1.17341,1.17187,1.17338,5480,0,0
2026-01-22 18:00:00,1.17338,1.17506,1.17334,1.17386,4795,0,0
2026-01-22 19:00:00,1.17386,1.1748,1.17271,1.17465,4389,0,0
2026-01-22 20:00:00,1.17465,1.17489,1.17432,1.17476,2634,0,0
2026-01-22 21:00:00,1.17476,1.17482,1.17412,1.1743999999999999,2284,0,0
2026-01-22 22:00:00,1.1743999999999999,1.17527,1.1742,1.17489,2063,1,0
2026-01-22 23:00:00,1.17489,1.17564,1.17471,1.17549,1640,1,0
2026-01-23 00:00:00,1.17476,1.17559,1.1746699999999999,1.17553,385,2,0
2026-01-23 01:00:00,1.1755200000000001,1.17592,1.17533,1.17539,1052,0,0
2026-01-23 02:00:00,1.17539,1.17539,1.17478,1.1748,2068,0,0
2026-01-23 03:00:00,1.1748,1.17537,1.17472,1.17494,2887,0,0
2026-01-23 04:00:00,1.17494,1.17502,1.17441,1.17454,2146,0,0
2026-01-23 05:00:00,1.17454,1.17489,1.17436,1.17437,2203,0,0
2026-01-23 06:00:00,1.17437,1.1751,1.17432,1.17498,1555,0,0
2026-01-23 07:00:00,1.17498,1.1754,1.17498,1.17511,1869,0,0
2026-01-23 08:00:00,1.17511,1.1752799999999999,1.17416,1.17421,2881,0,0
2026-01-23 09:00:00,1.17421,1.17476,1.1735,1.17362,5200,0,0
2026-01-23 10:00:00,1.17362,1.17452,1.1728399999999999,1.17401,5209,0,0
2026-01-23 11:00:00,1.17401,1.17452,1.17352,1.17355,4280,0,0
2026-01-23 12:00:00,1.17355,1.17362,1.17302,1.1734499999999999,3129,0,0
2026-01-23 13:00:00,1.1734499999999999,1.17405,1.17307,1.17376,3329,0,0
2026-01-23 14:00:00,1.17376,1.17443,1.17365,1.17423,3103,0,0
2026-01-23 15:00:00,1.17423,1.17473,1.17331,1.17342,3299,0,0
2026-01-23 16:00:00,1.17342,1.17481,1.1732,1.17462,4014,0,0
2026-01-23 17:00:00,1.17462,1.17614,1.17459,1.17582,4363,0,0
2026-01-23 18:00:00,1.17582,1.1775,1.17465,1.17706,5471,0,0
2026-01-23 19:00:00,1.17706,1.17988,1.1769,1.17944,7815,0,0
2026-01-23 20:00:00,1.17944,1.17956,1.17775,1.17923,5561,0,0
2026-01-23 21:00:00,1.17923,1.18149,1.17915,1.18116,4648,0,0
2026-01-23 22:00:00,1.18118,1.18265,1.181,1.18212,3835,1,0
2026-01-23 23:00:00,1.18213,1.18336,1.1821,1.18286,2379,1,0
2026-01-26 00:00:00,1.18574,1.18918,1.18496,1.18895,1196,1,0
2026-01-26 01:00:00,1.1889,1.18976,1.18544,1.18604,4610,0,0
2026-01-26 02:00:00,1.18604,1.18632,1.18447,1.18612,6036,0,0
2026-01-26 03:00:00,1.18612,1.18691,1.1855,1.18579,5844,0,0
2026-01-26 04:00:00,1.18579,1.18765,1.1856,1.18678,4690,0,0
2026-01-26 05:00:00,1.18678,1.18679,1.18583,1.18625,3360,0,0
2026-01-26 06:00:00,1.18625,1.18693,1.18557,1.18591,3191,0,0
2026-01-26 07:00:00,1.18591,1.18698,1.18581,1.18649,2732,0,0
2026-01-26 08:00:00,1.18649,1.18658,1.18508,1.18518,3683,0,0
2026-01-26 09:00:00,1.18518,1.18628,1.18365,1.1839,5110,0,0
2026-01-26 10:00:00,1.1839,1.1859899999999999,1.18384,1.18534,6221,0,0
2026-01-26 11:00:00,1.18534,1.18676,1.1842,1.18636,5254,0,0
2026-01-26 12:00:00,1.18636,1.18652,1.18537,1.18608,3703,0,0
2026-01-26 13:00:00,1.18608,1.18609,1.18487,1.18559,3487,0,0
2026-01-26 14:00:00,1.18559,1.18573,1.18403,1.18423,3736,0,0
2026-01-26 15:00:00,1.18423,1.18566,1.1835,1.1856,4545,0,0
2026-01-26 16:00:00,1.1856,1.18795,1.1852800000000001,1.1879,5259,0,0
2026-01-26 17:00:00,1.1879,1.18968,1.18705,1.18954,5804,0,0
2026-01-26 18:00:00,1.18954,1.1907,1.18801,1.18861,5788,0,0
2026-01-26 19:00:00,1.18861,1.18914,1.18749,1.1879,4298,0,0
2026-01-26 20:00:00,1.1879,1.18902,1.1878199999999999,1.18792,4270,0,0
2026-01-26 21:00:00,1.18792,1.18814,1.18705,1.18791,4396,0,0
2026-01-26 22:00:00,1.18792,1.18835,1.18773,1.18824,3021,1,0
2026-01-26 23:00:00,1.18823,1.18863,1.18739,1.18793,1564,1,0
2026-01-27 00:00:00,1.1873,1.18775,1.18727,1.1875,294,13,0
2026-01-27 01:00:00,1.18748,1.18813,1.18717,1.18739,1399,0,0
2026-01-27 02:00:00,1.18739,1.18826,1.18727,1.18772,2800,0,0
2026-01-27 03:00:00,1.18772,1.18814,1.18734,1.18787,2807,0,0
2026-01-27 04:00:00,1.18787,1.18993,1.18761,1.18935,2751,0,0
2026-01-27 05:00:00,1.18935,1.18935,1.18794,1.18799,2360,0,0
2026-01-27 06:00:00,1.18799,1.18826,1.187,1.18736,1957,0,0
2026-01-27 07:00:00,1.18736,1.18785,1.18719,1.18767,2139,0,0
2026-01-27 08:00:00,1.18767,1.18815,1.1871,1.1872099999999999,2641,0,0
2026-01-27 09:00:00,1.1872099999999999,1.1875499999999999,1.18612,1.18638,3763,0,0
2026-01-27 10:00:00,1.18638,1.18674,1.18505,1.18605,4049,0,0
2026-01-27 11:00:00,1.18605,1.1890100000000001,1.18588,1.18891,4350,0,0
2026-01-27 12:00:00,1.18891,1.1890100000000001,1.18743,1.1889,4861,0,0
2026-01-27 13:00:00,1.1889,1.1897199999999999,1.18853,1.18954,3518,0,0
2026-01-27 14:00:00,1.18954,1.19345,1.18942,1.19281,6255,0,0
2026-01-27 15:00:00,1.19281,1.19386,1.1914500000000001,1.19236,6926,0,0
2026-01-27 16:00:00,1.19236,1.19552,1.19183,1.19437,7341,0,0
2026-01-27 17:00:00,1.19437,1.19726,1.19436,1.19509,7970,0,0
2026-01-27 18:00:00,1.19509,1.19902,1.19498,1.19791,6890,0,0
2026-01-27 19:00:00,1.19791,1.19839,1.19589,1.1979899999999999,5759,0,0
2026-01-27 20:00:00,1.1979899999999999,1.19873,1.19719,1.1978,4384,0,0
2026-01-27 21:00:00,1.1978,1.1981,1.1971,1.19773,3218,0,0
2026-01-27 22:00:00,1.19771,1.20824,1.19716,1.20295,7075,1,0
2026-01-27 23:00:00,1.20296,1.20498,1.20231,1.204,5174,1,0
2026-01-28 00:00:00,1.20371,1.20412,1.20351,1.20396,653,3,0
2026-01-28 01:00:00,1.20419,1.20448,1.20164,1.2023,2655,0,0
2026-01-28 02:00:00,1.2023,1.20237,1.20081,1.20153,4869,0,0
2026-01-28 03:00:00,1.20153,1.20161,1.19929,1.1993,4460,0,0
2026-01-28 04:00:00,1.1993,1.1999900000000001,1.19873,1.19974,3462,0,0
2026-01-28 05:00:00,1.19974,1.2005,1.19953,1.1997200000000001,2828,0,0
2026-01-28 06:00:00,1.1997200000000001,1.20018,1.19915,1.20001,2309,0,0
2026-01-28 07:00:00,1.20001,1.20008,1.19751,1.19968,4399,0,0
2026-01-28 08:00:00,1.19968,1.2006999999999999,1.19906,1.19951,3600,0,0
2026-01-28 09:00:00,1.19951,1.20259,1.19845,1.19915,5837,0,0
2026-01-28 10:00:00,1.19915,1.20047,1.19707,1.19806,6454,0,0
2026-01-28 11:00:00,1.19806,1.19931,1.19752,1.19868,5094,0,0
2026-01-28 12:00:00,1.19868,1.1995,1.19727,1.19891,4610,0,0
2026-01-28 13:00:00,1.19891,1.19897,1.19619,1.19682,4263,0,0
2026-01-28 14:00:00,1.19682,1.19834,1.19662,1.1979899999999999,4493,0,0
2026-01-28 15:00:00,1.1979899999999999,1.19807,1.1952099999999999,1.19577,5370,0,0
2026-01-28 16:00:00,1.19577,1.19777,1.19528,1.19627,5873,0,0
2026-01-28 17:00:00,1.19627,1.19702,1.19235,1.19437,12151,0,0
2026-01-28 18:00:00,1.19437,1.19527,1.19191,1.19407,7218,0,0
2026-01-28 19:00:00,1.19407,1.19433,1.19279,1.19411,3985,0,0
2026-01-28 20:00:00,1.19411,1.19424,1.1914500000000001,1.19218,4588,0,0
2026-01-28 21:00:00,1.19218,1.19417,1.1896,1.19403,9262,0,0
2026-01-28 22:00:00,1.19402,1.19502,1.19292,1.19455,5215,1,0
2026-01-28 23:00:00,1.19457,1.1954,1.19417,1.19535,2001,1,0
2026-01-29 00:00:00,1.19518,1.19566,1.19498,1.19551,245,1,0
2026-01-29 01:00:00,1.19551,1.19809,1.19522,1.19809,2940,0,0
2026-01-29 02:00:00,1.19809,1.19852,1.19692,1.19737,4399,0,0
2026-01-29 03:00:00,1.19737,1.19737,1.19568,1.19615,4488,0,0
2026-01-29 04:00:00,1.19615,1.19759,1.19533,1.19731,3672,0,0
2026-01-29 05:00:00,1.19731,1.19869,1.19705,1.19865,3180,0,0
2026-01-29 06:00:00,1.19865,1.19907,1.1975500000000001,1.199,3081,0,0
2026-01-29 07:00:00,1.199,1.19937,1.19806,1.19814,2790,0,0
2026-01-29 08:00:00,1.19814,1.1989,1.1975500000000001,1.19844,3449,0,0
2026-01-29 09:00:00,1.19844,1.19963,1.19674,1.19741,4889,0,0
2026-01-29 10:00:00,1.19741,1.19857,1.19614,1.19684,6405,0,0
2026-01-29 11:00:00,1.19684,1.19744,1.19517,1.1956,5065,0,0
2026-01-29 12:00:00,1.1956,1.19578,1.1939,1.19424,4611,0,0
2026-01-29 13:00:00,1.19424,1.19531,1.19381,1.1947,4168,0,0
2026-01-29 14:00:00,1.1947,1.19621,1.1942300000000001,1.19612,4117,0,0
2026-01-29 15:00:00,1.19612,1.19708,1.19405,1.19563,6921,0,0
2026-01-29 16:00:00,1.19563,1.19716,1.19524,1.19703,7319,0,0
2026-01-29 17:00:00,1.19703,1.19727,1.1905999999999999,1.19296,13453,0,0
2026-01-29 18:00:00,1.19296,1.19529,1.19272,1.19425,8741,0,0
2026-01-29 19:00:00,1.19425,1.19617,1.19425,1.19559,6657,0,0
2026-01-29 20:00:00,1.19559,1.19651,1.19485,1.19581,5543,0,0
2026-01-29 21:00:00,1.19581,1.19607,1.19501,1.19514,4168,0,0
2026-01-29 22:00:00,1.1951100000000001,1.19683,1.19457,1.19647,3163,1,0
2026-01-29 23:00:00,1.19648,1.19713,1.19619,1.19707,1892,1,0
2026-01-30 00:00:00,1.19607,1.19696,1.19607,1.1968,428,8,0
2026-01-30 01:00:00,1.19675,1.19748,1.19651,1.19675,1514,0,0
2026-01-30 02:00:00,1.19675,1.19733,1.19301,1.19321,5486,0,0
2026-01-30 03:00:00,1.19321,1.19396,1.19144,1.1917200000000001,6248,0,0
2026-01-30 04:00:00,1.1917200000000001,1.19262,1.1895,1.19187,7362,0,0
2026-01-30 05:00:00,1.19187,1.19231,1.19133,1.192,4515,0,0
2026-01-30 06:00:00,1.192,1.19344,1.1919,1.19244,3317,0,0
2026-01-30 07:00:00,1.19244,1.19351,1.19147,1.19247,3267,0,0
2026-01-30 08:00:00,1.19247,1.19331,1.19142,1.19192,4908,0,0
2026-01-30 09:00:00,1.19192,1.19425,1.19147,1.19378,5842,0,0
2026-01-30 10:00:00,1.19378,1.19431,1.19236,1.19335,5591,0,0
2026-01-30 11:00:00,1.19335,1.19376,1.18984,1.19087,6806,0,0
2026-01-30 12:00:00,1.19087,1.19254,1.19048,1.19212,5202,0,0
2026-01-30 13:00:00,1.19212,1.19507,1.1920600000000001,1.19492,5329,0,0
2026-01-30 14:00:00,1.19492,1.19546,1.19153,1.19195,5561,0,0
2026-01-30 15:00:00,1.19195,1.19247,1.1902,1.19128,7643,0,0
2026-01-30 16:00:00,1.19128,1.19213,1.1901,1.19068,7844,0,0
2026-01-30 17:00:00,1.19068,1.19068,1.1883,1.18951,10353,0,0
2026-01-30 18:00:00,1.18951,1.18978,1.18717,1.18859,8017,0,0
2026-01-30 19:00:00,1.18859,1.18875,1.18668,1.18726,7198,0,0
2026-01-30 20:00:00,1.18726,1.18846,1.18547,1.18784,8763,0,0
2026-01-30 21:00:00,1.18784,1.18851,1.18644,1.18693,6468,0,0
2026-01-30 22:00:00,1.18692,1.18692,1.18529,1.18529,4420,1,0
2026-01-30 23:00:00,1.1853,1.18566,1.18499,1.18505,2585,1,0
2026-02-02 00:00:00,1.18473,1.18527,1.18445,1.18486,476,10,0
2026-02-02 01:00:00,1.18486,1.18569,1.18395,1.18463,4697,0,0
2026-02-02 02:00:00,1.18463,1.18748,1.18463,1.18666,6458,0,0
2026-02-02 03:00:00,1.18666,1.18727,1.1853,1.18705,6643,0,0
2026-02-02 04:00:00,1.18705,1.18748,1.18631,1.18634,4859,0,0
2026-02-02 05:00:00,1.18634,1.18717,1.18631,1.18643,3976,0,0
2026-02-02 06:00:00,1.18643,1.18727,1.18583,1.18634,3499,0,0
2026-02-02 07:00:00,1.18634,1.18639,1.18412,1.18508,3992,0,0
2026-02-02 08:00:00,1.18508,1.18548,1.18434,1.1854,5327,0,0
2026-02-02 09:00:00,1.1854,1.18635,1.18517,1.18537,5904,0,0
2026-02-02 10:00:00,1.18537,1.18667,1.18437,1.18509,6309,0,0
2026-02-02 11:00:00,1.18509,1.18652,1.18447,1.18624,5312,0,0
2026-02-02 12:00:00,1.18624,1.18704,1.18586,1.18648,4577,0,0
2026-02-02 13:00:00,1.18648,1.18714,1.18607,1.18647,3910,0,0
2026-02-02 14:00:00,1.18647,1.18701,1.18431,1.185,4991,0,0
2026-02-02 15:00:00,1.185,1.18504,1.18182,1.1821,6473,0,0
2026-02-02 16:00:00,1.1821,1.18298,1.18056,1.18217,6848,0,0
2026-02-02 17:00:00,1.18217,1.18217,1.17906,1.17925,9331,0,0
2026-02-02 18:00:00,1.17925,1.18079,1.17904,1.18066,6447,0,0
2026-02-02 19:00:00,1.18066,1.18124,1.17951,1.18002,4862,0,0
2026-02-02 20:00:00,1.18002,1.18015,1.17778,1.17799,4590,0,0
2026-02-02 21:00:00,1.17799,1.17914,1.17761,1.17887,3598,0,0
2026-02-02 22:00:00,1.17888,1.17922,1.17802,1.17912,2878,1,0
2026-02-02 23:00:00,1.17913,1.17946,1.17885,1.17893,1525,1,0
2026-02-03 00:00:00,1.17842,1.17923,1.17808,1.17887,725,16,0
2026-02-03 01:00:00,1.17883,1.1799,1.17871,1.1798899999999999,1456,0,0
2026-02-03 02:00:00,1.1798899999999999,1.18072,1.17981,1.18063,2994,0,0
2026-02-03 03:00:00,1.18063,1.18149,1.1801599999999999,1.1814,3058,0,0
2026-02-03 04:00:00,1.1814,1.18144,1.18007,1.18017,2413,0,0
2026-02-03 05:00:00,1.18017,1.18127,1.18011,1.18093,3072,0,0
2026-02-03 06:00:00,1.18093,1.18167,1.18087,1.18094,2605,0,0
2026-02-03 07:00:00,1.18094,1.18132,1.18051,1.18089,2303,0,0
2026-02-03 08:00:00,1.18089,1.18163,1.18079,1.18136,2491,0,0
2026-02-03 09:00:00,1.18136,1.18247,1.181,1.18154,4137,0,0
2026-02-03 10:00:00,1.18154,1.18194,1.18039,1.1813,4573,0,0
2026-02-03 11:00:00,1.1813,1.18163,1.17922,1.17923,4635,0,0
2026-02-03 12:00:00,1.17923,1.17998,1.17869,1.17873,3715,0,0
2026-02-03 13:00:00,1.17873,1.17949,1.17829,1.17873,3616,0,0
2026-02-03 14:00:00,1.17873,1.18001,1.17868,1.17965,3618,0,0
2026-02-03 15:00:00,1.17965,1.18067,1.1792799999999999,1.1796,4975,0,0
2026-02-03 16:00:00,1.1796,1.18012,1.17802,1.17913,6127,0,0
2026-02-03 17:00:00,1.17913,1.18138,1.17863,1.18129,6652,0,0
2026-02-03 18:00:00,1.18129,1.18214,1.18102,1.1818,5548,0,0
2026-02-03 19:00:00,1.1818,1.1829,1.18138,1.18164,5552,0,0
2026-02-03 20:00:00,1.18164,1.18224,1.18093,1.18093,4594,0,0
2026-02-03 21:00:00,1.18093,1.18171,1.18059,1.18134,3777,0,0
2026-02-03 22:00:00,1.18139,1.18218,1.18094,1.18209,3148,1,0
2026-02-03 23:00:00,1.18209,1.18252,1.18171,1.18176,1398,1,0
2026-02-04 00:00:00,1.18121,1.1819600000000001,1.18114,1.18153,738,14,0
2026-02-04 01:00:00,1.18161,1.18205,1.18123,1.18155,1101,0,0
2026-02-04 02:00:00,1.18155,1.18177,1.18089,1.18142,2890,0,0
2026-02-04 03:00:00,1.18142,1.18319,1.18124,1.18262,3806,0,0
2026-02-04 04:00:00,1.18262,1.18316,1.1819,1.1822300000000001,2898,0,0
2026-02-04 05:00:00,1.1822300000000001,1.18282,1.18208,1.1827,2307,0,0
2026-02-04 06:00:00,1.1827,1.18358,1.18254,1.1835499999999999,1891,0,0
2026-02-04 07:00:00,1.1835499999999999,1.18363,1.18309,1.18329,1899,0,0
2026-02-04 08:00:00,1.18329,1.18363,1.1829,1.18298,2725,0,0
2026-02-04 09:00:00,1.18298,1.1834,1.18243,1.1832,3732,0,0
2026-02-04 10:00:00,1.1832,1.1837900000000001,1.18239,1.18287,4485,0,0
2026-02-04 11:00:00,1.18287,1.1832799999999999,1.18113,1.18139,4107,0,0
2026-02-04 12:00:00,1.18139,1.1818,1.18047,1.18134,3590,0,0
2026-02-04 13:00:00,1.18134,1.18154,1.18061,1.18105,3436,0,0
2026-02-04 14:00:00,1.18105,1.18248,1.18096,1.18216,3319,0,0
2026-02-04 15:00:00,1.18216,1.18268,1.18115,1.18224,5291,0,0
2026-02-04 16:00:00,1.18224,1.1825700000000001,1.18024,1.18149,6660,0,0
2026-02-04 17:00:00,1.18149,1.1822300000000001,1.17935,1.17965,7237,0,0
2026-02-04 18:00:00,1.17965,1.18056,1.17907,1.18025,6249,0,0
2026-02-04 19:00:00,1.18025,1.1815,1.17945,1.17978,6155,0,0
2026-02-04 20:00:00,1.17978,1.18017,1.17949,1.18009,4475,0,0
2026-02-04 21:00:00,1.18009,1.18095,1.17947,1.1809,4259,0,0
2026-02-04 22:00:00,1.1809,1.18096,1.18017,1.18035,2761,1,0
2026-02-04 23:00:00,1.18038,1.18079,1.18024,1.18049,1568,1,0
2026-02-05 00:00:00,1.1801300000000001,1.18075,1.18,1.18052,387,9,0
2026-02-05 01:00:00,1.18052,1.18072,1.18004,1.18015,1060,0,0
2026-02-05 02:00:00,1.18015,1.18047,1.17996,1.18044,2240,0,0
2026-02-05 03:00:00,1.18044,1.18083,1.1802,1.18039,2954,0,0
2026-02-05 04:00:00,1.18039,1.18054,1.17849,1.17858,4204,0,0
2026-02-05 05:00:00,1.17858,1.17909,1.17829,1.17896,3495,0,0
2026-02-05 06:00:00,1.17896,1.1791,1.17866,1.17879,1945,0,0
2026-02-05 07:00:00,1.17879,1.17903,1.17845,1.17901,2083,0,0
2026-02-05 08:00:00,1.17901,1.17916,1.17848,1.17906,2994,0,0
2026-02-05 09:00:00,1.17906,1.18035,1.17904,1.1799,3880,0,0
2026-02-05 10:00:00,1.1799,1.18089,1.17957,1.18029,4862,0,0
2026-02-05 11:00:00,1.18029,1.1803,1.17805,1.17809,4152,0,0
2026-02-05 12:00:00,1.17809,1.17919,1.17805,1.17878,2973,0,0
2026-02-05 13:00:00,1.17878,1.17954,1.17863,1.17937,3071,0,0
2026-02-05 14:00:00,1.17937,1.18036,1.17855,1.17996,6814,0,0
2026-02-05 15:00:00,1.17996,1.18155,1.17905,1.18117,7770,0,0
2026-02-05 16:00:00,1.18117,1.18217,1.17957,1.17983,7999,0,0
2026-02-05 17:00:00,1.17983,1.18116,1.17819,1.17912,8577,0,0
2026-02-05 18:00:00,1.17912,1.18037,1.1785,1.18012,5903,0,0
2026-02-05 19:00:00,1.18012,1.18043,1.1796,1.18008,4414,0,0
2026-02-05 20:00:00,1.18008,1.18029,1.17923,1.17937,2940,0,0
2026-02-05 21:00:00,1.17937,1.17975,1.17926,1.17941,2526,0,0
2026-02-05 22:00:00,1.17941,1.17947,1.1779600000000001,1.17807,2977,1,0
2026-02-05 23:00:00,1.17807,1.17843,1.17748,1.17779,2288,1,0
2026-02-06 00:00:00,1.17737,1.17822,1.17737,1.17802,403,8,0
2026-02-06 01:00:00,1.17802,1.17813,1.17749,1.17766,1885,0,0
2026-02-06 02:00:00,1.17766,1.17834,1.1766,1.17828,3882,0,0
2026-02-06 03:00:00,1.17828,1.17882,1.17787,1.17852,3693,0,0
2026-02-06 04:00:00,1.17852,1.17916,1.17849,1.17879,2694,0,0
2026-02-06 05:00:00,1.17879,1.17904,1.17858,1.17878,1725,0,0
2026-02-06 06:00:00,1.17878,1.17963,1.17872,1.17953,1522,0,0
2026-02-06 07:00:00,1.17953,1.18014,1.17947,1.17982,1885,0,0
2026-02-06 08:00:00,1.17982,1.18017,1.17944,1.17972,2631,0,0
2026-02-06 09:00:00,1.17972,1.17978,1.17889,1.17914,2936,0,0
2026-02-06 10:00:00,1.17914,1.17959,1.17859,1.17923,4119,0,0
2026-02-06 11:00:00,1.17923,1.17983,1.17904,1.1792,3565,0,0
2026-02-06 12:00:00,1.1792,1.17998,1.17898,1.1792,2769,0,0
2026-02-06 13:00:00,1.1792,1.17933,1.17858,1.17902,3021,0,0
2026-02-06 14:00:00,1.17902,1.17933,1.17882,1.17927,2594,0,0
2026-02-06 15:00:00,1.17927,1.1811099999999999,1.17923,1.18103,3727,0,0
2026-02-06 16:00:00,1.18103,1.18263,1.18099,1.18213,5185,0,0
2026-02-06 17:00:00,1.18213,1.18243,1.18054,1.18193,5216,0,0
2026-02-06 18:00:00,1.18193,1.18217,1.18102,1.18124,4074,0,0
2026-02-06 19:00:00,1.18124,1.18207,1.18104,1.18179,3027,0,0
2026-02-06 20:00:00,1.18179,1.18229,1.18176,1.18191,2237,0,0
2026-02-06 21:00:00,1.18191,1.18213,1.18145,1.18193,1958,0,0
2026-02-06 22:00:00,1.18193,1.18229,1.18183,1.1822,1502,1,0
2026-02-06 23:00:00,1.18221,1.1824,1.18133,1.18147,1359,1,0
2026-02-09 00:00:00,1.1803,1.18156,1.1803,1.18136,704,12,0
2026-02-09 01:00:00,1.18136,1.18278,1.18098,1.18268,2703,0,0
2026-02-09 02:00:00,1.18268,1.18335,1.18239,1.18307,3877,0,0
2026-02-09 03:00:00,1.18307,1.18338,1.1825,1.1825700000000001,3034,0,0
2026-02-09 04:00:00,1.1825700000000001,1.18259,1.18163,1.1819600000000001,2348,0,0
2026-02-09 05:00:00,1.1819600000000001,1.1825,1.18186,1.18191,1906,0,0
2026-02-09 06:00:00,1.18191,1.1826699999999999,1.18191,1.18265,1408,0,0
2026-02-09 07:00:00,1.18265,1.18363,1.1825700000000001,1.18334,1612,0,0
2026-02-09 08:00:00,1.18334,1.18578,1.18331,1.18521,4564,0,0
2026-02-09 09:00:00,1.18521,1.186,1.18472,1.18561,4234,0,0
2026-02-09 10:00:00,1.18561,1.18647,1.18518,1.18642,4108,0,0
2026-02-09 11:00:00,1.18642,1.187,1.18603,1.1862300000000001,3394,0,0
2026-02-09 12:00:00,1.1862300000000001,1.18697,1.18553,1.18602,3818,0,0
2026-02-09 13:00:00,1.18602,1.1872,1.18558,1.18692,3956,0,0
2026-02-09 14:00:00,1.18692,1.1883,1.18692,1.18813,3790,0,0
2026-02-09 15:00:00,1.18813,1.19056,1.18813,1.19036,6058,0,0
2026-02-09 16:00:00,1.19036,1.19185,1.19027,1.19184,7035,0,0
2026-02-09 17:00:00,1.19184,1.19268,1.19035,1.1912099999999999,6063,0,0
2026-02-09 18:00:00,1.1912099999999999,1.19178,1.18931,1.18973,4625,0,0
2026-02-09 19:00:00,1.18973,1.19108,1.18973,1.19085,2993,0,0
2026-02-09 20:00:00,1.19085,1.1917200000000001,1.19038,1.19159,3065,0,0
2026-02-09 21:00:00,1.19159,1.19222,1.19124,1.19202,2785,0,0
2026-02-09 22:00:00,1.19202,1.19212,1.1914,1.19146,1853,1,0
2026-02-09 23:00:00,1.1914500000000001,1.19157,1.19107,1.19152,1380,1,0
2026-02-10 00:00:00,1.19096,1.19143,1.19071,1.19109,303,16,0
2026-02-10 01:00:00,1.19109,1.19148,1.19016,1.19036,1139,0,0
2026-02-10 02:00:00,1.19036,1.19057,1.18986,1.19019,2338,0,0
2026-02-10 03:00:00,1.19019,1.19104,1.18968,1.19058,2748,0,0
2026-02-10 04:00:00,1.19058,1.19143,1.19058,1.19136,2202,0,0
2026-02-10 05:00:00,1.19136,1.1917200000000001,1.19102,1.19117,2199,0,0
2026-02-10 06:00:00,1.19117,1.1913,1.1905999999999999,1.19069,1673,0,0
2026-02-10 07:00:00,1.19069,1.19105,1.1904,1.19075,1630,0,0
2026-02-10 08:00:00,1.19075,1.19132,1.19012,1.1903299999999999,2442,0,0
2026-02-10 09:00:00,1.1903299999999999,1.19105,1.18995,1.19086,3231,0,0
2026-02-10 10:00:00,1.19086,1.19151,1.18998,1.19091,3958,0,0
2026-02-10 11:00:00,1.19091,1.19198,1.19082,1.19144,3309,0,0
2026-02-10 12:00:00,1.19144,1.19177,1.19093,1.191,3019,0,0
2026-02-10 13:00:00,1.191,1.19108,1.1901,1.19037,2328,0,0
2026-02-10 14:00:00,1.19037,1.19087,1.18913,1.18931,3790,0,0
2026-02-10 15:00:00,1.18931,1.19134,1.18887,1.19053,5563,0,0
2026-02-10 16:00:00,1.19053,1.19288,1.19029,1.1915,6164,0,0
2026-02-10 17:00:00,1.1915,1.19193,1.18967,1.19139,6333,0,0
2026-02-10 18:00:00,1.19139,1.19149,1.18967,1.18977,4691,0,0
2026-02-10 19:00:00,1.18977,1.19053,1.18933,1.18957,3346,0,0
2026-02-10 20:00:00,1.18957,1.18983,1.18906,1.18925,2850,0,0
2026-02-10 21:00:00,1.18925,1.19025,1.1886700000000001,1.1902300000000001,2250,0,0
2026-02-10 22:00:00,1.19022,1.19032,1.18946,1.18952,2163,1,0
2026-02-10 23:00:00,1.18952,1.18966,1.18925,1.18948,1260,1,0
2026-02-11 00:00:00,1.18904,1.18945,1.18899,1.18902,527,12,0
2026-02-11 01:00:00,1.18902,1.18916,1.18868,1.18879,816,0,0
2026-02-11 02:00:00,1.18879,1.19005,1.18863,1.18969,2537,0,0
2026-02-11 03:00:00,1.18969,1.19022,1.18941,1.18977,2616,0,0
2026-02-11 04:00:00,1.18977,1.19129,1.18977,1.19083,2486,0,0
2026-02-11 05:00:00,1.19083,1.19137,1.19036,1.19117,1916,0,0
2026-02-11 06:00:00,1.19117,1.19149,1.19076,1.19082,1815,0,0
2026-02-11 07:00:00,1.19082,1.19192,1.19068,1.19184,2279,0,0
2026-02-11 08:00:00,1.19184,1.19258,1.19126,1.19153,2690,0,0
2026-02-11 09:00:00,1.19153,1.1918199999999999,1.19104,1.19179,2975,0,0
2026-02-11 10:00:00,1.19179,1.192,1.19131,1.19186,3167,0,0
2026-02-11 11:00:00,1.19186,1.19199,1.19104,1.1918199999999999,3444,0,0
2026-02-11 12:00:00,1.1918199999999999,1.19275,1.19163,1.19217,2813,0,0
2026-02-11 13:00:00,1.19217,1.19217,1.19054,1.19081,2803,0,0
2026-02-11 14:00:00,1.19081,1.1909399999999999,1.18987,1.19004,3702,0,0
2026-02-11 15:00:00,1.19004,1.19045,1.18332,1.1862300000000001,9724,0,0
2026-02-11 16:00:00,1.1862300000000001,1.18828,1.18527,1.18604,8884,0,0
2026-02-11 17:00:00,1.18604,1.18719,1.1851,1.18593,8000,0,0
2026-02-11 18:00:00,1.18593,1.18835,1.18533,1.18831,5456,0,0
2026-02-11 19:00:00,1.18831,1.18935,1.18772,1.18857,4748,0,0
2026-02-11 20:00:00,1.18857,1.18907,1.18787,1.18823,3424,0,0
2026-02-11 21:00:00,1.18823,1.18847,1.1878,1.18797,2821,0,0
2026-02-11 22:00:00,1.18797,1.18811,1.18697,1.18706,2159,1,0
2026-02-11 23:00:00,1.18707,1.18744,1.18686,1.1871,1280,1,0
2026-02-12 00:00:00,1.1873,1.18746,1.1868400000000001,1.1872,422,8,0
2026-02-12 01:00:00,1.1872,1.18763,1.18698,1.18748,1109,0,0
2026-02-12 02:00:00,1.18748,1.18784,1.1867,1.18768,2700,0,0
2026-02-12 03:00:00,1.18768,1.18824,1.18737,1.18807,3165,0,0
2026-02-12 04:00:00,1.18807,1.18846,1.18751,1.1879,2622,0,0
2026-02-12 05:00:00,1.1879,1.18812,1.18656,1.18696,2506,0,0
2026-02-12 06:00:00,1.18696,1.18725,1.18605,1.18622,2070,0,0
2026-02-12 07:00:00,1.18622,1.18658,1.18585,1.18647,2168,0,0
2026-02-12 08:00:00,1.18647,1.18676,1.18524,1.18605,4008,0,0
2026-02-12 09:00:00,1.18605,1.18752,1.1859899999999999,1.18729,3417,0,0
2026-02-12 10:00:00,1.18729,1.18808,1.18714,1.188,3918,0,0
2026-02-12 11:00:00,1.188,1.18878,1.18795,1.18871,3396,0,0
2026-02-12 12:00:00,1.18871,1.18875,1.18748,1.18773,2994,0,0
2026-02-12 13:00:00,1.18773,1.18846,1.18752,1.1884299999999999,2556,0,0
2026-02-12 14:00:00,1.1884299999999999,1.18862,1.18672,1.18732,3304,0,0
2026-02-12 15:00:00,1.18732,1.18851,1.18716,1.18849,4275,0,0
2026-02-12 16:00:00,1.18849,1.18876,1.18749,1.18835,5242,0,0
2026-02-12 17:00:00,1.18835,1.18886,1.18784,1.18857,5196,0,0
2026-02-12 18:00:00,1.18857,1.18902,1.18622,1.18708,9158,0,0
2026-02-12 19:00:00,1.18708,1.1877,1.18601,1.18654,6357,0,0
2026-02-12 20:00:00,1.18654,1.18695,1.18565,1.18636,5049,0,0
2026-02-12 21:00:00,1.18636,1.18717,1.18609,1.18699,3660,0,0
2026-02-12 22:00:00,1.18697,1.18706,1.18636,1.18696,2523,1,0
2026-02-12 23:00:00,1.18696,1.18728,1.1868400000000001,1.18707,1293,1,0
2026-02-13 00:00:00,1.18653,1.18712,1.18593,1.18711,260,1,0
2026-02-13 01:00:00,1.18711,1.18726,1.18671,1.1869399999999999,980,0,0
2026-02-13 02:00:00,1.1869399999999999,1.18725,1.18666,1.18725,2599,0,0
2026-02-13 03:00:00,1.18725,1.18733,1.1863299999999999,1.18673,2913,0,0
2026-02-13 04:00:00,1.18673,1.18713,1.18631,1.18693,2006,0,0
2026-02-13 05:00:00,1.18693,1.18703,1.18658,1.1867,1776,0,0
2026-02-13 06:00:00,1.1867,1.18677,1.186,1.1863299999999999,1831,0,0
2026-02-13 07:00:00,1.1863299999999999,1.18648,1.18583,1.18596,2610,0,0
2026-02-13 08:00:00,1.18596,1.18619,1.1853799999999999,1.18561,3081,0,0
2026-02-13 09:00:00,1.18561,1.1859899999999999,1.18472,1.18587,3864,0,0
2026-02-13 10:00:00,1.18587,1.18628,1.1856,1.18625,3506,0,0
2026-02-13 11:00:00,1.18625,1.18665,1.18606,1.18608,3153,0,0
2026-02-13 12:00:00,1.18608,1.18611,1.1853,1.18576,2822,0,0
2026-02-13 13:00:00,1.18576,1.18614,1.18551,1.18588,3129,0,0
2026-02-13 14:00:00,1.18588,1.18638,1.18554,1.18618,3034,0,0
2026-02-13 15:00:00,1.18618,1.18845,1.18569,1.18744,7038,0,0
2026-02-13 16:00:00,1.18744,1.18749,1.18571,1.18594,7172,0,0
2026-02-13 17:00:00,1.18594,1.18708,1.18479,1.18484,6245,0,0
2026-02-13 18:00:00,1.18484,1.18747,1.18484,1.18689,4809,0,0
2026-02-13 19:00:00,1.18689,1.18827,1.18683,1.18751,3547,0,0
2026-02-13 20:00:00,1.18751,1.1880600000000001,1.18725,1.18739,2950,0,0
2026-02-13 21:00:00,1.18739,1.18752,1.1865999999999999,1.18663,2456,0,0
2026-02-13 22:00:00,1.18663,1.18747,1.18643,1.18743,2121,1,0
2026-02-13 23:00:00,1.18743,1.18765,1.18671,1.1868400000000001,1431,1,0
2026-02-16 00:00:00,1.18665,1.18708,1.18664,1.18698,232,9,0
2026-02-16 01:00:00,1.18698,1.18723,1.18632,1.18669,1345,0,0
2026-02-16 02:00:00,1.18669,1.18672,1.18605,1.18615,2530,0,0
2026-02-16 03:00:00,1.18615,1.18663,1.18592,1.18653,2093,0,0
2026-02-16 04:00:00,1.18653,1.18672,1.1862,1.18656,1922,0,0
2026-02-16 05:00:00,1.18656,1.1869,1.18639,1.18672,1296,0,0
2026-02-16 06:00:00,1.18672,1.18683,1.18613,1.18625,1273,0,0
2026-02-16 07:00:00,1.18625,1.18664,1.18609,1.18649,1161,0,0
2026-02-16 08:00:00,1.18649,1.18704,1.18638,1.18665,1547,0,0
2026-02-16 09:00:00,1.18665,1.18666,1.18606,1.18629,2247,0,0
2026-02-16 10:00:00,1.18629,1.18704,1.18575,1.18652,3477,0,0
2026-02-16 11:00:00,1.18652,1.18693,1.18622,1.18647,2692,0,0
2026-02-16 12:00:00,1.18647,1.18677,1.18622,1.18672,2357,0,0
2026-02-16 13:00:00,1.18672,1.18672,1.18603,1.18616,2247,0,0
2026-02-16 14:00:00,1.18616,1.1863299999999999,1.185,1.18534,2349,0,0
2026-02-16 15:00:00,1.18534,1.18575,1.18493,1.18547,2471,0,0
2026-02-16 16:00:00,1.18547,1.18635,1.18533,1.18563,2783,0,0
2026-02-16 17:00:00,1.18563,1.1857,1.18507,1.1854,2853,0,0
2026-02-16 18:00:00,1.1854,1.18567,1.18463,1.18521,2247,0,0
2026-02-16 19:00:00,1.18521,1.1853799999999999,1.18465,1.18481,1373,0,0
2026-02-16 20:00:00,1.18481,1.1851099999999999,1.18481,1.18496,1039,0,0
2026-02-16 21:00:00,1.18496,1.18542,1.18491,1.18541,751,0,0
2026-02-16 22:00:00,1.18541,1.1855,1.18526,1.18536,456,1,0
2026-02-16 23:00:00,1.18536,1.18543,1.18504,1.18509,472,1,0
2026-02-17 00:00:00,1.18493,1.18512,1.18466,1.18496,118,15,0
2026-02-17 01:00:00,1.18496,1.18512,1.18464,1.18506,923,0,0
2026-02-17 02:00:00,1.18506,1.1852,1.18422,1.18438,2804,0,0
2026-02-17 03:00:00,1.18438,1.18448,1.18409,1.18443,2861,0,0
2026-02-17 04:00:00,1.18443,1.18473,1.18405,1.18422,2045,0,0
2026-02-17 05:00:00,1.18422,1.18426,1.18381,1.1841599999999999,2168,0,0
2026-02-17 06:00:00,1.1841599999999999,1.18426,1.18394,1.18412,1864,0,0
2026-02-17 07:00:00,1.18412,1.18421,1.18359,1.18415,2410,0,0
2026-02-17 08:00:00,1.18415,1.18458,1.18415,1.18441,2112,0,0
2026-02-17 09:00:00,1.18441,1.18448,1.18288,1.18327,3393,0,0
2026-02-17 10:00:00,1.18327,1.1844000000000001,1.18302,1.18408,3591,0,0
2026-02-17 11:00:00,1.18408,1.18498,1.18398,1.1846700000000001,2622,0,0
2026-02-17 12:00:00,1.1846700000000001,1.18472,1.18414,1.1843,2712,0,0
2026-02-17 13:00:00,1.1843,1.18446,1.18242,1.1831,2509,0,0
2026-02-17 14:00:00,1.1831,1.18358,1.18269,1.18279,3388,0,0
2026-02-17 15:00:00,1.18279,1.18304,1.18161,1.18224,4640,0,0
2026-02-17 16:00:00,1.18224,1.1828400000000001,1.18163,1.1824,5955,0,0
2026-02-17 17:00:00,1.1824,1.18241,1.18049,1.18106,5941,0,0
2026-02-17 18:00:00,1.18106,1.18353,1.18106,1.18306,5161,0,0
2026-02-17 19:00:00,1.18306,1.18421,1.1829399999999999,1.18394,3938,0,0
2026-02-17 20:00:00,1.18394,1.18532,1.18387,1.18482,3335,0,0
2026-02-17 21:00:00,1.18482,1.18506,1.18433,1.18479,2462,0,0
2026-02-17 22:00:00,1.18479,1.1852800000000001,1.1847,1.1851099999999999,1776,1,0
2026-02-17 23:00:00,1.18513,1.18545,1.18499,1.18533,792,1,0
2026-02-18 00:00:00,1.18515,1.18521,1.18488,1.18514,238,18,0
2026-02-18 01:00:00,1.18514,1.18576,1.18506,1.18509,1133,0,0
2026-02-18 02:00:00,1.18509,1.18539,1.18472,1.18474,2519,0,0
2026-02-18 03:00:00,1.18474,1.18481,1.18426,1.18462,2235,0,0
2026-02-18 04:00:00,1.18462,1.18475,1.1841599999999999,1.18446,2096,0,0
2026-02-18 05:00:00,1.18446,1.18468,1.18412,1.18415,1584,0,0
2026-02-18 06:00:00,1.18415,1.18438,1.18394,1.1842,1360,0,0
2026-02-18 07:00:00,1.1842,1.1846,1.18418,1.18459,1080,0,0
2026-02-18 08:00:00,1.18459,1.18463,1.18405,1.18447,1550,0,0
2026-02-18 09:00:00,1.18447,1.18465,1.1833,1.18349,2601,0,0
2026-02-18 10:00:00,1.18349,1.18382,1.18288,1.18314,3304,0,0
2026-02-18 11:00:00,1.18314,1.18386,1.18286,1.1836,2732,0,0
2026-02-18 12:00:00,1.1836,1.18408,1.1831,1.18324,2500,0,0
2026-02-18 13:00:00,1.18324,1.18378,1.18308,1.18348,2105,0,0
2026-02-18 14:00:00,1.18348,1.18472,1.18335,1.18398,2810,0,0
2026-02-18 15:00:00,1.18398,1.18486,1.18236,1.18239,3764,0,0
2026-02-18 16:00:00,1.18239,1.18278,1.18123,1.18155,5237,0,0
2026-02-18 17:00:00,1.18155,1.1827,1.18137,1.18227,4556,0,0
2026-02-18 18:00:00,1.18227,1.18261,1.18094,1.18095,3707,0,0
2026-02-18 19:00:00,1.18095,1.18142,1.1802,1.18062,2971,0,0
2026-02-18 20:00:00,1.18062,1.1807400000000001,1.17874,1.17905,3394,0,0
2026-02-18 21:00:00,1.17905,1.1795499999999999,1.17837,1.17873,4229,0,0
2026-02-18 22:00:00,1.17873,1.17902,1.17821,1.17836,2430,1,0
2026-02-18 23:00:00,1.17835,1.17874,1.17818,1.17823,1271,1,0
2026-02-19 00:00:00,1.17831,1.17851,1.17815,1.17841,197,9,0
2026-02-19 01:00:00,1.17841,1.17898,1.17841,1.17887,897,0,0
2026-02-19 02:00:00,1.17887,1.17921,1.17855,1.17903,2086,0,0
2026-02-19 03:00:00,1.17903,1.1795200000000001,1.17896,1.17946,2451,0,0
2026-02-19 04:00:00,1.17946,1.17957,1.17905,1.1791,1875,0,0
2026-02-19 05:00:00,1.1791,1.1793,1.17879,1.17906,1633,0,0
2026-02-19 06:00:00,1.17906,1.17917,1.17849,1.1789399999999999,1735,0,0
2026-02-19 07:00:00,1.1789399999999999,1.17927,1.17865,1.17916,1570,0,0
2026-02-19 08:00:00,1.17916,1.18009,1.17898,1.17982,1954,0,0
2026-02-19 09:00:00,1.17982,1.18035,1.17927,1.18006,2478,0,0
2026-02-19 10:00:00,1.18006,1.18053,1.17973,1.18014,3279,0,0
2026-02-19 11:00:00,1.18014,1.18076,1.17987,1.17999,2813,0,0
2026-02-19 12:00:00,1.17999,1.18033,1.17876,1.17893,2920,0,0
2026-02-19 13:00:00,1.17893,1.17905,1.17766,1.17807,3009,0,0
2026-02-19 14:00:00,1.17807,1.1781,1.17671,1.17697,3255,0,0
2026-02-19 15:00:00,1.17697,1.177,1.17516,1.17655,5094,0,0
2026-02-19 16:00:00,1.17655,1.17662,1.17422,1.1752,6018,0,0
2026-02-19 17:00:00,1.1752,1.17756,1.17481,1.17633,7257,0,0
2026-02-19 18:00:00,1.17633,1.17706,1.17583,1.17615,5025,0,0
2026-02-19 19:00:00,1.17615,1.1768,1.17563,1.17659,4012,0,0
2026-02-19 20:00:00,1.17659,1.17743,1.17647,1.17686,2852,0,0
2026-02-19 21:00:00,1.17686,1.1772,1.17591,1.17637,3032,0,0
2026-02-19 22:00:00,1.17637,1.17689,1.17633,1.17689,1999,1,0
2026-02-19 23:00:00,1.17689,1.17781,1.17679,1.17721,1635,1,0
2026-02-20 00:00:00,1.1768,1.1773500000000001,1.17658,1.17716,165,4,0
2026-02-20 01:00:00,1.17716,1.17759,1.17683,1.1768399999999999,1025,0,0
2026-02-20 02:00:00,1.1768399999999999,1.17722,1.17667,1.17707,2314,0,0
2026-02-20 03:00:00,1.17707,1.17718,1.17554,1.1758899999999999,3289,0,0
2026-02-20 04:00:00,1.1758899999999999,1.176,1.17536,1.17548,2799,0,0
2026-02-20 05:00:00,1.17548,1.1758899999999999,1.17546,1.17567,1864,0,0
2026-02-20 06:00:00,1.17567,1.17597,1.17526,1.17533,1725,0,0
2026-02-20 07:00:00,1.17533,1.17569,1.17502,1.17553,2131,0,0
2026-02-20 08:00:00,1.17553,1.17568,1.17515,1.1755,2195,0,0
2026-02-20 09:00:00,1.1755,1.17624,1.17498,1.17514,3743,0,0
2026-02-20 10:00:00,1.17514,1.17636,1.17436,1.17607,4731,0,0
2026-02-20 11:00:00,1.17607,1.1768,1.17582,1.17668,3606,0,0
2026-02-20 12:00:00,1.17668,1.17687,1.17574,1.17639,3312,0,0
2026-02-20 13:00:00,1.17639,1.1769,1.17602,1.17672,2386,0,0
2026-02-20 14:00:00,1.17672,1.17709,1.17633,1.17657,2963,0,0
2026-02-20 15:00:00,1.17657,1.17827,1.17571,1.17692,5864,0,0
2026-02-20 16:00:00,1.17692,1.17704,1.17561,1.17678,5390,0,0
2026-02-20 17:00:00,1.17678,1.1807699999999999,1.17555,1.17883,12510,0,0
2026-02-20 18:00:00,1.17883,1.17985,1.17739,1.17802,6865,0,0
2026-02-20 19:00:00,1.17802,1.17853,1.17655,1.17803,5441,0,0
2026-02-20 20:00:00,1.17803,1.17993,1.17767,1.1786,7238,0,0
2026-02-20 21:00:00,1.1786,1.17899,1.17785,1.1780599999999999,3818,0,0
2026-02-20 22:00:00,1.1780599999999999,1.17875,1.17775,1.17862,2218,1,0
2026-02-20 23:00:00,1.17862,1.17916,1.17794,1.17812,1837,1,0
2026-02-23 00:00:00,1.1791,1.17966,1.17896,1.17924,345,7,0
2026-02-23 01:00:00,1.17924,1.18348,1.17924,1.18334,3214,0,0
2026-02-23 02:00:00,1.18334,1.1834500000000001,1.18228,1.1831,4680,0,0
2026-02-23 03:00:00,1.1831,1.18335,1.18208,1.18265,4768,0,0
2026-02-23 04:00:00,1.18265,1.18313,1.18235,1.18279,3584,0,0
2026-02-23 05:00:00,1.18279,1.18281,1.18169,1.18234,2454,0,0
2026-02-23 06:00:00,1.18234,1.1824,1.18181,1.18209,1904,0,0
2026-02-23 07:00:00,1.18209,1.18215,1.18153,1.18198,1840,0,0
2026-02-23 08:00:00,1.18198,1.18339,1.18168,1.18248,2626,0,0
2026-02-23 09:00:00,1.18248,1.18274,1.18189,1.18236,3538,0,0
2026-02-23 10:00:00,1.18236,1.1825,1.18073,1.18106,4166,0,0
2026-02-23 11:00:00,1.18106,1.18127,1.18004,1.18009,3521,0,0
2026-02-23 12:00:00,1.18009,1.1801599999999999,1.17951,1.17985,2986,0,0
2026-02-23 13:00:00,1.17985,1.1799,1.1781,1.17861,3626,0,0
2026-02-23 14:00:00,1.17861,1.17866,1.17746,1.1782,3912,0,0
2026-02-23 15:00:00,1.1782,1.17981,1.17783,1.17961,4439,0,0
2026-02-23 16:00:00,1.17961,1.18092,1.17942,1.18056,5399,0,0
2026-02-23 17:00:00,1.18056,1.1810100000000001,1.17921,1.17948,5811,0,0
2026-02-23 18:00:00,1.17948,1.18065,1.17882,1.18038,5466,0,0
2026-02-23 19:00:00,1.18038,1.1809,1.17906,1.1798899999999999,4024,0,0
2026-02-23 20:00:00,1.1798899999999999,1.18011,1.1795,1.17983,2966,0,0
2026-02-23 21:00:00,1.17983,1.18007,1.17882,1.17916,2513,0,0
2026-02-23 22:00:00,1.17916,1.17938,1.17875,1.17889,2477,1,0
2026-02-23 23:00:00,1.17892,1.17924,1.17842,1.17849,1606,1,0
2026-02-24 00:00:00,1.17872,1.17877,1.17846,1.17854,535,3,0
2026-02-24 01:00:00,1.17855,1.1795499999999999,1.17855,1.17931,1256,0,0
2026-02-24 02:00:00,1.17931,1.17963,1.17876,1.17881,2439,0,0
2026-02-24 03:00:00,1.17881,1.17881,1.17717,1.17821,4322,0,0
2026-02-24 04:00:00,1.17821,1.17848,1.17785,1.17838,2670,0,0
2026-02-24 05:00:00,1.17838,1.17855,1.1775,1.17754,2017,0,0
2026-02-24 06:00:00,1.17754,1.1777,1.17682,1.17698,1975,0,0
2026-02-24 07:00:00,1.17698,1.17804,1.17685,1.17799,1985,0,0
2026-02-24 08:00:00,1.17799,1.17824,1.17773,1.17804,2386,0,0
2026-02-24 09:00:00,1.17804,1.17824,1.17717,1.17793,4968,0,0
2026-02-24 10:00:00,1.17793,1.17899,1.17733,1.17837,4403,0,0
2026-02-24 11:00:00,1.17837,1.1793,1.17832,1.17877,3068,0,0
2026-02-24 12:00:00,1.17877,1.17913,1.17825,1.1785700000000001,2519,0,0
2026-02-24 13:00:00,1.1785700000000001,1.17862,1.17794,1.17808,2778,0,0
2026-02-24 14:00:00,1.17808,1.17838,1.17725,1.17815,3417,0,0
2026-02-24 15:00:00,1.17815,1.17815,1.17682,1.17722,3854,0,0
2026-02-24 16:00:00,1.17722,1.17786,1.17676,1.17737,4908,0,0
2026-02-24 17:00:00,1.17737,1.17812,1.1766,1.1773,5727,0,0
2026-02-24 18:00:00,1.1773,1.17901,1.17723,1.1788,3832,0,0
2026-02-24 19:00:00,1.1788,1.17887,1.17819,1.17855,2624,0,0
2026-02-24 20:00:00,1.17855,1.17866,1.17773,1.17787,2524,0,0
2026-02-24 21:00:00,1.17787,1.1784,1.17766,1.17787,1842,0,0
2026-02-24 22:00:00,1.17787,1.17835,1.1775,1.17752,1937,1,0
2026-02-24 23:00:00,1.17752,1.17771,1.17714,1.17718,1317,1,0
2026-02-25 00:00:00,1.1773,1.17761,1.17716,1.17738,273,8,0
2026-02-25 01:00:00,1.17738,1.17761,1.17726,1.17741,724,0,0
2026-02-25 02:00:00,1.17741,1.17798,1.17733,1.17779,2469,0,0
2026-02-25 03:00:00,1.17779,1.17821,1.17761,1.17785,2708,0,0
2026-02-25 04:00:00,1.17785,1.17935,1.17782,1.17922,3267,0,0
2026-02-25 05:00:00,1.17922,1.17944,1.17861,1.17896,3540,0,0
2026-02-25 06:00:00,1.17896,1.17964,1.17879,1.17949,2344,0,0
2026-02-25 07:00:00,1.17949,1.18054,1.17941,1.18012,2425,0,0
2026-02-25 08:00:00,1.18012,1.18063,1.17972,1.18054,2701,0,0
2026-02-25 09:00:00,1.18054,1.18079,1.17972,1.17973,3121,0,0
2026-02-25 10:00:00,1.17973,1.18002,1.17895,1.17902,3612,0,0
2026-02-25 11:00:00,1.17902,1.17933,1.17855,1.17881,3762,0,0
2026-02-25 12:00:00,1.17881,1.17884,1.17795,1.178,3114,0,0
2026-02-25 13:00:00,1.178,1.17812,1.1771099999999999,1.1775,2689,0,0
2026-02-25 14:00:00,1.1775,1.1786699999999999,1.17739,1.17859,2865,0,0
2026-02-25 15:00:00,1.17859,1.17901,1.17732,1.17738,4025,0,0
2026-02-25 16:00:00,1.17738,1.17892,1.17732,1.17863,4739,0,0
2026-02-25 17:00:00,1.17863,1.18024,1.17849,1.18011,5983,0,0
2026-02-25 18:00:00,1.18011,1.18072,1.1798899999999999,1.1804000000000001,3976,0,0
2026-02-25 19:00:00,1.1804000000000001,1.18142,1.18024,1.18076,3379,0,0
2026-02-25 20:00:00,1.18076,1.18108,1.18044,1.1804999999999999,2221,0,0
2026-02-25 21:00:00,1.1804999999999999,1.18095,1.18028,1.18055,1840,0,0
2026-02-25 22:00:00,1.18055,1.18087,1.18047,1.18059,1802,1,0
2026-02-25 23:00:00,1.18059,1.18128,1.18033,1.18097,1297,1,0
2026-02-26 00:00:00,1.18068,1.18118,1.18019,1.18093,343,3,0
2026-02-26 01:00:00,1.18093,1.18164,1.18093,1.18151,1068,0,0
2026-02-26 02:00:00,1.18151,1.18195,1.1812,1.1819,2189,0,0
2026-02-26 03:00:00,1.1819,1.18288,1.18179,1.18273,3197,0,0
2026-02-26 04:00:00,1.18273,1.18289,1.18134,1.18176,2506,0,0
2026-02-26 05:00:00,1.18176,1.18221,1.18158,1.18171,2279,0,0
2026-02-26 06:00:00,1.18171,1.18187,1.18128,1.18183,1997,0,0
2026-02-26 07:00:00,1.18183,1.18227,1.1816,1.18199,2392,0,0
2026-02-26 08:00:00,1.18199,1.18224,1.1815,1.18191,2690,0,0
2026-02-26 09:00:00,1.18191,1.18191,1.18089,1.18156,3103,0,0
2026-02-26 10:00:00,1.18156,1.18158,1.18024,1.18027,3644,0,0
2026-02-26 11:00:00,1.18027,1.18061,1.17969,1.17974,3166,0,0
2026-02-26 12:00:00,1.17974,1.17997,1.17935,1.17983,2269,0,0
2026-02-26 13:00:00,1.17983,1.18048,1.1797900000000001,1.18006,2411,0,0
2026-02-26 14:00:00,1.18006,1.18096,1.18001,1.1809,2520,0,0
2026-02-26 15:00:00,1.1809,1.18166,1.18029,1.1807,4086,0,0
2026-02-26 16:00:00,1.1807,1.18159,1.18022,1.18131,4880,0,0
2026-02-26 17:00:00,1.18131,1.18146,1.17811,1.17992,6802,0,0
2026-02-26 18:00:00,1.17992,1.17995,1.1786,1.1791800000000001,4325,0,0
2026-02-26 19:00:00,1.1791800000000001,1.17935,1.17742,1.1776,3837,0,0
2026-02-26 20:00:00,1.1776,1.17873,1.17742,1.17842,3695,0,0
2026-02-26 21:00:00,1.17842,1.1798,1.17823,1.17968,2432,0,0
2026-02-26 22:00:00,1.17969,1.18033,1.17957,1.1801300000000001,1906,1,0
2026-02-26 23:00:00,1.18015,1.18037,1.17971,1.17974,1202,1,0
2026-02-27 00:00:00,1.17932,1.17969,1.17909,1.17967,264,19,0
2026-02-27 01:00:00,1.17967,1.18033,1.17947,1.18033,950,0,0
2026-02-27 02:00:00,1.18033,1.18058,1.17962,1.17965,3276,0,0
2026-02-27 03:00:00,1.17965,1.18023,1.1789100000000001,1.17903,3804,0,0
2026-02-27 04:00:00,1.17903,1.18014,1.17903,1.18004,2573,0,0
2026-02-27 05:00:00,1.18004,1.18061,1.18001,1.18038,2135,0,0
2026-02-27 06:00:00,1.18038,1.18133,1.18023,1.1811,1798,0,0
2026-02-27 07:00:00,1.1811,1.18121,1.18064,1.18085,2259,0,0
2026-02-27 08:00:00,1.18085,1.1811099999999999,1.18024,1.18045,2730,0,0
2026-02-27 09:00:00,1.18045,1.18194,1.17972,1.18151,3493,0,0
2026-02-27 10:00:00,1.18151,1.18217,1.18083,1.18099,3829,0,0
2026-02-27 11:00:00,1.18099,1.18116,1.17931,1.17954,3355,0,0
2026-02-27 12:00:00,1.17954,1.18037,1.17948,1.17987,2695,0,0
2026-02-27 13:00:00,1.17987,1.1804000000000001,1.17961,1.18002,2595,0,0
2026-02-27 14:00:00,1.18002,1.18083,1.1798899999999999,1.18024,2963,0,0
2026-02-27 15:00:00,1.18024,1.18065,1.17907,1.17926,5837,0,0
2026-02-27 16:00:00,1.17926,1.18157,1.17911,1.17971,5745,0,0
2026-02-27 17:00:00,1.17971,1.18173,1.17964,1.18073,6621,0,0
2026-02-27 18:00:00,1.18073,1.18251,1.18058,1.18221,5076,0,0
2026-02-27 19:00:00,1.18221,1.1827,1.18158,1.18167,3999,0,0
2026-02-27 20:00:00,1.18167,1.1819,1.18115,1.18179,3003,0,0
2026-02-27 21:00:00,1.18179,1.18227,1.18165,1.18193,2323,0,0
2026-02-27 22:00:00,1.18194,1.18259,1.1815,1.18161,2211,1,0
2026-02-27 23:00:00,1.18158,1.18183,1.18109,1.18167,1963,1,0
2026-03-02 00:00:00,1.17639,1.17791,1.17572,1.17759,845,4,0
2026-03-02 01:00:00,1.17759,1.17875,1.17572,1.17593,5023,0,0
2026-03-02 02:00:00,1.17593,1.17781,1.1756199999999999,1.17773,4751,0,0
2026-03-02 03:00:00,1.17773,1.17942,1.17753,1.17919,5065,0,0
2026-03-02 04:00:00,1.17919,1.17933,1.17811,1.17886,3225,0,0
2026-03-02 05:00:00,1.17886,1.17958,1.17883,1.17889,2448,0,0
2026-03-02 06:00:00,1.17889,1.17904,1.1782,1.17864,2091,0,0
2026-03-02 07:00:00,1.17864,1.17865,1.17663,1.17664,2795,0,0
2026-03-02 08:00:00,1.17664,1.17668,1.17304,1.17325,5489,0,0
2026-03-02 09:00:00,1.17325,1.1734499999999999,1.17036,1.17163,6656,0,0
2026-03-02 10:00:00,1.17163,1.17238,1.16983,1.17226,6791,0,0
2026-03-02 11:00:00,1.17226,1.17437,1.17212,1.17334,5562,0,0
2026-03-02 12:00:00,1.17334,1.17473,1.1733,1.17385,4597,0,0
2026-03-02 13:00:00,1.17385,1.17411,1.17264,1.1733500000000001,4118,0,0
2026-03-02 14:00:00,1.1733500000000001,1.17342,1.17022,1.17039,5649,0,0
2026-03-02 15:00:00,1.17039,1.17182,1.16956,1.16986,6559,0,0
2026-03-02 16:00:00,1.16986,1.1724,1.16951,1.17168,7995,0,0
2026-03-02 17:00:00,1.17168,1.17168,1.16801,1.16804,7991,0,0
2026-03-02 18:00:00,1.16804,1.16943,1.16719,1.16897,6560,0,0
2026-03-02 19:00:00,1.16897,1.17078,1.1687,1.17071,5063,0,0
2026-03-02 20:00:00,1.17071,1.17074,1.1687,1.1694499999999999,3654,0,0
2026-03-02 21:00:00,1.1694499999999999,1.17133,1.16941,1.17111,3579,0,0
2026-03-02 22:00:00,1.17113,1.17131,1.16784,1.16902,6390,1,0
2026-03-02 23:00:00,1.16902,1.16954,1.16889,1.16896,1683,1,0
2026-03-03 00:00:00,1.16824,1.16904,1.16808,1.16863,368,2,0
2026-03-03 01:00:00,1.16863,1.16982,1.16863,1.16948,1385,0,0
2026-03-03 02:00:00,1.16948,1.16956,1.16867,1.16953,3000,0,0
2026-03-03 03:00:00,1.16953,1.17069,1.16923,1.1697,4677,0,0
2026-03-03 04:00:00,1.1697,1.16989,1.1686,1.1694499999999999,4370,0,0
2026-03-03 05:00:00,1.1694499999999999,1.16975,1.16865,1.16905,3100,0,0
2026-03-03 06:00:00,1.16905,1.16937,1.16794,1.16814,2855,0,0
2026-03-03 07:00:00,1.16814,1.16851,1.16652,1.16668,4541,0,0
2026-03-03 08:00:00,1.16668,1.16716,1.16622,1.1669100000000001,4303,0,0
2026-03-03 09:00:00,1.1669100000000001,1.1669100000000001,1.16428,1.16438,5706,0,0
2026-03-03 10:00:00,1.16438,1.16463,1.1618,1.16228,7556,0,0
2026-03-03 11:00:00,1.16228,1.16291,1.15988,1.16053,7596,0,0
2026-03-03 12:00:00,1.16053,1.16128,1.15892,1.1592,6607,0,0
2026-03-03 13:00:00,1.1592,1.16035,1.15822,1.15972,7248,0,0
2026-03-03 14:00:00,1.15972,1.16153,1.15904,1.1613,6988,0,0
2026-03-03 15:00:00,1.1613,1.16151,1.15903,1.15907,6653,0,0
2026-03-03 16:00:00,1.15907,1.1599599999999999,1.15651,1.15677,9110,0,0
2026-03-03 17:00:00,1.15677,1.15852,1.15305,1.1573,12088,0,0
2026-03-03 18:00:00,1.1573,1.16062,1.15694,1.16032,10652,0,0
2026-03-03 19:00:00,1.16032,1.16037,1.15868,1.15905,7838,0,0
2026-03-03 20:00:00,1.15905,1.16223,1.159,1.16159,6589,0,0
2026-03-03 21:00:00,1.16159,1.16258,1.1599599999999999,1.16124,6875,0,0
2026-03-03 22:00:00,1.16124,1.16245,1.1611,1.16173,5230,1,0
2026-03-03 23:00:00,1.16174,1.16181,1.16095,1.16113,2288,1,0
2026-03-04 00:00:00,1.16102,1.1615,1.16045,1.16114,638,12,0
2026-03-04 01:00:00,1.16114,1.16202,1.16089,1.1610800000000001,1978,0,0
2026-03-04 02:00:00,1.1610800000000001,1.16114,1.15924,1.15931,4838,0,0
2026-03-04 03:00:00,1.15931,1.15977,1.15749,1.15939,5480,0,0
2026-03-04 04:00:00,1.15939,1.16042,1.15916,1.15982,4902,0,0
2026-03-04 05:00:00,1.15982,1.16092,1.15955,1.16085,3701,0,0
2026-03-04 06:00:00,1.16085,1.16103,1.15904,1.15932,3217,0,0
2026-03-04 07:00:00,1.15932,1.15991,1.15872,1.15952,4096,0,0
2026-03-04 08:00:00,1.15952,1.16177,1.1589800000000001,1.1611,4632,0,0
2026-03-04 09:00:00,1.1611,1.1628,1.1611,1.16161,5468,0,0
2026-03-04 10:00:00,1.16161,1.16171,1.15952,1.15998,6474,0,0
2026-03-04 11:00:00,1.15998,1.16199,1.15923,1.16089,5971,0,0
2026-03-04 12:00:00,1.16089,1.16472,1.16087,1.16344,7933,0,0
2026-03-04 13:00:00,1.16344,1.16547,1.1631,1.16353,5388,0,0
2026-03-04 14:00:00,1.16353,1.16486,1.16263,1.16306,5079,0,0
2026-03-04 15:00:00,1.16306,1.16521,1.16304,1.16313,6692,0,0
2026-03-04 16:00:00,1.16313,1.16412,1.16209,1.16251,8212,0,0
2026-03-04 17:00:00,1.16251,1.16406,1.16168,1.16404,8061,0,0
2026-03-04 18:00:00,1.16404,1.16463,1.16287,1.16377,5175,0,0
2026-03-04 19:00:00,1.16377,1.16418,1.16265,1.16331,4204,0,0
2026-03-04 20:00:00,1.16331,1.16336,1.16236,1.16246,3527,0,0
2026-03-04 21:00:00,1.16246,1.16411,1.16246,1.16397,3154,0,0
2026-03-04 22:00:00,1.16398,1.16437,1.16384,1.16403,2385,1,0
2026-03-04 23:00:00,1.16401,1.16417,1.1634,1.16345,1394,1,0
2026-03-05 00:00:00,1.16286,1.16344,1.16244,1.1634,321,3,0
2026-03-05 01:00:00,1.1634,1.16398,1.16339,1.16349,825,0,0
2026-03-05 02:00:00,1.16349,1.16454,1.16322,1.1645,2651,0,0
2026-03-05 03:00:00,1.1645,1.16474,1.16273,1.16283,4938,0,0
2026-03-05 04:00:00,1.16283,1.1632,1.16225,1.16259,3495,0,0
2026-03-05 05:00:00,1.16259,1.16276,1.16101,1.16133,3618,0,0
2026-03-05 06:00:00,1.16133,1.16149,1.16056,1.16085,2882,0,0
2026-03-05 07:00:00,1.16085,1.1614,1.15942,1.15947,3451,0,0
2026-03-05 08:00:00,1.15947,1.16159,1.15878,1.16069,5120,0,0
2026-03-05 09:00:00,1.16069,1.1616,1.15994,1.1605,5283,0,0
2026-03-05 10:00:00,1.1605,1.1605,1.15818,1.15987,6555,0,0
2026-03-05 11:00:00,1.15987,1.16446,1.15966,1.16226,9757,0,0
2026-03-05 12:00:00,1.16226,1.16315,1.16064,1.1610800000000001,4981,0,0
2026-03-05 13:00:00,1.1610800000000001,1.16172,1.16039,1.16113,4282,0,0
2026-03-05 14:00:00,1.16113,1.16249,1.16074,1.16204,4689,0,0
2026-03-05 15:00:00,1.16204,1.16244,1.15902,1.15974,6364,0,0
2026-03-05 16:00:00,1.15974,1.16088,1.15926,1.16027,7381,0,0
2026-03-05 17:00:00,1.16027,1.1609099999999999,1.15693,1.1583,8255,0,0
2026-03-05 18:00:00,1.1583,1.15868,1.1559,1.1583700000000001,7982,0,0
2026-03-05 19:00:00,1.1583700000000001,1.15921,1.15726,1.15878,8163,0,0
2026-03-05 20:00:00,1.15878,1.15916,1.15713,1.15862,7289,0,0
2026-03-05 21:00:00,1.15862,1.1588,1.157,1.15729,5223,0,0
2026-03-05 22:00:00,1.15729,1.16103,1.15702,1.1604700000000001,7181,1,0
2026-03-05 23:00:00,1.1604700000000001,1.16102,1.16018,1.16078,2181,1,0
2026-03-06 00:00:00,1.1609,1.1609,1.16024,1.1606,430,7,0
2026-03-06 01:00:00,1.1606,1.16104,1.16031,1.16066,1459,0,0
2026-03-06 02:00:00,1.16066,1.16144,1.16054,1.1611,3061,0,0
2026-03-06 03:00:00,1.1611,1.16202,1.16071,1.16151,4133,0,0
2026-03-06 04:00:00,1.16151,1.16207,1.1614200000000001,1.16166,2876,0,0
2026-03-06 05:00:00,1.16166,1.16209,1.16163,1.16201,2341,0,0
2026-03-06 06:00:00,1.16201,1.16212,1.16132,1.16138,1866,0,0
2026-03-06 07:00:00,1.16138,1.16166,1.16058,1.16064,3032,0,0
2026-03-06 08:00:00,1.16064,1.1612,1.16019,1.1611799999999999,3189,0,0
2026-03-06 09:00:00,1.1611799999999999,1.16181,1.16066,1.16147,3614,0,0
2026-03-06 10:00:00,1.16147,1.16147,1.16018,1.1602999999999999,4533,0,0
2026-03-06 11:00:00,1.1602999999999999,1.16031,1.15719,1.15744,5726,0,0
2026-03-06 12:00:00,1.15744,1.15851,1.15729,1.15784,4629,0,0
2026-03-06 13:00:00,1.15784,1.1581299999999999,1.15612,1.15626,5299,0,0
2026-03-06 14:00:00,1.15626,1.15688,1.15525,1.15551,5210,0,0
2026-03-06 15:00:00,1.15551,1.15929,1.15506,1.15551,10395,0,0
2026-03-06 16:00:00,1.15551,1.15748,1.15462,1.15722,10895,0,0
2026-03-06 17:00:00,1.15722,1.15931,1.15707,1.15796,10674,0,0
2026-03-06 18:00:00,1.15796,1.16131,1.1579,1.1605699999999999,8599,0,0
2026-03-06 19:00:00,1.1605699999999999,1.16097,1.15949,1.1596,7850,0,0
2026-03-06 20:00:00,1.1596,1.16216,1.1593,1.15985,7345,0,0
2026-03-06 21:00:00,1.15985,1.16096,1.15968,1.16012,5091,0,0
2026-03-06 22:00:00,1.16012,1.16098,1.15956,1.16058,4466,1,0
2026-03-06 23:00:00,1.16058,1.16188,1.1605,1.16177,3100,1,0
2026-03-09 00:00:00,1.15449,1.1556,1.15442,1.15463,1078,4,0
2026-03-09 01:00:00,1.15463,1.15523,1.15253,1.15358,5079,1,0
2026-03-09 02:00:00,1.15358,1.154,1.15214,1.15243,5278,0,0
2026-03-09 03:00:00,1.15243,1.15314,1.15162,1.15175,5738,0,0
2026-03-09 04:00:00,1.15175,1.1524,1.15073,1.15092,6433,0,0
2026-03-09 05:00:00,1.15092,1.1528100000000001,1.15084,1.15247,6592,0,0
2026-03-09 06:00:00,1.15247,1.1529,1.15129,1.1516899999999999,4720,0,0
2026-03-09 07:00:00,1.1516899999999999,1.15297,1.15161,1.15258,3435,0,0
2026-03-09 08:00:00,1.15258,1.1571500000000001,1.15238,1.15675,7749,0,0
2026-03-09 09:00:00,1.15675,1.15693,1.15449,1.15449,7039,0,0
2026-03-09 10:00:00,1.15449,1.15651,1.15355,1.15635,7967,0,0
2026-03-09 11:00:00,1.15635,1.15652,1.15154,1.15345,9354,0,0
2026-03-09 12:00:00,1.15345,1.15732,1.15312,1.15542,9520,0,0
2026-03-09 13:00:00,1.15542,1.1565,1.15471,1.15603,7976,0,0
2026-03-09 14:00:00,1.15603,1.15678,1.15552,1.15613,6440,0,0
2026-03-09 15:00:00,1.15613,1.15684,1.15503,1.1553499999999999,6680,0,0
2026-03-09 16:00:00,1.1553499999999999,1.1588,1.15525,1.15762,9296,0,0
2026-03-09 17:00:00,1.15762,1.15783,1.15476,1.1573,11578,0,0
2026-03-09 18:00:00,1.1573,1.15937,1.15725,1.15915,8216,0,0
2026-03-09 19:00:00,1.15915,1.15991,1.15854,1.15878,6205,0,0
2026-03-09 20:00:00,1.15878,1.15896,1.15787,1.15788,4944,0,0
2026-03-09 21:00:00,1.15788,1.15845,1.15759,1.15766,4832,0,0
2026-03-09 22:00:00,1.15766,1.16337,1.15755,1.16088,9725,0,0
2026-03-09 23:00:00,1.16088,1.16376,1.16086,1.1636,3647,1,0
2026-03-10 00:00:00,1.16294,1.16364,1.16288,1.16364,404,9,0
2026-03-10 01:00:00,1.16364,1.1645699999999999,1.16223,1.16294,3105,1,0
2026-03-10 02:00:00,1.16294,1.16311,1.16148,1.16167,2840,0,0
2026-03-10 03:00:00,1.16167,1.16355,1.16117,1.16263,5259,0,0
2026-03-10 04:00:00,1.16263,1.16297,1.1612,1.162,5643,0,0
2026-03-10 05:00:00,1.162,1.16269,1.16119,1.16135,4020,0,0
2026-03-10 06:00:00,1.16135,1.16159,1.1608100000000001,1.16096,3373,0,0
2026-03-10 07:00:00,1.16096,1.16145,1.16069,1.16117,2338,0,0
2026-03-10 08:00:00,1.16117,1.1620300000000001,1.16115,1.1620300000000001,2858,0,0
2026-03-10 09:00:00,1.1620300000000001,1.16376,1.16202,1.1632500000000001,3458,0,0
2026-03-10 10:00:00,1.1632500000000001,1.16636,1.1628,1.16604,5838,0,0
2026-03-10 11:00:00,1.16604,1.16618,1.16434,1.1646,6500,0,0
2026-03-10 12:00:00,1.1646,1.1659,1.1644,1.16514,5233,0,0
2026-03-10 13:00:00,1.16514,1.16519,1.16204,1.16394,5943,0,0
2026-03-10 14:00:00,1.16394,1.16532,1.16364,1.16385,6447,0,0
2026-03-10 15:00:00,1.16385,1.16408,1.16216,1.16347,7341,0,0
2026-03-10 16:00:00,1.16347,1.16488,1.16293,1.16324,8181,0,0
2026-03-10 17:00:00,1.16324,1.16503,1.16272,1.16483,7306,0,0
2026-03-10 18:00:00,1.16483,1.16551,1.16398,1.16476,6344,0,0
2026-03-10 19:00:00,1.16476,1.16545,1.16392,1.1651799999999999,5101,0,0
2026-03-10 20:00:00,1.1651799999999999,1.16672,1.16416,1.16453,7080,0,0
2026-03-10 21:00:00,1.16453,1.16462,1.16141,1.16246,10127,0,0
2026-03-10 22:00:00,1.16246,1.16288,1.16059,1.1614200000000001,6780,0,0
2026-03-10 23:00:00,1.16144,1.16153,1.16078,1.1609,2060,1,0
2026-03-11 00:00:00,1.16069,1.16107,1.16043,1.1609099999999999,548,14,0
2026-03-11 01:00:00,1.1609099999999999,1.16128,1.16029,1.16048,1104,1,0
2026-03-11 02:00:00,1.16048,1.16121,1.1604700000000001,1.16116,1238,0,0
2026-03-11 03:00:00,1.16116,1.16248,1.16056,1.16181,4223,0,0
2026-03-11 04:00:00,1.16181,1.16281,1.16127,1.16269,3918,0,0
2026-03-11 05:00:00,1.16269,1.16293,1.16186,1.16259,3191,0,0
2026-03-11 06:00:00,1.16259,1.16318,1.1625,1.16305,2475,0,0
2026-03-11 07:00:00,1.16305,1.16352,1.16279,1.16337,2170,0,0
2026-03-11 08:00:00,1.16337,1.16361,1.16303,1.16331,2476,0,0
2026-03-11 09:00:00,1.16331,1.16408,1.163,1.16337,3388,0,0
2026-03-11 10:00:00,1.16337,1.16458,1.16136,1.16172,6229,0,0
2026-03-11 11:00:00,1.16172,1.1621299999999999,1.16038,1.16128,6611,0,0
2026-03-11 12:00:00,1.16128,1.16138,1.15903,1.15921,7159,0,0
2026-03-11 13:00:00,1.15921,1.16117,1.15909,1.1607,5212,0,0
2026-03-11 14:00:00,1.1607,1.16106,1.15947,1.15947,5421,0,0
2026-03-11 15:00:00,1.15947,1.16055,1.15775,1.15826,7769,0,0
2026-03-11 16:00:00,1.15826,1.1593499999999999,1.1578,1.15919,7342,0,0
2026-03-11 17:00:00,1.15919,1.16128,1.15812,1.1582,11369,0,0
2026-03-11 18:00:00,1.1582,1.15844,1.1565699999999999,1.15664,6635,0,0
2026-03-11 19:00:00,1.15664,1.15766,1.15631,1.1571,5636,0,0
2026-03-11 20:00:00,1.1571,1.15764,1.1561,1.15712,5831,0,0
2026-03-11 21:00:00,1.15712,1.15744,1.15643,1.1571799999999999,4112,0,0
2026-03-11 22:00:00,1.1571799999999999,1.15764,1.15683,1.15731,2628,0,0
2026-03-11 23:00:00,1.15731,1.15736,1.15647,1.15665,1540,1,0
2026-03-12 00:00:00,1.15648,1.15733,1.15644,1.15732,455,1,0
2026-03-12 01:00:00,1.15732,1.15746,1.15494,1.155,1687,1,0
2026-03-12 02:00:00,1.155,1.15536,1.15398,1.15428,2215,0,0
2026-03-12 03:00:00,1.15428,1.155,1.15343,1.15461,3437,0,0
2026-03-12 04:00:00,1.15461,1.15555,1.15455,1.1550799999999999,3289,0,0
2026-03-12 05:00:00,1.1550799999999999,1.15543,1.15326,1.15388,3089,0,0
2026-03-12 06:00:00,1.15388,1.1540300000000001,1.15333,1.15385,2252,0,0
2026-03-12 07:00:00,1.15385,1.15399,1.1532,1.15333,1833,0,0
2026-03-12 08:00:00,1.15333,1.15451,1.15328,1.15396,3372,0,0
2026-03-12 09:00:00,1.15396,1.15516,1.15392,1.1548,3005,0,0
2026-03-12 10:00:00,1.1548,1.15527,1.15417,1.15514,3946,0,0
2026-03-12 11:00:00,1.15514,1.1556,1.15435,1.15475,4657,0,0
2026-03-12 12:00:00,1.15475,1.15612,1.15445,1.1559599999999999,3724,0,0
2026-03-12 13:00:00,1.1559599999999999,1.15628,1.15496,1.15578,3911,0,0
2026-03-12 14:00:00,1.15578,1.15663,1.15527,1.15564,4356,0,0
2026-03-12 15:00:00,1.15564,1.15576,1.15328,1.15393,5294,0,0
2026-03-12 16:00:00,1.15393,1.15504,1.1520299999999999,1.15261,7933,0,0
2026-03-12 17:00:00,1.15261,1.15332,1.15158,1.15207,8243,0,0
2026-03-12 18:00:00,1.15207,1.15284,1.15111,1.15221,8576,0,0
2026-03-12 19:00:00,1.15221,1.15326,1.15138,1.15219,7684,0,0
2026-03-12 20:00:00,1.15219,1.15319,1.15195,1.1522000000000001,5850,0,0
2026-03-12 21:00:00,1.1522000000000001,1.15244,1.15115,1.15124,3985,0,0
2026-03-12 22:00:00,1.15124,1.15184,1.15109,1.15149,3328,0,0
2026-03-12 23:00:00,1.15151,1.15163,1.15097,1.151,1650,1,0
2026-03-13 00:00:00,1.15102,1.15117,1.15099,1.15117,142,14,0
2026-03-13 01:00:00,1.1513,1.15213,1.15105,1.15188,1539,1,0
2026-03-13 02:00:00,1.15188,1.15233,1.1515,1.15209,1584,0,0
2026-03-13 03:00:00,1.15209,1.15283,1.1520299999999999,1.15235,3115,0,0
2026-03-13 04:00:00,1.15235,1.15297,1.15147,1.15167,2985,0,0
2026-03-13 05:00:00,1.15167,1.15222,1.15112,1.15139,2678,0,0
2026-03-13 06:00:00,1.15139,1.15157,1.1505,1.15094,2598,0,0
2026-03-13 07:00:00,1.15094,1.15094,1.15002,1.15032,2172,0,0
2026-03-13 08:00:00,1.15032,1.15066,1.15002,1.1501000000000001,2251,0,0
2026-03-13 09:00:00,1.1501000000000001,1.15033,1.14824,1.1482999999999999,3428,0,0
2026-03-13 10:00:00,1.1482999999999999,1.14838,1.14543,1.1458,5523,0,0
2026-03-13 11:00:00,1.1458,1.14593,1.14331,1.14451,6561,0,0
2026-03-13 12:00:00,1.14451,1.14615,1.14451,1.14533,5498,0,0
2026-03-13 13:00:00,1.14533,1.1472,1.14522,1.14583,5111,0,0
2026-03-13 14:00:00,1.14583,1.14709,1.14556,1.14685,5976,0,0
2026-03-13 15:00:00,1.14685,1.14887,1.14613,1.1478,7433,0,0
2026-03-13 16:00:00,1.1478,1.14901,1.14737,1.1479,7178,0,0
2026-03-13 17:00:00,1.1479,1.14848,1.14556,1.14575,7791,0,0
2026-03-13 18:00:00,1.14575,1.14611,1.14346,1.14433,7614,0,0
2026-03-13 19:00:00,1.14433,1.14505,1.14364,1.14422,6943,0,0
2026-03-13 20:00:00,1.14422,1.14461,1.14339,1.14422,5237,0,0
2026-03-13 21:00:00,1.14422,1.1443,1.14319,1.14361,4493,0,0
2026-03-13 22:00:00,1.14361,1.14371,1.14199,1.14221,3195,0,0
2026-03-13 23:00:00,1.1421999999999999,1.14226,1.14107,1.14163,2317,1,0
2026-03-16 00:00:00,1.14185,1.1428,1.14152,1.14224,436,8,0
2026-03-16 01:00:00,1.14224,1.14398,1.14188,1.14296,3055,1,0
2026-03-16 02:00:00,1.14296,1.14357,1.14258,1.14355,3065,0,0
2026-03-16 03:00:00,1.14355,1.14555,1.14351,1.14548,3951,0,0
2026-03-16 04:00:00,1.14548,1.14566,1.14399,1.14495,3972,0,0
2026-03-16 05:00:00,1.14495,1.1451500000000001,1.14448,1.1448,2819,0,0
2026-03-16 06:00:00,1.1448,1.1454,1.14459,1.14508,2185,0,0
2026-03-16 07:00:00,1.14508,1.14517,1.14417,1.14417,1718,0,0
2026-03-16 08:00:00,1.14417,1.1443699999999999,1.14333,1.14348,2199,0,0
2026-03-16 09:00:00,1.14348,1.1436600000000001,1.14243,1.14316,2816,0,0
2026-03-16 10:00:00,1.14316,1.1435,1.14145,1.14261,4394,0,0
2026-03-16 11:00:00,1.14261,1.1445400000000001,1.14261,1.14448,5295,0,0
2026-03-16 12:00:00,1.14448,1.14526,1.14411,1.145,4508,0,0
2026-03-16 13:00:00,1.145,1.14778,1.14477,1.14752,4834,0,0
2026-03-16 14:00:00,1.14752,1.1487,1.1471,1.14796,4307,0,0
2026-03-16 15:00:00,1.14796,1.14879,1.14724,1.1474,4900,0,0
2026-03-16 16:00:00,1.1474,1.15008,1.1474,1.15002,5258,0,0
2026-03-16 17:00:00,1.15002,1.15021,1.14805,1.14887,6337,0,0
2026-03-16 18:00:00,1.14887,1.15002,1.14806,1.14869,4784,0,0
2026-03-16 19:00:00,1.14869,1.14992,1.14778,1.14937,5605,0,0
2026-03-16 20:00:00,1.14937,1.15039,1.14907,1.14921,4738,0,0
2026-03-16 21:00:00,1.14921,1.15237,1.14921,1.15188,4525,0,0
2026-03-16 22:00:00,1.15188,1.15248,1.1506,1.15078,4358,0,0
2026-03-16 23:00:00,1.15075,1.15105,1.15029,1.15049,1809,1,0
2026-03-17 00:00:00,1.1503700000000001,1.15069,1.15021,1.15039,363,6,0
2026-03-17 01:00:00,1.15039,1.15056,1.14978,1.14987,1284,1,0
2026-03-17 02:00:00,1.14987,1.14999,1.14948,1.14985,1615,0,0
2026-03-17 03:00:00,1.14985,1.1498599999999999,1.14893,1.14926,2875,0,0
2026-03-17 04:00:00,1.14926,1.14957,1.14867,1.14929,3133,0,0
2026-03-17 05:00:00,1.14929,1.14987,1.1491,1.14953,1758,0,0
2026-03-17 06:00:00,1.14953,1.15029,1.14919,1.1492,2295,0,0
2026-03-17 07:00:00,1.1492,1.14999,1.14896,1.14971,1396,0,0
2026-03-17 08:00:00,1.14971,1.14994,1.14782,1.14795,2366,0,0
2026-03-17 09:00:00,1.14795,1.14817,1.14662,1.14817,3548,0,0
2026-03-17 10:00:00,1.14817,1.15002,1.14797,1.14951,3837,0,0
2026-03-17 11:00:00,1.14951,1.15181,1.14878,1.15104,5046,0,0
2026-03-17 12:00:00,1.15104,1.15248,1.15083,1.15164,4219,0,0
2026-03-17 13:00:00,1.15164,1.15164,1.15042,1.15063,3979,0,0
2026-03-17 14:00:00,1.15063,1.15187,1.15048,1.15076,3627,0,0
2026-03-17 15:00:00,1.15076,1.15246,1.15046,1.15241,4604,0,0
2026-03-17 16:00:00,1.15241,1.1543700000000001,1.1524,1.15306,6844,0,0
2026-03-17 17:00:00,1.15306,1.1538599999999999,1.15209,1.15335,5573,0,0
2026-03-17 18:00:00,1.15335,1.15388,1.15208,1.15251,6661,0,0
2026-03-17 19:00:00,1.15251,1.15329,1.15184,1.15279,5367,0,0
2026-03-17 20:00:00,1.15279,1.15401,1.15266,1.15397,3760,0,0
2026-03-17 21:00:00,1.15397,1.15473,1.1538599999999999,1.15392,3098,0,0
2026-03-17 22:00:00,1.15392,1.15414,1.15339,1.15356,2027,0,0
2026-03-17 23:00:00,1.15356,1.1542,1.15349,1.15401,1876,1,0
2026-03-18 00:00:00,1.15361,1.1537600000000001,1.15322,1.15338,406,17,0
2026-03-18 01:00:00,1.15338,1.15443,1.15336,1.15401,1879,1,0
2026-03-18 02:00:00,1.15401,1.15411,1.15369,1.1539,3364,0,0
2026-03-18 03:00:00,1.1539,1.15438,1.15322,1.15329,3040,0,0
2026-03-18 04:00:00,1.15329,1.15402,1.15323,1.1534,2438,0,0
2026-03-18 05:00:00,1.1534,1.15382,1.15321,1.15329,1829,0,0
2026-03-18 06:00:00,1.15329,1.15369,1.15321,1.15362,1468,0,0
2026-03-18 07:00:00,1.15362,1.15425,1.15359,1.15415,1620,0,0
2026-03-18 08:00:00,1.15415,1.15469,1.15401,1.15456,1763,0,0
2026-03-18 09:00:00,1.15456,1.15493,1.15397,1.15425,2287,0,0
2026-03-18 10:00:00,1.15425,1.15457,1.15235,1.1526399999999999,2967,0,0
2026-03-18 11:00:00,1.1526399999999999,1.15343,1.1518,1.15324,3815,0,0
2026-03-18 12:00:00,1.15324,1.15394,1.15255,1.15387,3091,0,0
2026-03-18 13:00:00,1.15387,1.15439,1.15339,1.15398,2826,0,0
2026-03-18 14:00:00,1.15398,1.15553,1.15301,1.15466,4892,0,0
2026-03-18 15:00:00,1.15466,1.15481,1.15056,1.15075,8212,0,0
2026-03-18 16:00:00,1.15075,1.15156,1.14909,1.15148,8243,0,0
2026-03-18 17:00:00,1.15148,1.15275,1.15043,1.15166,7748,0,0
2026-03-18 18:00:00,1.15166,1.15295,1.15116,1.15131,6281,0,0
2026-03-18 19:00:00,1.15131,1.15222,1.1507,1.15109,4680,0,0
2026-03-18 20:00:00,1.15109,1.15168,1.15027,1.15168,4205,0,0
2026-03-18 21:00:00,1.15168,1.1525,1.14773,1.14774,8356,0,0
2026-03-18 22:00:00,1.14774,1.14825,1.14685,1.14692,5139,0,0
2026-03-18 23:00:00,1.14689,1.14704,1.1449799999999999,1.14513,2782,1,0
2026-03-19 00:00:00,1.14502,1.14705,1.14502,1.14627,851,6,0
2026-03-19 01:00:00,1.14627,1.14656,1.14509,1.14567,1880,1,0
2026-03-19 02:00:00,1.14567,1.14659,1.1455,1.14633,2490,0,0
2026-03-19 03:00:00,1.14633,1.14743,1.14622,1.14741,3344,0,0
2026-03-19 04:00:00,1.14741,1.14836,1.14734,1.14762,2910,0,0
2026-03-19 05:00:00,1.14762,1.14913,1.14718,1.1482,3469,0,0
2026-03-19 06:00:00,1.1482,1.14833,1.14745,1.14747,1719,0,0
2026-03-19 07:00:00,1.14747,1.14748,1.1467,1.14689,1638,0,0
2026-03-19 08:00:00,1.14689,1.1471,1.14636,1.14659,1764,0,0
2026-03-19 09:00:00,1.14659,1.14768,1.14611,1.14652,3432,0,0
2026-03-19 10:00:00,1.14652,1.14753,1.1451,1.14527,6112,0,0
2026-03-19 11:00:00,1.14527,1.14592,1.14431,1.14511,7232,0,0
2026-03-19 12:00:00,1.14511,1.14883,1.14511,1.14805,8890,0,0
2026-03-19 13:00:00,1.14805,1.14805,1.14667,1.14737,5379,0,0
2026-03-19 14:00:00,1.14737,1.14814,1.14659,1.14797,4566,0,0
2026-03-19 15:00:00,1.14797,1.14898,1.14627,1.14874,8948,0,0
2026-03-19 16:00:00,1.14874,1.15275,1.14696,1.15179,12502,0,0
2026-03-19 17:00:00,1.15179,1.15286,1.15009,1.15165,11159,0,0
2026-03-19 18:00:00,1.15165,1.15391,1.1498599999999999,1.15141,8669,0,0
2026-03-19 19:00:00,1.15141,1.1538,1.15119,1.15358,8432,0,0
2026-03-19 20:00:00,1.15358,1.15676,1.15357,1.15604,5791,0,0
2026-03-19 21:00:00,1.15604,1.15842,1.15513,1.15838,5347,0,0
2026-03-19 22:00:00,1.15838,1.16163,1.15771,1.1584699999999999,10195,0,0
2026-03-19 23:00:00,1.15851,1.15902,1.1580300000000001,1.15885,1995,1,0
2026-03-20 00:00:00,1.15884,1.15884,1.15799,1.1581,312,11,0
2026-03-20 01:00:00,1.1581,1.15949,1.15775,1.15782,1951,1,0
2026-03-20 02:00:00,1.15782,1.15815,1.15748,1.15768,2012,0,0
2026-03-20 03:00:00,1.15768,1.15801,1.15711,1.1574,2960,0,0
2026-03-20 04:00:00,1.1574,1.15772,1.15636,1.1565400000000001,3022,0,0
2026-03-20 05:00:00,1.1565400000000001,1.15682,1.15619,1.15636,2230,0,0
2026-03-20 06:00:00,1.15636,1.15638,1.15564,1.15568,1840,0,0
2026-03-20 07:00:00,1.15568,1.15599,1.15552,1.15557,1425,0,0
2026-03-20 08:00:00,1.15557,1.15611,1.15525,1.15527,1915,0,0
2026-03-20 09:00:00,1.15527,1.15662,1.15526,1.15592,2341,0,0
2026-03-20 10:00:00,1.15592,1.1575199999999999,1.1556,1.1573,4611,0,0
2026-03-20 11:00:00,1.1573,1.15807,1.15678,1.15678,5044,0,0
2026-03-20 12:00:00,1.15678,1.15729,1.15481,1.15487,5371,0,0
2026-03-20 13:00:00,1.15487,1.15625,1.15353,1.15598,5543,0,0
2026-03-20 14:00:00,1.15598,1.158,1.15576,1.15716,4728,0,0
2026-03-20 15:00:00,1.15716,1.15799,1.15623,1.15647,6890,0,0
2026-03-20 16:00:00,1.15647,1.15661,1.15402,1.15414,7737,0,0
2026-03-20 17:00:00,1.15414,1.1544,1.15249,1.15351,8936,0,0
2026-03-20 18:00:00,1.15351,1.1558,1.1535,1.15423,8457,0,0
2026-03-20 19:00:00,1.15423,1.15665,1.15415,1.1559300000000001,6012,0,0
2026-03-20 20:00:00,1.1559300000000001,1.15706,1.1549800000000001,1.1558,6701,0,0
2026-03-20 21:00:00,1.1558,1.1572,1.15478,1.15507,6593,0,0
2026-03-20 22:00:00,1.15507,1.15618,1.15469,1.15584,5214,0,0
2026-03-20 23:00:00,1.15585,1.15714,1.15571,1.15702,2337,1,0
2026-03-23 00:00:00,1.15375,1.15422,1.15346,1.15401,247,1,0
2026-03-23 01:00:00,1.15401,1.15627,1.15393,1.15581,2353,1,0
2026-03-23 02:00:00,1.15581,1.15648,1.1557,1.15623,3140,0,0
2026-03-23 03:00:00,1.15623,1.15646,1.15387,1.15445,5429,0,0
2026-03-23 04:00:00,1.15445,1.15616,1.15443,1.15546,6116,0,0
2026-03-23 05:00:00,1.15546,1.15574,1.15431,1.15468,3936,0,0
2026-03-23 06:00:00,1.15468,1.15504,1.15428,1.15473,2901,0,0
2026-03-23 07:00:00,1.15473,1.15516,1.15459,1.15506,2276,0,0
2026-03-23 08:00:00,1.15506,1.15525,1.1534200000000001,1.1534200000000001,3193,0,0
2026-03-23 09:00:00,1.1534200000000001,1.15344,1.15206,1.15306,5153,0,0
2026-03-23 10:00:00,1.15306,1.15402,1.15238,1.15273,6500,0,0
2026-03-23 11:00:00,1.15273,1.15462,1.15262,1.15299,8044,0,0
2026-03-23 12:00:00,1.15299,1.15343,1.14912,1.14947,6655,0,0
2026-03-23 13:00:00,1.14947,1.15013,1.14846,1.14859,6402,0,0
2026-03-23 14:00:00,1.14859,1.16198,1.14859,1.15567,17974,0,0
2026-03-23 15:00:00,1.15567,1.16144,1.15463,1.16127,13719,0,0
2026-03-23 16:00:00,1.16127,1.16155,1.158,1.15999,13240,0,0
2026-03-23 17:00:00,1.15999,1.1639599999999999,1.15932,1.16151,12820,0,0
2026-03-23 18:00:00,1.16151,1.16314,1.1582,1.15863,11798,0,0
2026-03-23 19:00:00,1.15863,1.16006,1.15765,1.1591,10217,0,0
2026-03-23 20:00:00,1.1591,1.16096,1.15869,1.16017,7905,0,0
2026-03-23 21:00:00,1.16017,1.16374,1.1592,1.1635,7311,0,0
2026-03-23 22:00:00,1.1635,1.16353,1.16125,1.16132,4366,0,0
2026-03-23 23:00:00,1.16132,1.1615199999999999,1.16094,1.16106,1597,1,0
2026-03-24 00:00:00,1.161,1.16141,1.16094,1.16137,176,11,0
2026-03-24 01:00:00,1.16137,1.16177,1.16079,1.16147,1704,1,0
2026-03-24 02:00:00,1.16147,1.16157,1.1606,1.1608100000000001,2563,0,0
2026-03-24 03:00:00,1.1608100000000001,1.16088,1.15812,1.15886,5845,0,0
2026-03-24 04:00:00,1.15886,1.1596,1.15786,1.15848,5687,0,0
2026-03-24 05:00:00,1.15848,1.15923,1.1583,1.15859,4230,0,0
2026-03-24 06:00:00,1.15859,1.15893,1.15815,1.15833,3269,0,0
2026-03-24 07:00:00,1.15833,1.1583700000000001,1.15759,1.15804,2374,0,0
2026-03-24 08:00:00,1.15804,1.15892,1.1576,1.15839,4006,0,0
2026-03-24 09:00:00,1.15839,1.15923,1.15792,1.15918,4558,0,0
2026-03-24 10:00:00,1.15918,1.16178,1.15891,1.16087,6940,0,0
2026-03-24 11:00:00,1.16087,1.16095,1.15819,1.15884,7957,0,0
2026-03-24 12:00:00,1.15884,1.1596899999999999,1.1579,1.15947,5718,0,0
2026-03-24 13:00:00,1.15947,1.15965,1.15834,1.15923,4766,0,0
2026-03-24 14:00:00,1.15923,1.16005,1.15791,1.15894,5930,0,0
2026-03-24 15:00:00,1.15894,1.15993,1.15812,1.15848,6451,0,0
2026-03-24 16:00:00,1.15848,1.15906,1.15672,1.15775,9211,0,0
2026-03-24 17:00:00,1.15775,1.16071,1.15774,1.15895,9724,0,0
2026-03-24 18:00:00,1.15895,1.15972,1.1576,1.15779,8649,0,0
2026-03-24 19:00:00,1.15779,1.15924,1.15743,1.15829,6294,0,0
2026-03-24 20:00:00,1.15829,1.1584,1.15573,1.15763,9583,0,0
2026-03-24 21:00:00,1.15763,1.15924,1.15678,1.15822,7829,0,0
2026-03-24 22:00:00,1.15822,1.15928,1.15821,1.15855,4340,0,0
2026-03-24 23:00:00,1.15855,1.16282,1.15827,1.16064,6674,1,0
2026-03-25 00:00:00,1.16055,1.16122,1.15998,1.1609099999999999,489,16,0
2026-03-25 01:00:00,1.1609099999999999,1.16189,1.16045,1.1614,2285,1,0
2026-03-25 02:00:00,1.16139,1.16182,1.16085,1.16137,2279,0,0
2026-03-25 03:00:00,1.16137,1.16305,1.16125,1.16235,4853,0,0
2026-03-25 04:00:00,1.16235,1.16244,1.1612,1.16123,4546,0,0
2026-03-25 05:00:00,1.16123,1.16132,1.16013,1.16044,3398,0,0
2026-03-25 06:00:00,1.16044,1.16059,1.16008,1.16037,2443,0,0
2026-03-25 07:00:00,1.16037,1.16041,1.15974,1.15981,2207,0,0
2026-03-25 08:00:00,1.15981,1.15982,1.15891,1.15924,3175,0,0
2026-03-25 09:00:00,1.15924,1.15997,1.15871,1.15962,3246,0,0
2026-03-25 10:00:00,1.15962,1.16053,1.15886,1.15977,4851,0,0
2026-03-25 11:00:00,1.15977,1.16165,1.15907,1.16028,7314,0,0
2026-03-25 12:00:00,1.16028,1.16093,1.15915,1.15989,5328,0,0
2026-03-25 13:00:00,1.15989,1.16056,1.1596,1.16043,4417,0,0
2026-03-25 14:00:00,1.16043,1.16114,1.15944,1.16056,4821,0,0
2026-03-25 15:00:00,1.16056,1.16137,1.15866,1.15912,8077,0,0
2026-03-25 16:00:00,1.15912,1.15989,1.1571799999999999,1.15731,7717,0,0
2026-03-25 17:00:00,1.15731,1.15878,1.15666,1.1586,8042,0,0
2026-03-25 18:00:00,1.1586,1.15894,1.15632,1.15698,7615,0,0
2026-03-25 19:00:00,1.15698,1.15766,1.15555,1.15677,6826,0,0
2026-03-25 20:00:00,1.15677,1.1583700000000001,1.1565,1.15784,5261,0,0
2026-03-25 21:00:00,1.15784,1.1581,1.15612,1.15667,4413,0,0
2026-03-25 22:00:00,1.15667,1.15667,1.1559300000000001,1.15631,4170,0,0
2026-03-25 23:00:00,1.15631,1.15635,1.1555900000000001,1.15591,1599,1,0
2026-03-26 00:00:00,1.1556899999999999,1.1561,1.1556899999999999,1.15591,248,7,0
2026-03-26 01:00:00,1.15591,1.15625,1.15558,1.15603,723,1,0
2026-03-26 02:00:00,1.15603,1.15621,1.15589,1.15614,1268,0,0
2026-03-26 03:00:00,1.15614,1.15648,1.15542,1.15583,2686,0,0
2026-03-26 04:00:00,1.15583,1.15669,1.15581,1.15645,2758,0,0
2026-03-26 05:00:00,1.15645,1.1565699999999999,1.1555,1.1559,2265,0,0
2026-03-26 06:00:00,1.1559,1.15695,1.1558,1.15685,2099,0,0
2026-03-26 07:00:00,1.15685,1.15723,1.15673,1.15693,1559,0,0
2026-03-26 08:00:00,1.15693,1.15701,1.15579,1.1558,2575,0,0
2026-03-26 09:00:00,1.1558,1.1567,1.15519,1.15664,3086,0,0
2026-03-26 10:00:00,1.15664,1.15666,1.1550799999999999,1.15539,3738,0,0
2026-03-26 11:00:00,1.15539,1.15611,1.15477,1.15598,4538,0,0
2026-03-26 12:00:00,1.15598,1.15649,1.15526,1.1559599999999999,4441,0,0
2026-03-26 13:00:00,1.1559599999999999,1.15651,1.15547,1.15574,3884,0,0
2026-03-26 14:00:00,1.15574,1.15589,1.15235,1.15245,3810,0,0
2026-03-26 15:00:00,1.15245,1.15354,1.15226,1.1535,4980,0,0
2026-03-26 16:00:00,1.1535,1.15526,1.15348,1.15424,6865,0,0
2026-03-26 17:00:00,1.15424,1.1555,1.1537,1.15475,8090,0,0
2026-03-26 18:00:00,1.15475,1.15512,1.1531500000000001,1.1541299999999999,6729,0,0
2026-03-26 19:00:00,1.1541299999999999,1.15434,1.15312,1.15358,4952,0,0
2026-03-26 20:00:00,1.15358,1.15378,1.15257,1.1526,4057,0,0
2026-03-26 21:00:00,1.1526,1.15338,1.15253,1.15338,3300,0,0
2026-03-26 22:00:00,1.15338,1.15345,1.15217,1.15219,3153,0,0
2026-03-26 23:00:00,1.15216,1.15589,1.15194,1.15277,5238,1,0
2026-03-27 00:00:00,1.15256,1.15347,1.15256,1.15314,305,7,0
2026-03-27 01:00:00,1.15314,1.15406,1.15301,1.15383,1137,1,0
2026-03-27 02:00:00,1.15383,1.15401,1.15341,1.15346,1208,0,0
2026-03-27 03:00:00,1.15346,1.15382,1.15245,1.15305,3623,0,0
2026-03-27 04:00:00,1.15305,1.15408,1.15298,1.15399,3278,0,0
2026-03-27 05:00:00,1.15399,1.15426,1.15363,1.1538599999999999,2318,0,0
2026-03-27 06:00:00,1.1538599999999999,1.15404,1.1534,1.15392,1987,0,0
2026-03-27 07:00:00,1.15392,1.15439,1.1537,1.15428,1679,0,0
2026-03-27 08:00:00,1.15428,1.15464,1.15374,1.15412,2515,0,0
2026-03-27 09:00:00,1.15412,1.15439,1.15341,1.15347,2543,0,0
2026-03-27 10:00:00,1.15347,1.15351,1.15171,1.1519,3588,0,0
2026-03-27 11:00:00,1.1519,1.15252,1.15161,1.1521,4743,0,0
2026-03-27 12:00:00,1.1521,1.15261,1.15146,1.15194,4268,0,0
2026-03-27 13:00:00,1.15194,1.15261,1.15103,1.15111,4328,0,0
2026-03-27 14:00:00,1.15111,1.1514199999999999,1.15049,1.15078,3935,0,0
2026-03-27 15:00:00,1.15078,1.1518,1.15019,1.1515,4762,0,0
2026-03-27 16:00:00,1.1515,1.1533,1.15143,1.15243,6547,0,0
2026-03-27 17:00:00,1.15243,1.15357,1.15232,1.15288,6488,0,0
2026-03-27 18:00:00,1.15288,1.15477,1.15181,1.15195,7586,0,0
2026-03-27 19:00:00,1.15195,1.15273,1.15149,1.15191,5895,0,0
2026-03-27 20:00:00,1.15191,1.15289,1.15064,1.15126,4682,0,0
2026-03-27 21:00:00,1.15126,1.15198,1.15073,1.15137,3825,0,0
2026-03-27 22:00:00,1.15137,1.1518,1.151,1.1517,2999,0,0
2026-03-27 23:00:00,1.1517,1.15206,1.15079,1.15097,2992,1,0
2026-03-30 00:00:00,1.1498599999999999,1.15023,1.14968,1.14991,171,25,0
2026-03-30 01:00:00,1.14991,1.15023,1.14878,1.14883,2434,1,0
2026-03-30 02:00:00,1.14883,1.14943,1.14876,1.14919,2617,0,0
2026-03-30 03:00:00,1.14919,1.15128,1.14896,1.15069,4587,0,0
2026-03-30 04:00:00,1.15069,1.15111,1.15029,1.15051,2913,0,0
2026-03-30 05:00:00,1.15051,1.15153,1.15014,1.15114,2466,0,0
2026-03-30 06:00:00,1.15114,1.15188,1.15102,1.15158,2013,0,0
2026-03-30 07:00:00,1.15158,1.15212,1.15136,1.15136,1520,0,0
2026-03-30 08:00:00,1.15136,1.15183,1.15097,1.1515900000000001,2159,0,0
2026-03-30 09:00:00,1.1515900000000001,1.152,1.15116,1.15129,3284,0,0
2026-03-30 10:00:00,1.15129,1.1513,1.14942,1.1498,4433,0,0
2026-03-30 11:00:00,1.1498,1.14988,1.14907,1.14962,3898,0,0
2026-03-30 12:00:00,1.14962,1.14982,1.14841,1.14943,3675,0,0
2026-03-30 13:00:00,1.14943,1.14972,1.14882,1.14894,3116,0,0
2026-03-30 14:00:00,1.14894,1.15008,1.14841,1.14851,4909,0,0
2026-03-30 15:00:00,1.14851,1.14889,1.1473200000000001,1.14829,5164,0,0
2026-03-30 16:00:00,1.14829,1.14878,1.14623,1.14642,6014,0,0
2026-03-30 17:00:00,1.14642,1.14704,1.1454900000000001,1.14649,6734,0,0
2026-03-30 18:00:00,1.14649,1.14659,1.14433,1.14539,5246,0,0
2026-03-30 19:00:00,1.14539,1.14611,1.14476,1.14601,4072,0,0
2026-03-30 20:00:00,1.14601,1.14653,1.1455899999999999,1.14578,3963,0,0
2026-03-30 21:00:00,1.14578,1.14662,1.14571,1.14613,3097,0,0
2026-03-30 22:00:00,1.14613,1.14625,1.1454,1.14597,3047,0,0
2026-03-30 23:00:00,1.14596,1.1463,1.1457,1.14611,1581,1,0
2026-03-31 00:00:00,1.14602,1.14677,1.14556,1.14604,674,9,0
2026-03-31 01:00:00,1.14604,1.14656,1.14593,1.14595,857,1,0
2026-03-31 02:00:00,1.14595,1.14595,1.14521,1.14567,1618,0,0
2026-03-31 03:00:00,1.14567,1.14762,1.14474,1.14748,5205,0,0
2026-03-31 04:00:00,1.14748,1.14908,1.14733,1.14762,4917,0,0
2026-03-31 05:00:00,1.14762,1.14796,1.1473200000000001,1.14757,3004,0,0
2026-03-31 06:00:00,1.14757,1.14765,1.14666,1.14696,2446,0,0
2026-03-31 07:00:00,1.14696,1.1473,1.14691,1.14693,2052,0,0
2026-03-31 08:00:00,1.14693,1.14716,1.14625,1.14648,2692,0,0
2026-03-31 09:00:00,1.14648,1.14744,1.14609,1.1472,3636,0,0
2026-03-31 10:00:00,1.1472,1.1474199999999999,1.14631,1.14725,4514,0,0
2026-03-31 11:00:00,1.14725,1.14758,1.14643,1.14674,4000,0,0
2026-03-31 12:00:00,1.14674,1.1473200000000001,1.14623,1.1468099999999999,4019,0,0
2026-03-31 13:00:00,1.1468099999999999,1.14699,1.14582,1.14592,3328,0,0
2026-03-31 14:00:00,1.14592,1.14911,1.14575,1.14911,6322,0,0
2026-03-31 15:00:00,1.14911,1.15099,1.14873,1.15032,6667,0,0
2026-03-31 16:00:00,1.15032,1.15326,1.15008,1.15321,6105,0,0
2026-03-31 17:00:00,1.15321,1.15405,1.15112,1.15204,9012,0,0
2026-03-31 18:00:00,1.15204,1.15329,1.15118,1.15176,7850,0,0
2026-03-31 19:00:00,1.15176,1.15597,1.15141,1.1540300000000001,9189,0,0
2026-03-31 20:00:00,1.1540300000000001,1.15567,1.1539,1.154,9252,0,0
2026-03-31 21:00:00,1.154,1.1550799999999999,1.15384,1.15446,5466,0,0
2026-03-31 22:00:00,1.15446,1.1559599999999999,1.1539,1.15591,4072,0,0
2026-03-31 23:00:00,1.15589,1.15633,1.15523,1.15531,2899,1,0
2026-04-01 00:00:00,1.15504,1.15534,1.15504,1.15524,412,19,0
2026-04-01 01:00:00,1.1552,1.1559599999999999,1.1552,1.15585,1154,1,0
2026-04-01 02:00:00,1.15585,1.15746,1.1557,1.15738,1790,0,0
2026-04-01 03:00:00,1.15738,1.1579,1.15695,1.15746,3523,0,0
2026-04-01 04:00:00,1.15746,1.15755,1.1555,1.15618,4683,0,0
2026-04-01 05:00:00,1.15618,1.15711,1.15606,1.15688,2756,0,0
2026-04-01 06:00:00,1.15688,1.15688,1.15592,1.1561,2198,0,0
2026-04-01 07:00:00,1.1561,1.15664,1.15597,1.15653,1793,0,0
2026-04-01 08:00:00,1.15653,1.15764,1.15647,1.1568,2931,0,0
2026-04-01 09:00:00,1.1568,1.15928,1.15623,1.15911,6722,0,0
2026-04-01 10:00:00,1.15911,1.15987,1.15772,1.15823,7180,0,0
2026-04-01 11:00:00,1.15823,1.16107,1.15777,1.15967,6204,0,0
2026-04-01 12:00:00,1.15967,1.16026,1.15811,1.15952,5491,0,0
2026-04-01 13:00:00,1.15952,1.16036,1.15934,1.15997,4347,0,0
2026-04-01 14:00:00,1.15997,1.161,1.1598,1.16074,4236,0,0
2026-04-01 15:00:00,1.16074,1.16232,1.1594,1.16046,7070,0,0
2026-04-01 16:00:00,1.16046,1.16238,1.15989,1.16119,8868,0,0
2026-04-01 17:00:00,1.16119,1.16269,1.16049,1.16226,8692,0,0
2026-04-01 18:00:00,1.16226,1.1627,1.16054,1.16139,5621,0,0
2026-04-01 19:00:00,1.16139,1.16191,1.16048,1.1619,4376,0,0
2026-04-01 20:00:00,1.1619,1.16235,1.15941,1.15942,3952,0,0
2026-04-01 21:00:00,1.15942,1.15945,1.15773,1.15791,5028,0,0
2026-04-01 22:00:00,1.15791,1.15871,1.15765,1.15836,3483,0,0
2026-04-01 23:00:00,1.15836,1.15919,1.15835,1.15904,1494,1,0
2026-04-02 00:00:00,1.15846,1.15901,1.15811,1.15891,609,5,0
2026-04-02 01:00:00,1.15891,1.15942,1.15891,1.1591,1062,1,0
2026-04-02 02:00:00,1.1591,1.15946,1.15892,1.15897,1252,0,0
2026-04-02 03:00:00,1.15897,1.15979,1.1587,1.15955,3527,0,0
2026-04-02 04:00:00,1.15955,1.16058,1.15458,1.15527,11306,0,0
2026-04-02 05:00:00,1.15527,1.15604,1.15441,1.15471,5416,0,0
2026-04-02 06:00:00,1.15471,1.1549,1.15379,1.15401,3319,0,0
2026-04-02 07:00:00,1.15401,1.15421,1.15323,1.15369,2914,0,0
2026-04-02 08:00:00,1.15369,1.1539,1.15251,1.15255,3224,0,0
2026-04-02 09:00:00,1.15255,1.15355,1.15154,1.15344,4606,0,0
2026-04-02 10:00:00,1.15344,1.15378,1.15189,1.15324,5287,0,0
2026-04-02 11:00:00,1.15324,1.15358,1.15245,1.15255,3758,0,0
2026-04-02 12:00:00,1.15255,1.1532,1.15217,1.1526399999999999,3381,0,0
2026-04-02 13:00:00,1.1526399999999999,1.15271,1.15112,1.15124,3748,0,0
2026-04-02 14:00:00,1.15124,1.15195,1.15092,1.15176,3902,0,0
2026-04-02 15:00:00,1.15176,1.15312,1.1516899999999999,1.15248,5257,0,0
2026-04-02 16:00:00,1.15248,1.15326,1.15205,1.15312,7188,0,0
2026-04-02 17:00:00,1.15312,1.1564,1.15268,1.15513,10201,0,0
2026-04-02 18:00:00,1.15513,1.15586,1.15418,1.15452,7631,0,0
2026-04-02 19:00:00,1.15452,1.15478,1.1539,1.15394,5562,0,0
2026-04-02 20:00:00,1.15394,1.15492,1.15365,1.15378,3898,0,0
2026-04-02 21:00:00,1.15378,1.15402,1.15332,1.15361,3065,0,0
2026-04-02 22:00:00,1.15361,1.1543700000000001,1.15334,1.15346,3268,0,0
2026-04-02 23:00:00,1.15346,1.15395,1.1532,1.1538599999999999,1384,1,0
2026-04-03 00:00:00,1.1533,1.15396,1.15299,1.15385,401,43,0
2026-04-03 01:00:00,1.15385,1.15406,1.15359,1.15399,419,1,0
2026-04-03 02:00:00,1.15399,1.1543,1.15394,1.15414,488,0,0
2026-04-03 03:00:00,1.15414,1.15451,1.15382,1.15383,1523,0,0
2026-04-03 04:00:00,1.15383,1.154,1.15339,1.1535,1588,0,0
2026-04-03 05:00:00,1.1535,1.15384,1.15323,1.15361,1338,0,0
2026-04-03 06:00:00,1.15361,1.15375,1.15343,1.15362,926,0,0
2026-04-03 07:00:00,1.15362,1.15364,1.15338,1.1534,1270,0,0
2026-04-03 08:00:00,1.1534,1.15382,1.15293,1.15379,1277,0,0
2026-04-03 09:00:00,1.15379,1.15407,1.1535199999999999,1.15395,1119,0,0
2026-04-03 10:00:00,1.15395,1.15463,1.15394,1.15428,1340,0,0
2026-04-03 11:00:00,1.15428,1.15454,1.15404,1.1543,1255,0,0
2026-04-03 12:00:00,1.1543,1.15458,1.15409,1.15433,1241,0,0
2026-04-03 13:00:00,1.15433,1.15491,1.15418,1.15449,1072,0,0
2026-04-03 14:00:00,1.15449,1.1547,1.1541,1.15443,1263,0,0
2026-04-03 15:00:00,1.15443,1.15461,1.15165,1.15312,3555,0,0
2026-04-03 16:00:00,1.15312,1.15387,1.15279,1.15348,2250,0,0
2026-04-03 17:00:00,1.15348,1.15366,1.15211,1.15213,1979,0,0
2026-04-03 18:00:00,1.15213,1.15276,1.152,1.15219,4044,0,0
2026-04-03 19:00:00,1.15219,1.15221,1.15183,1.15191,2870,0,0
2026-04-03 20:00:00,1.15191,1.15216,1.1518,1.15205,2664,0,0
2026-04-03 21:00:00,1.15205,1.15214,1.15141,1.15144,1209,0,0
2026-04-03 22:00:00,1.15144,1.1516,1.15139,1.15139,472,0,0
2026-04-03 23:00:00,1.15139,1.15306,1.15103,1.15157,956,1,0
2026-04-06 00:00:00,1.1519,1.15224,1.15177,1.15192,177,21,0
2026-04-06 01:00:00,1.15192,1.15217,1.15051,1.15148,3227,1,0
2026-04-06 02:00:00,1.15148,1.15168,1.15088,1.151,2350,0,0
2026-04-06 03:00:00,1.151,1.15184,1.15096,1.1512,3035,0,0
2026-04-06 04:00:00,1.1512,1.15146,1.15066,1.1507100000000001,2432,0,0
2026-04-06 05:00:00,1.1507100000000001,1.15287,1.1507100000000001,1.15207,3692,0,0
2026-04-06 06:00:00,1.15207,1.15235,1.15175,1.1519300000000001,2491,0,0
2026-04-06 07:00:00,1.1519300000000001,1.15251,1.15187,1.15242,1991,0,0
2026-04-06 08:00:00,1.15242,1.15297,1.1522999999999999,1.15257,2176,0,0
2026-04-06 09:00:00,1.15257,1.1537600000000001,1.15222,1.15331,3232,0,0
2026-04-06 10:00:00,1.15331,1.15688,1.15256,1.15647,4597,0,0
2026-04-06 11:00:00,1.15647,1.15685,1.1554,1.15554,3981,0,0
2026-04-06 12:00:00,1.15554,1.15604,1.1547399999999999,1.15503,3403,0,0
2026-04-06 13:00:00,1.15503,1.15543,1.15377,1.1548,3361,0,0
2026-04-06 14:00:00,1.1548,1.15502,1.15404,1.15456,3034,0,0
2026-04-06 15:00:00,1.15456,1.15548,1.15429,1.15533,3356,0,0
2026-04-06 16:00:00,1.15533,1.15611,1.15497,1.15601,4522,0,0
2026-04-06 17:00:00,1.15601,1.1571500000000001,1.15427,1.15433,7795,0,0
2026-04-06 18:00:00,1.15433,1.15445,1.15357,1.15442,5232,0,0
2026-04-06 19:00:00,1.15442,1.15482,1.15425,1.15452,3602,0,0
2026-04-06 20:00:00,1.15452,1.15486,1.15344,1.15417,4460,0,0
2026-04-06 21:00:00,1.15417,1.15526,1.15398,1.15458,4882,0,0
2026-04-06 22:00:00,1.15458,1.15469,1.15407,1.15427,2234,0,0
2026-04-06 23:00:00,1.15427,1.15445,1.15408,1.15426,1229,1,0
2026-04-07 00:00:00,1.15384,1.15442,1.15374,1.15414,1040,11,0
2026-04-07 01:00:00,1.15414,1.15478,1.15409,1.15429,1117,1,0
2026-04-07 02:00:00,1.15429,1.15434,1.15388,1.1541,1092,0,0
2026-04-07 03:00:00,1.1541,1.15439,1.15367,1.1537600000000001,3061,0,0
2026-04-07 04:00:00,1.1537600000000001,1.15404,1.15275,1.15303,3250,0,0
2026-04-07 05:00:00,1.15303,1.15321,1.15244,1.153,2497,0,0
2026-04-07 06:00:00,1.153,1.15349,1.15288,1.15345,1657,0,0
2026-04-07 07:00:00,1.15345,1.15388,1.15328,1.15382,1777,0,0
2026-04-07 08:00:00,1.15382,1.15398,1.15303,1.15353,2746,0,0
2026-04-07 09:00:00,1.15353,1.15455,1.15327,1.1544699999999999,3704,0,0
2026-04-07 10:00:00,1.1544699999999999,1.15461,1.1537,1.15428,3689,0,0
2026-04-07 11:00:00,1.15428,1.15756,1.1542,1.15736,6817,0,0
2026-04-07 12:00:00,1.15736,1.15754,1.15624,1.15632,4433,0,0
2026-04-07 13:00:00,1.15632,1.15639,1.15459,1.15541,6866,0,0
2026-04-07 14:00:00,1.15541,1.1562000000000001,1.15482,1.156,4193,0,0
2026-04-07 15:00:00,1.156,1.15698,1.15541,1.15602,5545,0,0
2026-04-07 16:00:00,1.15602,1.15651,1.1556,1.15637,5779,0,0
2026-04-07 17:00:00,1.15637,1.15835,1.15586,1.15722,6839,0,0
2026-04-07 18:00:00,1.15722,1.15784,1.1566,1.1571,6300,0,0
2026-04-07 19:00:00,1.1571,1.15795,1.15698,1.1571799999999999,5623,0,0
2026-04-07 20:00:00,1.1571799999999999,1.15795,1.15666,1.15775,4564,0,0
2026-04-07 21:00:00,1.15775,1.15831,1.15716,1.15749,3344,0,0
2026-04-07 22:00:00,1.15749,1.16018,1.15729,1.15951,6766,0,0
2026-04-07 23:00:00,1.15951,1.1605,1.15924,1.15962,3923,1,0
2026-04-08 00:00:00,1.15924,1.15999,1.15894,1.15942,512,5,0
2026-04-08 01:00:00,1.15942,1.16698,1.1589,1.16677,6738,1,0
2026-04-08 02:00:00,1.16678,1.16903,1.1661299999999999,1.16864,8375,0,0
2026-04-08 03:00:00,1.16864,1.16968,1.16661,1.1672,9300,0,0
2026-04-08 04:00:00,1.1672,1.1688399999999999,1.16711,1.16756,6513,0,0
2026-04-08 05:00:00,1.16756,1.16822,1.16688,1.16736,4522,0,0
2026-04-08 06:00:00,1.16736,1.16759,1.16662,1.16706,3768,0,0
2026-04-08 07:00:00,1.16706,1.1681,1.16706,1.16765,4009,0,0
2026-04-08 08:00:00,1.16765,1.17086,1.16723,1.16913,5246,0,0
2026-04-08 09:00:00,1.16913,1.17081,1.16846,1.16962,6238,0,0
2026-04-08 10:00:00,1.16962,1.17,1.1679,1.16958,6475,0,0
2026-04-08 11:00:00,1.16958,1.16991,1.1669100000000001,1.16814,5947,0,0
2026-04-08 12:00:00,1.16814,1.16893,1.16781,1.16799,5027,0,0
2026-04-08 13:00:00,1.16799,1.16926,1.16777,1.16902,4322,0,0
2026-04-08 14:00:00,1.16902,1.1710099999999999,1.16856,1.17004,5536,0,0
2026-04-08 15:00:00,1.17004,1.17181,1.16881,1.17143,7463,0,0
2026-04-08 16:00:00,1.17143,1.17217,1.16872,1.16943,8179,0,0
2026-04-08 17:00:00,1.16943,1.17034,1.16898,1.16944,8773,0,0
2026-04-08 18:00:00,1.16944,1.16966,1.16845,1.16865,6243,0,0
2026-04-08 19:00:00,1.16865,1.16888,1.16772,1.16819,5180,0,0
2026-04-08 20:00:00,1.16819,1.16852,1.1669,1.16751,4658,0,0
2026-04-08 21:00:00,1.16751,1.16801,1.16501,1.16505,5863,0,0
2026-04-08 22:00:00,1.16505,1.16705,1.16436,1.16677,5007,0,0
2026-04-08 23:00:00,1.16677,1.16694,1.16604,1.16617,1778,1,0
2026-04-09 00:00:00,1.16545,1.16663,1.16545,1.16646,258,11,0
2026-04-09 01:00:00,1.16655,1.1667399999999999,1.16599,1.1662,1289,1,0
2026-04-09 02:00:00,1.1662,1.16632,1.16576,1.16593,1255,0,0
2026-04-09 03:00:00,1.16593,1.16611,1.16531,1.16573,3092,0,0
2026-04-09 04:00:00,1.16573,1.16637,1.16505,1.16618,3108,0,0
2026-04-09 05:00:00,1.16618,1.1667399999999999,1.16592,1.16653,2491,0,0
2026-04-09 06:00:00,1.16653,1.16668,1.16608,1.16626,2222,0,0
2026-04-09 07:00:00,1.16626,1.16712,1.16621,1.16666,1730,0,0
2026-04-09 08:00:00,1.16666,1.1668,1.16595,1.16611,2503,0,0
2026-04-09 09:00:00,1.16611,1.16645,1.16544,1.16644,3421,0,0
2026-04-09 10:00:00,1.16644,1.16693,1.16556,1.16629,4000,0,0
2026-04-09 11:00:00,1.16629,1.16747,1.16597,1.1672,3396,0,0
2026-04-09 12:00:00,1.1672,1.16792,1.16685,1.16748,3266,0,0
2026-04-09 13:00:00,1.16748,1.16795,1.16713,1.16714,3107,0,0
2026-04-09 14:00:00,1.16714,1.16895,1.16697,1.16883,3376,0,0
2026-04-09 15:00:00,1.16883,1.16902,1.1679,1.1686,4079,0,0
2026-04-09 16:00:00,1.1686,1.16952,1.1681300000000001,1.1682,4967,0,0
2026-04-09 17:00:00,1.1682,1.16881,1.16744,1.16846,5532,0,0
2026-04-09 18:00:00,1.16846,1.17071,1.16776,1.17054,7542,0,0
2026-04-09 19:00:00,1.17054,1.1714,1.17022,1.17106,5015,0,0
2026-04-09 20:00:00,1.17106,1.17234,1.17103,1.17144,3683,0,0
2026-04-09 21:00:00,1.17144,1.1715,1.16976,1.16993,4769,0,0
2026-04-09 22:00:00,1.16993,1.17085,1.16982,1.1700599999999999,2991,0,0
2026-04-09 23:00:00,1.17008,1.17008,1.16953,1.16989,1278,1,0
2026-04-10 00:00:00,1.16965,1.17013,1.16939,1.17012,331,19,0
2026-04-10 01:00:00,1.17012,1.17026,1.16925,1.1694,1172,1,0
2026-04-10 02:00:00,1.1694,1.16961,1.16904,1.1691799999999999,1081,0,0
2026-04-10 03:00:00,1.1691799999999999,1.16919,1.16854,1.1688,2392,0,0
2026-04-10 04:00:00,1.1688,1.16946,1.16861,1.16925,2239,0,0
2026-04-10 05:00:00,1.16925,1.16943,1.16869,1.16911,1994,0,0
2026-04-10 06:00:00,1.16911,1.16967,1.16897,1.16956,1436,0,0
2026-04-10 07:00:00,1.16956,1.16968,1.16912,1.16921,1486,0,0
2026-04-10 08:00:00,1.16921,1.16929,1.16876,1.16899,1739,0,0
2026-04-10 09:00:00,1.16899,1.16937,1.16835,1.16843,2974,0,0
2026-04-10 10:00:00,1.16843,1.16896,1.16792,1.16799,3304,0,0
2026-04-10 11:00:00,1.16799,1.16898,1.16776,1.16861,2756,0,0
2026-04-10 12:00:00,1.16861,1.1711,1.16849,1.17102,4552,0,0
2026-04-10 13:00:00,1.17102,1.17159,1.17059,1.17131,3236,0,0
2026-04-10 14:00:00,1.17131,1.17188,1.1711,1.17142,2759,0,0
2026-04-10 15:00:00,1.17142,1.17257,1.17097,1.17208,4916,0,0
2026-04-10 16:00:00,1.17208,1.17348,1.17185,1.17279,5218,0,0
2026-04-10 17:00:00,1.17279,1.17381,1.17203,1.17279,6027,0,0
2026-04-10 18:00:00,1.17279,1.17393,1.17219,1.17226,4795,0,0
2026-04-10 19:00:00,1.17226,1.17254,1.17138,1.17203,3706,0,0
2026-04-10 20:00:00,1.17203,1.17261,1.1718899999999999,1.17235,2738,0,0
2026-04-10 21:00:00,1.17235,1.17354,1.1718899999999999,1.17318,3198,0,0
2026-04-10 22:00:00,1.17318,1.17325,1.1727,1.17272,2229,0,0
2026-04-10 23:00:00,1.1727400000000001,1.1731,1.17214,1.17248,2044,1,0
2026-04-13 00:00:00,1.16638,1.16804,1.16629,1.16703,479,1,0
2026-04-13 01:00:00,1.16703,1.16785,1.16656,1.16721,3270,1,0
2026-04-13 02:00:00,1.16721,1.16755,1.16638,1.16749,2341,0,0
2026-04-13 03:00:00,1.16749,1.16877,1.1671,1.16877,3226,0,0
2026-04-13 04:00:00,1.16877,1.16896,1.16807,1.16862,2996,0,0
2026-04-13 05:00:00,1.16862,1.16901,1.1685,1.16886,1900,0,0
2026-04-13 06:00:00,1.16886,1.16895,1.16858,1.16883,1582,0,0
2026-04-13 07:00:00,1.16883,1.16902,1.1686,1.16864,1667,0,0
2026-04-13 08:00:00,1.16864,1.16891,1.16834,1.16878,2113,0,0
2026-04-13 09:00:00,1.16878,1.16949,1.16782,1.16855,3893,0,0
2026-04-13 10:00:00,1.16855,1.17,1.16855,1.1697,3716,0,0
2026-04-13 11:00:00,1.1697,1.16973,1.16836,1.16862,3493,0,0
2026-04-13 12:00:00,1.16862,1.16924,1.16839,1.16864,3147,0,0
2026-04-13 13:00:00,1.16864,1.16951,1.16826,1.1693500000000001,2992,0,0
2026-04-13 14:00:00,1.1693500000000001,1.16997,1.16811,1.16819,3730,0,0
2026-04-13 15:00:00,1.16819,1.16991,1.16808,1.16984,4492,0,0
2026-04-13 16:00:00,1.16984,1.17121,1.16964,1.17057,5338,0,0
2026-04-13 17:00:00,1.17057,1.17204,1.1700599999999999,1.17105,6235,0,0
2026-04-13 18:00:00,1.17105,1.1712500000000001,1.17028,1.17096,4716,0,0
2026-04-13 19:00:00,1.17096,1.17314,1.1707,1.17252,6351,0,0
2026-04-13 20:00:00,1.17252,1.17377,1.1724700000000001,1.17337,3217,0,0
2026-04-13 21:00:00,1.17337,1.17656,1.17337,1.17643,3921,0,0
2026-04-13 22:00:00,1.17643,1.1764999999999999,1.17541,1.176,2624,0,0
2026-04-13 23:00:00,1.17603,1.17631,1.17566,1.17578,1373,1,0
2026-04-14 00:00:00,1.17515,1.17588,1.17508,1.1755,256,5,0
2026-04-14 01:00:00,1.17545,1.17648,1.17545,1.17614,1010,1,0
2026-04-14 02:00:00,1.17614,1.1767,1.17609,1.17669,1319,0,0
2026-04-14 03:00:00,1.17669,1.17682,1.17612,1.17664,2235,0,0
2026-04-14 04:00:00,1.17664,1.1768,1.17597,1.17602,2172,0,0
2026-04-14 05:00:00,1.17602,1.17624,1.17564,1.17608,1515,0,0
2026-04-14 06:00:00,1.17608,1.17682,1.17592,1.17669,1440,0,0
2026-04-14 07:00:00,1.17669,1.1770100000000001,1.17646,1.17666,1155,0,0
2026-04-14 08:00:00,1.17666,1.17698,1.17597,1.17644,2021,0,0
2026-04-14 09:00:00,1.17644,1.17782,1.17582,1.1778,3520,0,0
2026-04-14 10:00:00,1.1778,1.17967,1.17774,1.17801,5550,0,0
2026-04-14 11:00:00,1.17801,1.17843,1.17753,1.17827,3767,0,0
2026-04-14 12:00:00,1.17827,1.17926,1.1782,1.17889,3024,0,0
2026-04-14 13:00:00,1.17889,1.17988,1.17883,1.17965,3338,0,0
2026-04-14 14:00:00,1.17965,1.18062,1.1795499999999999,1.17995,3535,0,0
2026-04-14 15:00:00,1.17995,1.18059,1.1793,1.18046,5324,0,0
2026-04-14 16:00:00,1.18046,1.1807699999999999,1.17936,1.17994,5431,0,0
2026-04-14 17:00:00,1.17994,1.1811099999999999,1.17935,1.1809,5556,0,0
2026-04-14 18:00:00,1.1809,1.1809,1.17877,1.17905,5059,0,0
2026-04-14 19:00:00,1.17905,1.17972,1.17884,1.1794,2792,0,0
2026-04-14 20:00:00,1.1794,1.17996,1.17919,1.17958,2277,0,0
2026-04-14 21:00:00,1.17958,1.17971,1.17907,1.17932,2824,0,0
2026-04-14 22:00:00,1.17932,1.17956,1.17905,1.17917,1781,0,0
2026-04-14 23:00:00,1.1791800000000001,1.17956,1.17912,1.17954,1349,1,0
2026-04-15 00:00:00,1.17932,1.17938,1.17874,1.179,192,21,0
2026-04-15 01:00:00,1.179,1.17993,1.17899,1.17951,874,1,0
2026-04-15 02:00:00,1.17951,1.18019,1.17944,1.17984,1639,0,0
2026-04-15 03:00:00,1.17984,1.1798899999999999,1.17895,1.1794,2715,0,0
2026-04-15 04:00:00,1.1794,1.17969,1.17898,1.17909,2813,0,0
2026-04-15 05:00:00,1.17909,1.17911,1.1779,1.17835,2129,0,0
2026-04-15 06:00:00,1.17835,1.17892,1.17804,1.17873,1641,0,0
2026-04-15 07:00:00,1.17873,1.17897,1.17863,1.17887,1299,0,0
2026-04-15 08:00:00,1.17887,1.17983,1.17884,1.17919,2598,0,0
2026-04-15 09:00:00,1.17919,1.17992,1.1784,1.17843,3315,0,0
2026-04-15 10:00:00,1.17843,1.17905,1.17829,1.17858,3738,0,0
2026-04-15 11:00:00,1.17858,1.17953,1.17854,1.1789399999999999,3571,0,0
2026-04-15 12:00:00,1.1789399999999999,1.17914,1.17752,1.17815,4823,0,0
2026-04-15 13:00:00,1.17815,1.17866,1.17721,1.17771,4752,0,0
2026-04-15 14:00:00,1.17771,1.17843,1.17733,1.1783,4003,0,0
2026-04-15 15:00:00,1.1783,1.1792799999999999,1.17773,1.1788,3973,0,0
2026-04-15 16:00:00,1.1788,1.17974,1.17843,1.1788,4648,0,0
2026-04-15 17:00:00,1.1788,1.18002,1.17846,1.17966,5011,0,0
2026-04-15 18:00:00,1.17966,1.1808,1.17947,1.17981,4697,0,0
2026-04-15 19:00:00,1.17981,1.18028,1.17977,1.18011,3564,0,0
2026-04-15 20:00:00,1.18011,1.18021,1.1792799999999999,1.17949,2515,0,0
2026-04-15 21:00:00,1.17949,1.1802,1.17938,1.18003,3430,0,0
2026-04-15 22:00:00,1.18003,1.18047,1.17985,1.17997,2079,0,0
2026-04-15 23:00:00,1.17998,1.1801,1.17953,1.17987,1359,1,0
2026-04-16 00:00:00,1.17972,1.18022,1.1795,1.17964,364,10,0
2026-04-16 01:00:00,1.17964,1.18031,1.17963,1.18022,793,1,0
2026-04-16 02:00:00,1.18022,1.1808,1.18022,1.18067,975,0,0
2026-04-16 03:00:00,1.18067,1.18087,1.18029,1.1807400000000001,1903,0,0
2026-04-16 04:00:00,1.1807400000000001,1.18095,1.1797,1.18027,2182,0,0
2026-04-16 05:00:00,1.18027,1.18176,1.1802,1.18171,2235,0,0
2026-04-16 06:00:00,1.18171,1.18239,1.18122,1.18132,2207,0,0
2026-04-16 07:00:00,1.18132,1.18133,1.18083,1.18096,1377,0,0
2026-04-16 08:00:00,1.18096,1.18102,1.18032,1.18043,2042,0,0
2026-04-16 09:00:00,1.18043,1.18072,1.17937,1.18032,3544,0,0
2026-04-16 10:00:00,1.18032,1.18047,1.17911,1.17916,3935,0,0
2026-04-16 11:00:00,1.17916,1.17941,1.17767,1.17864,4089,0,0
2026-04-16 12:00:00,1.17864,1.17879,1.1777,1.17795,3181,0,0
2026-04-16 13:00:00,1.17795,1.17804,1.17727,1.17798,2546,0,0
2026-04-16 14:00:00,1.17798,1.17888,1.17798,1.17839,3280,0,0
2026-04-16 15:00:00,1.17839,1.17846,1.17761,1.17814,3529,0,0
2026-04-16 16:00:00,1.17814,1.17837,1.17673,1.17725,4873,0,0
2026-04-16 17:00:00,1.17725,1.17823,1.17691,1.17717,5880,0,0
2026-04-16 18:00:00,1.17717,1.17821,1.17703,1.1782,4824,0,0
2026-04-16 19:00:00,1.1782,1.17871,1.1769,1.17749,4324,0,0
2026-04-16 20:00:00,1.17749,1.17755,1.1768399999999999,1.17737,3348,0,0
2026-04-16 21:00:00,1.17737,1.1781,1.17732,1.1779600000000001,3221,0,0
2026-04-16 22:00:00,1.1779600000000001,1.17858,1.1779600000000001,1.1781,2313,0,0
2026-04-16 23:00:00,1.17813,1.1783299999999999,1.17785,1.17816,1131,1,0
2026-04-17 00:00:00,1.17742,1.17793,1.17721,1.17775,222,33,0
2026-04-17 01:00:00,1.1778,1.1787,1.1778,1.17852,770,1,0
2026-04-17 02:00:00,1.17852,1.17862,1.17809,1.17812,1052,0,0
2026-04-17 03:00:00,1.17812,1.17831,1.1777199999999999,1.17791,2227,0,0
2026-04-17 04:00:00,1.17791,1.17799,1.17746,1.17761,2378,0,0
2026-04-17 05:00:00,1.17761,1.17778,1.17732,1.1777,1645,0,0
2026-04-17 06:00:00,1.1777,1.17853,1.17754,1.1783299999999999,1538,0,0
2026-04-17 07:00:00,1.1783299999999999,1.17844,1.17816,1.17828,1425,0,0
2026-04-17 08:00:00,1.17828,1.17846,1.178,1.17808,2137,0,0
2026-04-17 09:00:00,1.17808,1.17832,1.17723,1.17749,3334,0,0
2026-04-17 10:00:00,1.17749,1.17831,1.17748,1.17823,3521,0,0
2026-04-17 11:00:00,1.17823,1.17956,1.17808,1.17938,2935,0,0
2026-04-17 12:00:00,1.17938,1.17993,1.17911,1.17936,3065,0,0
2026-04-17 13:00:00,1.17936,1.1796,1.17914,1.17946,2398,0,0
2026-04-17 14:00:00,1.17946,1.17995,1.17922,1.17939,2692,0,0
2026-04-17 15:00:00,1.17939,1.18375,1.17935,1.18352,6894,0,0
2026-04-17 16:00:00,1.18352,1.1849,1.18244,1.18338,10398,0,0
2026-04-17 17:00:00,1.18338,1.18362,1.18134,1.18138,7619,0,0
2026-04-17 18:00:00,1.18138,1.18167,1.18,1.18007,6695,0,0
2026-04-17 19:00:00,1.18007,1.18047,1.1792,1.17987,3931,0,0
2026-04-17 20:00:00,1.17987,1.17987,1.17852,1.17953,4759,0,0
2026-04-17 21:00:00,1.17953,1.17976,1.17744,1.17798,4368,0,0
2026-04-17 22:00:00,1.17798,1.17839,1.17669,1.17688,2949,0,0
2026-04-17 23:00:00,1.17688,1.17719,1.17601,1.17642,2121,1,0
2026-04-20 00:00:00,1.17385,1.17395,1.17295,1.17301,469,11,0
2026-04-20 01:00:00,1.17301,1.17402,1.17291,1.17398,2739,1,0
2026-04-20 02:00:00,1.17398,1.17455,1.17365,1.17391,2368,0,0
2026-04-20 03:00:00,1.17391,1.17569,1.1737,1.17544,3792,0,0
2026-04-20 04:00:00,1.17544,1.17598,1.17509,1.17569,3163,0,0
2026-04-20 05:00:00,1.17569,1.17616,1.17548,1.17571,2048,0,0
2026-04-20 06:00:00,1.17571,1.17628,1.17548,1.17603,1981,0,0
2026-04-20 07:00:00,1.17603,1.17621,1.17564,1.17591,1779,0,0
2026-04-20 08:00:00,1.17591,1.1761,1.17472,1.17532,2874,0,0
2026-04-20 09:00:00,1.17532,1.17657,1.17477,1.1764999999999999,4648,0,0
2026-04-20 10:00:00,1.1764999999999999,1.17719,1.17538,1.17593,5303,0,0
2026-04-20 11:00:00,1.17593,1.17648,1.17566,1.17611,4195,0,0
2026-04-20 12:00:00,1.17611,1.17657,1.17554,1.17653,3420,0,0
2026-04-20 13:00:00,1.17653,1.17712,1.1762299999999999,1.17706,2925,0,0
2026-04-20 14:00:00,1.17706,1.17757,1.17655,1.17672,3333,0,0
2026-04-20 15:00:00,1.17672,1.1768399999999999,1.1756,1.17652,3932,0,0
2026-04-20 16:00:00,1.17652,1.17816,1.17612,1.17751,6000,0,0
2026-04-20 17:00:00,1.17751,1.17781,1.17626,1.17719,6133,0,0
2026-04-20 18:00:00,1.17719,1.17898,1.17686,1.1784,6391,0,0
2026-04-20 19:00:00,1.1784,1.17881,1.1782,1.1785700000000001,3623,0,0
2026-04-20 20:00:00,1.1785700000000001,1.179,1.17815,1.17838,2919,0,0
2026-04-20 21:00:00,1.17838,1.17897,1.17788,1.17802,3295,0,0
2026-04-20 22:00:00,1.17802,1.17886,1.17799,1.17859,2012,0,0
2026-04-20 23:00:00,1.17862,1.17887,1.17835,1.17878,1241,1,0
2026-04-21 00:00:00,1.17825,1.17854,1.17811,1.17854,134,24,0
2026-04-21 01:00:00,1.17854,1.17904,1.17853,1.17903,1155,1,0
2026-04-21 02:00:00,1.17903,1.1791,1.1783299999999999,1.17842,1082,0,0
2026-04-21 03:00:00,1.17842,1.17856,1.17808,1.1783,3064,0,0
2026-04-21 04:00:00,1.1783,1.17861,1.1779600000000001,1.1780599999999999,2401,0,0
2026-04-21 05:00:00,1.1780599999999999,1.17824,1.1777199999999999,1.17794,1803,0,0
2026-04-21 06:00:00,1.17794,1.17798,1.17734,1.17757,1792,0,0
2026-04-21 07:00:00,1.17757,1.17767,1.17741,1.17756,1388,0,0
2026-04-21 08:00:00,1.17756,1.17822,1.17752,1.17784,2302,0,0
2026-04-21 09:00:00,1.17784,1.17801,1.17722,1.1774499999999999,3313,0,0
2026-04-21 10:00:00,1.1774499999999999,1.1777,1.17635,1.17644,3875,0,0
2026-04-21 11:00:00,1.17644,1.17669,1.17571,1.17654,4131,0,0
2026-04-21 12:00:00,1.17654,1.17654,1.17566,1.17594,3135,0,0
2026-04-21 13:00:00,1.17594,1.17615,1.17565,1.1761,2626,0,0
2026-04-21 14:00:00,1.1761,1.17683,1.17563,1.1767,3394,0,0
2026-04-21 15:00:00,1.1767,1.17685,1.17542,1.17594,4392,0,0
2026-04-21 16:00:00,1.17594,1.17715,1.1758,1.17657,4471,0,0
2026-04-21 17:00:00,1.17657,1.17759,1.1752,1.17526,6108,0,0
2026-04-21 18:00:00,1.17526,1.17599,1.17413,1.17514,6257,0,0
2026-04-21 19:00:00,1.17514,1.17555,1.17405,1.17417,4140,0,0
2026-04-21 20:00:00,1.17417,1.17636,1.17205,1.17428,6904,0,0
2026-04-21 21:00:00,1.17428,1.1747,1.17293,1.1740599999999999,5078,0,0
2026-04-21 22:00:00,1.1740599999999999,1.17523,1.1719,1.17255,7043,0,0
2026-04-21 23:00:00,1.17254,1.17534,1.17233,1.17431,4942,1,0
2026-04-22 00:00:00,1.1743999999999999,1.17495,1.17329,1.17401,469,5,0
2026-04-22 01:00:00,1.17401,1.17436,1.17386,1.17387,870,1,0
2026-04-22 02:00:00,1.17388,1.17442,1.17375,1.17439,1131,0,0
2026-04-22 03:00:00,1.17439,1.17514,1.17433,1.1743999999999999,3062,0,0
2026-04-22 04:00:00,1.1743999999999999,1.17472,1.17388,1.17446,2444,0,0
2026-04-22 05:00:00,1.17446,1.17485,1.174,1.17408,2021,0,0
2026-04-22 06:00:00,1.17408,1.17427,1.17378,1.17384,1730,0,0
2026-04-22 07:00:00,1.17384,1.17426,1.17383,1.17397,1450,0,0
2026-04-22 08:00:00,1.17397,1.17626,1.17391,1.17508,3538,0,0
2026-04-22 09:00:00,1.17508,1.17551,1.17448,1.17494,3327,0,0
2026-04-22 10:00:00,1.17494,1.17563,1.17461,1.17553,3489,0,0
2026-04-22 11:00:00,1.17553,1.17591,1.17476,1.17538,3648,0,0
2026-04-22 12:00:00,1.17538,1.17573,1.17466,1.17477,2963,0,0
2026-04-22 13:00:00,1.17477,1.17534,1.17439,1.17515,2981,0,0
2026-04-22 14:00:00,1.17515,1.17516,1.17321,1.17348,3407,0,0
2026-04-22 15:00:00,1.17348,1.17376,1.1724999999999999,1.17276,3951,0,0
2026-04-22 16:00:00,1.17276,1.17433,1.1724,1.17408,5451,0,0
2026-04-22 17:00:00,1.17408,1.1743000000000001,1.17185,1.17187,5018,0,0
2026-04-22 18:00:00,1.17187,1.1724,1.17127,1.17133,4785,0,0
2026-04-22 19:00:00,1.17133,1.17157,1.17102,1.17127,3610,0,0
2026-04-22 20:00:00,1.17127,1.17169,1.17102,1.17105,3058,0,0
2026-04-22 21:00:00,1.17105,1.17131,1.17078,1.1709,2350,0,0
2026-04-22 22:00:00,1.1709,1.17113,1.17049,1.17056,2364,0,0
2026-04-22 23:00:00,1.17055,1.17076,1.1703000000000001,1.17056,1740,1,0
2026-04-23 00:00:00,1.17024,1.17072,1.17014,1.1707,277,2,0
2026-04-23 01:00:00,1.1707,1.17088,1.17051,1.17064,543,1,0
2026-04-23 02:00:00,1.17064,1.17074,1.17046,1.17058,800,0,0
2026-04-23 03:00:00,1.17058,1.17136,1.16925,1.17116,5746,0,0
2026-04-23 04:00:00,1.17116,1.17131,1.17078,1.17092,3099,0,0
2026-04-23 05:00:00,1.17092,1.17107,1.16961,1.16976,3132,0,0
2026-04-23 06:00:00,1.16976,1.17018,1.16948,1.16958,2963,0,0
2026-04-23 07:00:00,1.16958,1.17009,1.16953,1.17003,2026,0,0
2026-04-23 08:00:00,1.17003,1.17071,1.16995,1.17071,2209,0,0
2026-04-23 09:00:00,1.17071,1.1709,1.17019,1.17038,3190,0,0
2026-04-23 10:00:00,1.17038,1.1712,1.16956,1.17026,4204,0,0
2026-04-23 11:00:00,1.17026,1.17052,1.16967,1.17015,3336,0,0
2026-04-23 12:00:00,1.17015,1.17023,1.16906,1.16939,3581,0,0
2026-04-23 13:00:00,1.16939,1.16963,1.16801,1.16825,3669,0,0
2026-04-23 14:00:00,1.16825,1.16977,1.16792,1.16909,4250,0,0
2026-04-23 15:00:00,1.1690800000000001,1.16981,1.16863,1.16919,5933,0,0
2026-04-23 16:00:00,1.16919,1.16967,1.1683,1.16912,4997,0,0
2026-04-23 17:00:00,1.16912,1.17164,1.16875,1.1711,5422,0,0
2026-04-23 18:00:00,1.1711,1.17155,1.17008,1.17035,5133,0,0
2026-04-23 19:00:00,1.17035,1.17056,1.16985,1.17022,3495,0,0
2026-04-23 20:00:00,1.17022,1.17029,1.16693,1.16928,9388,0,0
2026-04-23 21:00:00,1.16928,1.16999,1.16882,1.16895,5979,0,0
2026-04-23 22:00:00,1.16895,1.16905,1.16803,1.16865,4181,0,0
2026-04-23 23:00:00,1.16866,1.16867,1.16807,1.16821,2096,1,0
2026-04-24 00:00:00,1.1681300000000001,1.16865,1.16773,1.1685,1269,6,0
2026-04-24 01:00:00,1.1685,1.16865,1.16836,1.1686,642,1,0
2026-04-24 02:00:00,1.1686,1.16862,1.16818,1.16837,925,0,0
2026-04-24 03:00:00,1.16837,1.16885,1.16821,1.16854,3014,0,0
2026-04-24 04:00:00,1.16854,1.16887,1.16822,1.16887,2626,0,0
2026-04-24 05:00:00,1.16887,1.16892,1.16781,1.16792,2111,0,0
2026-04-24 06:00:00,1.16792,1.16803,1.1673,1.16781,2147,0,0
2026-04-24 07:00:00,1.16781,1.16816,1.16764,1.16791,1941,0,0
2026-04-24 08:00:00,1.16791,1.16832,1.16765,1.1682,2174,0,0
2026-04-24 09:00:00,1.1682,1.16838,1.16776,1.16787,2711,0,0
2026-04-24 10:00:00,1.16787,1.16938,1.1676199999999999,1.16909,3195,0,0
2026-04-24 11:00:00,1.16909,1.16959,1.16838,1.169,3946,0,0
2026-04-24 12:00:00,1.169,1.1691,1.16842,1.16865,2919,0,0
2026-04-24 13:00:00,1.16865,1.17036,1.16855,1.17032,2801,0,0
2026-04-24 14:00:00,1.17032,1.17185,1.17027,1.17144,6133,0,0
2026-04-24 15:00:00,1.17144,1.17177,1.17028,1.17087,4578,0,0
2026-04-24 16:00:00,1.17087,1.17124,1.16987,1.17068,5219,0,0
2026-04-24 17:00:00,1.17068,1.17168,1.17002,1.17065,6474,0,0
2026-04-24 18:00:00,1.17065,1.17198,1.17008,1.17175,5636,0,0
2026-04-24 19:00:00,1.17175,1.17199,1.17132,1.17192,4043,0,0
2026-04-24 20:00:00,1.17192,1.17212,1.17123,1.17137,3607,0,0
2026-04-24 21:00:00,1.17137,1.17197,1.17113,1.17177,2638,0,0
2026-04-24 22:00:00,1.17177,1.17208,1.17153,1.17185,2492,0,0
2026-04-24 23:00:00,1.17182,1.17233,1.17165,1.17181,1785,1,0
2026-04-27 00:00:00,1.16951,1.17061,1.16943,1.17033,379,27,0
2026-04-27 01:00:00,1.17035,1.1712500000000001,1.17035,1.17079,1096,1,0
2026-04-27 02:00:00,1.17079,1.17095,1.17054,1.17058,1051,0,0
2026-04-27 03:00:00,1.17058,1.17172,1.17058,1.1716,2264,0,0
2026-04-27 04:00:00,1.1716,1.17268,1.1716,1.17244,3457,0,0
2026-04-27 05:00:00,1.17244,1.1728399999999999,1.17198,1.17264,1955,0,0
2026-04-27 06:00:00,1.17264,1.17325,1.17264,1.17294,1806,0,0
2026-04-27 07:00:00,1.17294,1.17318,1.17253,1.17269,1613,0,0
2026-04-27 08:00:00,1.17269,1.17282,1.1722299999999999,1.17227,1998,0,0
2026-04-27 09:00:00,1.17227,1.17297,1.17167,1.17297,2924,0,0
2026-04-27 10:00:00,1.17297,1.1745,1.17291,1.17439,3255,0,0
2026-04-27 11:00:00,1.17439,1.17508,1.17394,1.17484,3692,0,0
2026-04-27 12:00:00,1.17484,1.17511,1.17412,1.17423,2781,0,0
2026-04-27 13:00:00,1.17423,1.17478,1.17391,1.17461,2374,0,0
2026-04-27 14:00:00,1.17461,1.17471,1.1738,1.17416,2897,0,0
2026-04-27 15:00:00,1.17416,1.17548,1.17407,1.17445,3982,0,0
2026-04-27 16:00:00,1.17445,1.17539,1.17359,1.17399,5000,0,0
2026-04-27 17:00:00,1.17399,1.17481,1.17334,1.17362,4648,0,0
2026-04-27 18:00:00,1.17362,1.1737,1.17294,1.17309,3820,0,0
2026-04-27 19:00:00,1.17309,1.17339,1.17253,1.17264,2621,0,0
2026-04-27 20:00:00,1.17264,1.17301,1.17202,1.17233,2803,0,0
2026-04-27 21:00:00,1.17233,1.1724700000000001,1.1719,1.17202,1854,0,0
2026-04-27 22:00:00,1.17202,1.17258,1.17191,1.17205,1930,0,0
2026-04-27 23:00:00,1.17207,1.17233,1.17194,1.17197,1044,1,0
2026-04-28 00:00:00,1.1718600000000001,1.17207,1.17176,1.1718899999999999,227,16,0
2026-04-28 01:00:00,1.1718899999999999,1.17232,1.1718899999999999,1.1722299999999999,802,1,0
2026-04-28 02:00:00,1.1722299999999999,1.17233,1.1721300000000001,1.17232,720,0,0
2026-04-28 03:00:00,1.17232,1.1727,1.17173,1.17188,2715,0,0
2026-04-28 04:00:00,1.17188,1.17188,1.17124,1.17129,2401,0,0
2026-04-28 05:00:00,1.17129,1.17139,1.1708,1.17086,2008,0,0
2026-04-28 06:00:00,1.17086,1.17178,1.17082,1.17133,2413,0,0
2026-04-28 07:00:00,1.17133,1.17163,1.17117,1.1712500000000001,1666,0,0
2026-04-28 08:00:00,1.1712500000000001,1.17135,1.17054,1.17062,2432,0,0
2026-04-28 09:00:00,1.17062,1.17081,1.16873,1.16878,3960,0,0
2026-04-28 10:00:00,1.16878,1.17008,1.16862,1.16967,4280,0,0
2026-04-28 11:00:00,1.16967,1.17078,1.16951,1.17022,4170,0,0
2026-04-28 12:00:00,1.17022,1.17023,1.16866,1.16926,3740,0,0
2026-04-28 13:00:00,1.16926,1.16958,1.16905,1.16932,3456,0,0
2026-04-28 14:00:00,1.16932,1.16993,1.1682299999999999,1.16832,4279,0,0
2026-04-28 15:00:00,1.16832,1.16999,1.16776,1.16968,5120,0,0
2026-04-28 16:00:00,1.16968,1.17038,1.16886,1.16971,5517,0,0
2026-04-28 17:00:00,1.16971,1.17033,1.16906,1.17008,6173,0,0
2026-04-28 18:00:00,1.17008,1.17158,1.17008,1.17136,4946,0,0
2026-04-28 19:00:00,1.17136,1.1717,1.17056,1.17107,3338,0,0
2026-04-28 20:00:00,1.17107,1.17176,1.17066,1.17138,2758,0,0
2026-04-28 21:00:00,1.17138,1.17163,1.17114,1.17119,2836,0,0
2026-04-28 22:00:00,1.17119,1.17154,1.1707,1.17097,2071,0,0
2026-04-28 23:00:00,1.17097,1.1715,1.17093,1.17123,961,1,0
2026-04-29 00:00:00,1.17076,1.1712,1.17076,1.17099,189,38,0
2026-04-29 01:00:00,1.17099,1.1718,1.17099,1.17156,766,1,0
2026-04-29 02:00:00,1.17156,1.17178,1.1715200000000001,1.17177,766,0,0
2026-04-29 03:00:00,1.17177,1.17206,1.17146,1.17158,1954,0,0
2026-04-29 04:00:00,1.17158,1.17163,1.17072,1.17121,3496,0,0
2026-04-29 05:00:00,1.17121,1.17169,1.17074,1.17078,2360,0,0
2026-04-29 06:00:00,1.17078,1.17109,1.17051,1.17057,1626,0,0
2026-04-29 07:00:00,1.17057,1.17078,1.17044,1.17055,1162,0,0
2026-04-29 08:00:00,1.17055,1.1706,1.16983,1.17007,1900,0,0
2026-04-29 09:00:00,1.17007,1.17041,1.16967,1.17,2986,0,0
2026-04-29 10:00:00,1.17,1.17082,1.16981,1.17053,3761,0,0
2026-04-29 11:00:00,1.17053,1.17057,1.16939,1.17004,3816,0,0
2026-04-29 12:00:00,1.17004,1.17045,1.16961,1.16977,3063,0,0
2026-04-29 13:00:00,1.16977,1.17093,1.16966,1.17093,2502,0,0
2026-04-29 14:00:00,1.17093,1.17097,1.17002,1.1701,3084,0,0
2026-04-29 15:00:00,1.1701,1.17082,1.16937,1.16992,4264,0,0
2026-04-29 16:00:00,1.16992,1.17032,1.16825,1.16888,5739,0,0
2026-04-29 17:00:00,1.16888,1.17031,1.16838,1.1701,5157,0,0
2026-04-29 18:00:00,1.1701,1.17041,1.16876,1.16949,5527,0,0
2026-04-29 19:00:00,1.16949,1.16989,1.16839,1.16849,4171,0,0
2026-04-29 20:00:00,1.16849,1.1689,1.168,1.16866,4130,0,0
2026-04-29 21:00:00,1.16866,1.1691,1.16614,1.16722,8019,0,0
2026-04-29 22:00:00,1.16722,1.16805,1.16671,1.1676199999999999,4145,0,0
2026-04-29 23:00:00,1.1676,1.16774,1.16708,1.16747,2601,1,0
2026-04-30 00:00:00,1.16741,1.1676,1.16687,1.16715,1711,47,0
2026-04-30 01:00:00,1.16715,1.1678600000000001,1.16693,1.16778,1342,1,0
2026-04-30 02:00:00,1.16778,1.16866,1.16758,1.1684700000000001,1262,0,0
2026-04-30 03:00:00,1.1684700000000001,1.16892,1.16793,1.16795,3333,0,0
2026-04-30 04:00:00,1.16795,1.16817,1.16733,1.16746,3024,0,0
2026-04-30 05:00:00,1.16746,1.16768,1.16627,1.16669,3419,0,0
2026-04-30 06:00:00,1.16669,1.16711,1.1665,1.16661,2608,0,0
2026-04-30 07:00:00,1.16661,1.16663,1.16554,1.166,3059,0,0
2026-04-30 08:00:00,1.166,1.16646,1.1659,1.16593,2915,0,0
2026-04-30 09:00:00,1.16593,1.16706,1.1658,1.16703,3895,0,0
2026-04-30 10:00:00,1.16703,1.1684,1.167,1.1679599999999999,4547,0,0
2026-04-30 11:00:00,1.1679599999999999,1.16974,1.16746,1.16798,6068,0,0
2026-04-30 12:00:00,1.16798,1.16973,1.16733,1.16944,5575,0,0
2026-04-30 13:00:00,1.16944,1.17153,1.16891,1.17149,8211,0,0
2026-04-30 14:00:00,1.17149,1.17195,1.17033,1.17051,8531,0,0
2026-04-30 15:00:00,1.17051,1.17058,1.16895,1.16928,7710,0,0
2026-04-30 16:00:00,1.16928,1.17011,1.1682,1.169,7862,0,0
2026-04-30 17:00:00,1.169,1.17334,1.16878,1.17277,8742,0,0
2026-04-30 18:00:00,1.17277,1.17358,1.17229,1.1728399999999999,6755,0,0
2026-04-30 19:00:00,1.1728399999999999,1.17357,1.17231,1.17256,3767,0,0
2026-04-30 20:00:00,1.17256,1.17324,1.17222,1.17252,3568,0,0
2026-04-30 21:00:00,1.17252,1.17402,1.17252,1.17364,3277,0,0
2026-04-30 22:00:00,1.17364,1.17417,1.17325,1.1733500000000001,3258,0,0
2026-04-30 23:00:00,1.17337,1.17363,1.17294,1.17303,2552,1,0
2026-05-01 00:00:00,1.17271,1.17337,1.17258,1.17302,421,8,0
2026-05-01 01:00:00,1.17302,1.17361,1.17292,1.17313,965,1,0
2026-05-01 02:00:00,1.17313,1.17331,1.17285,1.17289,1532,0,0
2026-05-01 03:00:00,1.17289,1.173,1.17244,1.17276,2791,0,0
2026-05-01 04:00:00,1.17276,1.17329,1.17253,1.1731,2076,0,0
2026-05-01 05:00:00,1.1731,1.17341,1.17297,1.17337,1953,0,0
2026-05-01 06:00:00,1.17337,1.17364,1.17306,1.17313,1944,0,0
2026-05-01 07:00:00,1.17313,1.17325,1.1726,1.17269,1782,0,0
2026-05-01 08:00:00,1.17269,1.17273,1.17219,1.17227,1827,0,0
2026-05-01 09:00:00,1.17227,1.17449,1.1718899999999999,1.17357,4397,0,0
2026-05-01 10:00:00,1.17357,1.1742,1.17317,1.17346,5528,0,0
2026-05-01 11:00:00,1.17346,1.1748,1.17321,1.17435,3854,0,0
2026-05-01 12:00:00,1.17435,1.17438,1.17309,1.17315,3455,0,0
2026-05-01 13:00:00,1.17315,1.17458,1.17312,1.17447,3050,0,0
2026-05-01 14:00:00,1.17447,1.17583,1.17439,1.17513,3415,0,0
2026-05-01 15:00:00,1.17513,1.17689,1.17483,1.17574,5309,0,0
2026-05-01 16:00:00,1.17574,1.17635,1.17442,1.17618,5712,0,0
2026-05-01 17:00:00,1.17618,1.17851,1.17601,1.1767400000000001,7213,0,0
2026-05-01 18:00:00,1.1767400000000001,1.17708,1.17536,1.1755200000000001,5932,0,0
2026-05-01 19:00:00,1.1755200000000001,1.1757,1.17379,1.17383,4422,0,0
2026-05-01 20:00:00,1.17383,1.1740599999999999,1.17293,1.17333,3400,0,0
2026-05-01 21:00:00,1.17333,1.17342,1.17197,1.1727400000000001,3812,0,0
2026-05-01 22:00:00,1.1727400000000001,1.17286,1.17178,1.17196,2193,0,0
2026-05-01 23:00:00,1.17196,1.17224,1.17148,1.17206,1687,1,0
2026-05-04 00:00:00,1.17453,1.17475,1.17347,1.17385,266,23,0
2026-05-04 01:00:00,1.17393,1.17419,1.17268,1.17332,1822,1,0
2026-05-04 02:00:00,1.17332,1.17332,1.17252,1.1726,1605,0,0
2026-05-04 03:00:00,1.1726,1.1729,1.17217,1.17272,3257,0,0
2026-05-04 04:00:00,1.17272,1.17294,1.17203,1.17253,3533,0,0
2026-05-04 05:00:00,1.17253,1.17287,1.17225,1.17275,2713,0,0
2026-05-04 06:00:00,1.17275,1.17389,1.1724700000000001,1.17375,3849,0,0
2026-05-04 07:00:00,1.17375,1.17383,1.17277,1.17293,2601,0,0
2026-05-04 08:00:00,1.17293,1.17325,1.17259,1.17306,2809,0,0
2026-05-04 09:00:00,1.17306,1.17372,1.17216,1.1729,3954,0,0
2026-05-04 10:00:00,1.1729,1.17293,1.17155,1.17178,4050,0,0
2026-05-04 11:00:00,1.17178,1.17231,1.17116,1.17191,3723,0,0
2026-05-04 12:00:00,1.17191,1.17237,1.1716199999999999,1.17175,3064,0,0
2026-05-04 13:00:00,1.17175,1.17175,1.1689,1.17051,7846,0,0
2026-05-04 14:00:00,1.17051,1.17088,1.1693,1.16934,4804,0,0
2026-05-04 15:00:00,1.16934,1.17124,1.16923,1.1709100000000001,4625,0,0
2026-05-04 16:00:00,1.1709100000000001,1.17178,1.17022,1.1715,5933,0,0
2026-05-04 17:00:00,1.1715,1.17166,1.17046,1.17074,5311,0,0
2026-05-04 18:00:00,1.17074,1.17157,1.16942,1.16976,7545,0,0
2026-05-04 19:00:00,1.16976,1.17009,1.16811,1.16825,6578,0,0
2026-05-04 20:00:00,1.16825,1.16971,1.16816,1.16934,4265,0,0
2026-05-04 21:00:00,1.16934,1.1697899999999999,1.16887,1.16971,3322,0,0
2026-05-04 22:00:00,1.16971,1.17023,1.1693500000000001,1.1695,3644,0,0
2026-05-04 23:00:00,1.1695,1.1695,1.16871,1.16912,1450,1,0
2026-05-05 00:00:00,1.16897,1.16904,1.16844,1.1689,189,13,0
2026-05-05 01:00:00,1.1689,1.16921,1.16888,1.16899,660,1,0
2026-05-05 02:00:00,1.16899,1.1693,1.16897,1.16919,646,0,0
2026-05-05 03:00:00,1.16919,1.1694,1.16852,1.16865,2305,0,0
2026-05-05 04:00:00,1.16865,1.16883,1.16799,1.1687,2369,0,0
2026-05-05 05:00:00,1.1687,1.16916,1.16862,1.1687400000000001,1833,0,0
2026-05-05 06:00:00,1.1687400000000001,1.16881,1.16836,1.16839,1375,0,0
2026-05-05 07:00:00,1.16839,1.1687400000000001,1.1677,1.1678,1950,0,0
2026-05-05 08:00:00,1.1678,1.16845,1.16767,1.16832,2586,0,0
2026-05-05 09:00:00,1.16832,1.16897,1.16797,1.16858,3412,0,0
2026-05-05 10:00:00,1.16858,1.16966,1.1685699999999999,1.16892,3973,0,0
2026-05-05 11:00:00,1.16892,1.16967,1.16851,1.1689,3645,0,0
2026-05-05 12:00:00,1.1689,1.16928,1.1681300000000001,1.16902,4054,0,0
2026-05-05 13:00:00,1.16902,1.16977,1.1687,1.16897,2915,0,0
2026-05-05 14:00:00,1.16897,1.16946,1.16833,1.1689,3605,0,0
2026-05-05 15:00:00,1.1689,1.16976,1.16854,1.16923,4731,0,0
2026-05-05 16:00:00,1.16923,1.17046,1.16919,1.16976,4737,0,0
2026-05-05 17:00:00,1.16976,1.17059,1.16917,1.17056,6328,0,0
2026-05-05 18:00:00,1.17056,1.17136,1.17011,1.17065,4388,0,0
2026-05-05 19:00:00,1.17065,1.17089,1.16981,1.16995,2632,0,0
2026-05-05 20:00:00,1.16995,1.17041,1.16963,1.16989,2791,0,0
2026-05-05 21:00:00,1.16989,1.17011,1.16973,1.17,1736,0,0
2026-05-05 22:00:00,1.17,1.17011,1.16942,1.16953,1895,0,0
2026-05-05 23:00:00,1.16952,1.1697,1.16921,1.16925,1057,1,0
2026-05-06 00:00:00,1.16889,1.16939,1.16889,1.16923,168,1,0
2026-05-06 01:00:00,1.16923,1.17094,1.16917,1.17055,1458,1,0
2026-05-06 02:00:00,1.17055,1.17254,1.17051,1.17149,2824,0,0
2026-05-06 03:00:00,1.17149,1.17215,1.17113,1.172,3935,0,0
2026-05-06 04:00:00,1.172,1.17259,1.17176,1.17215,3519,0,0
2026-05-06 05:00:00,1.17215,1.17248,1.17158,1.17176,2251,0,0
2026-05-06 06:00:00,1.17176,1.1723,1.17164,1.17178,2060,0,0
2026-05-06 07:00:00,1.17178,1.17429,1.17163,1.1736900000000001,5365,0,0
2026-05-06 08:00:00,1.1736900000000001,1.17382,1.17302,1.17332,3133,0,0
2026-05-06 09:00:00,1.17332,1.17358,1.1728399999999999,1.17333,3741,0,0
2026-05-06 10:00:00,1.17333,1.17383,1.17245,1.17378,4876,0,0
2026-05-06 11:00:00,1.17378,1.17708,1.17331,1.1762299999999999,6247,0,0
2026-05-06 12:00:00,1.1762299999999999,1.17771,1.17563,1.17752,5909,0,0
2026-05-06 13:00:00,1.17752,1.17967,1.17667,1.1789,5965,0,0
2026-05-06 14:00:00,1.1789,1.17916,1.1768399999999999,1.1770100000000001,6288,0,0
2026-05-06 15:00:00,1.1770100000000001,1.17703,1.17517,1.17538,6716,0,0
2026-05-06 16:00:00,1.17538,1.17593,1.17466,1.17517,6604,0,0
2026-05-06 17:00:00,1.17517,1.17629,1.17452,1.1755200000000001,6632,0,0
2026-05-06 18:00:00,1.1755200000000001,1.17586,1.17488,1.1752799999999999,4680,0,0
2026-05-06 19:00:00,1.1752799999999999,1.17538,1.1742,1.17445,3724,0,0
2026-05-06 20:00:00,1.17445,1.17555,1.17429,1.17482,3188,0,0
2026-05-06 21:00:00,1.17482,1.17515,1.17449,1.17493,2907,0,0
2026-05-06 22:00:00,1.17493,1.17556,1.17475,1.17476,2547,0,0
2026-05-06 23:00:00,1.17475,1.17506,1.17448,1.17476,1427,1,0
2026-05-07 00:00:00,1.17447,1.1750099999999999,1.17403,1.17483,331,9,0
2026-05-07 01:00:00,1.17483,1.17515,1.17483,1.17506,633,1,0
2026-05-07 02:00:00,1.17506,1.17519,1.17465,1.17482,905,0,0
2026-05-07 03:00:00,1.17482,1.17541,1.17468,1.17485,3779,0,0
2026-05-07 04:00:00,1.17485,1.17634,1.17466,1.17592,3252,0,0
2026-05-07 05:00:00,1.17592,1.17609,1.17548,1.17566,2479,0,0
2026-05-07 06:00:00,1.17566,1.17566,1.17489,1.1749,1925,0,0
2026-05-07 07:00:00,1.1749,1.17537,1.17481,1.17509,1978,0,0
2026-05-07 08:00:00,1.17509,1.1754,1.175,1.17521,2559,0,0
2026-05-07 09:00:00,1.17521,1.17567,1.17451,1.17483,4458,0,0
2026-05-07 10:00:00,1.17483,1.17686,1.17482,1.17669,6171,0,0
2026-05-07 11:00:00,1.17669,1.17741,1.17631,1.1772,4518,0,0
2026-05-07 12:00:00,1.1772,1.17783,1.17659,1.17705,4185,0,0
2026-05-07 13:00:00,1.17705,1.17761,1.17652,1.17672,4035,0,0
2026-05-07 14:00:00,1.17672,1.17702,1.17625,1.17699,4052,0,0
2026-05-07 15:00:00,1.17699,1.1778,1.1767400000000001,1.17732,4721,0,0
2026-05-07 16:00:00,1.17732,1.1777,1.17668,1.17687,5603,0,0
2026-05-07 17:00:00,1.17687,1.17773,1.17642,1.17758,5690,0,0
2026-05-07 18:00:00,1.17758,1.17779,1.17632,1.17639,5705,0,0
2026-05-07 19:00:00,1.17639,1.17661,1.17566,1.17605,4845,0,0
2026-05-07 20:00:00,1.17605,1.17611,1.17359,1.1749100000000001,6198,0,0
2026-05-07 21:00:00,1.1749100000000001,1.17519,1.17403,1.1750099999999999,5282,0,0
2026-05-07 22:00:00,1.1750099999999999,1.1754,1.1733500000000001,1.17336,5103,0,0
2026-05-07 23:00:00,1.17337,1.17447,1.17222,1.17226,3147,1,0
2026-05-08 00:00:00,1.1724,1.17292,1.17214,1.17265,368,5,0
2026-05-08 01:00:00,1.17265,1.17318,1.17232,1.17251,1769,1,0
2026-05-08 02:00:00,1.17251,1.17316,1.17245,1.17305,1217,0,0
2026-05-08 03:00:00,1.17305,1.17348,1.17265,1.17272,3443,0,0
2026-05-08 04:00:00,1.17272,1.17337,1.17272,1.17325,2579,0,0
2026-05-08 05:00:00,1.17325,1.17327,1.1724700000000001,1.17276,2710,0,0
2026-05-08 06:00:00,1.17276,1.17338,1.17271,1.17285,2166,0,0
2026-05-08 07:00:00,1.17285,1.17358,1.17271,1.17353,2042,0,0
2026-05-08 08:00:00,1.17353,1.17388,1.17328,1.17371,2179,0,0
2026-05-08 09:00:00,1.17371,1.17482,1.1737,1.17445,3615,0,0
2026-05-08 10:00:00,1.17445,1.17481,1.17419,1.17432,3777,0,0
2026-05-08 11:00:00,1.17432,1.17657,1.1742,1.17638,3810,0,0
2026-05-08 12:00:00,1.17638,1.1773500000000001,1.17632,1.17689,3224,0,0
2026-05-08 13:00:00,1.17689,1.17726,1.17615,1.17642,2756,0,0
2026-05-08 14:00:00,1.17642,1.17689,1.17621,1.17655,2926,0,0
2026-05-08 15:00:00,1.17655,1.17786,1.17569,1.17743,5791,0,0
2026-05-08 16:00:00,1.17743,1.1787,1.17665,1.17791,5692,0,0
2026-05-08 17:00:00,1.17791,1.17799,1.1767400000000001,1.17746,5259,0,0
2026-05-08 18:00:00,1.17746,1.17786,1.17671,1.1773,4788,0,0
2026-05-08 19:00:00,1.1773,1.17786,1.1771,1.17714,2822,0,0
2026-05-08 20:00:00,1.17714,1.17763,1.17707,1.17725,2253,0,0
2026-05-08 21:00:00,1.17725,1.17816,1.17709,1.17785,2732,0,0
2026-05-08 22:00:00,1.17785,1.17832,1.17767,1.17802,2560,0,0
2026-05-08 23:00:00,1.17803,1.17877,1.17788,1.17846,1537,1,0
2026-05-11 00:00:00,1.1746699999999999,1.17673,1.17449,1.1757900000000001,807,6,0
2026-05-11 01:00:00,1.1757900000000001,1.17646,1.17569,1.1764000000000001,1708,1,0
2026-05-11 02:00:00,1.17639,1.1770100000000001,1.17638,1.17672,1304,0,0
2026-05-11 03:00:00,1.17672,1.17722,1.17658,1.17702,2667,0,0
2026-05-11 04:00:00,1.17702,1.17714,1.17618,1.17632,2960,0,0
2026-05-11 05:00:00,1.17632,1.17664,1.17592,1.17594,2068,0,0
2026-05-11 06:00:00,1.17594,1.17594,1.17561,1.17568,1705,0,0
2026-05-11 07:00:00,1.17568,1.17575,1.17504,1.17508,1428,0,0
2026-05-11 08:00:00,1.17508,1.17546,1.17487,1.17502,2015,0,0
2026-05-11 09:00:00,1.17502,1.17681,1.17502,1.17676,3323,0,0
2026-05-11 10:00:00,1.17676,1.17747,1.17647,1.17723,3448,0,0
2026-05-11 11:00:00,1.17723,1.17822,1.17714,1.17716,3285,0,0
2026-05-11 12:00:00,1.17716,1.17746,1.17675,1.17676,2630,0,0
2026-05-11 13:00:00,1.17676,1.17742,1.17648,1.17693,2783,0,0
2026-05-11 14:00:00,1.17693,1.17748,1.17636,1.17683,3212,0,0
2026-05-11 15:00:00,1.17683,1.17747,1.17647,1.17747,3872,0,0
2026-05-11 16:00:00,1.17747,1.17877,1.17742,1.17852,4331,0,0
2026-05-11 17:00:00,1.17852,1.17879,1.17791,1.17797,4694,0,0
2026-05-11 18:00:00,1.17797,1.17855,1.17769,1.17801,3646,0,0
2026-05-11 19:00:00,1.17801,1.1780599999999999,1.17725,1.1773500000000001,2839,0,0
2026-05-11 20:00:00,1.1773500000000001,1.17788,1.1771099999999999,1.17779,2371,0,0
2026-05-11 21:00:00,1.17779,1.1780599999999999,1.17746,1.17752,2089,0,0
2026-05-11 22:00:00,1.17752,1.17778,1.17746,1.17774,2046,0,0
2026-05-11 23:00:00,1.17774,1.1783,1.17737,1.17816,1412,1,0
2026-05-12 00:00:00,1.1777199999999999,1.17837,1.17756,1.17836,299,1,0
2026-05-12 01:00:00,1.17836,1.17877,1.17835,1.17852,640,1,0
2026-05-12 02:00:00,1.17852,1.17854,1.17773,1.17785,945,0,0
2026-05-12 03:00:00,1.17785,1.17785,1.17665,1.17672,2450,0,0
2026-05-12 04:00:00,1.17672,1.17691,1.1757900000000001,1.17618,3412,0,0
2026-05-12 05:00:00,1.17618,1.17647,1.17593,1.17625,2369,0,0
2026-05-12 06:00:00,1.17625,1.17632,1.17549,1.17565,1817,0,0
2026-05-12 07:00:00,1.17565,1.17598,1.17557,1.17571,1995,0,0
2026-05-12 08:00:00,1.17571,1.17679,1.17525,1.17626,2991,0,0
2026-05-12 09:00:00,1.17626,1.17662,1.175,1.17505,3899,0,0
2026-05-12 10:00:00,1.17505,1.17533,1.17437,1.17478,4279,0,0
2026-05-12 11:00:00,1.17478,1.17503,1.1739600000000001,1.17446,4076,0,0
2026-05-12 12:00:00,1.17446,1.17517,1.1743999999999999,1.17475,3632,0,0
2026-05-12 13:00:00,1.17475,1.17492,1.17407,1.17409,2731,0,0
2026-05-12 14:00:00,1.17409,1.17483,1.1735,1.17438,3572,0,0
2026-05-12 15:00:00,1.17438,1.17498,1.17358,1.17477,5057,0,0
2026-05-12 16:00:00,1.17477,1.175,1.17271,1.17301,5413,0,0
2026-05-12 17:00:00,1.17301,1.17361,1.17279,1.17359,6115,0,0
2026-05-12 18:00:00,1.17359,1.17366,1.17221,1.17326,4690,0,0
2026-05-12 19:00:00,1.17326,1.17387,1.1728,1.17286,3282,0,0
2026-05-12 20:00:00,1.17286,1.17338,1.17275,1.1733500000000001,2623,0,0
2026-05-12 21:00:00,1.1733500000000001,1.17411,1.17289,1.17404,2744,0,0
2026-05-12 22:00:00,1.17404,1.17469,1.17397,1.17402,2183,0,0
2026-05-12 23:00:00,1.17403,1.17409,1.17376,1.17397,976,1,0
2026-05-13 00:00:00,1.1731,1.174,1.1731,1.17375,438,8,0
2026-05-13 01:00:00,1.17375,1.17404,1.17373,1.17391,439,1,0
2026-05-13 02:00:00,1.17391,1.17412,1.17348,1.17352,828,0,0
2026-05-13 03:00:00,1.17352,1.17386,1.17329,1.17381,2454,0,0
2026-05-13 04:00:00,1.17381,1.17417,1.1732,1.17388,2432,0,0
2026-05-13 05:00:00,1.17388,1.17417,1.17362,1.1737,1588,0,0
2026-05-13 06:00:00,1.1737,1.17379,1.17327,1.17346,1743,0,0
2026-05-13 07:00:00,1.17346,1.17354,1.17324,1.17347,1201,0,0
2026-05-13 08:00:00,1.17347,1.17371,1.17325,1.17342,1679,0,0
2026-05-13 09:00:00,1.17342,1.1734499999999999,1.17183,1.17201,2810,0,0
2026-05-13 10:00:00,1.17201,1.17234,1.17072,1.17072,3296,0,0
2026-05-13 11:00:00,1.17072,1.17118,1.17005,1.17028,3204,0,0
2026-05-13 12:00:00,1.17028,1.17068,1.16956,1.17061,3334,0,0
2026-05-13 13:00:00,1.17061,1.17144,1.17022,1.17126,3599,0,0
2026-05-13 14:00:00,1.17126,1.17174,1.17115,1.17124,2974,0,0
2026-05-13 15:00:00,1.17124,1.17161,1.16974,1.17019,4369,0,0
2026-05-13 16:00:00,1.17019,1.17123,1.1701,1.17102,4632,0,0
2026-05-13 17:00:00,1.17102,1.1712500000000001,1.17031,1.17077,4415,0,0
2026-05-13 18:00:00,1.17077,1.17163,1.17074,1.17109,3624,0,0
2026-05-13 19:00:00,1.17109,1.1718,1.17081,1.17089,3220,0,0
2026-05-13 20:00:00,1.17089,1.1711,1.17042,1.17044,2117,0,0
2026-05-13 21:00:00,1.17044,1.17107,1.17042,1.17077,2672,0,0
2026-05-13 22:00:00,1.17077,1.1713,1.17075,1.17096,2173,0,0
2026-05-13 23:00:00,1.17096,1.17139,1.1709,1.17136,1307,1,0
2026-05-14 00:00:00,1.1707,1.17166,1.17038,1.17133,265,8,0
2026-05-14 01:00:00,1.17133,1.17187,1.17133,1.17174,625,1,0
2026-05-14 02:00:00,1.17175,1.17182,1.17154,1.17159,926,0,0
2026-05-14 03:00:00,1.17159,1.17187,1.17143,1.17171,2057,0,0
2026-05-14 04:00:00,1.17171,1.17178,1.1712799999999999,1.1714,2258,0,0
2026-05-14 05:00:00,1.1714,1.17154,1.17118,1.17124,2078,0,0
2026-05-14 06:00:00,1.17124,1.17153,1.17097,1.17126,2057,0,0
2026-05-14 07:00:00,1.17126,1.17173,1.17116,1.17147,1747,0,0
2026-05-14 08:00:00,1.17147,1.17161,1.17103,1.17104,2145,0,0
2026-05-14 09:00:00,1.17104,1.17215,1.17069,1.17183,3270,0,0
2026-05-14 10:00:00,1.17183,1.1718600000000001,1.17061,1.17077,3757,0,0
2026-05-14 11:00:00,1.17077,1.17138,1.1705,1.17112,3233,0,0
2026-05-14 12:00:00,1.17112,1.17132,1.17058,1.17073,2866,0,0
2026-05-14 13:00:00,1.17073,1.17131,1.17049,1.17086,3152,0,0
2026-05-14 14:00:00,1.17086,1.17089,1.16997,1.16998,3062,0,0
2026-05-14 15:00:00,1.16998,1.17057,1.16964,1.16972,3562,0,0
2026-05-14 16:00:00,1.16972,1.16996,1.1685699999999999,1.16897,5379,0,0
2026-05-14 17:00:00,1.16897,1.17,1.16787,1.16789,5310,0,0
2026-05-14 18:00:00,1.16789,1.16812,1.16717,1.16773,4279,0,0
2026-05-14 19:00:00,1.16773,1.16815,1.1671,1.16765,3797,0,0
2026-05-14 20:00:00,1.16765,1.16809,1.16759,1.16779,2730,0,0
2026-05-14 21:00:00,1.16779,1.1678600000000001,1.1674,1.16774,2880,0,0
2026-05-14 22:00:00,1.16774,1.16791,1.16687,1.16709,2277,0,0
2026-05-14 23:00:00,1.16709,1.16721,1.16656,1.1669,1271,1,0
2026-05-15 00:00:00,1.16659,1.16727,1.16655,1.16699,387,4,0
2026-05-15 01:00:00,1.16699,1.16712,1.16689,1.16696,734,1,0
2026-05-15 02:00:00,1.16696,1.16698,1.1661299999999999,1.1662,1385,0,0
2026-05-15 03:00:00,1.1662,1.16635,1.16525,1.16554,2885,0,0
2026-05-15 04:00:00,1.16554,1.16565,1.16463,1.16471,3425,0,0
2026-05-15 05:00:00,1.16471,1.16575,1.16459,1.16537,2469,0,0
2026-05-15 06:00:00,1.16537,1.16551,1.16502,1.16521,1875,0,0
2026-05-15 07:00:00,1.16521,1.16527,1.16466,1.16473,1731,0,0
2026-05-15 08:00:00,1.16473,1.16482,1.16329,1.16329,3629,0,0
2026-05-15 09:00:00,1.16329,1.16435,1.16326,1.16351,4620,0,0
2026-05-15 10:00:00,1.16351,1.16489,1.1632,1.16368,4391,0,0
2026-05-15 11:00:00,1.16368,1.16383,1.16306,1.16332,4512,0,0
2026-05-15 12:00:00,1.16332,1.16338,1.16175,1.16279,5116,0,0
2026-05-15 13:00:00,1.16279,1.16554,1.16272,1.16492,5298,0,0
2026-05-15 14:00:00,1.16492,1.165,1.16294,1.16319,4075,0,0
2026-05-15 15:00:00,1.16319,1.16324,1.16191,1.16262,4610,0,0
2026-05-15 16:00:00,1.16262,1.16322,1.16192,1.16234,6042,0,0
2026-05-15 17:00:00,1.16234,1.16377,1.16215,1.16294,6345,0,0
2026-05-15 18:00:00,1.16294,1.16309,1.16208,1.16263,4899,0,0
2026-05-15 19:00:00,1.16263,1.16312,1.16232,1.16299,3714,0,0
2026-05-15 20:00:00,1.16299,1.16356,1.16269,1.1627,2955,0,0
2026-05-15 21:00:00,1.1627,1.1627399999999999,1.16171,1.16221,3181,0,0
2026-05-15 22:00:00,1.16221,1.16232,1.16191,1.16214,2049,0,0
2026-05-15 23:00:00,1.16214,1.16256,1.16193,1.16251,1500,1,0
2026-05-18 00:00:00,1.16172,1.16224,1.16165,1.16214,496,24,0
2026-05-18 01:00:00,1.16214,1.16236,1.16202,1.16229,1070,1,0
2026-05-18 02:00:00,1.16229,1.16234,1.16122,1.16138,1950,0,0
2026-05-18 03:00:00,1.16138,1.16211,1.16085,1.1611799999999999,3973,0,0
2026-05-18 04:00:00,1.1611799999999999,1.16188,1.16086,1.16174,3878,0,0
2026-05-18 05:00:00,1.16174,1.16196,1.16133,1.16157,2629,0,0
2026-05-18 06:00:00,1.16157,1.16226,1.16153,1.16219,2274,0,0
2026-05-18 07:00:00,1.16219,1.16262,1.16192,1.16207,2139,0,0
2026-05-18 08:00:00,1.16207,1.16232,1.1617,1.16232,2701,0,0
2026-05-18 09:00:00,1.16232,1.16365,1.16218,1.16358,3850,0,0
2026-05-18 10:00:00,1.16358,1.16401,1.16315,1.16321,4381,0,0
2026-05-18 11:00:00,1.16321,1.16452,1.16292,1.16415,3945,0,0
2026-05-18 12:00:00,1.16415,1.16427,1.16352,1.16353,3060,0,0
2026-05-18 13:00:00,1.16353,1.16369,1.16266,1.16272,2918,0,0
2026-05-18 14:00:00,1.16272,1.16496,1.16267,1.16418,4940,0,0
2026-05-18 15:00:00,1.16418,1.16573,1.16411,1.16515,5620,0,0
2026-05-18 16:00:00,1.16515,1.1656,1.1644,1.16512,6021,0,0
2026-05-18 17:00:00,1.16512,1.16535,1.16415,1.16421,6384,0,0
2026-05-18 18:00:00,1.16421,1.1653,1.16334,1.16485,5586,0,0
2026-05-18 19:00:00,1.16485,1.16561,1.16442,1.16516,4092,0,0
2026-05-18 20:00:00,1.16516,1.16534,1.16483,1.16483,2478,0,0
2026-05-18 21:00:00,1.16483,1.1649,1.16289,1.16294,3639,0,0
2026-05-18 22:00:00,1.16294,1.16562,1.16294,1.1651,5401,0,0
2026-05-18 23:00:00,1.16511,1.16608,1.16511,1.16553,1782,1,0
2026-05-19 00:00:00,1.16502,1.16607,1.16479,1.16587,519,6,0
2026-05-19 01:00:00,1.16587,1.16616,1.16576,1.16578,759,1,0
2026-05-19 02:00:00,1.16578,1.16584,1.16546,1.16548,1254,0,0
2026-05-19 03:00:00,1.16548,1.1656,1.1644,1.1644700000000001,3049,0,0
2026-05-19 04:00:00,1.1644700000000001,1.16526,1.16433,1.16465,3170,0,0
2026-05-19 05:00:00,1.16465,1.1647,1.16409,1.16434,3002,0,0
2026-05-19 06:00:00,1.16434,1.16458,1.16408,1.16412,2170,0,0
2026-05-19 07:00:00,1.16412,1.16434,1.16355,1.16367,2179,0,0
2026-05-19 08:00:00,1.16367,1.1643,1.16339,1.1642000000000001,2544,0,0
2026-05-19 09:00:00,1.1642000000000001,1.1645699999999999,1.16361,1.16369,3751,0,0
2026-05-19 10:00:00,1.16369,1.16375,1.1630099999999999,1.1635,4025,0,0
2026-05-19 11:00:00,1.1635,1.16361,1.16224,1.16235,4299,0,0
2026-05-19 12:00:00,1.16235,1.16235,1.16148,1.16193,3962,0,0
2026-05-19 13:00:00,1.16193,1.16266,1.16112,1.1622,3963,0,0
2026-05-19 14:00:00,1.1622,1.16226,1.16166,1.16167,3625,0,0
2026-05-19 15:00:00,1.16167,1.16239,1.16153,1.16167,4816,0,0
2026-05-19 16:00:00,1.16167,1.16182,1.16017,1.16137,7047,0,0
2026-05-19 17:00:00,1.16137,1.16168,1.15951,1.15957,7438,0,0
2026-05-19 18:00:00,1.15957,1.16029,1.15922,1.16019,4719,0,0
2026-05-19 19:00:00,1.16019,1.16094,1.1595900000000001,1.16072,4132,0,0
2026-05-19 20:00:00,1.16072,1.16122,1.16067,1.16106,2665,0,0
2026-05-19 21:00:00,1.16106,1.16148,1.16028,1.16035,3030,0,0
2026-05-19 22:00:00,1.16035,1.16079,1.16027,1.16063,2414,0,0
2026-05-19 23:00:00,1.16063,1.16068,1.16033,1.16055,1002,1,0
2026-05-20 00:00:00,1.15987,1.1608100000000001,1.15965,1.1607,537,2,0
2026-05-20 01:00:00,1.1607,1.16088,1.1606,1.16085,673,1,0
2026-05-20 02:00:00,1.16085,1.16128,1.16064,1.16068,1113,0,0
2026-05-20 03:00:00,1.16068,1.16105,1.1601,1.16015,3787,0,0
2026-05-20 04:00:00,1.16015,1.16026,1.15937,1.15974,3868,0,0
2026-05-20 05:00:00,1.15974,1.16029,1.15946,1.15978,3307,0,0
2026-05-20 06:00:00,1.15978,1.16054,1.15956,1.16024,2503,0,0
2026-05-20 07:00:00,1.16024,1.16067,1.15971,1.15974,2289,0,0
2026-05-20 08:00:00,1.15974,1.16016,1.15919,1.15954,2688,0,0
2026-05-20 09:00:00,1.15954,1.1606,1.15933,1.15967,3858,0,0
2026-05-20 10:00:00,1.15967,1.16015,1.15921,1.15933,3689,0,0
2026-05-20 11:00:00,1.15933,1.15953,1.15838,1.15905,4050,0,0
2026-05-20 12:00:00,1.15905,1.15945,1.15883,1.15883,2540,0,0
2026-05-20 13:00:00,1.15883,1.16029,1.15875,1.1601,2742,0,0
2026-05-20 14:00:00,1.1601,1.16056,1.15964,1.16008,3141,0,0
2026-05-20 15:00:00,1.16008,1.16042,1.15939,1.15954,3671,0,0
2026-05-20 16:00:00,1.15954,1.1597,1.15892,1.15911,4431,0,0
2026-05-20 17:00:00,1.15911,1.16241,1.15829,1.16181,9350,0,0
2026-05-20 18:00:00,1.16181,1.1645,1.16131,1.16194,7824,0,0
2026-05-20 19:00:00,1.16194,1.16308,1.16189,1.16257,5564,0,0
2026-05-20 20:00:00,1.16257,1.16269,1.16186,1.16186,4371,0,0
2026-05-20 21:00:00,1.16186,1.16357,1.16162,1.16309,3589,0,0
2026-05-20 22:00:00,1.16309,1.16352,1.16276,1.16278,2717,0,0
2026-05-20 23:00:00,1.16278,1.16284,1.16231,1.16249,1938,1,0
2026-05-21 00:00:00,1.1619,1.1625,1.16184,1.16226,676,23,0
2026-05-21 01:00:00,1.16226,1.16281,1.16226,1.16263,756,1,0
2026-05-21 02:00:00,1.16263,1.1627399999999999,1.1623,1.16248,1015,0,0
2026-05-21 03:00:00,1.16248,1.1629,1.16222,1.16284,2785,0,0
2026-05-21 04:00:00,1.16284,1.16352,1.16229,1.16262,2970,0,0
2026-05-21 05:00:00,1.16262,1.16287,1.16158,1.16178,2748,0,0
2026-05-21 06:00:00,1.16178,1.16226,1.16177,1.16191,1924,0,0
2026-05-21 07:00:00,1.16191,1.16236,1.16183,1.16221,1612,0,0
2026-05-21 08:00:00,1.16221,1.16234,1.16181,1.16217,2435,0,0
2026-05-21 09:00:00,1.16217,1.16269,1.16158,1.16202,3320,0,0
2026-05-21 10:00:00,1.16202,1.16212,1.15944,1.16075,5830,0,0
2026-05-21 11:00:00,1.16075,1.16355,1.16062,1.16238,5749,0,0
2026-05-21 12:00:00,1.16238,1.16334,1.16208,1.16273,3669,0,0
2026-05-21 13:00:00,1.16273,1.16303,1.16001,1.16073,6112,0,0
2026-05-21 14:00:00,1.16073,1.1616,1.15962,1.15992,4137,0,0
2026-05-21 15:00:00,1.15992,1.1609099999999999,1.1593499999999999,1.15975,5166,0,0
2026-05-21 16:00:00,1.15975,1.1601,1.15764,1.15948,6588,0,0
2026-05-21 17:00:00,1.15948,1.15965,1.15844,1.1593,6990,0,0
2026-05-21 18:00:00,1.1593,1.1594,1.15824,1.15884,5454,0,0
2026-05-21 19:00:00,1.15884,1.15963,1.15848,1.15953,3586,0,0
2026-05-21 20:00:00,1.15953,1.163,1.15927,1.1625,7381,0,0
2026-05-21 21:00:00,1.1625,1.16299,1.16073,1.16115,5696,0,0
2026-05-21 22:00:00,1.16115,1.16241,1.161,1.16212,3880,0,0
2026-05-21 23:00:00,1.1621299999999999,1.16228,1.1616,1.16166,1696,1,0
2026-05-22 00:00:00,1.16119,1.16204,1.16104,1.16178,233,17,0
2026-05-22 01:00:00,1.16178,1.16197,1.16151,1.16173,519,1,0
2026-05-22 02:00:00,1.16173,1.16191,1.16159,1.1618,868,0,0
2026-05-22 03:00:00,1.1618,1.1618,1.16125,1.16144,2488,0,0
2026-05-22 04:00:00,1.16144,1.16157,1.16101,1.16102,2204,0,0
2026-05-22 05:00:00,1.16102,1.16145,1.16098,1.1612,1714,0,0
2026-05-22 06:00:00,1.1612,1.16132,1.16088,1.1612,1467,0,0
2026-05-22 07:00:00,1.1612,1.16157,1.16114,1.16155,1208,0,0
2026-05-22 08:00:00,1.16155,1.16171,1.16073,1.16095,2038,0,0
2026-05-22 09:00:00,1.16095,1.16147,1.16055,1.16098,3337,0,0
2026-05-22 10:00:00,1.16098,1.16098,1.16015,1.16084,3182,0,0
2026-05-22 11:00:00,1.16084,1.16157,1.16034,1.16078,3839,0,0
2026-05-22 12:00:00,1.16078,1.16082,1.15963,1.16042,2957,0,0
2026-05-22 13:00:00,1.16042,1.16079,1.15953,1.15975,2522,0,0
2026-05-22 14:00:00,1.15975,1.16022,1.1593499999999999,1.15967,2897,0,0
2026-05-22 15:00:00,1.15967,1.1607,1.15947,1.16043,4488,0,0
2026-05-22 16:00:00,1.16043,1.16184,1.1599599999999999,1.16039,5488,0,0
2026-05-22 17:00:00,1.16039,1.16041,1.15884,1.1598,5594,0,0
2026-05-22 18:00:00,1.1598,1.16055,1.15958,1.16027,3938,0,0
2026-05-22 19:00:00,1.16027,1.16113,1.15995,1.16113,3097,0,0
2026-05-22 20:00:00,1.16113,1.16191,1.16088,1.16133,4084,0,0
2026-05-22 21:00:00,1.16133,1.16153,1.16093,1.16117,2688,0,0
2026-05-22 22:00:00,1.16117,1.1614,1.16051,1.16058,2202,0,0
2026-05-22 23:00:00,1.16058,1.16066,1.15979,1.16011,1561,1,0
2026-05-25 00:00:00,1.16349,1.16379,1.16295,1.16306,783,19,0
2026-05-25 01:00:00,1.16307,1.16448,1.16292,1.16428,1608,1,0
2026-05-25 02:00:00,1.16428,1.16463,1.16414,1.1642000000000001,1656,0,0
2026-05-25 03:00:00,1.1642000000000001,1.1649,1.16355,1.16368,3034,0,0
2026-05-25 04:00:00,1.16368,1.1647,1.16357,1.16393,3377,0,0
2026-05-25 05:00:00,1.16393,1.16426,1.16369,1.16376,2025,0,0
2026-05-25 06:00:00,1.16376,1.16399,1.1636199999999999,1.16375,2222,0,0
2026-05-25 07:00:00,1.16375,1.16438,1.16356,1.16422,1778,0,0
2026-05-25 08:00:00,1.16422,1.16452,1.16381,1.16392,1975,0,0
2026-05-25 09:00:00,1.16392,1.16448,1.16377,1.1641,2699,0,0
2026-05-25 10:00:00,1.1641,1.1642000000000001,1.16297,1.16373,3806,0,0
2026-05-25 11:00:00,1.16373,1.16443,1.16329,1.16437,2739,0,0
2026-05-25 12:00:00,1.16437,1.16451,1.16405,1.16414,1941,0,0
2026-05-25 13:00:00,1.16414,1.16444,1.16412,1.16429,1791,0,0
2026-05-25 14:00:00,1.16429,1.16505,1.16404,1.16441,2379,0,0
2026-05-25 15:00:00,1.16441,1.16527,1.16429,1.1648399999999999,2682,0,0
2026-05-25 16:00:00,1.1648399999999999,1.16499,1.1639,1.1639,2498,0,0
2026-05-25 17:00:00,1.1639,1.16463,1.1638600000000001,1.16421,2329,0,0
2026-05-25 18:00:00,1.16421,1.1648399999999999,1.16395,1.1642299999999999,2613,0,0
2026-05-25 19:00:00,1.1642299999999999,1.16429,1.16368,1.16411,1942,0,0
2026-05-25 20:00:00,1.16411,1.16442,1.16402,1.16435,1050,0,0
2026-05-25 21:00:00,1.16435,1.1644,1.16415,1.16434,1037,0,0
2026-05-25 22:00:00,1.16434,1.16436,1.16417,1.1642000000000001,1076,0,0
2026-05-25 23:00:00,1.1642000000000001,1.16434,1.16414,1.16429,634,1,0
2026-05-26 00:00:00,1.16371,1.16424,1.16346,1.1639,908,13,0
2026-05-26 01:00:00,1.1639,1.16425,1.16375,1.16408,1010,1,0
2026-05-26 02:00:00,1.16408,1.16432,1.1635900000000001,1.1636,1198,0,0
2026-05-26 03:00:00,1.1636,1.16399,1.16341,1.16387,2942,0,0
2026-05-26 04:00:00,1.16387,1.16399,1.16305,1.16338,2533,0,0
2026-05-26 05:00:00,1.16338,1.16351,1.16312,1.16339,1832,0,0
2026-05-26 06:00:00,1.16339,1.16372,1.16337,1.16361,1732,0,0
2026-05-26 07:00:00,1.16361,1.16361,1.16296,1.1629800000000001,1323,0,0
2026-05-26 08:00:00,1.1629800000000001,1.16307,1.1627399999999999,1.16282,1821,0,0
2026-05-26 09:00:00,1.16282,1.16374,1.1627399999999999,1.16353,2834,0,0
2026-05-26 10:00:00,1.16353,1.16403,1.16242,1.16372,3804,0,0
2026-05-26 11:00:00,1.16372,1.1642000000000001,1.16345,1.16367,3187,0,0
2026-05-26 12:00:00,1.16367,1.16441,1.16326,1.16426,3034,0,0
2026-05-26 13:00:00,1.16426,1.1645,1.16379,1.16416,2981,0,0
2026-05-26 14:00:00,1.16416,1.16448,1.1633499999999999,1.16349,3091,0,0
2026-05-26 15:00:00,1.16349,1.16367,1.16314,1.16321,3172,0,0
2026-05-26 16:00:00,1.16321,1.16332,1.16174,1.16254,4691,0,0
2026-05-26 17:00:00,1.16254,1.16297,1.16215,1.1625,4750,0,0
2026-05-26 18:00:00,1.1625,1.16258,1.16164,1.16194,4216,0,0
2026-05-26 19:00:00,1.16194,1.16296,1.16194,1.16238,2609,0,0
2026-05-26 20:00:00,1.16238,1.16278,1.16214,1.16242,2248,0,0
2026-05-26 21:00:00,1.16242,1.16309,1.16234,1.16295,2032,0,0
2026-05-26 22:00:00,1.16295,1.1632500000000001,1.1627399999999999,1.16319,1597,0,0
2026-05-26 23:00:00,1.16318,1.16329,1.16303,1.16312,929,1,0
2026-05-27 00:00:00,1.16229,1.16311,1.162,1.16288,1679,15,0
2026-05-27 01:00:00,1.16288,1.16336,1.16288,1.16334,615,1,0
2026-05-27 02:00:00,1.16334,1.164,1.16331,1.16366,872,0,0
2026-05-27 03:00:00,1.16366,1.16405,1.1636199999999999,1.16379,2323,0,0
2026-05-27 04:00:00,1.16379,1.16395,1.16329,1.16341,2649,0,0
2026-05-27 05:00:00,1.16341,1.16385,1.16339,1.16383,2428,0,0
2026-05-27 06:00:00,1.16383,1.16426,1.16369,1.16389,1857,0,0
2026-05-27 07:00:00,1.16389,1.1642299999999999,1.16382,1.16413,1390,0,0
2026-05-27 08:00:00,1.16413,1.16444,1.16389,1.16397,2077,0,0
2026-05-27 09:00:00,1.16397,1.16493,1.16375,1.16455,3225,0,0
2026-05-27 10:00:00,1.16455,1.16489,1.16403,1.16407,3231,0,0
2026-05-27 11:00:00,1.16407,1.16472,1.16384,1.16449,3059,0,0
2026-05-27 12:00:00,1.16449,1.16486,1.16424,1.16448,2558,0,0
2026-05-27 13:00:00,1.16448,1.16448,1.16361,1.16391,2860,0,0
2026-05-27 14:00:00,1.16391,1.16421,1.1633,1.16376,3355,0,0
2026-05-27 15:00:00,1.16376,1.16614,1.16347,1.1644,7136,0,0
2026-05-27 16:00:00,1.1644,1.1648100000000001,1.16378,1.16415,6388,0,0
2026-05-27 17:00:00,1.16415,1.16522,1.16251,1.16258,7053,0,0
2026-05-27 18:00:00,1.16258,1.16364,1.16226,1.1630099999999999,4887,0,0
2026-05-27 19:00:00,1.1630099999999999,1.16327,1.16243,1.16323,3085,0,0
2026-05-27 20:00:00,1.16323,1.16329,1.16223,1.16275,2780,0,0
2026-05-27 21:00:00,1.16275,1.16303,1.16227,1.16294,2301,0,0
2026-05-27 22:00:00,1.16294,1.1632,1.16268,1.16288,1849,0,0
2026-05-27 23:00:00,1.16289,1.16307,1.16252,1.16253,1160,1,0
2026-05-28 00:00:00,1.16235,1.1629800000000001,1.16226,1.16276,628,11,0
2026-05-28 01:00:00,1.16276,1.16303,1.1626,1.1626,789,1,0
2026-05-28 02:00:00,1.1626,1.16287,1.16162,1.16177,1512,0,0
2026-05-28 03:00:00,1.16177,1.16234,1.16168,1.16208,2578,0,0
2026-05-28 04:00:00,1.16208,1.16212,1.16094,1.16101,2659,0,0
2026-05-28 05:00:00,1.16101,1.1615199999999999,1.16096,1.16126,2150,0,0
2026-05-28 06:00:00,1.16126,1.16137,1.15873,1.15873,3637,0,0
2026-05-28 07:00:00,1.15873,1.15926,1.1586400000000001,1.15918,3101,0,0
2026-05-28 08:00:00,1.15918,1.16021,1.1589,1.15994,2987,0,0
2026-05-28 09:00:00,1.15994,1.16122,1.1598600000000001,1.16102,3190,0,0
2026-05-28 10:00:00,1.16102,1.16177,1.16102,1.16119,3343,0,0
2026-05-28 11:00:00,1.16119,1.1616900000000001,1.16068,1.16156,2903,0,0
2026-05-28 12:00:00,1.16156,1.16194,1.16131,1.16132,2729,0,0
2026-05-28 13:00:00,1.16132,1.16157,1.16038,1.16038,2942,0,0
2026-05-28 14:00:00,1.16038,1.16227,1.16036,1.16171,3038,0,0
2026-05-28 15:00:00,1.16171,1.16383,1.16157,1.16365,4659,0,0
2026-05-28 16:00:00,1.16365,1.16432,1.16293,1.16307,4837,0,0
2026-05-28 17:00:00,1.16307,1.16578,1.1627,1.16475,8735,0,0
2026-05-28 18:00:00,1.16475,1.16568,1.16475,1.16482,4468,0,0
2026-05-28 19:00:00,1.16482,1.1661299999999999,1.16456,1.16568,3880,0,0
2026-05-28 20:00:00,1.16568,1.16574,1.1651,1.16535,2524,0,0
2026-05-28 21:00:00,1.16535,1.16553,1.16466,1.16478,2965,0,0
2026-05-28 22:00:00,1.16478,1.16516,1.16466,1.16477,2059,0,0
2026-05-28 23:00:00,1.16475,1.16499,1.16449,1.16492,1073,1,0
2026-05-29 00:00:00,1.16459,1.16521,1.16458,1.16521,257,2,0
2026-05-29 01:00:00,1.16521,1.16522,1.16498,1.16502,580,1,0
2026-05-29 02:00:00,1.16502,1.16534,1.16501,1.16525,944,0,0
2026-05-29 03:00:00,1.16525,1.16558,1.16476,1.16489,2227,0,0
2026-05-29 04:00:00,1.16489,1.16565,1.16435,1.16448,2614,0,0
2026-05-29 05:00:00,1.16448,1.16494,1.16437,1.1645,1683,0,0
2026-05-29 06:00:00,1.1645,1.16454,1.1636199999999999,1.16374,1932,0,0
2026-05-29 07:00:00,1.16374,1.16394,1.16344,1.16392,1715,0,0
2026-05-29 08:00:00,1.16392,1.16436,1.16381,1.16421,1772,0,0
2026-05-29 09:00:00,1.16421,1.16543,1.16421,1.16534,3128,0,0
2026-05-29 10:00:00,1.16534,1.16534,1.16379,1.16421,3488,0,0
2026-05-29 11:00:00,1.16421,1.16421,1.16252,1.16283,3910,0,0
2026-05-29 12:00:00,1.16283,1.16428,1.16266,1.16416,3587,0,0
2026-05-29 13:00:00,1.16416,1.16452,1.16379,1.16432,2752,0,0
2026-05-29 14:00:00,1.16432,1.16482,1.164,1.16476,3154,0,0
2026-05-29 15:00:00,1.16476,1.1649,1.16415,1.16488,3398,0,0
2026-05-29 16:00:00,1.16488,1.16531,1.1645,1.16473,4148,0,0
2026-05-29 17:00:00,1.16473,1.16744,1.16406,1.16686,6706,0,0
2026-05-29 18:00:00,1.16686,1.1685699999999999,1.16673,1.1678,6436,0,0
2026-05-29 19:00:00,1.1678,1.16793,1.16669,1.16723,3590,0,0
2026-05-29 20:00:00,1.16723,1.1673499999999999,1.16622,1.16625,2733,0,0
2026-05-29 21:00:00,1.16625,1.16686,1.16607,1.16644,2954,0,0
2026-05-29 22:00:00,1.16644,1.16694,1.16637,1.16647,2382,0,0
2026-05-29 23:00:00,1.16647,1.16648,1.16583,1.16605,1687,1,0
2026-06-01 00:00:00,1.16521,1.16597,1.16505,1.16578,317,32,0
2026-06-01 01:00:00,1.16578,1.16581,1.16514,1.16543,1328,1,0
2026-06-01 02:00:00,1.16543,1.16558,1.16486,1.16487,2688,0,0
2026-06-01 03:00:00,1.16487,1.16537,1.16451,1.16478,3426,0,0
2026-06-01 04:00:00,1.16478,1.16485,1.16422,1.1645,2332,0,0
2026-06-01 05:00:00,1.1645,1.1647,1.16436,1.16464,1579,0,0
2026-06-01 06:00:00,1.16464,1.16491,1.16417,1.1644,1742,0,0
2026-06-01 07:00:00,1.1644,1.16487,1.16436,1.16483,1223,0,0
2026-06-01 08:00:00,1.16483,1.16534,1.16479,1.16514,1887,0,0
2026-06-01 09:00:00,1.16514,1.16648,1.16503,1.16645,3842,0,0
2026-06-01 10:00:00,1.16645,1.16647,1.16519,1.1656900000000001,3232,0,0
2026-06-01 11:00:00,1.1656900000000001,1.1660300000000001,1.16535,1.16578,2718,0,0
2026-06-01 12:00:00,1.16578,1.16606,1.1648399999999999,1.16507,2807,0,0
2026-06-01 13:00:00,1.16507,1.16512,1.1646,1.16476,2262,0,0
2026-06-01 14:00:00,1.16476,1.1648399999999999,1.16418,1.16462,2684,0,0
2026-06-01 15:00:00,1.16462,1.16505,1.16453,1.16474,3563,0,0
2026-06-01 16:00:00,1.16474,1.16485,1.16101,1.16102,8437,0,0
2026-06-01 17:00:00,1.16102,1.16183,1.1607,1.16175,6552,0,0
2026-06-01 18:00:00,1.16175,1.16287,1.16154,1.16232,5039,0,0
2026-06-01 19:00:00,1.16232,1.16304,1.16166,1.16297,3743,0,0
2026-06-01 20:00:00,1.16297,1.16379,1.16253,1.16347,3842,0,0
2026-06-01 21:00:00,1.16347,1.16353,1.16308,1.16309,1895,0,0
2026-06-01 22:00:00,1.16309,1.16338,1.16266,1.16316,2159,0,0
2026-06-01 23:00:00,1.16314,1.16338,1.16304,1.16316,1322,1,0
2026-06-02 00:00:00,1.16284,1.16347,1.16249,1.16321,362,22,0
2026-06-02 01:00:00,1.16321,1.16346,1.16321,1.16338,514,1,0
2026-06-02 02:00:00,1.16338,1.16364,1.1633,1.16356,767,0,0
2026-06-02 03:00:00,1.16356,1.16357,1.16295,1.16316,2308,0,0
2026-06-02 04:00:00,1.16316,1.16369,1.16287,1.16308,2328,0,0
2026-06-02 05:00:00,1.16308,1.16345,1.16304,1.16312,1543,0,0
2026-06-02 06:00:00,1.16312,1.16352,1.1631,1.16341,1465,0,0
2026-06-02 07:00:00,1.16341,1.16388,1.16341,1.16378,1380,0,0
2026-06-02 08:00:00,1.16378,1.16399,1.16363,1.16371,1429,0,0
2026-06-02 09:00:00,1.16371,1.16522,1.1637,1.16504,3157,0,0
2026-06-02 10:00:00,1.16504,1.16509,1.1645,1.16486,3170,0,0
2026-06-02 11:00:00,1.16486,1.16525,1.16421,1.16438,2692,0,0
2026-06-02 12:00:00,1.16438,1.16449,1.16404,1.16431,2672,0,0
2026-06-02 13:00:00,1.16431,1.16461,1.16385,1.16436,2240,0,0
2026-06-02 14:00:00,1.16436,1.16529,1.16436,1.16497,2467,0,0
2026-06-02 15:00:00,1.16497,1.16556,1.16475,1.16506,3127,0,0
2026-06-02 16:00:00,1.16506,1.16525,1.16397,1.16433,4147,0,0
2026-06-02 17:00:00,1.16433,1.16499,1.1636199999999999,1.16435,4525,0,0
2026-06-02 18:00:00,1.16435,1.16452,1.16357,1.16405,3476,0,0
2026-06-02 19:00:00,1.16405,1.16411,1.1627,1.16286,2400,0,0
2026-06-02 20:00:00,1.16286,1.16299,1.1620300000000001,1.16217,2187,0,0
2026-06-02 21:00:00,1.16217,1.163,1.16136,1.16284,2295,0,0
2026-06-02 22:00:00,1.16284,1.16329,1.16284,1.16323,1408,0,0
2026-06-02 23:00:00,1.16323,1.16346,1.163,1.16304,1162,1,0
2026-06-03 00:00:00,1.16253,1.16309,1.16235,1.16276,571,6,0
2026-06-03 01:00:00,1.16276,1.16297,1.1626400000000001,1.16267,702,1,0
2026-06-03 02:00:00,1.16267,1.1627399999999999,1.16198,1.16214,1891,0,0
2026-06-03 03:00:00,1.16214,1.16307,1.1620300000000001,1.16287,2219,0,0
2026-06-03 04:00:00,1.16287,1.16334,1.16261,1.16297,2360,0,0
2026-06-03 05:00:00,1.16297,1.16321,1.16251,1.16281,1825,0,0
2026-06-03 06:00:00,1.16281,1.16296,1.16263,1.16277,1434,0,0
2026-06-03 07:00:00,1.16277,1.16282,1.16244,1.16258,1289,0,0
2026-06-03 08:00:00,1.16258,1.16271,1.16188,1.16188,1871,0,0
2026-06-03 09:00:00,1.16188,1.16224,1.16125,1.16164,3662,0,0
2026-06-03 10:00:00,1.16164,1.16246,1.1613,1.16163,3882,0,0
2026-06-03 11:00:00,1.16163,1.1617,1.16053,1.16084,3658,0,0
2026-06-03 12:00:00,1.16084,1.1616,1.1608100000000001,1.16134,2961,0,0
2026-06-03 13:00:00,1.16134,1.16229,1.16128,1.16162,3615,0,0
2026-06-03 14:00:00,1.16162,1.16225,1.16155,1.16181,2645,0,0
2026-06-03 15:00:00,1.16181,1.16188,1.1596899999999999,1.16006,3991,0,0
2026-06-03 16:00:00,1.16006,1.16063,1.15975,1.1602999999999999,5157,0,0
2026-06-03 17:00:00,1.1602999999999999,1.16122,1.1595,1.16122,6309,0,0
2026-06-03 18:00:00,1.16122,1.16129,1.16026,1.1605,5101,0,0
2026-06-03 19:00:00,1.1605,1.16052,1.15953,1.16001,3865,0,0
2026-06-03 20:00:00,1.16001,1.16036,1.1596899999999999,1.15985,2228,0,0
2026-06-03 21:00:00,1.15985,1.15998,1.15955,1.15984,2215,0,0
2026-06-03 22:00:00,1.15984,1.16009,1.15972,1.15981,1760,0,0
2026-06-03 23:00:00,1.15982,1.16005,1.1597,1.15984,1087,1,0
2026-06-04 00:00:00,1.15955,1.15994,1.15955,1.1596899999999999,242,1,0
2026-06-04 01:00:00,1.1596899999999999,1.16123,1.15946,1.16058,1287,1,0
2026-06-04 02:00:00,1.16058,1.16109,1.16014,1.1609,1447,0,0
2026-06-04 03:00:00,1.1609,1.16126,1.1605699999999999,1.16069,2805,0,0
2026-06-04 04:00:00,1.16069,1.16101,1.16041,1.16096,2616,0,0
2026-06-04 05:00:00,1.16096,1.16112,1.16064,1.161,2031,0,0
2026-06-04 06:00:00,1.161,1.16101,1.16027,1.16062,1568,0,0
2026-06-04 07:00:00,1.16062,1.16133,1.1604,1.16097,1678,0,0
2026-06-04 08:00:00,1.16097,1.16106,1.16054,1.16097,1906,0,0
2026-06-04 09:00:00,1.16097,1.16149,1.1607,1.16109,3332,0,0
2026-06-04 10:00:00,1.16109,1.16127,1.1598600000000001,1.1604,3529,0,0
2026-06-04 11:00:00,1.1604,1.16141,1.16036,1.16132,3639,0,0
2026-06-04 12:00:00,1.16132,1.16283,1.16131,1.16258,3832,0,0
2026-06-04 13:00:00,1.16258,1.16341,1.16252,1.16306,3308,0,0
2026-06-04 14:00:00,1.16306,1.16452,1.16304,1.16419,4349,0,0
2026-06-04 15:00:00,1.16419,1.1645,1.16346,1.16371,4358,0,0
2026-06-04 16:00:00,1.16371,1.164,1.16341,1.1636,4465,0,0
2026-06-04 17:00:00,1.1636,1.164,1.16292,1.16307,3718,0,0
2026-06-04 18:00:00,1.16307,1.16317,1.16224,1.16282,3561,0,0
2026-06-04 19:00:00,1.16282,1.16296,1.16234,1.16236,2165,0,0
2026-06-04 20:00:00,1.16236,1.16242,1.16196,1.16207,1626,0,0
2026-06-04 21:00:00,1.16207,1.16224,1.16134,1.16151,1745,0,0
2026-06-04 22:00:00,1.16151,1.16163,1.16105,1.16124,1469,0,0
2026-06-04 23:00:00,1.16125,1.16135,1.16079,1.16105,1004,1,0
2026-06-05 00:00:00,1.16098,1.16154,1.16098,1.16114,488,10,0
2026-06-05 01:00:00,1.16114,1.16134,1.1610800000000001,1.16119,652,1,0
2026-06-05 02:00:00,1.16119,1.16136,1.1611799999999999,1.16123,791,0,0
2026-06-05 03:00:00,1.16123,1.16143,1.16109,1.16128,2506,0,0
2026-06-05 04:00:00,1.16128,1.16149,1.16099,1.16137,2794,0,0
2026-06-05 05:00:00,1.16137,1.16166,1.16124,1.1614,1924,0,0
2026-06-05 06:00:00,1.1614,1.16157,1.16136,1.1615,1643,0,0
2026-06-05 07:00:00,1.1615,1.16171,1.16139,1.1616,1778,0,0
2026-06-05 08:00:00,1.1616,1.16193,1.16149,1.16158,1887,0,0
2026-06-05 09:00:00,1.16158,1.16228,1.1613,1.16223,3065,0,0
2026-06-05 10:00:00,1.16223,1.16371,1.16217,1.16321,3202,0,0
2026-06-05 11:00:00,1.16321,1.16398,1.16319,1.16367,2924,0,0
2026-06-05 12:00:00,1.16367,1.16443,1.16345,1.16389,2950,0,0
2026-06-05 13:00:00,1.16389,1.16442,1.16385,1.16404,2216,0,0
2026-06-05 14:00:00,1.16404,1.1642000000000001,1.16346,1.16415,2631,0,0
2026-06-05 15:00:00,1.16415,1.1643,1.1586400000000001,1.15866,6811,0,0
2026-06-05 16:00:00,1.15866,1.15997,1.1572,1.15721,8761,0,0
2026-06-05 17:00:00,1.15721,1.15806,1.15497,1.15592,7565,0,0
2026-06-05 18:00:00,1.15592,1.15601,1.15317,1.15328,5585,0,0
2026-06-05 19:00:00,1.15328,1.1533,1.15227,1.15322,4746,0,0
2026-06-05 20:00:00,1.15322,1.1533,1.15196,1.15242,3927,0,0
2026-06-05 21:00:00,1.15242,1.1529,1.15196,1.15232,4143,0,0
2026-06-05 22:00:00,1.15232,1.15273,1.15184,1.15253,3121,0,0
2026-06-05 23:00:00,1.15253,1.15262,1.15178,1.15208,2098,1,0
2026-06-08 00:00:00,1.15093,1.15119,1.15059,1.15092,280,28,0
2026-06-08 01:00:00,1.15092,1.15187,1.15083,1.15134,2266,1,0
2026-06-08 02:00:00,1.1513200000000001,1.15228,1.1513200000000001,1.15219,1854,0,0
2026-06-08 03:00:00,1.15219,1.15336,1.15209,1.15335,2632,0,0
2026-06-08 04:00:00,1.15335,1.15348,1.15118,1.15266,5778,0,0
2026-06-08 05:00:00,1.15266,1.1531500000000001,1.15208,1.15288,3193,0,0
2026-06-08 06:00:00,1.15288,1.15324,1.15261,1.15323,2097,0,0
2026-06-08 07:00:00,1.15323,1.15339,1.15299,1.1531500000000001,1849,0,0
2026-06-08 08:00:00,1.1531500000000001,1.15398,1.15179,1.1519300000000001,3780,0,0
2026-06-08 09:00:00,1.1519300000000001,1.15248,1.15138,1.15154,4634,0,0
2026-06-08 10:00:00,1.15154,1.15269,1.15145,1.15168,5049,0,0
2026-06-08 11:00:00,1.15168,1.15231,1.1508099999999999,1.15084,4689,0,0
2026-06-08 12:00:00,1.15084,1.15144,1.15001,1.15125,4397,0,0
2026-06-08 13:00:00,1.15125,1.15319,1.15102,1.15245,4305,0,0
2026-06-08 14:00:00,1.15245,1.15439,1.15235,1.15364,5497,0,0
2026-06-08 15:00:00,1.15364,1.1543700000000001,1.1535199999999999,1.15419,4857,0,0
2026-06-08 16:00:00,1.15419,1.15547,1.15414,1.15416,6361,0,0
2026-06-08 17:00:00,1.15416,1.1544699999999999,1.1532,1.15426,5636,0,0
2026-06-08 18:00:00,1.15426,1.1548,1.15367,1.15442,4636,0,0
2026-06-08 19:00:00,1.15442,1.15461,1.15391,1.15391,3301,0,0
2026-06-08 20:00:00,1.15391,1.15416,1.15358,1.1538,3234,0,0
2026-06-08 21:00:00,1.1538,1.1542,1.15278,1.15286,2943,0,0
2026-06-08 22:00:00,1.15286,1.1534200000000001,1.15284,1.15307,3201,0,0
2026-06-08 23:00:00,1.15307,1.15336,1.15304,1.15318,1234,1,0
2026-06-09 00:00:00,1.1533,1.1538599999999999,1.15321,1.15356,382,11,0
2026-06-09 01:00:00,1.15356,1.1537,1.15324,1.15335,713,1,0
2026-06-09 02:00:00,1.15335,1.1534,1.1528,1.15283,1036,0,0
2026-06-09 03:00:00,1.15283,1.15318,1.15271,1.1531500000000001,3119,0,0
2026-06-09 04:00:00,1.1531500000000001,1.15396,1.15304,1.15396,2860,0,0
2026-06-09 05:00:00,1.15396,1.15404,1.15369,1.15377,2267,0,0
2026-06-09 06:00:00,1.15377,1.15399,1.1535,1.15379,2076,0,0
2026-06-09 07:00:00,1.15379,1.15483,1.15371,1.15454,1765,0,0
2026-06-09 08:00:00,1.15454,1.15477,1.15397,1.1545,3233,0,0
2026-06-09 09:00:00,1.1545,1.1553499999999999,1.15434,1.15443,3858,0,0
2026-06-09 10:00:00,1.15443,1.15469,1.15375,1.15393,3876,0,0
2026-06-09 11:00:00,1.15393,1.15527,1.15365,1.15506,3728,0,0
2026-06-09 12:00:00,1.15506,1.15638,1.15503,1.15614,2810,0,0
2026-06-09 13:00:00,1.15614,1.15697,1.15602,1.15656,2752,0,0
2026-06-09 14:00:00,1.15656,1.1574200000000001,1.1565400000000001,1.15725,2680,0,0
2026-06-09 15:00:00,1.15725,1.15751,1.15694,1.15737,3120,0,0
2026-06-09 16:00:00,1.15737,1.15781,1.15637,1.15665,4920,0,0
2026-06-09 17:00:00,1.15665,1.15733,1.15583,1.15623,6989,0,0
2026-06-09 18:00:00,1.15623,1.15673,1.15459,1.15549,6314,0,0
2026-06-09 19:00:00,1.15549,1.15574,1.15287,1.15408,7870,0,0
2026-06-09 20:00:00,1.15408,1.15531,1.15404,1.1548,5851,0,0
2026-06-09 21:00:00,1.1548,1.1553,1.15463,1.15497,4126,0,0
2026-06-09 22:00:00,1.15497,1.15503,1.15395,1.15414,4311,0,0
2026-06-09 23:00:00,1.15414,1.15455,1.15406,1.15435,1329,1,0
2026-06-10 00:00:00,1.1541,1.1543,1.15353,1.15372,246,1,0
2026-06-10 01:00:00,1.15372,1.1540300000000001,1.15362,1.15364,996,1,0
2026-06-10 02:00:00,1.15364,1.15391,1.15333,1.15351,1441,0,0
2026-06-10 03:00:00,1.15351,1.15435,1.15335,1.15422,3835,0,0
2026-06-10 04:00:00,1.15422,1.15429,1.15355,1.15379,3989,0,0
2026-06-10 05:00:00,1.15379,1.1545,1.15371,1.15426,2840,0,0
2026-06-10 06:00:00,1.15426,1.15521,1.15424,1.15503,2728,0,0
2026-06-10 07:00:00,1.15503,1.15506,1.15446,1.15465,2794,0,0
2026-06-10 08:00:00,1.15465,1.15555,1.15454,1.15542,3352,0,0
2026-06-10 09:00:00,1.15542,1.15583,1.15484,1.1549,3784,0,0
2026-06-10 10:00:00,1.1549,1.15586,1.15468,1.15539,3675,0,0
2026-06-10 11:00:00,1.15539,1.15544,1.15483,1.15537,3937,0,0
2026-06-10 12:00:00,1.15537,1.15597,1.15506,1.15578,3651,0,0
2026-06-10 13:00:00,1.15578,1.15592,1.15504,1.1552,3082,0,0
2026-06-10 14:00:00,1.1552,1.15527,1.15357,1.15368,5916,0,0
2026-06-10 15:00:00,1.15368,1.15648,1.15362,1.15486,6803,0,0
2026-06-10 16:00:00,1.15486,1.15731,1.15477,1.15627,6728,0,0
2026-06-10 17:00:00,1.15627,1.15671,1.15503,1.15524,7039,0,0
2026-06-10 18:00:00,1.15524,1.15568,1.15346,1.15494,7160,0,0
2026-06-10 19:00:00,1.15494,1.15597,1.15485,1.15538,4802,0,0
2026-06-10 20:00:00,1.15538,1.15566,1.15448,1.15524,4454,0,0
2026-06-10 21:00:00,1.15524,1.15577,1.15482,1.15482,4270,0,0
2026-06-10 22:00:00,1.15482,1.15489,1.15411,1.15415,3456,0,0
2026-06-10 23:00:00,1.15415,1.15415,1.15348,1.15356,1748,1,0
2026-06-11 00:00:00,1.15332,1.15401,1.15322,1.15355,301,4,0
2026-06-11 01:00:00,1.15355,1.15367,1.15282,1.15298,1649,1,0
2026-06-11 02:00:00,1.15298,1.15379,1.15257,1.1535199999999999,3258,0,0
2026-06-11 03:00:00,1.1535199999999999,1.1543,1.1535199999999999,1.15423,4672,0,0
2026-06-11 04:00:00,1.15423,1.15561,1.15415,1.15541,3711,0,0
2026-06-11 05:00:00,1.15541,1.15544,1.15463,1.15481,3133,0,0
2026-06-11 06:00:00,1.15481,1.15493,1.15445,1.15455,2688,0,0
2026-06-11 07:00:00,1.15455,1.15503,1.15426,1.15484,2384,0,0
2026-06-11 08:00:00,1.15484,1.15513,1.15456,1.15473,2648,0,0
2026-06-11 09:00:00,1.15473,1.15475,1.15404,1.15418,3653,0,0
2026-06-11 10:00:00,1.15418,1.15555,1.15415,1.15449,4194,0,0
2026-06-11 11:00:00,1.15449,1.15454,1.15307,1.15323,4045,0,0
2026-06-11 12:00:00,1.15323,1.15371,1.15301,1.1534,3520,0,0
2026-06-11 13:00:00,1.1534,1.15344,1.15233,1.15312,3315,0,0
2026-06-11 14:00:00,1.15312,1.15417,1.15311,1.15381,3559,0,0
2026-06-11 15:00:00,1.15381,1.15434,1.15165,1.15397,7750,0,0
2026-06-11 16:00:00,1.15397,1.15405,1.15177,1.15297,6766,0,0
2026-06-11 17:00:00,1.15297,1.15307,1.15148,1.15192,5807,0,0
2026-06-11 18:00:00,1.15192,1.15243,1.1514199999999999,1.15146,5487,0,0
2026-06-11 19:00:00,1.15146,1.15163,1.15073,1.15092,4193,0,0
2026-06-11 20:00:00,1.15092,1.15665,1.1503,1.1551,9193,0,0
2026-06-11 21:00:00,1.1551,1.15666,1.15416,1.1558,8323,0,0
2026-06-11 22:00:00,1.1558,1.15899,1.1558,1.15787,7078,0,0
2026-06-11 23:00:00,1.15787,1.15834,1.15763,1.15782,2590,1,0
2026-06-12 00:00:00,1.15739,1.15799,1.15735,1.15767,250,6,0
2026-06-12 01:00:00,1.15767,1.15851,1.1573,1.15849,1525,1,0
2026-06-12 02:00:00,1.15849,1.15865,1.15744,1.15757,2098,0,0
2026-06-12 03:00:00,1.15757,1.15768,1.15663,1.15695,4374,0,0
2026-06-12 04:00:00,1.15695,1.15701,1.15617,1.15635,3670,0,0
2026-06-12 05:00:00,1.15635,1.15704,1.15627,1.15667,2780,0,0
2026-06-12 06:00:00,1.15667,1.15753,1.15651,1.1572,3246,0,0
2026-06-12 07:00:00,1.1572,1.15751,1.15688,1.15717,2418,0,0
2026-06-12 08:00:00,1.15717,1.15739,1.15575,1.15577,3576,0,0
2026-06-12 09:00:00,1.15577,1.15743,1.15577,1.15731,4248,0,0
2026-06-12 10:00:00,1.15731,1.15733,1.15573,1.15665,4664,0,0
2026-06-12 11:00:00,1.15665,1.15856,1.15653,1.15769,5972,0,0
2026-06-12 12:00:00,1.15769,1.15895,1.15736,1.1584,4915,0,0
2026-06-12 13:00:00,1.1584,1.15856,1.1569099999999999,1.15741,4494,0,0
2026-06-12 14:00:00,1.15741,1.15793,1.15707,1.1571500000000001,3603,0,0
2026-06-12 15:00:00,1.1571500000000001,1.15726,1.15602,1.15634,4235,0,0
2026-06-12 16:00:00,1.15634,1.15792,1.15619,1.15696,6256,0,0
2026-06-12 17:00:00,1.15696,1.1579,1.15662,1.15735,6929,0,0
2026-06-12 18:00:00,1.15735,1.15835,1.15717,1.15733,5970,0,0
2026-06-12 19:00:00,1.15733,1.1577600000000001,1.15696,1.15746,4404,0,0
2026-06-12 20:00:00,1.15746,1.15774,1.15719,1.15745,3271,0,0
2026-06-12 21:00:00,1.15745,1.15787,1.15724,1.15749,3018,0,0
2026-06-12 22:00:00,1.15749,1.15777,1.15685,1.15714,2842,0,0
2026-06-12 23:00:00,1.15712,1.15717,1.15656,1.15668,2018,1,0
2026-06-15 00:00:00,1.15732,1.16053,1.15703,1.16048,526,5,0
2026-06-15 01:00:00,1.16048,1.16175,1.16001,1.16087,3823,1,0
2026-06-15 02:00:00,1.16087,1.16094,1.16023,1.16031,2303,0,0
2026-06-15 03:00:00,1.16031,1.16119,1.15982,1.1599,3751,0,0
2026-06-15 04:00:00,1.1599,1.16016,1.15945,1.15981,2862,0,0
2026-06-15 05:00:00,1.15981,1.16013,1.15943,1.15995,2111,0,0
2026-06-15 06:00:00,1.15995,1.16054,1.15983,1.16042,1893,0,0
2026-06-15 07:00:00,1.16042,1.16134,1.16031,1.16125,1782,0,0
2026-06-15 08:00:00,1.16125,1.1622,1.16125,1.16168,2546,0,0
2026-06-15 09:00:00,1.16168,1.16181,1.16009,1.16065,3898,0,0
2026-06-15 10:00:00,1.16065,1.16105,1.16016,1.16063,4257,0,0
2026-06-15 11:00:00,1.16063,1.16102,1.15972,1.16015,3730,0,0
2026-06-15 12:00:00,1.16015,1.16107,1.16006,1.1607,3256,0,0
2026-06-15 13:00:00,1.1607,1.16144,1.16034,1.16107,2776,0,0
2026-06-15 14:00:00,1.16107,1.16141,1.16058,1.1609099999999999,3244,0,0
2026-06-15 15:00:00,1.1609099999999999,1.16197,1.16045,1.16154,3879,0,0
2026-06-15 16:00:00,1.16154,1.16205,1.16121,1.1617,4369,0,0
2026-06-15 17:00:00,1.1617,1.16188,1.16058,1.1608,5117,0,0
2026-06-15 18:00:00,1.1608,1.1608,1.15967,1.1598600000000001,3443,0,0
2026-06-15 19:00:00,1.1598600000000001,1.16051,1.15976,1.16035,2779,0,0
2026-06-15 20:00:00,1.16035,1.1604,1.15981,1.1599599999999999,2419,0,0
2026-06-15 21:00:00,1.1599599999999999,1.16031,1.15941,1.15949,2853,0,0
2026-06-15 22:00:00,1.15949,1.15964,1.15842,1.15852,2721,0,0
2026-06-15 23:00:00,1.15851,1.159,1.15835,1.15891,1490,1,0
2026-06-16 00:00:00,1.15895,1.1592500000000001,1.15865,1.15891,498,13,0
2026-06-16 01:00:00,1.15891,1.15909,1.15855,1.15885,701,1,0
2026-06-16 02:00:00,1.15885,1.15936,1.15885,1.15912,941,0,0
2026-06-16 03:00:00,1.15912,1.15936,1.15881,1.1593,2313,0,0
2026-06-16 04:00:00,1.1593,1.1595,1.1587,1.15879,2666,0,0
2026-06-16 05:00:00,1.15879,1.15894,1.15828,1.15878,2024,0,0
2026-06-16 06:00:00,1.15878,1.15887,1.15842,1.15866,2180,0,0
2026-06-16 07:00:00,1.15866,1.15871,1.15759,1.15791,2411,0,0
2026-06-16 08:00:00,1.15791,1.15809,1.15755,1.15758,2145,0,0
2026-06-16 09:00:00,1.15758,1.15876,1.15751,1.15873,3574,0,0
2026-06-16 10:00:00,1.15873,1.15956,1.15851,1.15954,3508,0,0
2026-06-16 11:00:00,1.15954,1.16066,1.15932,1.1605699999999999,3339,0,0
2026-06-16 12:00:00,1.1605699999999999,1.16092,1.16,1.16011,2941,0,0
2026-06-16 13:00:00,1.16011,1.1613,1.16006,1.16119,3001,0,0
2026-06-16 14:00:00,1.16119,1.16119,1.15974,1.1599,3185,0,0
2026-06-16 15:00:00,1.1599,1.16018,1.15915,1.15995,3991,0,0
2026-06-16 16:00:00,1.15995,1.16035,1.15913,1.15928,4508,0,0
2026-06-16 17:00:00,1.15928,1.16083,1.1588,1.16069,5146,0,0
2026-06-16 18:00:00,1.16069,1.16187,1.16,1.1614200000000001,4474,0,0
2026-06-16 19:00:00,1.1614200000000001,1.16197,1.16117,1.16133,3583,0,0
2026-06-16 20:00:00,1.16133,1.1614,1.16107,1.16114,2426,0,0
2026-06-16 21:00:00,1.16114,1.1614200000000001,1.16065,1.16105,2303,0,0
2026-06-16 22:00:00,1.16105,1.16137,1.16058,1.1608100000000001,2131,0,0
2026-06-16 23:00:00,1.1608100000000001,1.16097,1.16065,1.1608,1179,1,0
2026-06-17 00:00:00,1.16069,1.16111,1.16061,1.16074,589,16,0
2026-06-17 01:00:00,1.16074,1.16127,1.16074,1.16122,590,1,0
2026-06-17 02:00:00,1.16122,1.16149,1.16093,1.161,1253,0,0
2026-06-17 03:00:00,1.161,1.16166,1.16089,1.16146,2036,0,0
2026-06-17 04:00:00,1.16146,1.1616,1.16105,1.16123,1784,0,0
2026-06-17 05:00:00,1.16123,1.16151,1.16095,1.16095,1279,0,0
2026-06-17 06:00:00,1.16095,1.16123,1.16085,1.16105,1361,0,0
2026-06-17 07:00:00,1.16105,1.16135,1.161,1.16122,1239,0,0
2026-06-17 08:00:00,1.16122,1.1615,1.16107,1.16123,1723,0,0
2026-06-17 09:00:00,1.16123,1.16146,1.1604,1.1608100000000001,3055,0,0
2026-06-17 10:00:00,1.1608100000000001,1.16148,1.16046,1.16084,3143,0,0
2026-06-17 11:00:00,1.16084,1.16086,1.15981,1.16019,3142,0,0
2026-06-17 12:00:00,1.16019,1.1606,1.16007,1.16039,2207,0,0
2026-06-17 13:00:00,1.16039,1.16048,1.15956,1.15972,2629,0,0
2026-06-17 14:00:00,1.15972,1.15973,1.15855,1.15915,2950,0,0
2026-06-17 15:00:00,1.15915,1.16028,1.15906,1.16021,3303,0,0
2026-06-17 16:00:00,1.16021,1.16029,1.15958,1.1597,4098,0,0
2026-06-17 17:00:00,1.1597,1.15988,1.15811,1.15895,5315,0,0
2026-06-17 18:00:00,1.15895,1.1594,1.1587,1.15926,3627,0,0
2026-06-17 19:00:00,1.15926,1.1593499999999999,1.15889,1.15918,2573,0,0
2026-06-17 20:00:00,1.15918,1.15962,1.15878,1.1595,2698,0,0
2026-06-17 21:00:00,1.1595,1.1595,1.15359,1.15389,14063,0,0
2026-06-17 22:00:00,1.15389,1.15419,1.14779,1.14942,12878,0,0
2026-06-17 23:00:00,1.14941,1.15054,1.14869,1.15006,3292,1,0
2026-06-18 00:00:00,1.14974,1.15027,1.14974,1.15016,171,3,0
2026-06-18 01:00:00,1.15016,1.15056,1.15012,1.15044,1454,1,0
2026-06-18 02:00:00,1.15044,1.15084,1.15039,1.1507100000000001,1580,0,0
2026-06-18 03:00:00,1.1507100000000001,1.15207,1.15067,1.15155,4313,0,0
2026-06-18 04:00:00,1.15155,1.15223,1.15152,1.15167,3087,0,0
2026-06-18 05:00:00,1.15167,1.15208,1.15133,1.1518,2258,0,0
2026-06-18 06:00:00,1.1518,1.15243,1.15178,1.15234,2067,0,0
2026-06-18 07:00:00,1.15234,1.15263,1.15208,1.15232,2462,0,0
2026-06-18 08:00:00,1.15232,1.15251,1.15105,1.15107,2669,0,0
2026-06-18 09:00:00,1.15107,1.15283,1.15106,1.15198,4765,0,0
2026-06-18 10:00:00,1.15198,1.15232,1.15067,1.1513,4882,0,0
2026-06-18 11:00:00,1.1513,1.15141,1.14822,1.14828,5565,0,0
2026-06-18 12:00:00,1.14828,1.1486,1.14748,1.14768,5301,0,0
2026-06-18 13:00:00,1.14768,1.14775,1.14598,1.14609,5340,0,0
2026-06-18 14:00:00,1.14609,1.14669,1.14544,1.14575,5466,0,0
2026-06-18 15:00:00,1.14575,1.14818,1.14534,1.14693,6199,0,0
2026-06-18 16:00:00,1.14693,1.1484,1.14632,1.14723,7289,0,0
2026-06-18 17:00:00,1.14723,1.14875,1.14678,1.14863,6662,0,0
2026-06-18 18:00:00,1.14863,1.14875,1.14691,1.14693,5561,0,0
2026-06-18 19:00:00,1.14693,1.14723,1.14619,1.14654,4491,0,0
2026-06-18 20:00:00,1.14654,1.14735,1.14625,1.14627,3304,0,0
2026-06-18 21:00:00,1.14627,1.14659,1.14591,1.14594,3350,0,0
2026-06-18 22:00:00,1.14594,1.14628,1.1451500000000001,1.14575,4774,0,0
2026-06-18 23:00:00,1.14579,1.14632,1.14556,1.14572,1764,1,0
2026-06-19 00:00:00,1.14524,1.14615,1.14524,1.14599,269,17,0
2026-06-19 01:00:00,1.14599,1.14636,1.14588,1.14633,1096,1,0
2026-06-19 02:00:00,1.14633,1.14633,1.14572,1.14583,1274,0,0
2026-06-19 03:00:00,1.14583,1.14659,1.14583,1.1461999999999999,2822,0,0
2026-06-19 04:00:00,1.1461999999999999,1.14635,1.14528,1.14533,2534,0,0
2026-06-19 05:00:00,1.14533,1.14579,1.14518,1.14546,2011,0,0
2026-06-19 06:00:00,1.14546,1.1454900000000001,1.1442,1.14425,2620,0,0
2026-06-19 07:00:00,1.14425,1.14436,1.14274,1.14288,2727,0,0
2026-06-19 08:00:00,1.14288,1.14338,1.14181,1.14309,4323,0,0
2026-06-19 09:00:00,1.14309,1.14423,1.14293,1.1442,4289,0,0
2026-06-19 10:00:00,1.1442,1.14492,1.14417,1.14463,4022,0,0
2026-06-19 11:00:00,1.14463,1.14658,1.14463,1.14643,3810,0,0
2026-06-19 12:00:00,1.14643,1.1464699999999999,1.14587,1.14596,3194,0,0
2026-06-19 13:00:00,1.14596,1.14633,1.14527,1.14624,3310,0,0
2026-06-19 14:00:00,1.14624,1.14679,1.14592,1.14612,2900,0,0
2026-06-19 15:00:00,1.14612,1.14748,1.14612,1.1471,4011,0,0
2026-06-19 16:00:00,1.1471,1.14725,1.1457,1.14631,4236,0,0
2026-06-19 17:00:00,1.14631,1.14702,1.14579,1.14687,4049,0,0
2026-06-19 18:00:00,1.14687,1.1476,1.14626,1.1465,3168,0,0
2026-06-19 19:00:00,1.1465,1.14694,1.14621,1.14689,1888,0,0
2026-06-19 20:00:00,1.14689,1.14767,1.14678,1.1475,2850,0,0
2026-06-19 21:00:00,1.1475,1.14805,1.1474,1.14767,1837,0,0
2026-06-19 22:00:00,1.14767,1.14789,1.1475,1.14758,1021,0,0
2026-06-19 23:00:00,1.14758,1.14772,1.14654,1.1467100000000001,2539,1,0
2026-06-22 00:00:00,1.14606,1.14664,1.1451,1.1456,260,15,0
2026-06-22 01:00:00,1.14564,1.14663,1.1454900000000001,1.14622,771,1,0
2026-06-22 02:00:00,1.14622,1.14662,1.14581,1.14623,1762,0,0
2026-06-22 03:00:00,1.14623,1.14666,1.14579,1.14664,3282,0,0
2026-06-22 04:00:00,1.14664,1.14736,1.1463700000000001,1.1463700000000001,4023,0,0
2026-06-22 05:00:00,1.1463700000000001,1.14677,1.14603,1.14654,2440,0,0
2026-06-22 06:00:00,1.14654,1.14669,1.14545,1.14565,2267,0,0
2026-06-22 07:00:00,1.14565,1.14571,1.14531,1.1456,2421,0,0
2026-06-22 08:00:00,1.1456,1.14629,1.14543,1.14545,2625,0,0
2026-06-22 09:00:00,1.14545,1.14633,1.1452499999999999,1.14603,4150,0,0
2026-06-22 10:00:00,1.14603,1.14626,1.14443,1.1446,4303,0,0
2026-06-22 11:00:00,1.1446,1.14532,1.14417,1.14509,4453,0,0
2026-06-22 12:00:00,1.14509,1.14631,1.14504,1.1458,3935,0,0
2026-06-22 13:00:00,1.1458,1.14636,1.14548,1.14565,3216,0,0
2026-06-22 14:00:00,1.14565,1.14604,1.14476,1.14487,3463,0,0
2026-06-22 15:00:00,1.14487,1.14619,1.14479,1.1454900000000001,4102,0,0
2026-06-22 16:00:00,1.1454900000000001,1.14553,1.14285,1.14287,6708,0,0
2026-06-22 17:00:00,1.14287,1.14505,1.1426,1.14449,7775,0,0
2026-06-22 18:00:00,1.14449,1.14503,1.14306,1.1432,4957,0,0
2026-06-22 19:00:00,1.1432,1.14326,1.14255,1.14309,3340,0,0
2026-06-22 20:00:00,1.14309,1.1433200000000001,1.14274,1.14291,2111,0,0
2026-06-22 21:00:00,1.14291,1.14316,1.14225,1.14245,2359,0,0
2026-06-22 22:00:00,1.14245,1.14256,1.1419,1.14249,2441,0,0
2026-06-22 23:00:00,1.14248,1.14293,1.14246,1.14277,1338,1,0
2026-06-23 00:00:00,1.14235,1.14278,1.14203,1.14274,361,19,0
2026-06-23 01:00:00,1.14274,1.14286,1.14254,1.14274,800,1,0
2026-06-23 02:00:00,1.14274,1.14292,1.14255,1.14267,873,0,0
2026-06-23 03:00:00,1.14267,1.14277,1.14226,1.1427,2683,0,0
2026-06-23 04:00:00,1.1427,1.14283,1.14225,1.14268,2680,0,0
2026-06-23 05:00:00,1.14268,1.14318,1.14257,1.1426,2177,0,0
2026-06-23 06:00:00,1.1426,1.14299,1.14188,1.14296,2302,0,0
2026-06-23 07:00:00,1.14296,1.14302,1.14198,1.14212,1918,0,0
2026-06-23 08:00:00,1.14212,1.14256,1.14191,1.14229,2828,0,0
2026-06-23 09:00:00,1.14229,1.143,1.14195,1.14232,4129,0,0
2026-06-23 10:00:00,1.14232,1.14391,1.141,1.14119,5830,0,0
2026-06-23 11:00:00,1.14119,1.14176,1.14047,1.14085,4835,0,0
2026-06-23 12:00:00,1.14085,1.14113,1.1406100000000001,1.14109,3626,0,0
2026-06-23 13:00:00,1.14109,1.14127,1.13959,1.14008,3524,0,0
2026-06-23 14:00:00,1.14008,1.1403,1.13845,1.13859,3460,0,0
2026-06-23 15:00:00,1.13859,1.13946,1.13828,1.13887,4694,0,0
2026-06-23 16:00:00,1.13887,1.14001,1.13852,1.139,6184,0,0
2026-06-23 17:00:00,1.139,1.13913,1.13762,1.13819,6251,0,0
2026-06-23 18:00:00,1.13819,1.13855,1.1375899999999999,1.13829,4801,0,0
2026-06-23 19:00:00,1.13829,1.13838,1.13784,1.13794,2941,0,0
2026-06-23 20:00:00,1.13794,1.13817,1.13768,1.13794,2503,0,0
2026-06-23 21:00:00,1.13794,1.13808,1.13763,1.13787,2219,0,0
2026-06-23 22:00:00,1.13787,1.13828,1.13785,1.13789,2731,0,0
2026-06-23 23:00:00,1.13789,1.13816,1.13779,1.1381000000000001,949,1,0
2026-06-24 00:00:00,1.13794,1.13836,1.13772,1.13826,153,14,0
2026-06-24 01:00:00,1.13826,1.13836,1.1378300000000001,1.13817,767,1,0
2026-06-24 02:00:00,1.13817,1.13837,1.1379,1.13791,1371,0,0
2026-06-24 03:00:00,1.13791,1.13821,1.13734,1.13762,3655,0,0
2026-06-24 04:00:00,1.13762,1.1377,1.13711,1.13764,3126,0,0
2026-06-24 05:00:00,1.13764,1.13769,1.13668,1.13677,2371,0,0
2026-06-24 06:00:00,1.13677,1.1368800000000001,1.13616,1.13672,3115,0,0
2026-06-24 07:00:00,1.13672,1.13677,1.13614,1.13631,2089,0,0
2026-06-24 08:00:00,1.13631,1.13683,1.13629,1.13681,2447,0,0
2026-06-24 09:00:00,1.13681,1.1374900000000001,1.13577,1.13596,3882,0,0
2026-06-24 10:00:00,1.13596,1.13612,1.13516,1.13519,4432,0,0
2026-06-24 11:00:00,1.13519,1.13558,1.13381,1.13527,4656,0,0
2026-06-24 12:00:00,1.13527,1.13538,1.13445,1.13459,3877,0,0
2026-06-24 13:00:00,1.13459,1.13466,1.13385,1.13399,3633,0,0
2026-06-24 14:00:00,1.13399,1.13489,1.13372,1.13405,4027,0,0
2026-06-24 15:00:00,1.13405,1.13463,1.13254,1.13291,5568,0,0
2026-06-24 16:00:00,1.13291,1.1348,1.13247,1.13442,7193,0,0
2026-06-24 17:00:00,1.13442,1.13523,1.13361,1.1341700000000001,6576,0,0
2026-06-24 18:00:00,1.1341700000000001,1.13616,1.13401,1.1348,5300,0,0
2026-06-24 19:00:00,1.1348,1.1368,1.1347,1.13597,3801,0,0
2026-06-24 20:00:00,1.13597,1.13611,1.13492,1.13498,3936,0,0
2026-06-24 21:00:00,1.13498,1.13608,1.13497,1.13552,3379,0,0
2026-06-24 22:00:00,1.13552,1.13585,1.13511,1.13532,2975,0,0
2026-06-24 23:00:00,1.13532,1.13604,1.13523,1.13579,2050,1,0
2026-06-25 00:00:00,1.1357,1.13585,1.13508,1.13578,704,14,0
2026-06-25 01:00:00,1.13578,1.13584,1.13547,1.1355,597,1,0
2026-06-25 02:00:00,1.1355,1.13565,1.1353,1.1353900000000001,939,0,0
2026-06-25 03:00:00,1.1353900000000001,1.13554,1.13479,1.13534,2582,0,0
2026-06-25 04:00:00,1.13534,1.13674,1.13532,1.13582,3503,0,0
2026-06-25 05:00:00,1.13582,1.13655,1.13567,1.13635,2527,0,0
2026-06-25 06:00:00,1.13635,1.13711,1.13628,1.13699,2200,0,0
2026-06-25 07:00:00,1.13699,1.13709,1.13662,1.13673,1719,0,0
2026-06-25 08:00:00,1.13673,1.13683,1.1360000000000001,1.13613,2139,0,0
2026-06-25 09:00:00,1.13613,1.1365,1.13524,1.1353,3612,0,0
2026-06-25 10:00:00,1.1353,1.13604,1.13449,1.13593,4266,0,0
2026-06-25 11:00:00,1.13593,1.13724,1.13588,1.13678,4125,0,0
2026-06-25 12:00:00,1.13678,1.1374,1.13618,1.13619,3120,0,0
2026-06-25 13:00:00,1.13619,1.13621,1.13431,1.1346,2846,0,0
2026-06-25 14:00:00,1.1346,1.13461,1.13336,1.13377,3145,0,0
2026-06-25 15:00:00,1.13377,1.13645,1.13364,1.13537,6178,0,0
2026-06-25 16:00:00,1.13537,1.1369799999999999,1.13494,1.13636,6916,0,0
2026-06-25 17:00:00,1.13636,1.13837,1.13629,1.13751,8147,0,0
2026-06-25 18:00:00,1.13751,1.1388,1.13737,1.13843,6224,0,0
2026-06-25 19:00:00,1.13843,1.13865,1.13734,1.13741,3895,0,0
2026-06-25 20:00:00,1.13741,1.13778,1.13716,1.13742,3079,0,0
2026-06-25 21:00:00,1.13742,1.13806,1.13701,1.13731,3376,0,0
2026-06-25 22:00:00,1.13731,1.138,1.13685,1.13726,3335,0,0
2026-06-25 23:00:00,1.13725,1.13745,1.13695,1.1369799999999999,1350,1,0
2026-06-26 00:00:00,1.13685,1.13729,1.13633,1.1371,260,12,0
2026-06-26 01:00:00,1.1371,1.13738,1.1367,1.13695,1251,1,0
2026-06-26 02:00:00,1.13695,1.13705,1.13604,1.13616,2061,0,0
2026-06-26 03:00:00,1.13616,1.1367,1.13612,1.13648,3224,0,0
2026-06-26 04:00:00,1.13648,1.1369,1.1356600000000001,1.13598,3034,0,0
2026-06-26 05:00:00,1.13598,1.13628,1.13544,1.13591,3124,0,0
2026-06-26 06:00:00,1.13591,1.13716,1.13585,1.13715,2933,0,0
2026-06-26 07:00:00,1.13715,1.13771,1.13686,1.13769,2585,0,0
2026-06-26 08:00:00,1.13769,1.13822,1.13751,1.13784,2819,0,0
2026-06-26 09:00:00,1.13784,1.13824,1.13717,1.13754,3949,0,0
2026-06-26 10:00:00,1.13754,1.13887,1.1373199999999999,1.13866,3851,0,0
2026-06-26 11:00:00,1.13866,1.14077,1.13832,1.14012,4952,0,0
2026-06-26 12:00:00,1.14012,1.14121,1.13955,1.1407,3920,0,0
2026-06-26 13:00:00,1.1407,1.14085,1.1400299999999999,1.1405,3587,0,0
2026-06-26 14:00:00,1.1405,1.14063,1.13939,1.13985,3578,0,0
2026-06-26 15:00:00,1.13985,1.14339,1.13975,1.1427,4542,0,0
2026-06-26 16:00:00,1.1427,1.143,1.1412,1.14252,6928,0,0
2026-06-26 17:00:00,1.14252,1.14282,1.13937,1.1394199999999999,6328,0,0
2026-06-26 18:00:00,1.1394199999999999,1.14078,1.13923,1.14031,4942,0,0
2026-06-26 19:00:00,1.14031,1.14035,1.13833,1.13897,3797,0,0
2026-06-26 20:00:00,1.13897,1.13931,1.13849,1.13866,2757,0,0
2026-06-26 21:00:00,1.13866,1.13912,1.13855,1.13859,2334,0,0
2026-06-26 22:00:00,1.13859,1.13892,1.13808,1.13867,2447,0,0
2026-06-26 23:00:00,1.13872,1.1392,1.13811,1.13852,2243,1,0
2026-06-29 00:00:00,1.1384,1.1388,1.13789,1.13807,601,26,0
2026-06-29 01:00:00,1.13807,1.13867,1.13807,1.13852,957,1,0
2026-06-29 02:00:00,1.13852,1.13871,1.13822,1.13852,1177,0,0
2026-06-29 03:00:00,1.13852,1.13894,1.13835,1.13876,3636,0,0
2026-06-29 04:00:00,1.13876,1.1391,1.13846,1.13853,3307,0,0
2026-06-29 05:00:00,1.13853,1.13933,1.13849,1.13879,2572,0,0
2026-06-29 06:00:00,1.13879,1.13903,1.13834,1.13834,1880,0,0
2026-06-29 07:00:00,1.13834,1.1385399999999999,1.13813,1.13828,1966,0,0
2026-06-29 08:00:00,1.13828,1.13952,1.13827,1.13944,2417,0,0
2026-06-29 09:00:00,1.13944,1.1414900000000001,1.13929,1.14124,3783,0,0
2026-06-29 10:00:00,1.14124,1.14134,1.14004,1.1402700000000001,4000,0,0
2026-06-29 11:00:00,1.1402700000000001,1.14074,1.13928,1.1396,3516,0,0
2026-06-29 12:00:00,1.1396,1.14039,1.13946,1.14033,3385,0,0
2026-06-29 13:00:00,1.14033,1.14056,1.13996,1.14045,2805,0,0
2026-06-29 14:00:00,1.14045,1.14116,1.13991,1.1408800000000001,3578,0,0
2026-06-29 15:00:00,1.1408800000000001,1.1409,1.14007,1.14028,3754,0,0
2026-06-29 16:00:00,1.14028,1.1412200000000001,1.14005,1.14101,4564,0,0
2026-06-29 17:00:00,1.14101,1.14233,1.14048,1.14218,6523,0,0
2026-06-29 18:00:00,1.14218,1.14251,1.14168,1.14237,4179,0,0
2026-06-29 19:00:00,1.14237,1.14306,1.14234,1.1426,2776,0,0
2026-06-29 20:00:00,1.1426,1.1428099999999999,1.14215,1.14267,2413,0,0
2026-06-29 21:00:00,1.14267,1.14291,1.1425,1.14256,2415,0,0
2026-06-29 22:00:00,1.14256,1.1427,1.14223,1.14258,2003,0,0
2026-06-29 23:00:00,1.14258,1.14274,1.14219,1.14238,874,1,0
2026-06-30 00:00:00,1.14192,1.1425,1.14192,1.14226,271,16,0
2026-06-30 01:00:00,1.14226,1.14257,1.14224,1.14249,770,1,0
2026-06-30 02:00:00,1.14249,1.14253,1.1419,1.14193,781,0,0
2026-06-30 03:00:00,1.14193,1.14207,1.14124,1.14163,3260,0,0
2026-06-30 04:00:00,1.14163,1.14172,1.14021,1.14043,3677,0,0
2026-06-30 05:00:00,1.14043,1.1406399999999999,1.14019,1.14038,2220,0,0
2026-06-30 06:00:00,1.14038,1.14053,1.13972,1.13987,2082,0,0
2026-06-30 07:00:00,1.13987,1.13992,1.13891,1.13893,1748,0,0
2026-06-30 08:00:00,1.13893,1.1393,1.13828,1.1385,2565,0,0
2026-06-30 09:00:00,1.1385,1.14038,1.13837,1.14029,4340,0,0
2026-06-30 10:00:00,1.14029,1.14095,1.13973,1.13989,3806,0,0
2026-06-30 11:00:00,1.13989,1.13995,1.13838,1.13936,4796,0,0
2026-06-30 12:00:00,1.13936,1.13986,1.13893,1.13971,3452,0,0
2026-06-30 13:00:00,1.13971,1.14023,1.13925,1.14018,2878,0,0
2026-06-30 14:00:00,1.14018,1.14029,1.13864,1.13931,3552,0,0
2026-06-30 15:00:00,1.13931,1.1402700000000001,1.13888,1.13961,4309,0,0
2026-06-30 16:00:00,1.13961,1.1407,1.13943,1.1396600000000001,4427,0,0
2026-06-30 17:00:00,1.1396600000000001,1.14349,1.13912,1.14331,7589,0,0
2026-06-30 18:00:00,1.14331,1.14369,1.14152,1.14172,4828,0,0
2026-06-30 19:00:00,1.14172,1.14181,1.14124,1.14143,2884,0,0
2026-06-30 20:00:00,1.14143,1.14223,1.14142,1.14215,2138,0,0
2026-06-30 21:00:00,1.14215,1.14269,1.14197,1.14207,2549,0,0
2026-06-30 22:00:00,1.14207,1.14265,1.14156,1.14265,2594,0,0
2026-06-30 23:00:00,1.14265,1.14273,1.14204,1.14213,1157,1,0
2026-07-01 00:00:00,1.14155,1.14227,1.14142,1.1421999999999999,205,9,0
2026-07-01 01:00:00,1.1421999999999999,1.1423,1.14185,1.14201,573,1,0
2026-07-01 02:00:00,1.14201,1.14202,1.1412499999999999,1.14131,945,0,0
2026-07-01 03:00:00,1.14131,1.14143,1.14087,1.1409799999999999,2695,0,0
2026-07-01 04:00:00,1.1409799999999999,1.1409799999999999,1.14028,1.14045,2974,0,0
2026-07-01 05:00:00,1.14045,1.1408,1.14028,1.14057,2577,0,0
2026-07-01 06:00:00,1.14057,1.14082,1.14019,1.14041,2060,0,0
2026-07-01 07:00:00,1.14041,1.14108,1.14026,1.14086,1881,0,0
2026-07-01 08:00:00,1.14086,1.14106,1.14032,1.14059,2264,0,0
2026-07-01 09:00:00,1.14059,1.14096,1.14005,1.14032,3365,0,0
2026-07-01 10:00:00,1.14032,1.14043,1.13932,1.14021,3867,0,0
2026-07-01 11:00:00,1.14021,1.14039,1.1394199999999999,1.13965,3368,0,0
2026-07-01 12:00:00,1.13965,1.13998,1.1385399999999999,1.1388099999999999,3329,0,0
2026-07-01 13:00:00,1.1388099999999999,1.14004,1.13863,1.13981,2464,0,0
2026-07-01 14:00:00,1.13981,1.1399,1.1385,1.13858,3326,0,0
2026-07-01 15:00:00,1.13858,1.1388099999999999,1.13692,1.13712,4882,0,0
2026-07-01 16:00:00,1.13712,1.14118,1.1362,1.13959,9346,0,0
2026-07-01 17:00:00,1.13959,1.14055,1.1385,1.13953,8025,0,0
2026-07-01 18:00:00,1.13953,1.1396,1.13791,1.13839,5805,0,0
2026-07-01 19:00:00,1.13839,1.1394,1.138,1.13825,4355,0,0
2026-07-01 20:00:00,1.13825,1.13859,1.13792,1.13812,3093,0,0
2026-07-01 21:00:00,1.13812,1.13831,1.13754,1.13798,3081,0,0
2026-07-01 22:00:00,1.13798,1.13815,1.13775,1.13787,2467,0,0
2026-07-01 23:00:00,1.13785,1.13794,1.13737,1.13771,1158,1,0
2026-07-02 00:00:00,1.13744,1.13784,1.13744,1.13775,167,14,0
2026-07-02 01:00:00,1.13775,1.13795,1.13773,1.13788,458,1,0
2026-07-02 02:00:00,1.13788,1.13788,1.13773,1.13775,736,0,0
2026-07-02 03:00:00,1.13775,1.13833,1.13752,1.13767,2654,0,0
2026-07-02 04:00:00,1.13767,1.13858,1.13765,1.13818,2337,0,0
2026-07-02 05:00:00,1.13818,1.13884,1.13812,1.13821,2212,0,0
2026-07-02 06:00:00,1.13821,1.13836,1.13782,1.13825,1874,0,0
2026-07-02 07:00:00,1.13825,1.13883,1.13824,1.13867,2070,0,0
2026-07-02 08:00:00,1.13867,1.13888,1.13817,1.13858,2278,0,0
2026-07-02 09:00:00,1.13858,1.14043,1.1385399999999999,1.13946,4658,0,0
2026-07-02 10:00:00,1.13946,1.14093,1.13907,1.14078,4940,0,0
2026-07-02 11:00:00,1.14078,1.14211,1.14068,1.14202,5640,0,0
2026-07-02 12:00:00,1.14202,1.14211,1.14091,1.14099,4101,0,0
2026-07-02 13:00:00,1.14099,1.14113,1.14033,1.14104,3238,0,0
2026-07-02 14:00:00,1.14104,1.14146,1.14006,1.14041,3123,0,0
2026-07-02 15:00:00,1.14041,1.14728,1.13956,1.1451500000000001,9790,0,0
2026-07-02 16:00:00,1.1451500000000001,1.14554,1.14388,1.1451,9344,0,0
2026-07-02 17:00:00,1.1451,1.14582,1.14338,1.14439,8387,0,0
2026-07-02 18:00:00,1.14439,1.14497,1.14399,1.14476,6001,0,0
2026-07-02 19:00:00,1.14476,1.14481,1.14356,1.14379,4775,0,0
2026-07-02 20:00:00,1.14379,1.14379,1.14289,1.14308,3932,0,0
2026-07-02 21:00:00,1.14308,1.14369,1.14296,1.1433,3120,0,0
2026-07-02 22:00:00,1.1433,1.14339,1.14262,1.14309,2167,0,0
2026-07-02 23:00:00,1.14308,1.14356,1.14294,1.14331,840,1,0
2026-07-03 00:00:00,1.1428,1.14338,1.14262,1.1433,322,15,0
2026-07-03 01:00:00,1.1433,1.14356,1.14277,1.14289,738,1,0
2026-07-03 02:00:00,1.14289,1.14306,1.1421999999999999,1.14227,1239,0,0
2026-07-03 03:00:00,1.14227,1.14309,1.14206,1.1430500000000001,2918,0,0
2026-07-03 04:00:00,1.1430500000000001,1.14446,1.143,1.14372,3839,0,0
2026-07-03 05:00:00,1.14372,1.14448,1.1436,1.14399,2185,0,0
2026-07-03 06:00:00,1.14399,1.14415,1.1437,1.1441,1850,0,0
2026-07-03 07:00:00,1.1441,1.14461,1.14392,1.1446,1415,0,0
2026-07-03 08:00:00,1.1446,1.1454900000000001,1.14455,1.1449,2416,0,0
2026-07-03 09:00:00,1.1449,1.14623,1.14483,1.14542,4053,0,0
2026-07-03 10:00:00,1.14542,1.14579,1.14477,1.14544,3336,0,0
2026-07-03 11:00:00,1.14544,1.14577,1.14504,1.14527,2975,0,0
2026-07-03 12:00:00,1.14527,1.14528,1.14405,1.14411,2778,0,0
2026-07-03 13:00:00,1.14411,1.14501,1.14407,1.14467,2110,0,0
2026-07-03 14:00:00,1.14467,1.14571,1.14462,1.14506,2695,0,0
2026-07-03 15:00:00,1.14506,1.14529,1.14463,1.14471,2828,0,0
2026-07-03 16:00:00,1.14471,1.14481,1.14382,1.14406,2925,0,0
2026-07-03 17:00:00,1.14406,1.14479,1.14387,1.14417,2930,0,0
2026-07-03 18:00:00,1.14417,1.14447,1.14351,1.1437,2343,0,0
2026-07-03 19:00:00,1.1437,1.14397,1.14353,1.14378,1328,0,0
2026-07-03 20:00:00,1.14378,1.1442,1.1437599999999999,1.14404,4927,0,0
2026-07-03 21:00:00,1.14404,1.14415,1.1438,1.14391,6089,0,0
2026-07-03 22:00:00,1.14391,1.14406,1.14352,1.14362,3241,0,0
2026-07-03 23:00:00,1.14362,1.14372,1.14329,1.14355,2011,1,0
2026-07-06 00:00:00,1.14334,1.14381,1.1433,1.14347,2122,36,0
2026-07-06 01:00:00,1.1434199999999999,1.14378,1.1434199999999999,1.1436600000000001,898,1,0
2026-07-06 02:00:00,1.1436600000000001,1.14381,1.14331,1.14368,1430,0,0
2026-07-06 03:00:00,1.14368,1.14413,1.14328,1.14382,3290,0,0
2026-07-06 04:00:00,1.14382,1.1439,1.14285,1.14288,3034,0,0
2026-07-06 05:00:00,1.14288,1.14351,1.14277,1.14338,2435,0,0
2026-07-06 06:00:00,1.14338,1.14357,1.1428099999999999,1.14317,2112,0,0
2026-07-06 07:00:00,1.14317,1.1434199999999999,1.1431499999999999,1.14329,1589,0,0
2026-07-06 08:00:00,1.14329,1.14334,1.14231,1.14239,2376,0,0
2026-07-06 09:00:00,1.14239,1.1429,1.142,1.14231,3451,0,0
2026-07-06 10:00:00,1.14231,1.14283,1.14168,1.14265,3971,0,0
2026-07-06 11:00:00,1.14265,1.14272,1.14152,1.14205,3414,0,0
2026-07-06 12:00:00,1.14205,1.14214,1.14112,1.14134,2825,0,0
2026-07-06 13:00:00,1.14134,1.14212,1.14099,1.14195,2660,0,0
2026-07-06 14:00:00,1.14195,1.14202,1.14121,1.14153,2750,0,0
2026-07-06 15:00:00,1.14153,1.14199,1.14109,1.14134,3269,0,0
2026-07-06 16:00:00,1.14134,1.14226,1.14086,1.14128,4031,0,0
2026-07-06 17:00:00,1.14128,1.142,1.14105,1.14173,4179,0,0
2026-07-06 18:00:00,1.14173,1.1426,1.14154,1.14253,3235,0,0
2026-07-06 19:00:00,1.14253,1.1432,1.14251,1.14308,2475,0,0
2026-07-06 20:00:00,1.14308,1.14394,1.14303,1.14364,2042,0,0
2026-07-06 21:00:00,1.14364,1.14449,1.14351,1.14429,2029,0,0
2026-07-06 22:00:00,1.14429,1.14429,1.14381,1.14411,2270,0,0
2026-07-06 23:00:00,1.1441,1.1442,1.14395,1.14406,962,1,0
2026-07-07 00:00:00,1.14386,1.1443699999999999,1.14386,1.14434,339,7,0
2026-07-07 01:00:00,1.14434,1.14452,1.14417,1.14452,682,1,0
2026-07-07 02:00:00,1.14452,1.1448,1.14414,1.14416,1012,0,0
2026-07-07 03:00:00,1.14416,1.14426,1.14381,1.14387,2528,0,0
2026-07-07 04:00:00,1.14387,1.14473,1.14372,1.14438,3213,0,0
2026-07-07 05:00:00,1.14438,1.1446,1.14396,1.14397,2088,0,0
2026-07-07 06:00:00,1.14397,1.14428,1.14363,1.14369,1966,0,0
2026-07-07 07:00:00,1.14369,1.14394,1.14355,1.14357,1696,0,0
2026-07-07 08:00:00,1.14357,1.14375,1.14284,1.14318,2951,0,0
2026-07-07 09:00:00,1.14318,1.14323,1.14255,1.143,2860,0,0
2026-07-07 10:00:00,1.143,1.14321,1.14249,1.14251,3356,0,0
2026-07-07 11:00:00,1.14251,1.14358,1.1425,1.1428099999999999,3443,0,0
2026-07-07 12:00:00,1.1428099999999999,1.14301,1.14246,1.14253,2610,0,0
2026-07-07 13:00:00,1.14253,1.14341,1.14235,1.14338,2316,0,0
2026-07-07 14:00:00,1.14338,1.14391,1.14254,1.14325,3355,0,0
2026-07-07 15:00:00,1.14325,1.14422,1.1431,1.1436600000000001,3503,0,0
2026-07-07 16:00:00,1.1436600000000001,1.14419,1.1430500000000001,1.14364,4728,0,0
2026-07-07 17:00:00,1.14364,1.1438,1.14237,1.1433200000000001,5696,0,0
2026-07-07 18:00:00,1.1433200000000001,1.1435,1.14223,1.1423,3856,0,0
2026-07-07 19:00:00,1.1423,1.1426,1.14182,1.14234,3024,0,0
2026-07-07 20:00:00,1.14234,1.14294,1.14222,1.1428099999999999,2228,0,0
2026-07-07 21:00:00,1.1428099999999999,1.143,1.14175,1.14187,3300,0,0
2026-07-07 22:00:00,1.14187,1.14196,1.14084,1.14166,4458,0,0
2026-07-07 23:00:00,1.14165,1.14174,1.14102,1.14114,1088,1,0
2026-07-08 00:00:00,1.14116,1.14129,1.14014,1.14046,551,1,0
2026-07-08 01:00:00,1.14046,1.14086,1.1403,1.14069,751,1,0
2026-07-08 02:00:00,1.14069,1.14083,1.14002,1.14017,930,0,0
2026-07-08 03:00:00,1.14017,1.14115,1.14004,1.1408,3452,0,0
2026-07-08 04:00:00,1.1408,1.14094,1.13986,1.14054,3160,0,0
2026-07-08 05:00:00,1.14054,1.14126,1.14046,1.14113,2681,0,0
2026-07-08 06:00:00,1.14113,1.14168,1.14113,1.14146,2859,0,0
2026-07-08 07:00:00,1.14146,1.1415899999999999,1.14111,1.14145,2026,0,0
2026-07-08 08:00:00,1.14145,1.14207,1.14126,1.14194,2601,0,0
2026-07-08 09:00:00,1.14194,1.14241,1.14171,1.14227,4176,0,0
2026-07-08 10:00:00,1.14227,1.14317,1.14171,1.14258,4317,0,0
2026-07-08 11:00:00,1.14258,1.14276,1.14008,1.14105,7830,0,0
2026-07-08 12:00:00,1.14105,1.14116,1.13963,1.14045,6267,0,0
2026-07-08 13:00:00,1.14045,1.14147,1.14014,1.14087,3849,0,0
2026-07-08 14:00:00,1.14087,1.14096,1.13932,1.13983,4268,0,0
2026-07-08 15:00:00,1.13983,1.1407,1.13958,1.13964,5075,0,0
2026-07-08 16:00:00,1.13964,1.14138,1.13959,1.14101,6114,0,0
2026-07-08 17:00:00,1.14101,1.14133,1.14034,1.14076,5647,0,0
2026-07-08 18:00:00,1.14076,1.14118,1.13914,1.13954,5514,0,0
2026-07-08 19:00:00,1.13954,1.14148,1.13948,1.14141,4860,0,0
2026-07-08 20:00:00,1.14141,1.1427,1.14141,1.1419,3802,0,0
2026-07-08 21:00:00,1.1419,1.14289,1.14164,1.14256,3322,0,0
2026-07-08 22:00:00,1.14256,1.14303,1.14226,1.14275,2896,0,0
2026-07-08 23:00:00,1.14275,1.14279,1.1415,1.14167,1251,1,0
2026-07-09 00:00:00,1.14174,1.14187,1.14146,1.14175,189,9,0
2026-07-09 01:00:00,1.14175,1.14192,1.14162,1.14191,558,1,0
2026-07-09 02:00:00,1.14191,1.14223,1.14172,1.14215,740,0,0
2026-07-09 03:00:00,1.14215,1.14302,1.14213,1.14256,2604,0,0
2026-07-09 04:00:00,1.14256,1.14275,1.14201,1.14255,2475,0,0
2026-07-09 05:00:00,1.14255,1.14283,1.14234,1.14246,2039,0,0
2026-07-09 06:00:00,1.14246,1.14303,1.1423,1.14268,2058,0,0
2026-07-09 07:00:00,1.14268,1.14275,1.14233,1.14269,1607,0,0
2026-07-09 08:00:00,1.14269,1.14339,1.14263,1.14308,2595,0,0
2026-07-09 09:00:00,1.14308,1.14494,1.14308,1.14422,4069,0,0
2026-07-09 10:00:00,1.14422,1.14423,1.14328,1.14355,3251,0,0
2026-07-09 11:00:00,1.14355,1.14382,1.14257,1.14268,3238,0,0
2026-07-09 12:00:00,1.14268,1.14314,1.14238,1.14308,3140,0,0
2026-07-09 13:00:00,1.14308,1.14316,1.14213,1.14234,3049,0,0
2026-07-09 14:00:00,1.14234,1.14299,1.1421999999999999,1.14295,2867,0,0
2026-07-09 15:00:00,1.14295,1.14359,1.14228,1.1425,3879,0,0
2026-07-09 16:00:00,1.1425,1.14392,1.1424,1.14391,4352,0,0
2026-07-09 17:00:00,1.14391,1.1446,1.1431499999999999,1.14331,4940,0,0
2026-07-09 18:00:00,1.14331,1.14405,1.14294,1.14388,3813,0,0
2026-07-09 19:00:00,1.14388,1.14413,1.14351,1.14368,2641,0,0
2026-07-09 20:00:00,1.14368,1.14406,1.14344,1.14375,2390,0,0
2026-07-09 21:00:00,1.14375,1.14383,1.1431499999999999,1.14336,2175,0,0
2026-07-09 22:00:00,1.14336,1.14346,1.14255,1.14276,2024,0,0
2026-07-09 23:00:00,1.14275,1.14304,1.14273,1.14297,794,1,0
2026-07-10 00:00:00,1.14289,1.14307,1.14262,1.14285,445,26,0
2026-07-10 01:00:00,1.14285,1.14336,1.14285,1.14333,452,1,0
2026-07-10 02:00:00,1.14333,1.14339,1.14313,1.1433,697,0,0
2026-07-10 03:00:00,1.1433,1.14421,1.1430500000000001,1.14402,2766,0,0
2026-07-10 04:00:00,1.14402,1.1449799999999999,1.1438,1.14473,3880,0,0
2026-07-10 05:00:00,1.14473,1.14607,1.14469,1.14582,3947,0,0
2026-07-10 06:00:00,1.14582,1.14594,1.14475,1.14495,2431,0,0
2026-07-10 07:00:00,1.14495,1.14495,1.14398,1.14426,1988,0,0
2026-07-10 08:00:00,1.14426,1.14445,1.14358,1.14397,2231,0,0
2026-07-10 09:00:00,1.14397,1.14475,1.1439,1.1442,3667,0,0
2026-07-10 10:00:00,1.1442,1.14425,1.14365,1.14373,3675,0,0
2026-07-10 11:00:00,1.14373,1.14422,1.1430500000000001,1.14307,4090,0,0
2026-07-10 12:00:00,1.14307,1.14344,1.14268,1.14274,2871,0,0
2026-07-10 13:00:00,1.14274,1.14353,1.14269,1.14333,2704,0,0
2026-07-10 14:00:00,1.14333,1.14352,1.14267,1.14309,3290,0,0
2026-07-10 15:00:00,1.14309,1.14418,1.14234,1.14291,4354,0,0
2026-07-10 16:00:00,1.14291,1.14295,1.14196,1.14209,4612,0,0
2026-07-10 17:00:00,1.14209,1.14284,1.1412200000000001,1.14225,5881,0,0
2026-07-10 18:00:00,1.14225,1.14391,1.14213,1.1437599999999999,4978,0,0
2026-07-10 19:00:00,1.1437599999999999,1.14412,1.14298,1.14298,4033,0,0
2026-07-10 20:00:00,1.14298,1.14313,1.14168,1.14178,2868,0,0
2026-07-10 21:00:00,1.14178,1.1418300000000001,1.14119,1.14166,3002,0,0
2026-07-10 22:00:00,1.14166,1.14169,1.14138,1.14157,2213,0,0
2026-07-10 23:00:00,1.14156,1.14181,1.14114,1.14147,1335,1,0
2026-07-13 00:00:00,1.1401,1.14063,1.13992,1.14025,195,1,0
2026-07-13 01:00:00,1.14025,1.14043,1.13888,1.13944,1939,1,0
2026-07-13 02:00:00,1.13944,1.14042,1.1393,1.14042,1475,0,0
2026-07-13 03:00:00,1.14042,1.14054,1.13948,1.13957,3570,0,0
2026-07-13 04:00:00,1.13957,1.13975,1.13845,1.13974,3935,0,0
2026-07-13 05:00:00,1.13974,1.13998,1.13935,1.13944,2500,0,0
2026-07-13 06:00:00,1.13944,1.1399,1.13909,1.13989,1944,0,0
2026-07-13 07:00:00,1.13989,1.14051,1.13969,1.1403699999999999,1534,0,0
2026-07-13 08:00:00,1.1403699999999999,1.14091,1.1397,1.13988,3271,0,0
2026-07-13 09:00:00,1.13988,1.14075,1.13959,1.14011,4509,0,0
2026-07-13 10:00:00,1.14011,1.14262,1.14011,1.14246,5515,0,0
2026-07-13 11:00:00,1.14246,1.14458,1.14241,1.14361,5590,0,0
2026-07-13 12:00:00,1.14361,1.14374,1.14275,1.14316,3673,0,0
2026-07-13 13:00:00,1.14316,1.14357,1.14261,1.14357,3322,0,0
2026-07-13 14:00:00,1.14357,1.14372,1.14253,1.14278,3671,0,0
2026-07-13 15:00:00,1.14278,1.14308,1.14206,1.14308,4349,0,0
2026-07-13 16:00:00,1.14308,1.1433200000000001,1.14146,1.14147,5039,0,0
2026-07-13 17:00:00,1.14147,1.14162,1.13986,1.1406,6822,0,0
2026-07-13 18:00:00,1.1406,1.1406399999999999,1.13965,1.14015,4327,0,0
2026-07-13 19:00:00,1.14015,1.14026,1.1383,1.13886,5639,0,0
2026-07-13 20:00:00,1.13886,1.13909,1.13855,1.13864,3498,0,0
2026-07-13 21:00:00,1.13864,1.13891,1.13848,1.13874,3051,0,0
2026-07-13 22:00:00,1.13874,1.1388099999999999,1.13819,1.13835,2567,0,0
2026-07-13 23:00:00,1.13835,1.1384400000000001,1.13774,1.13806,1136,1,0
2026-07-14 00:00:00,1.13819,1.1386,1.1378,1.13797,385,30,0
2026-07-14 01:00:00,1.13797,1.13863,1.13797,1.13809,890,1,0
2026-07-14 02:00:00,1.13809,1.1384,1.138,1.13833,1659,0,0
2026-07-14 03:00:00,1.13833,1.13894,1.1378300000000001,1.13848,5121,0,0
2026-07-14 04:00:00,1.13848,1.1390500000000001,1.13846,1.13888,3810,0,0
2026-07-14 05:00:00,1.13888,1.13943,1.13888,1.13908,2832,0,0
2026-07-14 06:00:00,1.13908,1.1396600000000001,1.13884,1.13937,2806,0,0
2026-07-14 07:00:00,1.13937,1.13946,1.13876,1.1390500000000001,2481,0,0
2026-07-14 08:00:00,1.1390500000000001,1.1396,1.1390500000000001,1.13919,2801,0,0
2026-07-14 09:00:00,1.13919,1.13938,1.13847,1.13862,3747,0,0
2026-07-14 10:00:00,1.13862,1.13975,1.13842,1.13959,4640,0,0
2026-07-14 11:00:00,1.13959,1.14059,1.13932,1.13997,4623,0,0
2026-07-14 12:00:00,1.13997,1.14038,1.13951,1.14009,3647,0,0
2026-07-14 13:00:00,1.14009,1.14016,1.13911,1.13919,3325,0,0
2026-07-14 14:00:00,1.13919,1.14093,1.139,1.14067,4039,0,0
2026-07-14 15:00:00,1.14067,1.14622,1.14041,1.1446,9238,0,0
2026-07-14 16:00:00,1.1446,1.14552,1.14417,1.14514,9007,0,0
2026-07-14 17:00:00,1.14514,1.1459,1.14402,1.14453,7383,0,0
2026-07-14 18:00:00,1.14453,1.14535,1.14259,1.14272,5999,0,0
2026-07-14 19:00:00,1.14272,1.14343,1.14243,1.14318,3665,0,0
2026-07-14 20:00:00,1.14318,1.1433200000000001,1.14195,1.14234,3468,0,0
2026-07-14 21:00:00,1.14234,1.14264,1.14163,1.14234,2954,0,0
2026-07-14 22:00:00,1.14234,1.14261,1.14203,1.14203,2902,0,0
2026-07-14 23:00:00,1.14203,1.14226,1.14185,1.14207,1109,1,0
2026-07-15 00:00:00,1.14209,1.14211,1.14168,1.14177,245,19,0
2026-07-15 01:00:00,1.14177,1.14223,1.14174,1.14205,876,1,0
2026-07-15 02:00:00,1.14205,1.14249,1.14199,1.1424400000000001,1106,0,0
2026-07-15 03:00:00,1.1424400000000001,1.1434,1.14239,1.1433,2784,0,0
2026-07-15 04:00:00,1.1433,1.14374,1.14324,1.14356,3007,0,0
2026-07-15 05:00:00,1.14356,1.14422,1.14333,1.1440299999999999,2282,0,0
2026-07-15 06:00:00,1.1440299999999999,1.14425,1.14335,1.14379,2298,0,0
2026-07-15 07:00:00,1.14379,1.1441,1.14368,1.14372,1827,0,0
2026-07-15 08:00:00,1.14372,1.14433,1.14354,1.14406,2560,0,0
2026-07-15 09:00:00,1.14406,1.1443699999999999,1.14282,1.14289,3643,0,0
2026-07-15 10:00:00,1.14289,1.14319,1.142,1.14234,4172,0,0
2026-07-15 11:00:00,1.14234,1.14275,1.14211,1.14245,3432,0,0
2026-07-15 12:00:00,1.14245,1.14259,1.14167,1.14171,3486,0,0
2026-07-15 13:00:00,1.14171,1.1418300000000001,1.14109,1.14158,3394,0,0
2026-07-15 14:00:00,1.14158,1.14194,1.14102,1.14119,3680,0,0
2026-07-15 15:00:00,1.14119,1.14301,1.14062,1.14283,5556,0,0
2026-07-15 16:00:00,1.14283,1.14355,1.14239,1.14302,5756,0,0
2026-07-15 17:00:00,1.14302,1.14414,1.14302,1.14369,6317,0,0
2026-07-15 18:00:00,1.14369,1.14415,1.14319,1.14354,5280,0,0
2026-07-15 19:00:00,1.14354,1.14424,1.14304,1.14421,4656,0,0
2026-07-15 20:00:00,1.14421,1.14748,1.14421,1.14733,4903,0,0
2026-07-15 21:00:00,1.14733,1.14825,1.14662,1.14668,3995,0,0
2026-07-15 22:00:00,1.14668,1.14747,1.14614,1.14639,3857,0,0
2026-07-15 23:00:00,1.14639,1.14645,1.14607,1.14631,1125,1,0
2026-07-16 00:00:00,1.14597,1.14635,1.14591,1.14622,391,40,0
2026-07-16 01:00:00,1.14622,1.14682,1.14622,1.1467,786,1,0
2026-07-16 02:00:00,1.1467,1.1471,1.14665,1.14699,1070,0,0
2026-07-16 03:00:00,1.14699,1.14748,1.14674,1.14738,3110,0,0
2026-07-16 04:00:00,1.14738,1.14739,1.14652,1.14661,3260,0,0
2026-07-16 05:00:00,1.14661,1.14661,1.14604,1.14649,2245,0,0
2026-07-16 06:00:00,1.14649,1.14689,1.14634,1.14667,1881,0,0
2026-07-16 07:00:00,1.14667,1.14672,1.14632,1.14662,1748,0,0
2026-07-16 08:00:00,1.14662,1.14688,1.14623,1.14636,2424,0,0
2026-07-16 09:00:00,1.14636,1.14709,1.14635,1.14684,3392,0,0
2026-07-16 10:00:00,1.14684,1.14764,1.14668,1.14691,3595,0,0
2026-07-16 11:00:00,1.14691,1.1472,1.14627,1.14661,3634,0,0
2026-07-16 12:00:00,1.14661,1.14682,1.14606,1.14663,2848,0,0
2026-07-16 13:00:00,1.14663,1.14685,1.14596,1.14601,2720,0,0
2026-07-16 14:00:00,1.14601,1.14688,1.14567,1.14685,3842,0,0
2026-07-16 15:00:00,1.14685,1.14706,1.14471,1.14478,5285,0,0
2026-07-16 16:00:00,1.14478,1.14591,1.14447,1.14499,5577,0,0
2026-07-16 17:00:00,1.14499,1.14539,1.14402,1.14431,5293,0,0
2026-07-16 18:00:00,1.14431,1.14496,1.1436600000000001,1.1447,4171,0,0
2026-07-16 19:00:00,1.1447,1.14471,1.14343,1.1435,3568,0,0
2026-07-16 20:00:00,1.1435,1.14383,1.14314,1.1436600000000001,2893,0,0
2026-07-16 21:00:00,1.1436600000000001,1.14392,1.1435,1.14384,2835,0,0
2026-07-16 22:00:00,1.14384,1.14416,1.1434199999999999,1.14404,2332,0,0
2026-07-16 23:00:00,1.14404,1.14443,1.14384,1.14424,986,1,0
2026-07-17 00:00:00,1.14369,1.1442700000000001,1.1436600000000001,1.14414,154,14,0
2026-07-17 01:00:00,1.14414,1.14449,1.14414,1.14432,542,1,0
2026-07-17 02:00:00,1.14432,1.1446399999999999,1.14425,1.1445,869,0,0
2026-07-17 03:00:00,1.1445,1.14469,1.14414,1.14469,2549,0,0
2026-07-17 04:00:00,1.14469,1.14481,1.14375,1.1439300000000001,2628,0,0
2026-07-17 05:00:00,1.1439300000000001,1.14416,1.14367,1.14371,2123,0,0
2026-07-17 06:00:00,1.14371,1.1440299999999999,1.1436,1.1439300000000001,2049,0,0
2026-07-17 07:00:00,1.1439300000000001,1.14394,1.14348,1.14361,1761,0,0
2026-07-17 08:00:00,1.14361,1.14434,1.14356,1.14397,2303,0,0
2026-07-17 09:00:00,1.14397,1.14521,1.1439300000000001,1.14497,3808,0,0
2026-07-17 10:00:00,1.14497,1.14523,1.14444,1.14448,3288,0,0
2026-07-17 11:00:00,1.14448,1.1448,1.14358,1.14413,3956,0,0
2026-07-17 12:00:00,1.14413,1.14424,1.14364,1.14404,3480,0,0
2026-07-17 13:00:00,1.14404,1.14404,1.14263,1.14268,3212,0,0
2026-07-17 14:00:00,1.14268,1.1436,1.14246,1.14302,3183,0,0
2026-07-17 15:00:00,1.14302,1.14353,1.14249,1.1429,3288,0,0
2026-07-17 16:00:00,1.1429,1.14367,1.14247,1.14361,5083,0,0
2026-07-17 17:00:00,1.14361,1.14442,1.1433200000000001,1.14399,4682,0,0
2026-07-17 18:00:00,1.14399,1.14446,1.14373,1.144,3846,0,0
2026-07-17 19:00:00,1.144,1.14418,1.14343,1.14385,3122,0,0
2026-07-17 20:00:00,1.14385,1.14389,1.14334,1.14345,2291,0,0
2026-07-17 21:00:00,1.14345,1.14375,1.14337,1.14355,2084,0,0
2026-07-17 22:00:00,1.14355,1.14414,1.14337,1.14408,1674,0,0
2026-07-17 23:00:00,1.14408,1.14423,1.14363,1.14379,938,1,0
2026-07-20 00:00:00,1.1425,1.14291,1.1424400000000001,1.14267,102,45,0
2026-07-20 01:00:00,1.14267,1.14313,1.14246,1.14264,1957,1,0
2026-07-20 02:00:00,1.14264,1.14277,1.14238,1.14277,1399,0,0
2026-07-20 03:00:00,1.14277,1.14336,1.14264,1.14334,2477,0,0
2026-07-20 04:00:00,1.14334,1.14365,1.1431499999999999,1.14359,3046,0,0
2026-07-20 05:00:00,1.14359,1.14429,1.14345,1.1441,2420,0,0
2026-07-20 06:00:00,1.1441,1.1442700000000001,1.14398,1.14421,1572,0,0
2026-07-20 07:00:00,1.14421,1.14452,1.14413,1.14444,1239,0,0
2026-07-20 08:00:00,1.14444,1.14449,1.14401,1.1440299999999999,1525,0,0
2026-07-20 09:00:00,1.1440299999999999,1.14422,1.14343,1.14353,2830,0,0
2026-07-20 10:00:00,1.14353,1.14495,1.14344,1.14442,4310,0,0
2026-07-20 11:00:00,1.14442,1.1445400000000001,1.14375,1.14391,3012,0,0
2026-07-20 12:00:00,1.14391,1.14398,1.14275,1.14302,2507,0,0
2026-07-20 13:00:00,1.14302,1.14361,1.14284,1.14312,2333,0,0
2026-07-20 14:00:00,1.14312,1.14405,1.1428099999999999,1.14295,3845,0,0
2026-07-20 15:00:00,1.14295,1.14302,1.14172,1.14237,4145,0,0
2026-07-20 16:00:00,1.14237,1.14248,1.14146,1.14152,3844,0,0
2026-07-20 17:00:00,1.14152,1.14176,1.14026,1.14067,4319,0,0
2026-07-20 18:00:00,1.14067,1.14124,1.14049,1.14113,3640,0,0
2026-07-20 19:00:00,1.14113,1.14171,1.14076,1.14115,3045,0,0
2026-07-20 20:00:00,1.14115,1.14154,1.14112,1.14139,2236,0,0
2026-07-20 21:00:00,1.14139,1.14188,1.14132,1.14155,2191,0,0
2026-07-20 22:00:00,1.14155,1.14181,1.14134,1.14157,2191,0,0
2026-07-20 23:00:00,1.14157,1.1417,1.14126,1.14138,748,1,0
2026-07-21 00:00:00,1.14106,1.1414900000000001,1.1408800000000001,1.14104,210,24,0
2026-07-21 01:00:00,1.14104,1.14136,1.1409799999999999,1.14131,630,1,0
2026-07-21 02:00:00,1.14131,1.14161,1.14124,1.14158,795,0,0
2026-07-21 03:00:00,1.14158,1.1418300000000001,1.14116,1.14132,2254,0,0
2026-07-21 04:00:00,1.14132,1.14166,1.14123,1.14148,2332,0,0
2026-07-21 05:00:00,1.14148,1.14164,1.14106,1.14112,1709,0,0
2026-07-21 06:00:00,1.14112,1.14154,1.1409,1.1412499999999999,1716,0,0
2026-07-21 07:00:00,1.1412499999999999,1.14182,1.1412200000000001,1.14178,1429,0,0
2026-07-21 08:00:00,1.14178,1.14218,1.1416,1.14177,1738,0,0
2026-07-21 09:00:00,1.14177,1.14239,1.14173,1.14214,2875,0,0
2026-07-21 10:00:00,1.14214,1.14276,1.14208,1.1423,3238,0,0
2026-07-21 11:00:00,1.1423,1.14264,1.14185,1.1421000000000001,2835,0,0
2026-07-21 12:00:00,1.1421000000000001,1.14287,1.14203,1.14224,2539,0,0
2026-07-21 13:00:00,1.14224,1.14286,1.14201,1.14203,2757,0,0
2026-07-21 14:00:00,1.14203,1.14231,1.14166,1.14192,2764,0,0
2026-07-21 15:00:00,1.14192,1.14204,1.14134,1.14174,3217,0,0
2026-07-21 16:00:00,1.14174,1.1418,1.14056,1.14116,4274,0,0
2026-07-21 17:00:00,1.14116,1.14195,1.14028,1.14058,4381,0,0
2026-07-21 18:00:00,1.14058,1.14115,1.14029,1.14075,3474,0,0
2026-07-21 19:00:00,1.14075,1.1411,1.14069,1.14081,2076,0,0
2026-07-21 20:00:00,1.14081,1.14106,1.14063,1.1407,1823,0,0
2026-07-21 21:00:00,1.1407,1.14072,1.13988,1.14029,2535,0,0
2026-07-21 22:00:00,1.14029,1.1404,1.14004,1.14015,1791,0,0
2026-07-21 23:00:00,1.14015,1.14029,1.13974,1.1398,762,1,0
2026-07-22 00:00:00,1.1394,1.14002,1.13939,1.13996,112,3,0
2026-07-22 01:00:00,1.13996,1.14008,1.13989,1.13993,602,1,0
2026-07-22 02:00:00,1.13993,1.14025,1.13981,1.14022,665,0,0
2026-07-22 03:00:00,1.14022,1.14071,1.14011,1.14039,2838,0,0
2026-07-22 04:00:00,1.14039,1.14068,1.13989,1.1403,2311,0,0
2026-07-22 05:00:00,1.1403,1.14101,1.14011,1.14058,2120,0,0
2026-07-22 06:00:00,1.14058,1.14081,1.14044,1.14073,1869,0,0
2026-07-22 07:00:00,1.14073,1.14086,1.1405,1.14083,1261,0,0
2026-07-22 08:00:00,1.14083,1.14096,1.14056,1.14093,2168,0,0
2026-07-22 09:00:00,1.14093,1.14137,1.14073,1.14119,3064,0,0
2026-07-22 10:00:00,1.14119,1.1418300000000001,1.14036,1.14095,3768,0,0
2026-07-22 11:00:00,1.14095,1.1412499999999999,1.14039,1.14102,3255,0,0
2026-07-22 12:00:00,1.14102,1.14133,1.14044,1.14051,3170,0,0
2026-07-22 13:00:00,1.14051,1.14075,1.14006,1.14038,3022,0,0
2026-07-22 14:00:00,1.14038,1.14074,1.14025,1.14068,3480,0,0
2026-07-22 15:00:00,1.14068,1.14136,1.14041,1.14078,3695,0,0
2026-07-22 16:00:00,1.14078,1.14215,1.14075,1.14134,4256,0,0
2026-07-22 17:00:00,1.14134,1.14184,1.1408,1.14093,4300,0,0
2026-07-22 18:00:00,1.14093,1.1414,1.14076,1.14137,3304,0,0
2026-07-22 19:00:00,1.14137,1.1414,1.14063,1.14094,2749,0,0
2026-07-22 20:00:00,1.14094,1.14127,1.14081,1.141,2261,0,0
2026-07-22 21:00:00,1.141,1.14114,1.14082,1.14108,1887,0,0
2026-07-22 22:00:00,1.14108,1.14124,1.14093,1.14112,1456,0,0
2026-07-22 23:00:00,1.14113,1.14127,1.14106,1.14116,688,1,0
2026-07-23 00:00:00,1.14065,1.14089,1.14057,1.14089,197,15,0
2026-07-23 01:00:00,1.14089,1.14095,1.14059,1.1408,765,1,0
2026-07-23 02:00:00,1.1408,1.14118,1.1408,1.14114,891,0,0
2026-07-23 03:00:00,1.14114,1.14175,1.14105,1.14172,2056,0,0
2026-07-23 04:00:00,1.14172,1.14203,1.14161,1.14165,2967,0,0
2026-07-23 05:00:00,1.14165,1.1428099999999999,1.14164,1.14275,2188,0,0
2026-07-23 06:00:00,1.14275,1.14308,1.14234,1.14291,2129,0,0
2026-07-23 07:00:00,1.14291,1.14358,1.14284,1.14327,2143,0,0
2026-07-23 08:00:00,1.14327,1.14351,1.14289,1.14298,1996,0,0
2026-07-23 09:00:00,1.14298,1.1433200000000001,1.14239,1.14255,2983,0,0
2026-07-23 10:00:00,1.14255,1.14275,1.14198,1.1424400000000001,3794,0,0
2026-07-23 11:00:00,1.1424400000000001,1.1425,1.14071,1.14105,4030,0,0
2026-07-23 12:00:00,1.14105,1.14151,1.1409799999999999,1.14132,3171,0,0
2026-07-23 13:00:00,1.14132,1.14135,1.14033,1.14047,3176,0,0
2026-07-23 14:00:00,1.14047,1.14066,1.13834,1.13946,4557,0,0
2026-07-23 15:00:00,1.13946,1.1396,1.1375899999999999,1.13851,5228,0,0
2026-07-23 16:00:00,1.13851,1.13862,1.13682,1.13726,6493,0,0
2026-07-23 17:00:00,1.13726,1.13763,1.13641,1.13714,6329,0,0
2026-07-23 18:00:00,1.13714,1.1376,1.1366100000000001,1.13727,5328,0,0
2026-07-23 19:00:00,1.13727,1.13803,1.13725,1.138,3691,0,0
2026-07-23 20:00:00,1.138,1.13809,1.13715,1.13716,2831,0,0
2026-07-23 21:00:00,1.13716,1.13764,1.13713,1.13761,2438,0,0
2026-07-23 22:00:00,1.13761,1.13799,1.1374,1.13772,2503,0,0
2026-07-23 23:00:00,1.13773,1.13799,1.13766,1.13768,1042,1,0
2026-07-24 00:00:00,1.13711,1.13797,1.13705,1.13738,210,9,0
2026-07-24 01:00:00,1.13738,1.13799,1.13738,1.13794,541,1,0
2026-07-24 02:00:00,1.13794,1.13798,1.1375899999999999,1.13764,1037,0,0
2026-07-24 03:00:00,1.13764,1.1384,1.13753,1.1384,2890,0,0
2026-07-24 04:00:00,1.1384,1.13872,1.13819,1.13842,2748,0,0
2026-07-24 05:00:00,1.13842,1.13875,1.1381000000000001,1.1381000000000001,2213,0,0
2026-07-24 06:00:00,1.1381000000000001,1.13825,1.1378,1.13823,2142,0,0
2026-07-24 07:00:00,1.13823,1.13841,1.13769,1.1379299999999999,1648,0,0
2026-07-24 08:00:00,1.1379299999999999,1.13834,1.13766,1.1378,2061,0,0
2026-07-24 09:00:00,1.1378,1.13869,1.13774,1.13868,3293,0,0
2026-07-24 10:00:00,1.13868,1.14012,1.13863,1.139,3664,0,0
2026-07-24 11:00:00,1.139,1.1390500000000001,1.13814,1.13834,3433,0,0
2026-07-24 12:00:00,1.13834,1.13891,1.13825,1.13891,3122,0,0
2026-07-24 13:00:00,1.13891,1.1393,1.13811,1.13832,2545,0,0
2026-07-24 14:00:00,1.13832,1.13882,1.13714,1.13747,3149,0,0
2026-07-24 15:00:00,1.13747,1.13782,1.13674,1.13699,3612,0,0
2026-07-24 16:00:00,1.13699,1.13767,1.13651,1.13766,4393,0,0
2026-07-24 17:00:00,1.13766,1.13808,1.13706,1.1378300000000001,4691,0,0
2026-07-24 18:00:00,1.1378300000000001,1.13907,1.13773,1.13848,4811,0,0
2026-07-24 19:00:00,1.13848,1.13866,1.13779,1.13779,2640,0,0
2026-07-24 20:00:00,1.13779,1.1378,1.13678,1.13697,2456,0,0
2026-07-24 21:00:00,1.13697,1.13711,1.13675,1.1369799999999999,1807,0,0
2026-07-24 22:00:00,1.1369799999999999,1.13721,1.1368,1.13699,1687,0,0
2026-07-24 23:00:00,1.13699,1.13727,1.13675,1.13707,755,1,0
2026-07-27 00:00:00,1.13898,1.13952,1.13851,1.13898,256,1,0
2026-07-27 01:00:00,1.13898,1.13999,1.1388099999999999,1.13892,1494,1,0
2026-07-27 02:00:00,1.13892,1.13952,1.13884,1.13945,1291,0,0
2026-07-27 03:00:00,1.13945,1.14129,1.13945,1.14017,3967,0,0
2026-07-27 04:00:00,1.14017,1.14143,1.14017,1.14142,2844,0,0
2026-07-27 05:00:00,1.14142,1.14143,1.14057,1.14057,2214,0,0
2026-07-27 06:00:00,1.14057,1.14073,1.14015,1.14036,1801,0,0
2026-07-27 07:00:00,1.14036,1.14053,1.1402,1.1403699999999999,1234,0,0
2026-07-27 08:00:00,1.1403699999999999,1.14075,1.14025,1.1406399999999999,1820,0,0
2026-07-27 09:00:00,1.1406399999999999,1.14182,1.14057,1.14084,3316,0,0
2026-07-27 10:00:00,1.14084,1.141,1.13963,1.13965,3780,0,0
2026-07-27 11:00:00,1.13965,1.14033,1.13948,1.14022,3381,0,0
2026-07-27 12:00:00,1.14022,1.14033,1.13948,1.1396600000000001,2839,0,0
2026-07-27 13:00:00,1.1396600000000001,1.14014,1.13937,1.13954,3052,0,0
2026-07-27 14:00:00,1.13954,1.13961,1.13853,1.13866,3084,0,0
2026-07-27 15:00:00,1.13866,1.13903,1.13765,1.13835,3406,0,0
2026-07-27 16:00:00,1.13835,1.13865,1.13727,1.13743,4672,0,0
2026-07-27 17:00:00,1.13743,1.13767,1.13691,1.13723,4522,0,0
2026-07-27 18:00:00,1.13723,1.13782,1.13685,1.1375,3772,0,0
2026-07-27 19:00:00,1.1375,1.13851,1.13736,1.13798,3069,0,0
2026-07-27 20:00:00,1.13798,1.13799,1.13687,1.1372200000000001,2850,0,0
2026-07-27 21:00:00,1.1372200000000001,1.13737,1.13674,1.13686,2814,0,0
2026-07-27 22:00:00,1.13686,1.1373199999999999,1.13673,1.1369799999999999,1963,0,0
2026-07-27 23:00:00,1.1369799999999999,1.1372200000000001,1.13668,1.13674,786,1,0
2026-07-28 00:00:00,1.13658,1.13704,1.13649,1.13697,860,17,0
2026-07-28 01:00:00,1.13697,1.13718,1.13675,1.13692,645,1,0
2026-07-28 02:00:00,1.13692,1.13705,1.13677,1.13694,890,0,0
2026-07-28 03:00:00,1.13694,1.13745,1.13669,1.13741,2092,0,0
2026-07-28 04:00:00,1.13741,1.13772,1.13707,1.13733,2267,0,0
2026-07-28 05:00:00,1.13733,1.13787,1.13714,1.1377,1818,0,0
2026-07-28 06:00:00,1.1377,1.13802,1.1374,1.13747,2065,0,0
2026-07-28 07:00:00,1.13747,1.13747,1.13682,1.1368800000000001,1729,0,0
2026-07-28 08:00:00,1.1368800000000001,1.1369,1.13618,1.13659,2087,0,0
2026-07-28 09:00:00,1.13659,1.13729,1.1365,1.13687,2787,0,0
2026-07-28 10:00:00,1.13687,1.13735,1.13634,1.1365,2917,0,0
2026-07-28 11:00:00,1.1365,1.13727,1.13647,1.13724,2981,0,0
2026-07-28 12:00:00,1.13724,1.13731,1.13561,1.13565,2334,0,0
2026-07-28 13:00:00,1.13565,1.13631,1.13535,1.13607,2626,0,0
2026-07-28 14:00:00,1.13607,1.13678,1.13569,1.13652,2921,0,0
2026-07-28 15:00:00,1.13652,1.13684,1.1360999999999999,1.13658,2889,0,0
2026-07-28 16:00:00,1.13658,1.1374,1.13658,1.13724,3443,0,0
2026-07-28 17:00:00,1.13724,1.13865,1.13712,1.13857,4282,0,0
2026-07-28 18:00:00,1.13857,1.14021,1.13839,1.14004,5427,0,0
2026-07-28 19:00:00,1.14004,1.14052,1.13959,1.13961,3289,0,0
2026-07-28 20:00:00,1.13961,1.13981,1.13885,1.13893,2638,0,0
2026-07-28 21:00:00,1.13893,1.13916,1.13862,1.13869,2123,0,0
2026-07-28 22:00:00,1.13869,1.13919,1.13861,1.13873,1723,0,0
2026-07-28 23:00:00,1.13873,1.13891,1.13853,1.13857,857,1,0
2026-07-29 00:00:00,1.13839,1.13921,1.13839,1.13899,217,11,0
2026-07-29 01:00:00,1.13899,1.1391,1.13841,1.13852,997,1,0
2026-07-29 02:00:00,1.13852,1.13865,1.13822,1.13862,1294,0,0
2026-07-29 03:00:00,1.13862,1.13914,1.1383,1.13909,2375,0,0
2026-07-29 04:00:00,1.13909,1.13925,1.1385399999999999,1.13914,2988,0,0
2026-07-29 05:00:00,1.13914,1.1396,1.13902,1.13947,2049,0,0
2026-07-29 06:00:00,1.13947,1.14007,1.13944,1.13972,1691,0,0
2026-07-29 07:00:00,1.13972,1.14036,1.13965,1.14012,1903,0,0
2026-07-29 08:00:00,1.14012,1.14031,1.13978,1.13985,1800,0,0
2026-07-29 09:00:00,1.13985,1.14008,1.13902,1.1392,2587,0,0
2026-07-29 10:00:00,1.1392,1.1401,1.13903,1.13977,2848,0,0
2026-07-29 11:00:00,1.13977,1.14005,1.13934,1.1396600000000001,2797,0,0
2026-07-29 12:00:00,1.1396600000000001,1.13971,1.13919,1.1392,2481,0,0
2026-07-29 13:00:00,1.1392,1.13931,1.13835,1.13855,2732,0,0
2026-07-29 14:00:00,1.13855,1.13886,1.13804,1.13823,2640,0,0
2026-07-29 15:00:00,1.13823,1.13832,1.13746,1.13784,3724,0,0
2026-07-29 16:00:00,1.13784,1.13922,1.13767,1.13917,3796,0,0
2026-07-29 17:00:00,1.13917,1.13971,1.13809,1.1381000000000001,4558,0,0
2026-07-29 18:00:00,1.1381000000000001,1.13857,1.1378,1.13828,3638,0,0
2026-07-29 19:00:00,1.13828,1.1386,1.13769,1.1385,2647,0,0
2026-07-29 20:00:00,1.1385,1.13998,1.1384400000000001,1.13945,2999,0,0
2026-07-29 21:00:00,1.13945,1.14523,1.13868,1.14517,11207,0,0
2026-07-29 22:00:00,1.14517,1.14667,1.14399,1.14478,10045,0,0
2026-07-29 23:00:00,1.14479,1.14709,1.14468,1.14665,3273,1,0
2026-07-30 00:00:00,1.14575,1.14638,1.14506,1.14591,1071,21,0
2026-07-30 01:00:00,1.14591,1.14714,1.1459,1.14712,1446,1,0
2026-07-30 02:00:00,1.14712,1.14749,1.14645,1.1467100000000001,1702,0,0
2026-07-30 03:00:00,1.1467100000000001,1.14682,1.14561,1.14582,3415,0,0
2026-07-30 04:00:00,1.14582,1.14611,1.14523,1.14534,2572,0,0
2026-07-30 05:00:00,1.14534,1.14553,1.14516,1.14527,1694,0,0
2026-07-30 06:00:00,1.14527,1.14543,1.14479,1.14499,1902,0,0
2026-07-30 07:00:00,1.14499,1.14541,1.14492,1.14511,1401,0,0
2026-07-30 08:00:00,1.14511,1.14569,1.14491,1.14501,2217,0,0
2026-07-30 09:00:00,1.14501,1.1451500000000001,1.14434,1.14468,3480,0,0
2026-07-30 10:00:00,1.14468,1.14511,1.14345,1.14377,4166,0,0
2026-07-30 11:00:00,1.14377,1.14555,1.14372,1.14485,4061,0,0
2026-07-30 12:00:00,1.14485,1.14675,1.14481,1.1464699999999999,3497,0,0
2026-07-30 13:00:00,1.1464699999999999,1.1484,1.14616,1.1473,5373,0,0
2026-07-30 14:00:00,1.1473,1.14783,1.14651,1.14759,3625,0,0
2026-07-30 15:00:00,1.14759,1.14834,1.14696,1.14726,5599,0,0
2026-07-30 16:00:00,1.14726,1.15239,1.14697,1.15236,9119,0,0
2026-07-30 17:00:00,1.15236,1.15369,1.15027,1.15031,11638,0,0
2026-07-30 18:00:00,1.15031,1.15248,1.14988,1.15213,5700,0,0
2026-07-30 19:00:00,1.15213,1.15306,1.15212,1.15285,3859,0,0
2026-07-30 20:00:00,1.15285,1.15309,1.15139,1.15295,4642,0,0
2026-07-30 21:00:00,1.15295,1.15356,1.15276,1.15356,3138,0,0
2026-07-30 22:00:00,1.15356,1.15357,1.15282,1.15311,2286,0,0
2026-07-30 23:00:00,1.15314,1.15326,1.15263,1.15276,1112,1,0
2026-07-31 00:00:00,1.15236,1.15251,1.15215,1.15244,194,19,0
2026-07-31 01:00:00,1.15244,1.1531,1.15244,1.15285,1311,1,0
2026-07-31 02:00:00,1.15285,1.15309,1.15225,1.15232,1656,0,0
2026-07-31 03:00:00,1.15232,1.15266,1.15155,1.15181,3614,0,0
2026-07-31 04:00:00,1.15181,1.15213,1.15101,1.15102,3475,0,0
2026-07-31 05:00:00,1.15102,1.15164,1.15102,1.15122,2508,0,0
2026-07-31 06:00:00,1.15122,1.15136,1.15064,1.15134,2555,0,0
2026-07-31 07:00:00,1.15134,1.15143,1.15045,1.15083,1911,0,0
2026-07-31 08:00:00,1.15083,1.15097,1.15046,1.15062,2294,0,0
2026-07-31 09:00:00,1.15062,1.15222,1.15053,1.1517,4567,0,0
2026-07-31 10:00:00,1.1517,1.15248,1.15117,1.15145,4273,0,0
2026-07-31 11:00:00,1.15145,1.15262,1.15046,1.15219,4885,0,0
2026-07-31 12:00:00,1.15219,1.15249,1.15034,1.15056,5543,0,0
2026-07-31 13:00:00,1.15056,1.1508099999999999,1.15012,1.1502,3111,0,0
2026-07-31 14:00:00,1.1502,1.15022,1.14849,1.14853,3653,0,0
2026-07-31 15:00:00,1.14853,1.14908,1.14816,1.14882,3658,0,0
2026-07-31 16:00:00,1.14882,1.15036,1.14554,1.14669,8169,0,0
2026-07-31 17:00:00,1.14669,1.15062,1.14627,1.15045,8578,0,0
2026-07-31 18:00:00,1.15045,1.15186,1.14971,1.15181,6174,0,0
2026-07-31 19:00:00,1.15181,1.15191,1.15125,1.1517,3935,0,0
2026-07-31 20:00:00,1.1517,1.15374,1.1516899999999999,1.15333,5709,0,0
2026-07-31 21:00:00,1.15333,1.15362,1.15245,1.15306,3898,0,0
2026-07-31 22:00:00,1.15306,1.15361,1.1527,1.15312,3053,0,0
2026-07-31 23:00:00,1.15312,1.15472,1.15238,1.1529099999999999,5522,1,0
2026-08-03 00:00:00,1.15435,1.15483,1.15422,1.15462,406,12,0
2026-08-03 01:00:00,1.15462,1.15588,1.15462,1.15483,2658,1,0
2026-08-03 02:00:00,1.15483,1.15511,1.15422,1.15439,2428,0,0
2026-08-03 03:00:00,1.15439,1.15561,1.1535199999999999,1.15426,6758,0,0
2026-08-03 04:00:00,1.15426,1.15459,1.15302,1.15323,4224,0,0
2026-08-03 05:00:00,1.15323,1.15355,1.15287,1.15311,2736,0,0
2026-08-03 06:00:00,1.15311,1.15313,1.15271,1.15298,2059,0,0
2026-08-03 07:00:00,1.15298,1.15362,1.15289,1.15341,1951,0,0
2026-08-03 08:00:00,1.15341,1.15377,1.15316,1.15374,2103,0,0
2026-08-03 09:00:00,1.15374,1.1539,1.15238,1.15271,3686,0,0
2026-08-03 10:00:00,1.15271,1.15321,1.15207,1.1526,4012,0,0
2026-08-03 11:00:00,1.1526,1.15279,1.15211,1.15229,3293,0,0
2026-08-03 12:00:00,1.15229,1.15303,1.15201,1.15223,3396,0,0
2026-08-03 13:00:00,1.15223,1.15248,1.15173,1.15221,3080,0,0
2026-08-03 14:00:00,1.15221,1.1532499999999999,1.15208,1.1532499999999999,3002,0,0
2026-08-03 15:00:00,1.1532499999999999,1.15351,1.15228,1.15282,3895,0,0
2026-08-03 16:00:00,1.15282,1.15351,1.15219,1.15279,5212,0,0
2026-08-03 17:00:00,1.15279,1.15279,1.15103,1.1514199999999999,5537,0,0
2026-08-03 18:00:00,1.1514199999999999,1.15143,1.15006,1.15095,4611,0,0
2026-08-03 19:00:00,1.15095,1.15104,1.15044,1.1507,3032,0,0
2026-08-03 20:00:00,1.1507,1.1507,1.15014,1.15022,2237,0,0
2026-08-03 21:00:00,1.15022,1.15147,1.15016,1.15135,2506,0,0
2026-08-03 22:00:00,1.15135,1.15147,1.15094,1.15104,1625,0,0
2026-08-03 23:00:00,1.15103,1.1510799999999999,1.15063,1.15078,915,1,0
2026-08-04 00:00:00,1.15041,1.15095,1.15032,1.15091,501,12,0
2026-08-04 01:00:00,1.15091,1.15107,1.15068,1.15088,700,1,0
2026-08-04 02:00:00,1.15088,1.15103,1.15064,1.15069,1268,0,0
2026-08-04 03:00:00,1.15069,1.15149,1.1505,1.15057,2873,0,0
2026-08-04 04:00:00,1.15057,1.15145,1.15023,1.15123,2930,0,0
2026-08-04 05:00:00,1.15123,1.1514,1.15078,1.15082,2237,0,0
2026-08-04 06:00:00,1.15082,1.1514199999999999,1.15076,1.15083,2075,0,0
2026-08-04 07:00:00,1.15083,1.15112,1.1506,1.15105,1443,0,0
2026-08-04 08:00:00,1.15105,1.15105,1.15039,1.15072,1997,0,0
2026-08-04 09:00:00,1.15072,1.15105,1.15038,1.15075,3315,0,0
2026-08-04 10:00:00,1.15075,1.15171,1.15063,1.1511,3436,0,0
2026-08-04 11:00:00,1.1511,1.15145,1.15064,1.1508099999999999,3282,0,0
2026-08-04 12:00:00,1.1508099999999999,1.15112,1.15035,1.15082,2770,0,0
2026-08-04 13:00:00,1.15082,1.15188,1.15078,1.15139,3752,0,0
2026-08-04 14:00:00,1.15139,1.15234,1.15117,1.15164,4208,0,0
2026-08-04 15:00:00,1.15164,1.15232,1.15135,1.15149,3779,0,0
2026-08-04 16:00:00,1.15149,1.15261,1.15095,1.15233,5275,0,0
2026-08-04 17:00:00,1.15233,1.15308,1.15191,1.1522999999999999,4455,0,0
2026-08-04 18:00:00,1.1522999999999999,1.15265,1.15136,1.15262,3867,0,0
2026-08-04 19:00:00,1.15262,1.15265,1.15166,1.15188,2423,0,0
2026-08-04 20:00:00,1.15188,1.15263,1.15187,1.15241,2274,0,0
2026-08-04 21:00:00,1.15241,1.15337,1.15229,1.15328,2386,0,0
2026-08-04 22:00:00,1.15328,1.15335,1.15295,1.15307,1731,0,0
2026-08-04 23:00:00,1.15306,1.1534,1.15305,1.1531500000000001,812,1,0
2026-08-05 00:00:00,1.15256,1.15304,1.15256,1.15295,270,1,0
2026-08-05 01:00:00,1.15295,1.15329,1.15288,1.15328,660,1,0
2026-08-05 02:00:00,1.15328,1.15331,1.15298,1.15319,1122,0,0
2026-08-05 03:00:00,1.15319,1.15355,1.15298,1.1531500000000001,2365,0,0
2026-08-05 04:00:00,1.1531500000000001,1.15319,1.15268,1.15273,2195,0,0
2026-08-05 05:00:00,1.15273,1.15405,1.15268,1.15347,2968,0,0
2026-08-05 06:00:00,1.15347,1.15404,1.15346,1.15373,2015,0,0
2026-08-05 07:00:00,1.15373,1.15404,1.15349,1.15363,2032,0,0
2026-08-05 08:00:00,1.15363,1.15381,1.1532,1.15356,2145,0,0
2026-08-05 09:00:00,1.15356,1.15458,1.1532499999999999,1.15448,3262,0,0
2026-08-05 10:00:00,1.15448,1.15467,1.15341,1.15379,3715,0,0
2026-08-05 11:00:00,1.15379,1.15445,1.15313,1.15356,3529,0,0
2026-08-05 12:00:00,1.15356,1.15428,1.15338,1.15397,3216,0,0
2026-08-05 13:00:00,1.15397,1.1541,1.1535199999999999,1.15395,2807,0,0
2026-08-05 14:00:00,1.15395,1.15552,1.15395,1.15526,3320,0,0
2026-08-05 15:00:00,1.15526,1.15571,1.1545,1.15459,3792,0,0
2026-08-05 16:00:00,1.15459,1.15539,1.15402,1.1543700000000001,4823,0,0
2026-08-05 17:00:00,1.1543700000000001,1.1556899999999999,1.15421,1.15534,5723,0,0
2026-08-05 18:00:00,1.15534,1.15565,1.1543,1.15462,4709,0,0
2026-08-05 19:00:00,1.15462,1.15493,1.1543,1.1546,2876,0,0
2026-08-05 20:00:00,1.1546,1.15572,1.15427,1.15564,2350,0,0
2026-08-05 21:00:00,1.15564,1.15595,1.1553200000000001,1.15539,2623,0,0
2026-08-05 22:00:00,1.15539,1.15549,1.15477,1.1550799999999999,2018,0,0
2026-08-05 23:00:00,1.15509,1.15542,1.15492,1.15531,1136,1,0
2026-08-06 00:00:00,1.15509,1.1555900000000001,1.15492,1.15502,656,19,0
2026-08-06 01:00:00,1.15502,1.1555,1.15489,1.15548,831,1,0
2026-08-06 02:00:00,1.15548,1.15577,1.15541,1.1556899999999999,896,0,0
2026-08-06 03:00:00,1.1556899999999999,1.1559599999999999,1.15545,1.15565,2085,0,0
2026-08-06 04:00:00,1.15565,1.15577,1.15537,1.15552,2493,0,0
2026-08-06 05:00:00,1.15552,1.1558,1.15527,1.15539,1956,0,0
2026-08-06 06:00:00,1.15539,1.15541,1.1547,1.1549,1544,0,0
2026-08-06 07:00:00,1.1549,1.1549800000000001,1.1547,1.15493,1348,0,0
2026-08-06 08:00:00,1.15493,1.15504,1.15448,1.15493,1513,0,0
2026-08-06 09:00:00,1.15493,1.15516,1.15433,1.15449,2650,0,0
2026-08-06 10:00:00,1.15449,1.15466,1.1541299999999999,1.15442,3048,0,0
2026-08-06 11:00:00,1.15442,1.15452,1.15392,1.15431,2972,0,0
2026-08-06 12:00:00,1.15431,1.1544,1.15367,1.15385,2383,0,0
2026-08-06 13:00:00,1.15385,1.15428,1.15366,1.15411,2117,0,0
2026-08-06 14:00:00,1.15411,1.15469,1.15378,1.15451,2774,0,0
2026-08-06 15:00:00,1.15451,1.15456,1.1537,1.15388,3233,0,0
2026-08-06 16:00:00,1.15388,1.15448,1.15358,1.15428,3774,0,0
2026-08-06 17:00:00,1.15428,1.15442,1.15307,1.15351,4337,0,0
2026-08-06 18:00:00,1.15351,1.15357,1.1519300000000001,1.15207,4346,0,0
2026-08-06 19:00:00,1.15207,1.15229,1.15149,1.15206,3121,0,0
2026-08-06 20:00:00,1.15206,1.15228,1.15175,1.15227,2386,0,0
2026-08-06 21:00:00,1.15227,1.15247,1.15216,1.15237,1755,0,0
2026-08-06 22:00:00,1.15237,1.15257,1.15174,1.15233,2457,0,0
2026-08-06 23:00:00,1.15233,1.15242,1.15187,1.15232,1188,1,0
2026-08-07 00:00:00,1.15214,1.15239,1.15174,1.15185,327,8,0
2026-08-07 01:00:00,1.15185,1.15226,1.15185,1.15218,525,1,0
2026-08-07 02:00:00,1.15218,1.15245,1.15218,1.15242,621,0,0
2026-08-07 03:00:00,1.15242,1.15243,1.15182,1.1519300000000001,1854,0,0
2026-08-07 04:00:00,1.1519300000000001,1.15255,1.15186,1.15215,2116,0,0
2026-08-07 05:00:00,1.15215,1.15237,1.15207,1.15216,1623,0,0
2026-08-07 06:00:00,1.15216,1.15233,1.15198,1.15232,1406,0,0
2026-08-07 07:00:00,1.15232,1.15244,1.15215,1.15235,1593,0,0
2026-08-07 08:00:00,1.15235,1.1525400000000001,1.15208,1.15225,1431,0,0
2026-08-07 09:00:00,1.15225,1.15252,1.15211,1.15223,2551,0,0
2026-08-07 10:00:00,1.15223,1.15243,1.15178,1.15224,2724,0,0
2026-08-07 11:00:00,1.15224,1.15253,1.15182,1.15235,2666,0,0
2026-08-07 12:00:00,1.15235,1.15313,1.1522999999999999,1.1529,2557,0,0
2026-08-07 13:00:00,1.1529,1.15292,1.15257,1.1527,2310,0,0
2026-08-07 14:00:00,1.1527,1.15332,1.15265,1.1533,2332,0,0
2026-08-07 15:00:00,1.1533,1.15809,1.1527,1.15727,7781,0,0
2026-08-07 16:00:00,1.15727,1.15754,1.15568,1.15577,6385,0,0
2026-08-07 17:00:00,1.15577,1.15642,1.15506,1.1553200000000001,5503,0,0
2026-08-07 18:00:00,1.1553200000000001,1.15637,1.15503,1.15586,4524,0,0
2026-08-07 19:00:00,1.15586,1.15671,1.15574,1.15592,3470,0,0
2026-08-07 20:00:00,1.15592,1.15634,1.15576,1.1561,2217,0,0
2026-08-07 21:00:00,1.1561,1.15663,1.1559,1.1565,2024,0,0
2026-08-07 22:00:00,1.1565,1.15701,1.15608,1.15615,2798,0,0
2026-08-07 23:00:00,1.15615,1.15617,1.15555,1.15583,1270,1,0
