time,open,high,low,close,tick_volume,spread,real_volume
2010-08-08 00:00:00,1205.05,1205.85,1203.95,1205.15,389,0,0
2010-08-09 00:00:00,1204.99,1209.68,1199.05,1201.24,26385,0,0
2010-08-10 00:00:00,1201.22,1207.08,1190.61,1203.95,31933,0,0
2010-08-11 00:00:00,1203.95,1207.75,1192.39,1197.81,33325,0,0
2010-08-12 00:00:00,1197.77,1215.25,1197.03,1213.4,31906,0,0
2010-08-13 00:00:00,1213.44,1217.35,1210.65,1214.93,29138,0,0
2010-08-15 00:00:00,1214.55,1215.15,1213.95,1215.05,296,0,0
2010-08-16 00:00:00,1214.12,1227.33,1213.59,1225.03,26954,0,0
2010-08-17 00:00:00,1225.05,1228.7,1221.97,1224.67,27447,0,0
2010-08-18 00:00:00,1224.64,1232.29,1217.57,1229.26,28477,0,0
2010-08-19 00:00:00,1229.27,1237.16,1227.68,1231.87,29155,0,0
2010-08-20 00:00:00,1231.83,1233.77,1222.17,1227.17,28694,0,0
2010-08-22 00:00:00,1227.45,1229.15,1226.55,1226.65,678,0,0
2010-08-23 00:00:00,1227.03,1231.75,1221.75,1225.76,26155,0,0
2010-08-24 00:00:00,1225.79,1235.28,1210.15,1230.32,31113,0,0
2010-08-25 00:00:00,1230.36,1241.21,1228.23,1239.8,31699,0,0
2010-08-26 00:00:00,1239.81,1244.18,1234.02,1237.34,31171,0,0
2010-08-27 00:00:00,1237.35,1242.11,1232.0,1238.0,30282,0,0
2010-08-29 00:00:00,1237.75,1238.35,1235.05,1236.85,795,0,0
2010-08-30 00:00:00,1237.18,1238.45,1233.29,1236.62,25540,0,0
2010-08-31 00:00:00,1236.6,1249.75,1231.64,1247.03,30356,0,0
2010-09-01 00:00:00,1247.07,1254.65,1242.39,1244.3,32101,0,0
2010-09-02 00:00:00,1244.31,1253.11,1243.11,1250.77,30285,0,0
2010-09-03 00:00:00,1250.75,1253.7,1237.91,1246.81,28476,0,0
2010-09-05 00:00:00,1247.35,1249.45,1246.85,1247.75,409,0,0
2010-09-06 00:00:00,1248.01,1250.88,1246.49,1249.74,19050,0,0
2010-09-07 00:00:00,1249.73,1259.55,1244.69,1255.21,28575,0,0
2010-09-08 00:00:00,1255.15,1262.09,1253.64,1254.74,28586,0,0
2010-09-09 00:00:00,1256.43,1257.28,1241.9,1243.25,14841,0,0
2010-09-10 00:00:00,1243.73,1250.81,1236.2,1245.39,21595,0,0
2010-09-12 00:00:00,1246.15,1246.55,1243.25,1243.65,700,0,0
2010-09-13 00:00:00,1244.9,1248.8,1240.63,1245.13,18363,0,0
2010-09-14 00:00:00,1245.33,1274.48,1244.28,1267.73,27448,0,0
2010-09-15 00:00:00,1267.65,1271.53,1262.8,1267.55,22212,0,0
2010-09-16 00:00:00,1267.73,1277.48,1264.41,1274.8,23121,0,0
2010-09-17 00:00:00,1274.83,1282.51,1271.58,1274.28,22699,0,0
2010-09-19 00:00:00,1278.3,1278.85,1274.05,1276.45,753,0,0
2010-09-20 00:00:00,1277.45,1283.28,1273.98,1278.08,19918,0,0
2010-09-21 00:00:00,1277.75,1290.23,1270.33,1286.53,24341,0,0
2010-09-22 00:00:00,1287.28,1295.85,1285.93,1290.88,23304,0,0
2010-09-23 00:00:00,1291.0,1295.58,1286.58,1291.88,18097,0,0
2010-09-24 00:00:00,1291.98,1299.55,1289.45,1295.81,19256,0,0
2010-09-26 00:00:00,1296.65,1297.75,1294.65,1296.55,638,0,0
2010-09-27 00:00:00,1296.45,1299.63,1293.58,1293.83,13447,0,0
2010-09-28 00:00:00,1294.1,1309.83,1275.75,1308.73,24089,0,0
2010-09-29 00:00:00,1308.8,1313.13,1305.18,1309.38,20636,0,0
2010-09-30 00:00:00,1309.5,1315.56,1295.58,1307.81,25099,0,0
2010-10-01 00:00:00,1307.78,1320.2,1305.63,1318.85,22345,0,0
2010-10-03 00:00:00,1319.45,1319.95,1316.85,1317.35,353,0,0
2010-10-04 00:00:00,1318.2,1319.75,1312.0,1314.73,20716,0,0
2010-10-05 00:00:00,1314.78,1341.28,1311.98,1340.28,27518,0,0
2010-10-06 00:00:00,1340.43,1349.3,1338.58,1348.45,24146,0,0
2010-10-07 00:00:00,1348.5,1364.58,1325.4,1333.08,41647,0,0
2010-10-08 00:00:00,1333.03,1349.35,1324.53,1347.25,36099,0,0
2010-10-10 00:00:00,1351.95,1355.05,1351.35,1354.75,1026,0,0
2010-10-11 00:00:00,1346.23,1355.0,1339.98,1353.5,28077,0,0
2010-10-12 00:00:00,1353.55,1354.9,1340.23,1349.83,29283,0,0
2010-10-13 00:00:00,1349.88,1374.08,1348.78,1371.73,27196,0,0
2010-10-14 00:00:00,1371.85,1386.8,1370.05,1380.58,36278,0,0
2010-10-15 00:00:00,1380.43,1385.13,1361.88,1368.25,36308,0,0
2010-10-17 00:00:00,1369.85,1369.85,1365.05,1366.05,980,0,0
2010-10-18 00:00:00,1368.85,1374.58,1352.43,1367.88,30948,0,0
2010-10-19 00:00:00,1368.03,1370.68,1327.75,1331.45,44074,0,0
2010-10-20 00:00:00,1331.5,1346.85,1330.18,1345.83,35993,0,0
2010-10-21 00:00:00,1345.75,1348.88,1317.63,1325.23,40542,0,0
2010-10-22 00:00:00,1325.08,1328.23,1314.6,1327.3,31981,0,0
2010-10-24 00:00:00,1332.35,1336.05,1331.65,1333.85,1337,0,0
2010-10-25 00:00:00,1326.95,1348.8,1326.95,1339.35,31864,0,0
2010-10-26 00:00:00,1339.28,1343.2,1327.78,1340.03,30132,0,0
2010-10-27 00:00:00,1339.93,1343.18,1318.52,1324.73,37919,0,0
2010-10-28 00:00:00,1324.83,1345.45,1322.63,1343.58,31433,0,0
2010-10-29 00:00:00,1343.93,1359.03,1334.98,1357.4,33370,0,0
2010-10-31 00:00:00,1364.7,1364.9,1361.25,1363.05,941,0,0
2010-11-01 00:00:00,1359.95,1365.45,1348.73,1351.6,29693,0,0
2010-11-02 00:00:00,1351.65,1359.58,1349.98,1356.98,25295,0,0
2010-11-03 00:00:00,1357.03,1364.29,1325.03,1348.98,41047,0,0
2010-11-04 00:00:00,1348.73,1392.98,1346.45,1392.1,38785,0,0
2010-11-05 00:00:00,1392.3,1397.78,1372.88,1393.1,41920,0,0
2010-11-07 00:00:00,1394.95,1395.1,1392.8,1395.05,701,0,0
2010-11-08 00:00:00,1393.95,1410.03,1386.43,1408.98,36002,0,0
2010-11-09 00:00:00,1408.93,1424.13,1382.2,1392.35,52538,0,0
2010-11-10 00:00:00,1392.8,1409.78,1383.65,1403.43,53803,0,0
2010-11-11 00:00:00,1403.48,1417.38,1396.7,1407.95,43831,0,0
2010-11-12 00:00:00,1407.85,1409.95,1359.65,1368.05,57766,0,0
2010-11-14 00:00:00,1369.55,1370.2,1368.1,1369.85,314,0,0
2010-11-15 00:00:00,1369.1,1376.43,1355.33,1360.13,44785,0,0
2010-11-16 00:00:00,1359.88,1364.25,1329.35,1339.13,52654,0,0
2010-11-17 00:00:00,1339.18,1344.53,1330.5,1335.63,43704,0,0
2010-11-18 00:00:00,1335.4,1358.83,1335.18,1352.93,46453,0,0
2010-11-19 00:00:00,1352.88,1362.93,1341.25,1352.98,46863,0,0
2010-11-21 00:00:00,1357.5,1359.35,1357.4,1358.65,493,0,0
2010-11-22 00:00:00,1354.23,1367.48,1348.15,1366.33,43220,0,0
2010-11-23 00:00:00,1366.18,1382.1,1355.9,1376.0,50591,0,0
2010-11-24 00:00:00,1376.15,1380.95,1368.88,1372.88,38845,0,0
2010-11-25 00:00:00,1372.85,1375.0,1367.6,1374.35,18661,0,0
2010-11-26 00:00:00,1373.7,1374.85,1350.6,1363.25,34287,0,0
2010-11-28 00:00:00,1363.25,1363.9,1356.2,1356.85,735,0,0
2010-11-29 00:00:00,1362.4,1368.9,1352.8,1365.76,49719,0,0
2010-11-30 00:00:00,1365.75,1389.5,1362.45,1385.76,49858,0,0
2010-12-01 00:00:00,1385.73,1396.53,1381.5,1387.35,51571,0,0
2010-12-02 00:00:00,1387.33,1398.1,1382.65,1384.7,50443,0,0
2010-12-03 00:00:00,1384.8,1413.8,1384.15,1413.25,45552,0,0
2010-12-05 00:00:00,1414.45,1414.5,1409.65,1409.7,608,0,0
2010-12-06 00:00:00,1413.88,1427.05,1408.71,1423.23,45835,0,0
2010-12-07 00:00:00,1423.45,1430.78,1396.25,1401.6,56290,0,0
2010-12-08 00:00:00,1401.3,1404.0,1371.0,1381.58,59216,0,0
2010-12-09 00:00:00,1381.35,1394.15,1379.85,1386.55,49632,0,0
2010-12-10 00:00:00,1387.05,1391.88,1371.8,1386.23,42728,0,0
2010-12-12 00:00:00,1383.15,1383.95,1379.85,1380.05,509,0,0
2010-12-13 00:00:00,1384.5,1398.9,1379.85,1393.64,39797,0,0
2010-12-14 00:00:00,1393.53,1407.79,1391.58,1395.68,42689,0,0
2010-12-15 00:00:00,1395.8,1396.93,1377.9,1380.35,42230,0,0
2010-12-16 00:00:00,1380.13,1386.03,1360.83,1369.65,43526,0,0
2010-12-17 00:00:00,1369.63,1378.5,1364.4,1374.26,39402,0,0
2010-12-19 00:00:00,1377.1,1382.45,1377.05,1381.25,683,0,0
2010-12-20 00:00:00,1374.35,1387.86,1374.35,1384.9,29459,0,0
2010-12-21 00:00:00,1385.03,1391.78,1380.63,1385.05,26840,0,0
2010-12-22 00:00:00,1385.1,1390.68,1382.65,1384.95,21952,0,0
2010-12-23 00:00:00,1384.85,1388.03,1371.83,1379.51,23034,0,0
2010-12-24 00:00:00,1379.58,1384.75,1377.93,1383.25,99,0,0
2010-12-26 00:00:00,1377.05,1377.05,1372.25,1372.95,901,0,0
2010-12-27 00:00:00,1376.25,1386.05,1371.95,1383.23,18781,0,0
2010-12-28 00:00:00,1383.35,1406.32,1382.23,1405.46,26308,0,0
2010-12-29 00:00:00,1405.75,1413.68,1400.83,1411.25,25569,0,0
2010-12-30 00:00:00,1411.3,1414.47,1402.7,1404.25,19458,0,0
2010-12-31 00:00:00,1404.35,1420.88,1403.7,1420.7,11505,0,0
2011-01-02 00:00:00,1417.85,1419.65,1416.65,1416.85,427,0,0
2011-01-03 00:00:00,1419.18,1423.6,1412.53,1414.28,26793,0,0
2011-01-04 00:00:00,1414.15,1416.93,1374.45,1380.18,37388,0,0
2011-01-05 00:00:00,1380.25,1384.5,1363.58,1377.75,42579,0,0
2011-01-06 00:00:00,1377.65,1379.45,1364.26,1371.03,40082,0,0
2011-01-07 00:00:00,1371.05,1378.5,1352.38,1368.53,38060,0,0
2011-01-09 00:00:00,1370.35,1373.05,1367.45,1370.25,635,0,0
2011-01-10 00:00:00,1369.3,1375.85,1365.1,1375.25,32977,0,0
2011-01-11 00:00:00,1375.1,1386.38,1372.38,1381.05,34595,0,0
2011-01-12 00:00:00,1381.0,1388.5,1376.35,1387.3,36115,0,0
2011-01-13 00:00:00,1387.6,1392.83,1369.23,1372.65,35714,0,0
2011-01-14 00:00:00,1373.05,1377.73,1354.65,1359.5,44458,0,0
2011-01-16 00:00:00,1360.8,1364.55,1360.8,1363.8,372,0,0
2011-01-17 00:00:00,1361.65,1365.53,1356.78,1361.08,17810,0,0
2011-01-18 00:00:00,1360.98,1375.93,1360.2,1367.68,48083,0,0
2011-01-19 00:00:00,1367.73,1378.88,1358.9,1369.25,56781,0,0
2011-01-20 00:00:00,1369.02,1370.8,1343.07,1345.72,63737,0,0
2011-01-21 00:00:00,1345.68,1350.04,1337.4,1342.48,69795,0,0
2011-01-23 00:00:00,1344.1,1347.6,1343.5,1344.75,778,0,0
2011-01-24 00:00:00,1342.23,1352.97,1332.28,1333.95,62531,0,0
2011-01-25 00:00:00,1333.7,1338.27,1322.2,1331.9,68722,0,0
2011-01-26 00:00:00,1331.85,1346.35,1324.63,1345.41,56336,0,0
2011-01-27 00:00:00,1345.6,1347.6,1310.06,1313.4,64632,0,0
2011-01-28 00:00:00,1313.9,1346.8,1307.78,1335.05,65145,0,0
2011-01-30 00:00:00,1340.65,1345.85,1340.15,1344.35,1206,0,0
2011-01-31 00:00:00,1338.53,1346.0,1322.88,1332.28,50524,0,0
2011-02-01 00:00:00,1332.23,1342.9,1325.15,1340.88,40502,0,0
2011-02-02 00:00:00,1340.98,1344.53,1326.6,1334.73,38694,0,0
2011-02-03 00:00:00,1334.78,1355.55,1324.6,1353.88,34556,0,0
2011-02-04 00:00:00,1353.61,1358.13,1344.58,1348.8,33731,0,0
2011-02-06 00:00:00,1346.8,1347.05,1343.65,1344.65,747,0,0
2011-02-07 00:00:00,1346.7,1353.35,1343.2,1350.85,28951,0,0
2011-02-08 00:00:00,1350.9,1367.8,1348.25,1363.65,29925,0,0
2011-02-09 00:00:00,1363.45,1367.15,1357.9,1363.25,30350,0,0
2011-02-10 00:00:00,1363.3,1365.95,1350.8,1363.35,31017,0,0
2011-02-11 00:00:00,1362.95,1368.85,1354.0,1356.35,30385,0,0
2011-02-13 00:00:00,1357.35,1357.5,1354.55,1355.15,1065,0,0
2011-02-14 00:00:00,1357.45,1366.8,1353.65,1361.3,20675,0,0
2011-02-15 00:00:00,1361.4,1376.65,1356.7,1373.45,22246,0,0
2011-02-16 00:00:00,1373.4,1381.75,1367.95,1374.05,32314,0,0
2011-02-17 00:00:00,1374.1,1385.0,1372.5,1383.85,24382,0,0
2011-02-18 00:00:00,1383.8,1391.9,1381.65,1387.45,31784,0,0
2011-02-20 00:00:00,1390.45,1390.65,1389.25,1390.15,349,0,0
2011-02-21 00:00:00,1389.35,1408.3,1389.35,1406.15,22444,0,0
2011-02-22 00:00:00,1407.15,1411.05,1392.7,1398.85,44605,0,0
2011-02-23 00:00:00,1398.65,1416.75,1395.5,1411.3,34259,0,0
2011-02-24 00:00:00,1411.45,1418.1,1392.25,1402.45,41400,0,0
2011-02-25 00:00:00,1401.95,1411.5,1399.7,1407.85,27883,0,0
2011-02-27 00:00:00,1410.25,1414.45,1410.05,1413.85,486,0,0
2011-02-28 00:00:00,1409.75,1415.93,1404.35,1410.8,28114,0,0
2011-03-01 00:00:00,1410.85,1434.4,1408.9,1432.75,26234,0,0
2011-03-02 00:00:00,1432.8,1439.8,1427.2,1434.18,28745,0,0
2011-03-03 00:00:00,1434.48,1436.13,1409.13,1415.68,32039,0,0
2011-03-04 00:00:00,1415.63,1431.93,1413.28,1427.98,21455,0,0
2011-03-06 00:00:00,1434.65,1438.15,1433.05,1435.25,869,0,0
2011-03-07 00:00:00,1434.18,1444.88,1427.88,1431.63,33051,0,0
2011-03-08 00:00:00,1431.53,1436.53,1423.13,1428.68,32232,0,0
2011-03-09 00:00:00,1428.43,1435.93,1422.63,1430.58,28819,0,0
2011-03-10 00:00:00,1430.58,1431.58,1402.73,1411.33,33494,0,0
2011-03-11 00:00:00,1411.33,1423.58,1404.58,1416.28,35047,0,0
2011-03-13 00:00:00,1426.85,1427.4,1426.85,1427.4,3,0,0
2011-03-14 00:00:00,1430.03,1430.28,1417.93,1428.48,32191,0,0
2011-03-15 00:00:00,1426.63,1428.28,1381.78,1395.43,43042,0,0
2011-03-16 00:00:00,1394.08,1405.98,1392.13,1398.93,39167,0,0
2011-03-17 00:00:00,1399.08,1404.83,1386.28,1403.88,39225,0,0
2011-03-18 00:00:00,1403.03,1423.48,1401.83,1418.33,33884,0,0
2011-03-20 00:00:00,1425.05,1426.95,1423.95,1425.35,979,0,0
2011-03-21 00:00:00,1425.33,1434.63,1423.48,1426.58,26034,0,0
2011-03-22 00:00:00,1426.68,1431.8,1419.1,1428.1,19665,0,0
2011-03-23 00:00:00,1428.28,1440.78,1425.4,1437.53,23151,0,0
2011-03-24 00:00:00,1437.53,1447.38,1423.68,1430.78,30233,0,0
2011-03-25 00:00:00,1430.62,1437.5,1421.8,1429.58,18724,0,0
2011-03-27 00:00:00,1426.65,1429.45,1424.15,1425.55,1427,0,0
2011-03-28 00:00:00,1427.38,1428.68,1410.03,1420.13,25240,0,0
2011-03-29 00:00:00,1420.43,1422.98,1410.78,1418.13,22761,0,0
2011-03-30 00:00:00,1418.18,1429.78,1411.68,1422.58,25004,0,0
2011-03-31 00:00:00,1422.63,1439.23,1420.28,1431.93,26123,0,0
2011-04-01 00:00:00,1432.08,1435.88,1412.58,1427.18,26505,0,0
2011-04-03 00:00:00,1429.65,1431.15,1427.95,1430.75,603,0,0
2011-04-04 00:00:00,1427.68,1438.48,1427.53,1433.63,21223,0,0
2011-04-05 00:00:00,1433.63,1456.93,1429.88,1455.38,16360,0,0
2011-04-06 00:00:00,1455.43,1461.98,1451.08,1459.48,26709,0,0
2011-04-07 00:00:00,1459.23,1464.53,1452.33,1457.78,25546,0,0
2011-04-08 00:00:00,1457.93,1474.73,1456.13,1473.23,24850,0,0
2011-04-10 00:00:00,1473.95,1476.25,1473.15,1475.85,846,0,0
2011-04-11 00:00:00,1474.53,1476.13,1459.13,1462.78,29769,0,0
2011-04-12 00:00:00,1462.58,1467.03,1445.38,1452.68,18710,0,0
2011-04-13 00:00:00,1452.68,1461.83,1450.88,1456.98,15176,0,0
2011-04-14 00:00:00,1457.03,1474.58,1452.18,1473.93,17955,0,0
2011-04-15 00:00:00,1474.03,1487.78,1471.28,1487.08,26140,0,0
2011-04-17 00:00:00,1485.75,1488.05,1484.85,1488.05,841,0,0
2011-04-18 00:00:00,1485.93,1497.33,1476.88,1494.88,29775,0,0
2011-04-19 00:00:00,1494.83,1499.18,1487.33,1495.83,17794,0,0
2011-04-20 00:00:00,1495.68,1505.68,1492.93,1501.83,28548,0,0
2011-04-21 00:00:00,1501.33,1508.73,1499.88,1504.53,27033,0,0
2011-04-22 00:00:00,1503.83,1511.53,1503.38,1503.63,378,0,0
2011-04-24 00:00:00,1510.95,1513.55,1509.3,1511.95,748,0,0
2011-04-25 00:00:00,1509.43,1517.68,1501.53,1506.53,30073,0,0
2011-04-26 00:00:00,1506.98,1507.83,1492.68,1505.88,26726,0,0
2011-04-27 00:00:00,1506.38,1530.03,1502.83,1526.58,31804,0,0
2011-04-28 00:00:00,1526.53,1538.23,1523.98,1535.98,37559,0,0
2011-04-29 00:00:00,1536.03,1569.13,1531.93,1562.28,22426,0,0
2011-05-01 00:00:00,1570.36,1576.0,1542.67,1553.1,2246,0,0
2011-05-02 00:00:00,1566.58,1576.68,1540.13,1545.08,47342,0,0
2011-05-03 00:00:00,1545.38,1550.83,1526.93,1535.63,46692,0,0
2011-05-04 00:00:00,1535.78,1543.08,1505.58,1515.98,49541,0,0
2011-05-05 00:00:00,1515.88,1521.83,1462.28,1473.98,54950,0,0
2011-05-06 00:00:00,1474.03,1498.18,1470.88,1490.53,57457,0,0
2011-05-08 00:00:00,1494.0,1496.47,1489.42,1493.55,1312,0,0
2011-05-09 00:00:00,1495.03,1513.83,1489.08,1513.23,44268,0,0
2011-05-10 00:00:00,1512.83,1519.23,1505.73,1515.53,31531,0,0
2011-05-11 00:00:00,1516.03,1526.53,1495.43,1501.08,39689,0,0
2011-05-12 00:00:00,1499.13,1507.78,1477.78,1505.58,47123,0,0
2011-05-13 00:00:00,1506.28,1516.43,1482.53,1493.18,43530,0,0
2011-05-15 00:00:00,1491.27,1493.0,1487.2,1491.93,2308,0,0
2011-05-16 00:00:00,1494.33,1504.68,1486.88,1489.78,32555,0,0
2011-05-17 00:00:00,1489.01,1497.8,1471.65,1486.65,32553,0,0
2011-05-18 00:00:00,1485.76,1499.85,1484.85,1496.45,27925,0,0
2011-05-19 00:00:00,1496.15,1499.65,1486.25,1493.05,26121,0,0
2011-05-20 00:00:00,1493.65,1515.95,1486.75,1513.35,30427,0,0
2011-05-22 00:00:00,1511.88,1518.95,1509.67,1516.95,1917,0,0
2011-05-23 00:00:00,1511.25,1519.15,1503.95,1517.15,39229,0,0
2011-05-24 00:00:00,1516.46,1528.05,1513.35,1526.4,28219,0,0
2011-05-25 00:00:00,1526.16,1532.2,1521.1,1525.01,23964,0,0
2011-05-26 00:00:00,1525.26,1531.0,1514.5,1519.0,29795,0,0
2011-05-27 00:00:00,1518.61,1538.2,1518.01,1536.06,20552,0,0
2011-05-29 00:00:00,1536.2,1537.55,1535.65,1536.45,526,0,0
2011-05-30 00:00:00,1536.5,1539.4,1533.81,1538.7,9674,0,0
2011-05-31 00:00:00,1538.5,1540.8,1532.1,1535.4,20692,0,0
2011-06-01 00:00:00,1535.06,1550.3,1529.4,1539.5,23065,0,0
2011-06-02 00:00:00,1539.46,1544.32,1519.32,1533.42,24773,0,0
2011-06-03 00:00:00,1533.16,1546.66,1523.82,1541.32,24118,0,0
2011-06-05 00:00:00,1542.52,1544.75,1540.53,1544.55,1250,0,0
2011-06-06 00:00:00,1541.96,1553.52,1540.82,1544.42,19554,0,0
2011-06-07 00:00:00,1544.31,1550.22,1536.02,1543.92,20694,0,0
2011-06-08 00:00:00,1543.86,1546.32,1530.82,1537.32,21852,0,0
2011-06-09 00:00:00,1536.81,1549.62,1533.12,1543.92,19994,0,0
2011-06-10 00:00:00,1543.81,1545.32,1525.82,1531.12,19175,0,0
2011-06-12 00:00:00,1529.57,1530.98,1527.4,1530.35,1369,0,0
2011-06-13 00:00:00,1528.32,1532.52,1510.52,1515.21,30751,0,0
2011-06-14 00:00:00,1515.31,1526.02,1511.92,1523.72,24601,0,0
2011-06-15 00:00:00,1523.36,1534.6,1513.92,1530.8,31296,0,0
2011-06-16 00:00:00,1531.01,1533.0,1521.4,1529.1,18214,0,0
2011-06-17 00:00:00,1528.61,1542.0,1522.4,1538.8,26209,0,0
2011-06-19 00:00:00,1539.22,1540.55,1538.05,1538.8,1038,0,0
2011-06-20 00:00:00,1539.7,1546.9,1532.8,1540.5,23047,0,0
2011-06-21 00:00:00,1540.46,1548.1,1538.5,1546.3,22447,0,0
2011-06-22 00:00:00,1545.83,1558.1,1541.1,1548.61,23526,0,0
2011-06-23 00:00:00,1548.61,1548.96,1512.6,1520.71,30726,0,0
2011-06-24 00:00:00,1520.66,1525.6,1498.01,1500.5,33280,0,0
2011-06-26 00:00:00,1498.99,1502.4,1497.85,1501.2,1766,0,0
2011-06-27 00:00:00,1499.46,1505.06,1490.6,1497.7,29709,0,0
2011-06-28 00:00:00,1497.01,1506.2,1495.51,1501.09,20800,0,0
2011-06-29 00:00:00,1500.95,1512.99,1500.09,1512.09,19663,0,0
2011-06-30 00:00:00,1511.3,1513.79,1498.35,1499.63,26795,0,0
2011-07-01 00:00:00,1499.5,1502.19,1477.8,1487.45,33612,0,0
2011-07-03 00:00:00,1486.58,1489.6,1486.08,1489.6,683,0,0
2011-07-04 00:00:00,1484.65,1496.39,1484.65,1494.99,10787,0,0
2011-07-05 00:00:00,1495.39,1516.85,1492.95,1515.69,16720,0,0
2011-07-06 00:00:00,1515.35,1533.7,1510.0,1528.7,19653,0,0
2011-07-07 00:00:00,1528.76,1534.3,1521.9,1532.3,26621,0,0
2011-07-08 00:00:00,1531.91,1545.6,1524.7,1542.51,27038,0,0
2011-07-10 00:00:00,1542.92,1543.6,1541.9,1542.33,889,0,0
2011-07-11 00:00:00,1541.76,1556.8,1539.78,1553.4,23438,0,0
2011-07-12 00:00:00,1553.21,1573.7,1540.6,1567.5,29328,0,0
2011-07-13 00:00:00,1567.31,1587.7,1564.2,1582.1,29487,0,0
2011-07-14 00:00:00,1585.86,1594.3,1578.7,1587.2,36829,0,0
2011-07-15 00:00:00,1586.46,1593.7,1575.8,1593.2,25959,0,0
2011-07-17 00:00:00,1594.85,1598.32,1594.43,1596.33,1751,0,0
2011-07-18 00:00:00,1592.81,1607.16,1591.31,1604.6,24439,0,0
2011-07-19 00:00:00,1604.41,1609.8,1582.3,1588.1,27467,0,0
2011-07-20 00:00:00,1588.16,1601.5,1580.9,1600.4,26703,0,0
2011-07-21 00:00:00,1600.21,1604.3,1584.5,1590.4,32364,0,0
2011-07-22 00:00:00,1589.81,1607.2,1583.3,1602.6,21387,0,0
2011-07-24 00:00:00,1608.03,1623.52,1603.53,1615.48,3614,0,0
2011-07-25 00:00:00,1608.4,1623.4,1603.3,1613.79,28754,0,0
2011-07-26 00:00:00,1613.3,1620.09,1607.59,1618.99,25898,0,0
2011-07-27 00:00:00,1619.3,1628.4,1608.69,1613.29,26633,0,0
2011-07-28 00:00:00,1613.3,1620.07,1602.67,1616.17,27886,0,0
2011-07-29 00:00:00,1615.61,1632.87,1610.37,1625.27,31414,0,0
2011-07-31 00:00:00,1608.5,1616.0,1608.5,1615.05,2531,0,0
2011-08-01 00:00:00,1610.67,1631.87,1607.17,1619.27,35187,0,0
2011-08-02 00:00:00,1619.65,1659.17,1616.2,1658.67,33811,0,0
2011-08-03 00:00:00,1658.8,1672.77,1651.6,1661.77,35554,0,0
2011-08-04 00:00:00,1661.5,1682.17,1639.77,1646.97,56604,0,0
2011-08-05 00:00:00,1645.53,1670.27,1641.67,1660.8,47983,0,0
2011-08-07 00:00:00,1681.93,1689.62,1680.48,1688.1,2296,0,0
2011-08-08 00:00:00,1688.95,1720.54,1682.3,1719.15,69260,0,0
2011-08-09 00:00:00,1719.2,1779.74,1715.04,1740.3,78366,0,0
2011-08-10 00:00:00,1740.1,1797.45,1737.12,1792.85,61590,0,0
2011-08-11 00:00:00,1793.0,1814.65,1731.85,1763.95,84660,0,0
2011-08-12 00:00:00,1763.9,1768.05,1723.15,1745.25,52984,0,0
2011-08-14 00:00:00,1745.45,1746.12,1731.25,1732.8,1787,0,0
2011-08-15 00:00:00,1743.65,1766.34,1728.14,1765.84,41848,0,0
2011-08-16 00:00:00,1765.5,1786.91,1761.04,1785.11,44002,0,0
2011-08-17 00:00:00,1785.25,1794.61,1778.9,1791.02,44700,0,0
2011-08-18 00:00:00,1790.8,1828.71,1784.02,1823.61,45330,0,0
2011-08-19 00:00:00,1823.6,1877.78,1821.61,1848.21,74909,0,0
2011-08-21 00:00:00,1869.08,1875.87,1859.95,1871.0,3778,0,0
2011-08-22 00:00:00,1860.0,1898.31,1855.8,1897.01,77170,0,0
2011-08-23 00:00:00,1896.82,1912.01,1823.4,1828.45,86094,0,0
2011-08-24 00:00:00,1827.65,1853.86,1749.71,1758.6,87159,0,0
2011-08-25 00:00:00,1756.51,1774.6,1702.72,1774.45,99018,0,0
2011-08-26 00:00:00,1774.45,1822.91,1757.31,1822.31,76934,0,0
2011-08-28 00:00:00,1833.1,1834.2,1819.45,1823.61,2725,0,0
2011-08-29 00:00:00,1836.4,1838.1,1775.71,1787.9,73431,0,0
2011-08-30 00:00:00,1787.8,1840.25,1783.51,1835.2,67055,0,0
2011-08-31 00:00:00,1834.45,1839.8,1811.45,1825.55,57044,0,0
2011-09-01 00:00:00,1825.5,1830.61,1813.3,1825.9,47978,0,0
2011-09-02 00:00:00,1825.85,1884.45,1824.25,1881.8,50665,0,0
2011-09-04 00:00:00,1880.95,1890.4,1880.95,1884.95,1596,0,0
2011-09-05 00:00:00,1876.45,1902.91,1874.31,1901.11,36743,0,0
2011-09-06 00:00:00,1901.11,1920.91,1858.5,1875.01,79627,0,0
2011-09-07 00:00:00,1874.3,1880.41,1793.22,1817.51,84971,0,0
2011-09-08 00:00:00,1817.25,1870.65,1813.71,1869.71,66548,0,0
2011-09-09 00:00:00,1869.95,1886.11,1823.01,1856.09,81792,0,0
2011-09-11 00:00:00,1857.2,1861.65,1849.0,1857.8,2798,0,0
2011-09-12 00:00:00,1860.15,1862.6,1800.6,1814.7,59773,0,0
2011-09-13 00:00:00,1815.05,1844.19,1794.79,1833.39,75403,0,0
2011-09-14 00:00:00,1833.6,1844.99,1808.5,1819.4,62297,0,0
2011-09-15 00:00:00,1818.9,1825.77,1772.5,1788.35,50754,0,0
2011-09-16 00:00:00,1789.0,1821.4,1762.4,1807.3,55318,0,0
2011-09-18 00:00:00,1818.17,1827.2,1817.8,1824.75,1677,0,0
2011-09-19 00:00:00,1815.75,1827.55,1770.4,1778.4,58227,0,0
2011-09-20 00:00:00,1779.15,1811.45,1769.6,1803.2,60093,0,0
2011-09-21 00:00:00,1803.7,1816.45,1778.49,1781.85,66096,0,0
2011-09-22 00:00:00,1782.25,1786.65,1720.39,1740.7,59583,0,0
2011-09-23 00:00:00,1739.7,1755.05,1628.89,1642.1,93230,0,0
2011-09-25 00:00:00,1640.0,1654.7,1628.95,1649.9,3712,0,0
2011-09-26 00:00:00,1655.75,1663.39,1532.19,1627.55,116835,0,0
2011-09-27 00:00:00,1627.0,1677.25,1614.4,1650.25,88078,0,0
2011-09-28 00:00:00,1650.85,1669.25,1598.5,1608.85,92080,0,0
2011-09-29 00:00:00,1608.85,1635.0,1582.85,1614.45,83250,0,0
2011-09-30 00:00:00,1614.85,1640.4,1606.75,1623.2,66286,0,0
2011-10-02 00:00:00,1623.3,1632.0,1621.75,1628.95,2071,0,0
2011-10-03 00:00:00,1617.75,1664.7,1617.75,1658.5,64074,0,0
2011-10-04 00:00:00,1658.45,1678.45,1595.7,1623.35,75149,0,0
2011-10-05 00:00:00,1623.45,1646.85,1596.69,1640.5,70146,0,0
2011-10-06 00:00:00,1640.85,1654.9,1631.25,1650.95,68022,0,0
2011-10-07 00:00:00,1651.1,1666.0,1626.2,1635.6,66338,0,0
2011-10-09 00:00:00,1638.78,1646.15,1638.47,1644.45,1018,0,0
2011-10-10 00:00:00,1637.85,1677.5,1637.3,1676.55,59407,0,0
2011-10-11 00:00:00,1676.2,1684.6,1653.33,1662.05,62554,0,0
2011-10-12 00:00:00,1662.05,1691.95,1660.3,1676.35,66961,0,0
2011-10-13 00:00:00,1674.55,1684.3,1652.6,1667.8,57008,0,0
2011-10-14 00:00:00,1667.9,1683.6,1660.85,1679.25,40930,0,0
2011-10-16 00:00:00,1682.14,1683.75,1676.8,1681.05,1096,0,0
2011-10-17 00:00:00,1682.0,1694.8,1664.69,1670.5,47132,0,0
2011-10-18 00:00:00,1670.45,1676.6,1626.65,1657.55,56135,0,0
2011-10-19 00:00:00,1657.25,1665.0,1639.55,1640.2,53042,0,0
2011-10-20 00:00:00,1640.8,1644.9,1603.75,1620.35,77700,0,0
2011-10-21 00:00:00,1620.55,1648.41,1611.35,1639.7,49947,0,0
2011-10-23 00:00:00,1638.58,1644.3,1636.75,1642.85,1799,0,0
2011-10-24 00:00:00,1640.0,1661.84,1635.4,1653.25,57932,0,0
2011-10-25 00:00:00,1653.2,1708.74,1643.25,1704.85,72694,0,0
2011-10-26 00:00:00,1704.75,1726.59,1694.93,1724.79,61117,0,0
2011-10-27 00:00:00,1724.2,1749.95,1706.0,1744.75,63894,0,0
2011-10-28 00:00:00,1744.95,1752.4,1732.25,1743.6,58352,0,0
2011-10-30 00:00:00,1742.55,1744.93,1740.56,1742.58,1245,0,0
2011-10-31 00:00:00,1742.43,1744.81,1704.57,1714.75,62446,0,0
2011-11-01 00:00:00,1713.95,1724.19,1681.2,1720.05,70222,0,0
2011-11-02 00:00:00,1720.0,1744.15,1714.19,1735.55,58924,0,0
2011-11-03 00:00:00,1736.1,1767.6,1722.5,1763.1,61923,0,0
2011-11-04 00:00:00,1763.7,1764.55,1748.3,1754.55,45842,0,0
2011-11-06 00:00:00,1753.05,1759.55,1752.85,1756.05,758,0,0
2011-11-07 00:00:00,1752.45,1798.3,1752.05,1794.7,44290,0,0
2011-11-08 00:00:00,1794.45,1802.75,1776.81,1786.25,47041,0,0
2011-11-09 00:00:00,1786.2,1799.65,1763.58,1769.5,61955,0,0
2011-11-10 00:00:00,1769.45,1775.23,1735.19,1758.1,59472,0,0
2011-11-11 00:00:00,1758.05,1788.5,1743.79,1787.75,53936,0,0
2011-11-13 00:00:00,1788.3,1796.1,1788.1,1795.05,1152,0,0
2011-11-14 00:00:00,1788.6,1796.02,1773.65,1780.1,49855,0,0
2011-11-15 00:00:00,1780.25,1785.9,1760.14,1780.45,54590,0,0
2011-11-16 00:00:00,1780.5,1783.44,1753.25,1763.1,67554,0,0
2011-11-17 00:00:00,1762.54,1766.85,1710.29,1721.6,69479,0,0
2011-11-18 00:00:00,1721.4,1737.49,1710.89,1723.45,59258,0,0
2011-11-20 00:00:00,1721.97,1722.18,1715.47,1720.07,1177,0,0
2011-11-21 00:00:00,1722.1,1726.18,1666.37,1677.05,71519,0,0
2011-11-22 00:00:00,1677.0,1705.4,1666.99,1699.7,66364,0,0
2011-11-23 00:00:00,1699.5,1709.99,1677.09,1691.89,60427,0,0
2011-11-24 00:00:00,1691.9,1701.8,1687.69,1695.39,27568,0,0
2011-11-25 00:00:00,1694.35,1697.8,1671.69,1678.99,39919,0,0
2011-11-27 00:00:00,1687.37,1694.92,1686.87,1693.2,1271,0,0
2011-11-28 00:00:00,1685.59,1720.8,1682.65,1711.78,54677,0,0
2011-11-29 00:00:00,1711.6,1720.05,1703.6,1715.15,38476,0,0
2011-11-30 00:00:00,1715.4,1750.0,1700.66,1746.1,63519,0,0
2011-12-01 00:00:00,1746.1,1754.2,1733.7,1744.4,49992,0,0
2011-12-02 00:00:00,1744.2,1762.98,1737.95,1745.6,45512,0,0
2011-12-04 00:00:00,1750.27,1754.67,1750.17,1753.07,744,0,0
2011-12-05 00:00:00,1746.95,1754.68,1717.48,1722.6,54207,0,0
2011-12-06 00:00:00,1722.75,1733.0,1701.9,1728.37,64538,0,0
2011-12-07 00:00:00,1728.1,1742.6,1719.98,1741.7,56846,0,0
2011-12-08 00:00:00,1742.15,1755.98,1703.89,1708.15,65635,0,0
2011-12-09 00:00:00,1707.8,1723.87,1703.4,1710.65,54471,0,0
2011-12-11 00:00:00,1713.57,1713.57,1710.17,1712.27,681,0,0
2011-12-12 00:00:00,1712.55,1714.8,1657.17,1666.2,66638,0,0
2011-12-13 00:00:00,1666.1,1678.12,1622.25,1631.05,72005,0,0
2011-12-14 00:00:00,1631.0,1641.85,1563.4,1573.7,87176,0,0
2011-12-15 00:00:00,1574.3,1593.95,1560.23,1570.25,77820,0,0
2011-12-16 00:00:00,1569.75,1601.1,1569.75,1597.1,70734,0,0
2011-12-18 00:00:00,1601.72,1604.77,1600.07,1602.97,1114,0,0
2011-12-19 00:00:00,1600.72,1608.65,1583.26,1594.17,68911,0,0
2011-12-20 00:00:00,1593.2,1618.55,1592.17,1615.1,58801,0,0
2011-12-21 00:00:00,1615.65,1641.6,1605.9,1615.0,58213,0,0
2011-12-22 00:00:00,1615.0,1616.76,1597.63,1606.25,63831,0,0
2011-12-23 00:00:00,1603.96,1613.75,1602.64,1607.3,33711,0,0
2011-12-26 00:00:00,1604.66,1605.2,1601.71,1603.14,987,0,0
2011-12-27 00:00:00,1606.86,1607.0,1589.55,1592.81,34808,0,0
2011-12-28 00:00:00,1592.6,1592.84,1549.45,1556.22,57579,0,0
2011-12-29 00:00:00,1552.5,1561.25,1522.51,1545.07,56278,0,0
2011-12-30 00:00:00,1544.2,1581.26,1544.1,1562.95,49158,0,0
2012-01-02 00:00:00,1569.97,1571.52,1569.12,1570.67,367,0,0
2012-01-03 00:00:00,1568.97,1607.27,1567.05,1603.68,57481,0,0
2012-01-04 00:00:00,1603.7,1618.38,1592.57,1611.77,73250,0,0
2012-01-05 00:00:00,1611.6,1625.62,1596.68,1621.6,78461,0,0
2012-01-06 00:00:00,1621.2,1630.98,1608.49,1616.35,64711,0,0
2012-01-08 00:00:00,1614.77,1616.02,1609.25,1612.9,1280,0,0
2012-01-09 00:00:00,1615.95,1623.63,1605.0,1610.8,70889,0,0
2012-01-10 00:00:00,1610.62,1640.1,1608.27,1631.5,54855,0,0
2012-01-11 00:00:00,1631.5,1647.1,1630.04,1641.1,67674,0,0
2012-01-12 00:00:00,1641.2,1661.87,1640.05,1649.4,63668,0,0
2012-01-13 00:00:00,1648.55,1649.65,1625.18,1637.74,73211,0,0
2012-01-15 00:00:00,1636.07,1638.97,1633.62,1634.85,978,0,0
2012-01-16 00:00:00,1634.66,1646.94,1631.35,1643.4,40980,0,0
2012-01-17 00:00:00,1642.35,1667.6,1641.7,1651.95,67234,0,0
2012-01-18 00:00:00,1651.05,1662.26,1642.62,1659.1,76555,0,0
2012-01-19 00:00:00,1660.05,1669.94,1649.06,1657.9,65151,0,0
2012-01-20 00:00:00,1656.5,1666.55,1644.96,1666.12,62915,0,0
2012-01-22 00:00:00,1666.19,1666.25,1662.67,1664.2,973,0,0
2012-01-23 00:00:00,1664.75,1681.35,1662.38,1676.2,58014,0,0
2012-01-24 00:00:00,1676.1,1679.8,1661.41,1665.07,67080,0,0
2012-01-25 00:00:00,1665.85,1712.85,1648.89,1710.06,54910,0,0
2012-01-26 00:00:00,1710.35,1730.95,1702.88,1720.35,72585,0,0
2012-01-27 00:00:00,1719.15,1737.97,1714.35,1737.74,64568,0,0
2012-01-29 00:00:00,1736.3,1740.04,1735.99,1737.73,873,0,0
2012-01-30 00:00:00,1736.3,1739.83,1716.2,1729.34,66502,0,0
2012-01-31 00:00:00,1731.25,1747.47,1725.98,1738.15,64596,0,0
2012-02-01 00:00:00,1737.0,1751.03,1732.4,1743.42,79959,0,0
2012-02-02 00:00:00,1743.8,1760.93,1740.92,1759.07,75861,0,0
2012-02-03 00:00:00,1758.5,1763.09,1723.57,1725.02,70047,0,0
2012-02-05 00:00:00,1729.18,1731.49,1728.36,1730.62,812,0,0
2012-02-06 00:00:00,1727.85,1738.1,1711.6,1719.89,68511,0,0
2012-02-07 00:00:00,1719.9,1749.72,1710.1,1744.89,73615,0,0
2012-02-08 00:00:00,1744.65,1752.0,1724.28,1732.78,70957,0,0
2012-02-09 00:00:00,1731.71,1752.55,1725.85,1728.95,77485,0,0
2012-02-10 00:00:00,1728.8,1734.7,1704.56,1719.69,74713,0,0
2012-02-12 00:00:00,1726.06,1728.27,1725.12,1725.12,874,0,0
2012-02-13 00:00:00,1724.45,1733.23,1715.96,1722.0,62792,0,0
2012-02-14 00:00:00,1721.8,1727.61,1712.03,1719.92,74062,0,0
2012-02-15 00:00:00,1719.7,1737.27,1718.45,1727.95,64805,0,0
2012-02-16 00:00:00,1727.75,1729.82,1705.21,1727.97,71253,0,0
2012-02-17 00:00:00,1727.81,1735.58,1717.09,1722.02,53769,0,0
2012-02-19 00:00:00,1727.68,1733.32,1727.68,1733.22,759,0,0
2012-02-20 00:00:00,1726.62,1737.07,1726.07,1733.65,36423,0,0
2012-02-21 00:00:00,1733.55,1759.8,1730.74,1758.92,58502,0,0
2012-02-22 00:00:00,1758.95,1781.58,1749.18,1775.9,56317,0,0
2012-02-23 00:00:00,1775.8,1787.25,1771.77,1780.45,55289,0,0
2012-02-24 00:00:00,1779.85,1782.85,1769.98,1772.05,52920,0,0
2012-02-26 00:00:00,1773.91,1775.42,1772.57,1772.67,661,0,0
2012-02-27 00:00:00,1774.15,1779.27,1761.36,1767.4,54958,0,0
2012-02-28 00:00:00,1767.5,1790.25,1765.63,1783.95,54904,0,0
2012-02-29 00:00:00,1783.8,1790.55,1686.25,1696.7,82466,0,0
2012-03-01 00:00:00,1696.9,1725.8,1694.15,1718.05,88318,0,0
2012-03-02 00:00:00,1717.95,1724.17,1704.57,1712.01,69358,0,0
2012-03-04 00:00:00,1711.97,1713.84,1709.89,1712.75,1398,0,0
2012-03-05 00:00:00,1711.03,1716.64,1693.5,1706.2,73096,0,0
2012-03-06 00:00:00,1705.95,1708.9,1662.84,1674.13,80767,0,0
2012-03-07 00:00:00,1673.85,1688.02,1671.2,1684.6,65238,0,0
2012-03-08 00:00:00,1684.95,1703.85,1683.0,1699.62,63370,0,0
2012-03-09 00:00:00,1699.4,1714.0,1676.58,1711.95,69849,0,0
2012-03-11 00:00:00,1711.99,1713.08,1711.39,1713.03,831,0,0
2012-03-12 00:00:00,1713.62,1714.01,1692.34,1699.16,60493,0,0
2012-03-13 00:00:00,1699.66,1705.65,1661.77,1671.35,80960,0,0
2012-03-14 00:00:00,1674.65,1682.25,1634.38,1643.41,83220,0,0
2012-03-15 00:00:00,1643.35,1666.45,1636.07,1657.3,71941,0,0
2012-03-16 00:00:00,1656.9,1664.75,1639.54,1659.7,67646,0,0
2012-03-18 00:00:00,1659.15,1660.65,1656.64,1660.48,1182,0,0
2012-03-19 00:00:00,1658.56,1669.64,1652.28,1663.19,57909,0,0
2012-03-20 00:00:00,1662.95,1664.7,1641.53,1649.43,58146,0,0
2012-03-21 00:00:00,1650.25,1661.72,1646.48,1648.78,69023,0,0
2012-03-22 00:00:00,1650.25,1656.35,1628.0,1643.75,74921,0,0
2012-03-23 00:00:00,1644.16,1666.18,1642.04,1661.6,53813,0,0
2012-03-25 00:00:00,1662.17,1669.0,1662.12,1668.86,1930,0,0
2012-03-26 00:00:00,1662.45,1693.38,1655.34,1689.88,49104,0,0
2012-03-27 00:00:00,1689.95,1697.08,1679.43,1680.2,43008,0,0
2012-03-28 00:00:00,1680.0,1684.4,1654.43,1663.35,52167,0,0
2012-03-29 00:00:00,1663.7,1664.85,1644.98,1661.38,49847,0,0
2012-03-30 00:00:00,1661.3,1670.88,1659.73,1668.43,44618,0,0
2012-04-01 00:00:00,1670.74,1674.39,1670.15,1672.39,1870,0,0
2012-04-02 00:00:00,1669.55,1683.48,1662.93,1677.55,42784,0,0
2012-04-03 00:00:00,1677.15,1681.03,1638.68,1645.95,53268,0,0
2012-04-04 00:00:00,1645.7,1648.0,1612.0,1620.6,56421,0,0
2012-04-05 00:00:00,1620.35,1633.42,1619.78,1631.1,41327,0,0
2012-04-06 00:00:00,1630.6,1639.75,1628.65,1637.8,583,0,0
2012-04-08 00:00:00,1642.15,1646.59,1641.23,1642.37,4884,0,0
2012-04-09 00:00:00,1639.55,1648.74,1635.5,1640.05,35353,0,0
2012-04-10 00:00:00,1640.45,1662.88,1631.78,1659.7,54215,0,0
2012-04-11 00:00:00,1660.05,1662.44,1652.73,1658.7,49155,0,0
2012-04-12 00:00:00,1659.2,1680.18,1650.38,1675.64,48294,0,0
2012-04-13 00:00:00,1675.05,1677.98,1649.18,1656.1,49901,0,0
2012-04-15 00:00:00,1654.61,1655.25,1651.11,1652.68,2867,0,0
2012-04-16 00:00:00,1655.7,1657.78,1641.15,1651.7,55953,0,0
2012-04-17 00:00:00,1651.7,1657.38,1634.4,1649.47,50753,0,0
2012-04-18 00:00:00,1649.85,1654.25,1637.75,1641.98,49573,0,0
2012-04-19 00:00:00,1641.75,1653.81,1630.88,1642.65,54662,0,0
2012-04-20 00:00:00,1642.3,1647.13,1638.4,1642.07,40047,0,0
2012-04-22 00:00:00,1641.33,1642.7,1639.74,1642.59,1473,0,0
2012-04-23 00:00:00,1641.72,1643.18,1623.16,1638.45,44113,0,0
2012-04-24 00:00:00,1637.7,1649.23,1633.78,1641.88,39609,0,0
2012-04-25 00:00:00,1640.35,1646.43,1624.55,1643.63,49149,0,0
2012-04-26 00:00:00,1643.85,1661.0,1641.73,1656.8,40998,0,0
2012-04-27 00:00:00,1656.4,1667.59,1650.43,1662.13,40744,0,0
2012-04-29 00:00:00,1662.38,1664.94,1662.24,1664.88,1248,0,0
2012-04-30 00:00:00,1661.8,1666.18,1644.48,1664.57,35899,0,0
2012-05-01 00:00:00,1663.75,1671.5,1656.93,1662.55,27289,0,0
2012-05-02 00:00:00,1662.0,1663.05,1645.85,1653.35,39587,0,0
2012-05-03 00:00:00,1653.35,1653.5,1630.96,1635.81,44616,0,0
2012-05-04 00:00:00,1635.8,1647.38,1626.73,1642.14,45253,0,0
2012-05-06 00:00:00,1638.62,1640.62,1635.67,1638.91,3552,0,0
2012-05-07 00:00:00,1642.45,1642.45,1631.8,1638.3,42654,0,0
2012-05-08 00:00:00,1637.75,1639.0,1595.27,1605.32,55405,0,0
2012-05-09 00:00:00,1605.3,1606.42,1579.56,1589.38,69661,0,0
2012-05-10 00:00:00,1589.35,1601.96,1585.53,1593.78,51344,0,0
2012-05-11 00:00:00,1593.36,1594.93,1572.9,1581.08,52464,0,0
2012-05-13 00:00:00,1584.12,1584.12,1578.06,1580.66,2882,0,0
2012-05-14 00:00:00,1585.17,1585.68,1556.03,1556.5,55514,0,0
2012-05-15 00:00:00,1556.45,1564.15,1541.35,1543.95,55609,0,0
2012-05-16 00:00:00,1543.95,1552.13,1526.88,1539.45,67502,0,0
2012-05-17 00:00:00,1538.85,1579.9,1538.42,1573.95,56025,0,0
2012-05-18 00:00:00,1573.85,1597.48,1567.83,1591.48,56933,0,0
2012-05-20 00:00:00,1590.44,1594.17,1590.44,1594.07,2022,0,0
2012-05-21 00:00:00,1590.25,1599.05,1584.73,1592.93,44867,0,0
2012-05-22 00:00:00,1592.25,1594.33,1561.3,1567.65,49862,0,0
2012-05-23 00:00:00,1568.0,1568.6,1533.33,1561.25,62043,0,0
2012-05-24 00:00:00,1560.95,1577.88,1551.38,1558.9,55666,0,0
2012-05-25 00:00:00,1558.25,1574.08,1551.12,1572.9,46646,0,0
2012-05-27 00:00:00,1573.65,1576.52,1571.45,1574.23,2307,0,0
2012-05-28 00:00:00,1573.65,1583.79,1571.28,1575.85,24780,0,0
2012-05-29 00:00:00,1573.85,1582.65,1548.03,1554.8,49599,0,0
2012-05-30 00:00:00,1554.85,1569.5,1531.33,1563.0,54732,0,0
2012-05-31 00:00:00,1562.65,1573.07,1552.08,1560.2,53863,0,0
2012-06-01 00:00:00,1559.9,1630.1,1544.47,1621.95,63716,0,0
2012-06-03 00:00:00,1625.32,1627.17,1615.74,1616.66,4129,0,0
2012-06-04 00:00:00,1625.35,1627.95,1608.75,1618.85,56534,0,0
2012-06-05 00:00:00,1618.55,1623.45,1611.97,1616.8,51365,0,0
2012-06-06 00:00:00,1617.35,1640.82,1613.03,1619.93,60235,0,0
2012-06-07 00:00:00,1619.15,1629.01,1578.73,1589.31,61885,0,0
2012-06-08 00:00:00,1588.7,1594.65,1554.45,1594.25,57628,0,0
2012-06-10 00:00:00,1601.02,1608.1,1600.97,1606.5,1772,0,0
2012-06-11 00:00:00,1600.6,1607.98,1581.6,1596.55,51879,0,0
2012-06-12 00:00:00,1596.2,1617.63,1586.2,1609.55,51718,0,0
2012-06-13 00:00:00,1609.6,1624.63,1605.88,1616.9,46685,0,0
2012-06-14 00:00:00,1617.0,1627.95,1609.45,1623.3,45305,0,0
2012-06-15 00:00:00,1623.1,1633.69,1619.85,1625.73,36768,0,0
2012-06-17 00:00:00,1628.67,1629.85,1603.12,1618.42,9610,0,0
2012-06-18 00:00:00,1618.42,1630.01,1613.02,1627.72,96970,0,0
2012-06-19 00:00:00,1627.66,1633.28,1617.35,1620.51,85758,0,0
2012-06-20 00:00:00,1620.54,1622.05,1589.92,1604.02,128222,0,0
2012-06-21 00:00:00,1603.95,1604.22,1564.03,1568.05,126900,0,0
2012-06-22 00:00:00,1568.12,1573.28,1557.84,1572.26,79540,0,0
2012-06-24 00:00:00,1572.09,1573.13,1567.32,1569.52,2631,0,0
2012-06-25 00:00:00,1569.4,1588.22,1566.23,1584.73,84855,0,0
2012-06-26 00:00:00,1584.82,1586.89,1567.66,1571.73,77559,0,0
2012-06-27 00:00:00,1571.77,1583.22,1562.48,1574.26,76841,0,0
2012-06-28 00:00:00,1574.23,1578.93,1547.66,1552.84,95715,0,0
2012-06-29 00:00:00,1552.8,1606.85,1550.74,1597.19,106299,0,0
2012-07-01 00:00:00,1598.63,1599.61,1596.82,1598.85,2164,0,0
2012-07-02 00:00:00,1598.85,1602.44,1587.17,1595.15,70420,0,0
2012-07-03 00:00:00,1595.12,1624.89,1594.82,1619.72,66875,0,0
2012-07-04 00:00:00,1619.47,1619.67,1611.39,1615.3,38574,0,0
2012-07-05 00:00:00,1615.29,1623.82,1597.28,1607.19,89744,0,0
2012-07-06 00:00:00,1607.19,1609.94,1576.22,1583.53,95393,0,0
2012-07-08 00:00:00,1581.45,1581.45,1575.72,1578.4,2657,0,0
2012-07-09 00:00:00,1578.3,1592.82,1577.74,1587.42,60733,0,0
2012-07-10 00:00:00,1587.52,1601.42,1564.39,1571.02,81741,0,0
2012-07-11 00:00:00,1570.97,1583.22,1566.69,1576.64,80488,0,0
2012-07-12 00:00:00,1576.67,1577.12,1554.7,1568.42,92787,0,0
2012-07-13 00:00:00,1568.42,1596.7,1567.15,1589.31,69608,0,0
2012-07-15 00:00:00,1590.02,1592.42,1588.42,1590.62,1143,0,0
2012-07-16 00:00:00,1590.62,1594.82,1577.62,1590.12,70587,0,0
2012-07-17 00:00:00,1590.22,1598.96,1571.33,1584.06,92722,0,0
2012-07-18 00:00:00,1584.06,1585.86,1567.6,1573.62,85015,0,0
2012-07-19 00:00:00,1573.62,1591.62,1572.78,1583.98,74346,0,0
2012-07-20 00:00:00,1583.98,1587.22,1573.32,1584.29,81013,0,0
2012-07-22 00:00:00,1580.99,1582.82,1577.66,1581.42,2013,0,0
2012-07-23 00:00:00,1581.52,1582.22,1562.93,1576.82,82782,0,0
2012-07-24 00:00:00,1576.92,1584.62,1568.75,1580.12,89808,0,0
2012-07-25 00:00:00,1580.04,1610.52,1579.21,1602.72,88764,0,0
2012-07-26 00:00:00,1615.47,1615.79,1613.3,1613.3,1254,0,0
2012-07-27 00:00:00,1613.3,1629.65,1611.63,1623.2,58574,0,0
2012-07-29 00:00:00,1623.63,1626.08,1621.87,1623.0,1810,0,0
2012-07-30 00:00:00,1623.0,1625.06,1614.31,1621.47,39220,0,0
2012-07-31 00:00:00,1621.49,1628.05,1610.82,1613.15,50886,0,0
2012-08-01 00:00:00,1613.1,1618.5,1591.85,1601.96,47055,0,0
2012-08-02 00:00:00,1601.95,1615.37,1584.65,1589.4,71940,0,0
2012-08-03 00:00:00,1589.25,1606.72,1585.7,1603.44,47906,0,0
2012-08-05 00:00:00,1604.56,1606.1,1602.48,1605.4,1711,0,0
2012-08-06 00:00:00,1605.4,1615.47,1603.5,1611.55,36220,0,0
2012-08-07 00:00:00,1611.5,1618.6,1608.66,1610.7,39029,0,0
2012-08-08 00:00:00,1610.65,1616.82,1603.35,1612.45,40995,0,0
2012-08-09 00:00:00,1612.5,1618.37,1609.65,1616.47,35294,0,0
2012-08-10 00:00:00,1616.45,1626.52,1605.45,1620.05,38364,0,0
2012-08-12 00:00:00,1620.59,1622.0,1619.52,1621.2,1341,0,0
2012-08-13 00:00:00,1621.3,1625.65,1607.27,1610.6,37532,0,0
2012-08-14 00:00:00,1610.5,1616.4,1590.75,1600.22,36616,0,0
2012-08-15 00:00:00,1600.2,1606.54,1589.95,1604.05,33803,0,0
2012-08-16 00:00:00,1604.1,1618.77,1600.9,1615.32,29169,0,0
2012-08-17 00:00:00,1615.3,1620.4,1611.6,1615.5,32303,0,0
2012-08-19 00:00:00,1615.72,1618.02,1615.71,1617.12,1126,0,0
2012-08-20 00:00:00,1617.15,1622.55,1609.72,1619.5,29470,0,0
2012-08-21 00:00:00,1619.45,1641.41,1618.8,1637.45,30911,0,0
2012-08-22 00:00:00,1637.5,1656.05,1634.38,1655.6,40468,0,0
2012-08-23 00:00:00,1655.7,1674.97,1654.1,1668.55,47187,0,0
2012-08-24 00:00:00,1668.55,1673.91,1662.67,1670.2,45047,0,0
2012-08-26 00:00:00,1670.2,1674.8,1670.06,1673.9,1303,0,0
2012-08-27 00:00:00,1674.0,1676.83,1663.1,1665.4,28206,0,0
2012-08-28 00:00:00,1665.35,1672.37,1657.09,1666.77,38691,0,0
2012-08-29 00:00:00,1666.87,1669.95,1652.2,1656.4,37422,0,0
2012-08-30 00:00:00,1656.45,1664.15,1650.74,1655.0,34074,0,0
2012-08-31 00:00:00,1654.95,1693.0,1645.93,1691.5,51599,0,0
2012-09-02 00:00:00,1691.12,1693.1,1687.35,1688.45,2012,0,0
2012-09-03 00:00:00,1688.4,1695.3,1685.36,1692.45,24264,0,0
2012-09-04 00:00:00,1692.45,1698.87,1688.0,1692.65,46032,0,0
2012-09-05 00:00:00,1692.65,1695.07,1687.3,1692.15,38677,0,0
2012-09-06 00:00:00,1692.1,1713.85,1691.45,1698.8,51133,0,0
2012-09-07 00:00:00,1698.8,1742.15,1688.87,1735.5,54183,0,0
2012-09-09 00:00:00,1735.78,1736.1,1733.6,1736.1,1398,0,0
2012-09-10 00:00:00,1736.15,1740.1,1724.73,1727.95,42345,0,0
2012-09-11 00:00:00,1727.85,1738.0,1726.8,1733.55,37162,0,0
2012-09-12 00:00:00,1733.55,1747.15,1725.25,1732.05,48337,0,0
2012-09-13 00:00:00,1732.1,1772.78,1717.9,1768.1,65120,0,0
2012-09-14 00:00:00,1768.1,1777.8,1765.55,1770.3,61527,0,0
2012-09-16 00:00:00,1771.67,1776.4,1771.66,1774.25,3639,0,0
2012-09-17 00:00:00,1774.2,1776.45,1754.21,1760.5,43798,0,0
2012-09-18 00:00:00,1760.5,1773.35,1752.1,1768.3,49915,0,0
2012-09-19 00:00:00,1768.37,1779.45,1762.0,1771.15,43786,0,0
2012-09-20 00:00:00,1771.15,1772.3,1755.79,1769.15,52370,0,0
2012-09-21 00:00:00,1769.23,1787.47,1768.85,1773.1,57880,0,0
2012-09-23 00:00:00,1772.17,1772.46,1769.9,1769.9,1225,0,0
2012-09-24 00:00:00,1769.85,1770.15,1755.6,1764.55,55002,0,0
2012-09-25 00:00:00,1764.5,1774.99,1758.75,1760.75,52160,0,0
2012-09-26 00:00:00,1760.65,1765.6,1736.27,1754.7,53653,0,0
2012-09-27 00:00:00,1754.65,1780.39,1752.9,1777.2,56689,0,0
2012-09-28 00:00:00,1777.27,1783.3,1767.2,1772.29,58547,0,0
2012-09-30 00:00:00,1771.23,1771.23,1765.35,1765.6,1866,0,0
2012-10-01 00:00:00,1765.6,1791.62,1763.35,1777.25,75046,0,0
2012-10-02 00:00:00,1777.3,1784.35,1770.45,1772.9,58629,0,0
2012-10-03 00:00:00,1772.9,1781.88,1770.9,1780.0,51138,0,0
2012-10-04 00:00:00,1780.0,1795.16,1778.0,1792.45,57672,0,0
2012-10-05 00:00:00,1792.5,1795.91,1772.68,1780.6,53319,0,0
2012-10-07 00:00:00,1779.51,1779.9,1776.45,1778.85,1446,0,0
2012-10-08 00:00:00,1778.89,1779.55,1766.7,1777.45,45149,0,0
2012-10-09 00:00:00,1777.45,1779.7,1760.34,1762.7,60110,0,0
2012-10-10 00:00:00,1762.65,1768.2,1756.9,1761.2,54128,0,0
2012-10-11 00:00:00,1761.2,1774.95,1758.6,1768.95,53490,0,0
2012-10-12 00:00:00,1768.9,1773.31,1752.1,1753.85,57287,0,0
2012-10-14 00:00:00,1754.03,1755.0,1741.5,1742.2,4562,0,0
2012-10-15 00:00:00,1742.2,1751.85,1728.37,1735.71,50977,0,0
2012-10-16 00:00:00,1735.7,1749.95,1734.85,1749.15,46031,0,0
2012-10-17 00:00:00,1749.15,1753.51,1742.81,1748.25,42715,0,0
2012-10-18 00:00:00,1748.3,1752.2,1738.05,1741.95,48808,0,0
2012-10-19 00:00:00,1741.95,1743.0,1715.94,1721.6,51995,0,0
2012-10-21 00:00:00,1720.35,1720.35,1713.36,1717.89,4138,0,0
2012-10-22 00:00:00,1717.83,1730.43,1717.4,1728.05,43900,0,0
2012-10-23 00:00:00,1728.05,1729.4,1703.9,1710.8,64450,0,0
2012-10-24 00:00:00,1710.8,1714.4,1698.46,1705.0,63816,0,0
2012-10-25 00:00:00,1704.95,1718.15,1704.65,1713.7,51301,0,0
2012-10-26 00:00:00,1713.65,1719.05,1700.72,1711.19,57868,0,0
2012-10-28 00:00:00,1711.17,1713.95,1710.05,1713.75,1756,0,0
2012-10-29 00:00:00,1713.78,1717.3,1705.17,1708.15,31943,0,0
2012-10-30 00:00:00,1708.19,1715.2,1706.45,1711.3,29503,0,0
2012-10-31 00:00:00,1711.2,1726.0,1710.87,1720.18,42241,0,0
2012-11-01 00:00:00,1720.15,1727.01,1713.57,1716.0,37455,0,0
2012-11-02 00:00:00,1715.7,1716.65,1674.44,1677.8,70949,0,0
2012-11-04 00:00:00,1676.66,1682.1,1676.07,1682.1,2045,0,0
2012-11-05 00:00:00,1682.06,1686.8,1672.5,1686.1,46396,0,0
2012-11-06 00:00:00,1686.1,1720.86,1683.58,1711.2,55368,0,0
2012-11-07 00:00:00,1711.2,1732.3,1703.05,1716.95,95021,0,0
2012-11-08 00:00:00,1716.9,1735.1,1712.65,1732.0,58081,0,0
2012-11-09 00:00:00,1732.05,1739.05,1727.06,1730.99,73025,0,0
2012-11-11 00:00:00,1731.0,1736.6,1731.0,1734.9,1966,0,0
2012-11-12 00:00:00,1734.9,1738.15,1725.4,1726.5,49630,0,0
2012-11-13 00:00:00,1726.55,1733.0,1717.7,1726.35,62587,0,0
2012-11-14 00:00:00,1726.35,1734.0,1720.75,1724.39,60235,0,0
2012-11-15 00:00:00,1724.44,1727.89,1704.84,1715.74,75121,0,0
2012-11-16 00:00:00,1715.74,1717.09,1705.75,1713.83,61417,0,0
2012-11-18 00:00:00,1714.5,1718.39,1714.22,1717.61,1607,0,0
2012-11-19 00:00:00,1717.64,1735.59,1716.09,1729.99,47068,0,0
2012-11-20 00:00:00,1729.99,1735.65,1722.14,1726.53,44906,0,0
2012-11-21 00:00:00,1726.5,1732.04,1719.49,1730.7,31460,0,0
2012-11-22 00:00:00,1730.67,1732.5,1727.76,1729.74,16567,0,0
2012-11-23 00:00:00,1729.74,1754.31,1728.84,1747.14,32107,0,0
2012-11-25 00:00:00,1750.69,1751.36,1749.45,1750.31,1287,0,0
2012-11-26 00:00:00,1750.33,1752.17,1745.94,1749.53,38055,0,0
2012-11-27 00:00:00,1749.53,1751.84,1740.32,1741.96,42659,0,0
2012-11-28 00:00:00,1741.95,1743.16,1705.97,1722.63,80529,0,0
2012-11-29 00:00:00,1722.63,1728.52,1718.21,1726.08,72559,0,0
2012-11-30 00:00:00,1726.08,1731.76,1708.52,1714.64,77986,0,0
2012-12-02 00:00:00,1714.68,1717.36,1714.68,1716.69,2049,0,0
2012-12-03 00:00:00,1716.69,1722.83,1712.87,1716.09,71355,0,0
2012-12-04 00:00:00,1716.06,1716.63,1691.39,1695.23,85509,0,0
2012-12-05 00:00:00,1695.22,1706.96,1684.81,1692.59,71612,0,0
2012-12-06 00:00:00,1692.58,1703.35,1686.05,1700.32,73680,0,0
2012-12-07 00:00:00,1700.33,1705.62,1683.87,1703.85,67077,0,0
2012-12-09 00:00:00,1705.07,1705.24,1702.82,1703.55,1650,0,0
2012-12-10 00:00:00,1703.57,1717.39,1702.88,1711.61,52924,0,0
2012-12-11 00:00:00,1711.61,1714.48,1704.86,1709.31,58174,0,0
2012-12-12 00:00:00,1709.33,1723.43,1707.27,1709.15,71908,0,0
2012-12-13 00:00:00,1709.14,1709.82,1689.62,1696.83,85353,0,0
2012-12-14 00:00:00,1696.84,1700.59,1693.43,1695.76,62044,0,0
2012-12-16 00:00:00,1697.82,1699.93,1695.28,1695.4,2021,0,0
2012-12-17 00:00:00,1695.39,1699.47,1686.6,1697.32,57667,0,0
2012-12-18 00:00:00,1697.34,1703.29,1660.97,1676.48,69020,0,0
2012-12-19 00:00:00,1676.48,1676.98,1663.55,1667.7,66770,0,0
2012-12-20 00:00:00,1667.68,1671.91,1635.8,1648.6,75106,0,0
2012-12-21 00:00:00,1648.61,1659.84,1635.71,1657.07,74608,0,0
2012-12-23 00:00:00,1656.94,1659.04,1656.93,1658.33,1278,0,0
2012-12-24 00:00:00,1658.32,1665.96,1652.07,1658.55,38240,0,0
2012-12-25 00:00:00,1656.26,1657.16,1650.08,1651.58,1723,0,0
2012-12-26 00:00:00,1651.58,1668.16,1651.43,1658.94,40088,0,0
2012-12-27 00:00:00,1658.95,1666.46,1652.76,1662.15,56471,0,0
2012-12-28 00:00:00,1662.16,1665.18,1653.78,1655.77,48533,0,0
2012-12-30 00:00:00,1655.67,1657.78,1655.59,1657.28,1023,0,0
2012-12-31 00:00:00,1657.29,1680.58,1656.79,1675.04,50100,0,0
2013-01-01 00:00:00,1674.39,1674.39,1670.3,1670.9,1565,0,0
2013-01-02 00:00:00,1670.9,1694.99,1670.42,1687.34,62069,0,0
2013-01-03 00:00:00,1687.34,1690.08,1660.89,1660.93,68295,0,0
2013-01-04 00:00:00,1660.95,1662.24,1625.89,1655.48,96359,0,0
2013-01-06 00:00:00,1653.89,1659.09,1653.88,1656.86,2226,0,0
2013-01-07 00:00:00,1656.89,1662.6,1642.9,1650.1,73681,0,0
2013-01-08 00:00:00,1650.09,1662.63,1646.89,1661.31,79064,0,0
2013-01-09 00:00:00,1661.3,1665.94,1651.49,1656.16,65053,0,0
2013-01-10 00:00:00,1656.11,1678.85,1653.86,1673.71,34758,0,0
2013-01-11 00:00:00,1673.71,1676.83,1653.27,1662.66,37379,0,0
2013-01-13 00:00:00,1662.55,1662.64,1659.97,1660.81,1213,0,0
2013-01-14 00:00:00,1660.76,1674.91,1660.76,1667.83,29028,0,0
2013-01-15 00:00:00,1667.83,1685.12,1666.56,1680.93,43833,0,0
2013-01-16 00:00:00,1680.91,1684.74,1673.31,1680.52,43097,0,0
2013-01-17 00:00:00,1680.56,1696.91,1666.66,1687.36,51233,0,0
2013-01-18 00:00:00,1687.41,1695.22,1683.56,1683.96,43293,0,0
2013-01-20 00:00:00,1685.69,1689.52,1684.81,1688.51,1462,0,0
2013-01-21 00:00:00,1688.43,1691.36,1685.82,1689.56,25069,0,0
2013-01-22 00:00:00,1689.61,1696.16,1686.72,1692.76,41054,0,0
2013-01-23 00:00:00,1692.76,1695.06,1683.48,1684.91,37596,0,0
2013-01-24 00:00:00,1684.91,1685.71,1664.96,1667.75,48525,0,0
2013-01-25 00:00:00,1667.78,1672.31,1655.91,1658.56,46303,0,0
2013-01-27 00:00:00,1658.81,1660.48,1658.16,1659.46,992,0,0
2013-01-28 00:00:00,1659.43,1662.37,1651.99,1657.16,42084,0,0
2013-01-29 00:00:00,1657.16,1665.96,1656.81,1664.26,36841,0,0
2013-01-30 00:00:00,1664.26,1683.81,1662.71,1676.73,41054,0,0
2013-01-31 00:00:00,1676.75,1680.7,1657.81,1662.95,42413,0,0
2013-02-01 00:00:00,1662.92,1682.06,1660.08,1667.21,42694,0,0
2013-02-03 00:00:00,1668.6,1668.93,1665.43,1667.09,1277,0,0
2013-02-04 00:00:00,1667.07,1677.56,1661.38,1674.25,37414,0,0
2013-02-05 00:00:00,1674.27,1685.06,1666.61,1674.82,41740,0,0
2013-02-06 00:00:00,1674.82,1679.69,1668.2,1678.51,37346,0,0
2013-02-07 00:00:00,1678.54,1683.16,1663.12,1671.21,46257,0,0
2013-02-08 00:00:00,1671.16,1673.6,1665.16,1666.95,36976,0,0
2013-02-10 00:00:00,1667.55,1668.11,1666.27,1666.66,665,0,0
2013-02-11 00:00:00,1666.66,1669.56,1643.67,1648.51,37886,0,0
2013-02-12 00:00:00,1648.51,1653.32,1639.18,1651.62,41073,0,0
2013-02-13 00:00:00,1651.62,1653.51,1640.56,1644.24,39700,0,0
2013-02-14 00:00:00,1644.16,1650.05,1632.81,1635.26,42850,0,0
2013-02-15 00:00:00,1635.21,1636.21,1597.6,1609.9,50529,0,0
2013-02-17 00:00:00,1609.66,1613.06,1608.96,1612.91,1334,0,0
2013-02-18 00:00:00,1612.79,1618.86,1607.06,1614.1,34330,0,0
2013-02-19 00:00:00,1614.12,1615.21,1600.81,1605.16,37745,0,0
2013-02-20 00:00:00,1605.11,1609.47,1558.64,1570.51,58182,0,0
2013-02-21 00:00:00,1570.51,1584.71,1554.86,1578.66,63685,0,0
2013-02-22 00:00:00,1578.66,1587.08,1570.06,1581.08,47233,0,0
2013-02-24 00:00:00,1580.21,1581.0,1577.94,1578.55,1300,0,0
2013-02-25 00:00:00,1578.53,1596.99,1575.21,1594.91,47398,0,0
2013-02-26 00:00:00,1594.85,1620.04,1584.38,1613.29,61439,0,0
2013-02-27 00:00:00,1613.42,1614.76,1592.46,1597.06,47653,0,0
2013-02-28 00:00:00,1596.96,1603.06,1574.84,1581.05,46756,0,0
2013-03-01 00:00:00,1581.03,1587.28,1564.74,1575.94,54862,0,0
2013-03-03 00:00:00,1578.97,1581.67,1578.44,1579.16,1219,0,0
2013-03-04 00:00:00,1579.26,1584.86,1569.41,1575.26,47226,0,0
2013-03-05 00:00:00,1575.26,1586.49,1571.97,1577.39,41347,0,0
2013-03-06 00:00:00,1577.37,1585.09,1567.16,1582.1,39301,0,0
2013-03-07 00:00:00,1582.1,1585.46,1574.91,1579.66,36567,0,0
2013-03-08 00:00:00,1579.56,1583.61,1561.41,1578.65,39146,0,0
2013-03-10 00:00:00,1578.69,1579.48,1576.51,1578.41,830,0,0
2013-03-11 00:00:00,1578.21,1583.41,1575.16,1582.02,27201,0,0
2013-03-12 00:00:00,1582.12,1598.35,1579.95,1592.61,35340,0,0
2013-03-13 00:00:00,1592.54,1599.26,1585.5,1588.05,36582,0,0
2013-03-14 00:00:00,1588.03,1593.46,1576.44,1589.63,40939,0,0
2013-03-15 00:00:00,1589.65,1599.04,1588.52,1591.87,33977,0,0
2013-03-17 00:00:00,1597.76,1608.68,1596.8,1603.93,4386,0,0
2013-03-18 00:00:00,1603.95,1611.2,1591.1,1605.76,42718,0,0
2013-03-19 00:00:00,1605.76,1615.71,1600.06,1612.56,36585,0,0
2013-03-20 00:00:00,1612.57,1614.81,1600.61,1606.13,42002,0,0
2013-03-21 00:00:00,1606.13,1616.76,1604.49,1615.7,40553,0,0
2013-03-22 00:00:00,1615.73,1615.75,1603.61,1608.5,41134,0,0
2013-03-24 00:00:00,1609.31,1610.61,1602.77,1606.66,2704,0,0
2013-03-25 00:00:00,1606.66,1613.69,1589.74,1605.98,52686,0,0
2013-03-26 00:00:00,1606.01,1606.01,1594.61,1600.11,42288,0,0
2013-03-27 00:00:00,1600.11,1608.46,1591.35,1605.21,44718,0,0
2013-03-28 00:00:00,1605.3,1607.65,1594.06,1594.76,42804,0,0
2013-03-29 00:00:00,1595.56,1599.36,1569.71,1594.31,1403,0,0
2013-03-31 00:00:00,1597.44,1601.01,1595.71,1596.52,2207,0,0
2013-04-01 00:00:00,1596.6,1602.12,1594.81,1601.64,37350,0,0
2013-04-02 00:00:00,1601.67,1603.88,1573.86,1576.51,42868,0,0
2013-04-03 00:00:00,1576.46,1577.26,1549.86,1555.05,62071,0,0
2013-04-04 00:00:00,1555.07,1556.87,1540.16,1552.55,65200,0,0
2013-04-05 00:00:00,1552.6,1581.25,1549.41,1580.74,55793,0,0
2013-04-07 00:00:00,1582.91,1583.18,1577.25,1577.32,5126,0,0
2013-04-08 00:00:00,1577.36,1580.91,1567.33,1572.12,83242,0,0
2013-04-09 00:00:00,1572.09,1590.35,1570.48,1585.46,88550,0,0
2013-04-10 00:00:00,1585.45,1588.65,1553.58,1555.51,106212,0,0
2013-04-11 00:00:00,1555.51,1568.42,1553.47,1561.98,95310,0,0
2013-04-12 00:00:00,1561.95,1564.73,1481.4,1483.3,127420,0,0
2013-04-14 00:00:00,1480.27,1490.6,1477.69,1490.09,12492,0,0
2013-04-15 00:00:00,1490.08,1495.57,1335.41,1351.9,245245,0,0
2013-04-16 00:00:00,1351.77,1403.54,1321.83,1371.2,212819,0,0
2013-04-17 00:00:00,1371.2,1395.12,1365.09,1373.33,172193,0,0
2013-04-18 00:00:00,1373.34,1402.14,1336.88,1394.35,159115,0,0
2013-04-19 00:00:00,1394.39,1425.42,1385.95,1403.61,135282,0,0
2013-04-21 00:00:00,1407.9,1409.02,1404.51,1408.48,8197,0,0
2013-04-22 00:00:00,1408.49,1439.09,1403.78,1424.25,149825,0,0
2013-04-23 00:00:00,1424.23,1432.94,1404.79,1414.3,161716,0,0
2013-04-24 00:00:00,1414.33,1433.93,1414.31,1430.0,150471,0,0
2013-04-25 00:00:00,1429.99,1473.89,1427.09,1473.3,153400,0,0
2013-04-26 00:00:00,1473.29,1485.36,1448.15,1461.54,157854,0,0
2013-04-28 00:00:00,1466.64,1468.02,1462.31,1465.18,7915,0,0
2013-04-29 00:00:00,1465.19,1478.91,1462.84,1473.49,129190,0,0
2013-04-30 00:00:00,1473.47,1480.24,1461.16,1476.36,139323,0,0
2013-05-01 00:00:00,1476.34,1478.02,1440.49,1459.0,150234,0,0
2013-05-02 00:00:00,1458.98,1473.91,1448.84,1467.71,151882,0,0
2013-05-03 00:00:00,1467.74,1488.03,1456.2,1470.69,149458,0,0
2013-05-05 00:00:00,1469.92,1470.88,1468.25,1470.61,7227,0,0
2013-05-06 00:00:00,1470.65,1479.04,1464.6,1467.21,131613,0,0
2013-05-07 00:00:00,1467.24,1470.22,1441.43,1450.21,162697,0,0
2013-05-08 00:00:00,1450.2,1476.72,1447.76,1472.07,154026,0,0
2013-05-09 00:00:00,1472.06,1476.45,1453.35,1455.63,154251,0,0
2013-05-10 00:00:00,1455.6,1462.22,1419.67,1447.94,172426,0,0
2013-05-12 00:00:00,1448.64,1448.72,1437.14,1437.68,11561,0,0
2013-05-13 00:00:00,1437.69,1439.81,1426.02,1435.42,151936,0,0
2013-05-14 00:00:00,1435.43,1445.5,1421.26,1430.08,159434,0,0
2013-05-15 00:00:00,1430.05,1430.07,1388.57,1395.96,173063,0,0
2013-05-16 00:00:00,1395.91,1398.28,1369.69,1387.04,181734,0,0
2013-05-17 00:00:00,1387.04,1393.09,1355.35,1359.41,175543,0,0
2013-05-19 00:00:00,1364.63,1365.58,1338.85,1348.4,18787,0,0
2013-05-20 00:00:00,1348.43,1399.66,1338.15,1388.9,182666,0,0
2013-05-21 00:00:00,1388.91,1401.61,1359.77,1377.25,179600,0,0
2013-05-22 00:00:00,1377.26,1414.41,1354.58,1363.2,180054,0,0
2013-05-23 00:00:00,1363.17,1398.18,1356.9,1388.02,177607,0,0
2013-05-24 00:00:00,1388.04,1398.29,1382.35,1386.72,141019,0,0
2013-05-26 00:00:00,1386.34,1388.91,1384.38,1386.27,7165,0,0
2013-05-27 00:00:00,1386.26,1396.67,1384.43,1396.15,80078,0,0
2013-05-28 00:00:00,1396.17,1402.18,1373.79,1380.62,154480,0,0
2013-05-29 00:00:00,1380.64,1395.55,1380.24,1392.38,149690,0,0
2013-05-30 00:00:00,1392.34,1418.11,1388.8,1415.22,153689,0,0
2013-05-31 00:00:00,1415.2,1421.97,1384.82,1387.66,145607,0,0
2013-06-02 00:00:00,1388.76,1395.13,1388.74,1394.43,7837,0,0
2013-06-03 00:00:00,1394.41,1416.99,1390.93,1412.81,142523,0,0
2013-06-04 00:00:00,1412.77,1415.0,1388.88,1398.61,136356,0,0
2013-06-05 00:00:00,1398.65,1410.52,1395.73,1401.25,147679,0,0
2013-06-06 00:00:00,1401.18,1423.87,1391.76,1411.89,164993,0,0
2013-06-07 00:00:00,1411.93,1418.02,1377.81,1382.84,165860,0,0
2013-06-09 00:00:00,1383.22,1388.31,1378.47,1384.49,9481,0,0
2013-06-10 00:00:00,1384.52,1389.05,1375.9,1384.16,133250,0,0
2013-06-11 00:00:00,1384.18,1387.0,1365.94,1377.65,147360,0,0
2013-06-12 00:00:00,1377.66,1394.63,1373.94,1386.22,127963,0,0
2013-06-13 00:00:00,1386.21,1394.98,1374.5,1385.63,145878,0,0
2013-06-14 00:00:00,1385.51,1392.35,1378.43,1390.42,121180,0,0
2013-06-16 00:00:00,1390.3,1390.86,1389.13,1390.25,3650,0,0
2013-06-17 00:00:00,1390.21,1392.08,1380.55,1384.59,103743,0,0
2013-06-18 00:00:00,1384.57,1386.06,1361.1,1369.37,121493,0,0
2013-06-19 00:00:00,1369.35,1377.0,1343.18,1346.34,130413,0,0
2013-06-20 00:00:00,1346.36,1348.17,1274.5,1274.5,204536,0,0
2013-06-21 00:00:00,1274.49,1302.43,1269.59,1296.69,174142,0,0
2013-06-23 00:00:00,1297.45,1301.59,1297.04,1300.5,6435,0,0
2013-06-24 00:00:00,1300.51,1301.34,1276.11,1284.04,141416,0,0
2013-06-25 00:00:00,1284.04,1289.44,1271.81,1274.76,123061,0,0
2013-06-26 00:00:00,1274.76,1276.85,1221.8,1228.39,173794,0,0
2013-06-27 00:00:00,1228.58,1244.77,1196.81,1205.36,159224,0,0
2013-06-28 00:00:00,1205.46,1235.52,1180.5,1234.19,154673,0,0
2013-06-30 00:00:00,1234.36,1245.15,1233.55,1239.44,9350,0,0
2013-07-01 00:00:00,1239.42,1261.73,1225.32,1252.44,132446,0,0
2013-07-02 00:00:00,1252.46,1267.42,1239.75,1244.9,125983,0,0
2013-07-03 00:00:00,1244.93,1260.05,1236.83,1255.46,114725,0,0
2013-07-04 00:00:00,1255.43,1257.01,1244.31,1247.96,76818,0,0
2013-07-05 00:00:00,1247.92,1248.95,1208.2,1223.27,118079,0,0
2013-07-07 00:00:00,1222.19,1230.09,1217.64,1218.9,8387,0,0
2013-07-08 00:00:00,1218.89,1238.69,1215.68,1233.96,112189,0,0
2013-07-09 00:00:00,1233.97,1260.53,1233.53,1248.83,115048,0,0
2013-07-10 00:00:00,1248.87,1289.62,1243.94,1283.09,82228,0,0
2013-07-11 00:00:00,1283.11,1298.82,1277.7,1285.76,89961,0,0
2013-07-12 00:00:00,1285.77,1288.67,1267.92,1285.46,77155,0,0
2013-07-14 00:00:00,1285.06,1294.88,1284.86,1289.36,5372,0,0
2013-07-15 00:00:00,1289.57,1294.58,1274.07,1282.48,75152,0,0
2013-07-16 00:00:00,1282.52,1295.56,1277.19,1290.72,84675,0,0
2013-07-17 00:00:00,1290.7,1300.69,1270.28,1277.25,90278,0,0
2013-07-18 00:00:00,1277.25,1288.68,1274.74,1284.83,79977,0,0
2013-07-19 00:00:00,1284.83,1297.96,1282.4,1295.82,70620,0,0
2013-07-21 00:00:00,1297.12,1318.33,1296.28,1313.39,7899,0,0
2013-07-22 00:00:00,1313.38,1339.51,1311.18,1334.57,82879,0,0
2013-07-23 00:00:00,1334.58,1348.04,1326.84,1343.19,84960,0,0
2013-07-24 00:00:00,1343.22,1346.68,1313.3,1318.91,90271,0,0
2013-07-25 00:00:00,1319.0,1337.83,1308.96,1335.66,87041,0,0
2013-07-26 00:00:00,1335.67,1340.81,1312.44,1332.94,102492,0,0
2013-07-28 00:00:00,1333.19,1334.89,1330.35,1330.87,4860,0,0
2013-07-29 00:00:00,1330.92,1338.34,1322.98,1326.28,104243,0,0
2013-07-30 00:00:00,1326.25,1330.18,1317.41,1327.89,92221,0,0
2013-07-31 00:00:00,1327.89,1339.62,1305.87,1326.06,136721,0,0
2013-08-01 00:00:00,1326.21,1331.1,1302.62,1307.13,118010,0,0
2013-08-02 00:00:00,1307.13,1318.53,1282.94,1312.02,99093,0,0
2013-08-04 00:00:00,1312.68,1314.87,1311.11,1312.44,2482,0,0
2013-08-05 00:00:00,1312.5,1320.79,1297.38,1303.72,81748,0,0
2013-08-06 00:00:00,1303.71,1307.05,1278.95,1282.21,94111,0,0
2013-08-07 00:00:00,1282.25,1289.46,1272.81,1284.81,83136,0,0
2013-08-08 00:00:00,1284.87,1314.41,1283.55,1312.68,98751,0,0
2013-08-09 00:00:00,1312.65,1317.33,1305.16,1314.27,83131,0,0
2013-08-11 00:00:00,1315.61,1333.74,1314.83,1329.24,8073,0,0
2013-08-12 00:00:00,1329.33,1344.15,1322.85,1333.14,109209,0,0
2013-08-13 00:00:00,1333.02,1341.42,1318.55,1321.47,124767,0,0
2013-08-14 00:00:00,1321.23,1346.44,1316.11,1342.39,92066,0,0
2013-08-15 00:00:00,1342.44,1370.13,1318.68,1362.92,141826,0,0
2013-08-16 00:00:00,1362.96,1379.68,1357.64,1376.39,131310,0,0
2013-08-18 00:00:00,1378.66,1381.12,1375.08,1376.79,4047,0,0
2013-08-19 00:00:00,1376.7,1384.5,1362.39,1367.34,99338,0,0
2013-08-20 00:00:00,1367.34,1377.66,1352.17,1368.69,101986,0,0
2013-08-21 00:00:00,1368.6,1379.31,1355.04,1358.55,116824,0,0
2013-08-22 00:00:00,1358.48,1381.83,1356.36,1374.75,98695,0,0
2013-08-23 00:00:00,1374.58,1400.07,1368.48,1397.55,105371,0,0
2013-08-25 00:00:00,1398.82,1407.1,1390.63,1396.02,6483,0,0
2013-08-26 00:00:00,1396.02,1405.08,1389.46,1402.98,86967,0,0
2013-08-27 00:00:00,1402.85,1423.8,1395.49,1418.67,115063,0,0
2013-08-28 00:00:00,1418.6,1433.7,1413.31,1417.76,123103,0,0
2013-08-29 00:00:00,1417.76,1418.01,1402.36,1404.09,110803,0,0
2013-08-30 00:00:00,1404.09,1411.23,1392.0,1395.06,81117,0,0
2013-09-01 00:00:00,1393.05,1393.56,1373.73,1380.35,5719,0,0
2013-09-02 00:00:00,1380.33,1398.21,1379.41,1393.65,51492,0,0
2013-09-03 00:00:00,1393.65,1416.36,1384.41,1411.35,88061,0,0
2013-09-04 00:00:00,1411.35,1415.01,1384.69,1393.59,87777,0,0
2013-09-05 00:00:00,1393.59,1399.86,1364.82,1369.17,95462,0,0
2013-09-06 00:00:00,1369.17,1393.38,1360.89,1391.63,80414,0,0
2013-09-08 00:00:00,1390.24,1394.52,1385.12,1388.7,3056,0,0
2013-09-09 00:00:00,1388.69,1391.61,1382.0,1386.72,49644,0,0
2013-09-10 00:00:00,1386.75,1387.2,1357.8,1366.03,72481,0,0
2013-09-11 00:00:00,1366.03,1368.6,1356.34,1364.88,65442,0,0
2013-09-12 00:00:00,1364.85,1365.78,1320.57,1327.2,99179,0,0
2013-09-13 00:00:00,1327.2,1330.83,1304.94,1325.97,121078,0,0
2013-09-15 00:00:00,1334.05,1334.76,1325.06,1330.02,7351,0,0
2013-09-16 00:00:00,1330.03,1332.82,1302.31,1312.95,87968,0,0
2013-09-17 00:00:00,1312.94,1324.07,1305.23,1306.6,87936,0,0
2013-09-18 00:00:00,1306.58,1368.33,1291.77,1367.88,134765,0,0
2013-09-19 00:00:00,1367.97,1375.2,1358.67,1365.61,103771,0,0
2013-09-20 00:00:00,1365.61,1366.44,1324.68,1325.5,96670,0,0
2013-09-22 00:00:00,1326.54,1330.4,1323.58,1329.59,4532,0,0
2013-09-23 00:00:00,1329.57,1331.88,1313.4,1326.92,85603,0,0
2013-09-24 00:00:00,1326.92,1329.2,1305.58,1325.36,90785,0,0
2013-09-25 00:00:00,1325.49,1338.12,1316.47,1332.11,79354,0,0
2013-09-26 00:00:00,1332.11,1339.34,1318.83,1324.08,82521,0,0
2013-09-27 00:00:00,1324.08,1344.06,1319.55,1336.53,69336,0,0
2013-09-29 00:00:00,1341.91,1352.47,1335.12,1340.28,5375,0,0
2013-09-30 00:00:00,1340.22,1343.34,1322.26,1328.52,68260,0,0
2013-10-01 00:00:00,1328.67,1337.46,1282.35,1288.99,111137,0,0
2013-10-02 00:00:00,1288.98,1323.94,1278.0,1314.85,96479,0,0
2013-10-03 00:00:00,1314.84,1322.55,1301.53,1316.67,82127,0,0
2013-10-04 00:00:00,1316.47,1325.58,1305.57,1310.68,74373,0,0
2013-10-06 00:00:00,1311.85,1316.06,1311.63,1313.65,2652,0,0
2013-10-07 00:00:00,1313.4,1329.03,1308.09,1323.15,63089,0,0
2013-10-08 00:00:00,1323.15,1330.18,1315.39,1320.36,80165,0,0
2013-10-09 00:00:00,1320.34,1322.31,1294.56,1302.87,91686,0,0
2013-10-10 00:00:00,1302.87,1311.79,1281.35,1287.96,88193,0,0
2013-10-11 00:00:00,1287.81,1294.58,1260.47,1272.2,104711,0,0
2013-10-13 00:00:00,1277.5,1278.52,1272.51,1272.9,3646,0,0
2013-10-14 00:00:00,1272.93,1290.12,1268.52,1272.11,77643,0,0
2013-10-15 00:00:00,1272.1,1288.11,1251.61,1275.25,114199,0,0
2013-10-16 00:00:00,1275.33,1288.17,1269.1,1281.12,104650,0,0
2013-10-17 00:00:00,1281.12,1324.44,1274.34,1315.83,116938,0,0
2013-10-18 00:00:00,1315.78,1327.47,1311.52,1316.02,71016,0,0
2013-10-20 00:00:00,1316.13,1319.34,1312.64,1317.49,2056,0,0
2013-10-21 00:00:00,1317.51,1324.07,1313.59,1315.58,57983,0,0
2013-10-22 00:00:00,1315.54,1344.81,1310.06,1339.32,75230,0,0
2013-10-23 00:00:00,1339.32,1342.23,1328.75,1332.36,71359,0,0
2013-10-24 00:00:00,1332.39,1352.07,1332.18,1346.63,80978,0,0
2013-10-25 00:00:00,1346.63,1355.82,1335.99,1350.56,76661,0,0
2013-10-27 00:00:00,1353.16,1353.96,1348.66,1348.98,1771,0,0
2013-10-28 00:00:00,1348.98,1361.85,1346.5,1353.19,68555,0,0
2013-10-29 00:00:00,1353.27,1360.47,1339.98,1343.38,81883,0,0
2013-10-30 00:00:00,1343.4,1359.6,1334.52,1338.42,85771,0,0
2013-10-31 00:00:00,1338.27,1342.02,1319.03,1323.09,87374,0,0
2013-11-01 00:00:00,1323.24,1327.41,1306.08,1315.92,81263,0,0
2013-11-03 00:00:00,1314.01,1315.9,1313.11,1313.94,1063,0,0
2013-11-04 00:00:00,1313.87,1322.61,1311.14,1315.11,53849,0,0
2013-11-05 00:00:00,1315.07,1320.09,1305.52,1312.71,60084,0,0
2013-11-06 00:00:00,1312.71,1322.1,1309.12,1317.81,55342,0,0
2013-11-07 00:00:00,1317.69,1326.03,1296.59,1309.41,72988,0,0
2013-11-08 00:00:00,1309.48,1313.74,1281.05,1288.37,67814,0,0
2013-11-10 00:00:00,1288.0,1288.9,1286.49,1287.19,1375,0,0
2013-11-11 00:00:00,1287.18,1288.23,1279.23,1282.45,50137,0,0
2013-11-12 00:00:00,1282.43,1286.06,1261.38,1267.44,81311,0,0
2013-11-13 00:00:00,1267.37,1286.89,1265.79,1285.04,70794,0,0
2013-11-14 00:00:00,1285.06,1294.38,1278.3,1286.99,77002,0,0
2013-11-15 00:00:00,1286.98,1291.3,1280.37,1289.98,52258,0,0
2013-11-17 00:00:00,1289.29,1289.61,1288.08,1288.08,1243,0,0
2013-11-18 00:00:00,1288.11,1288.38,1270.0,1274.23,60451,0,0
2013-11-19 00:00:00,1274.21,1278.9,1269.08,1275.18,66487,0,0
2013-11-20 00:00:00,1275.15,1276.43,1241.13,1247.04,113749,0,0
2013-11-21 00:00:00,1247.04,1250.48,1236.6,1244.19,86409,0,0
2013-11-22 00:00:00,1244.21,1249.02,1241.2,1243.52,67370,0,0
2013-11-24 00:00:00,1238.56,1243.37,1237.27,1241.09,3162,0,0
2013-11-25 00:00:00,1241.08,1257.98,1226.66,1252.83,73827,0,0
2013-11-26 00:00:00,1252.93,1255.24,1239.66,1243.45,54458,0,0
2013-11-27 00:00:00,1243.49,1254.63,1234.5,1238.3,58557,0,0
2013-11-28 00:00:00,1238.2,1245.92,1236.48,1244.16,31203,0,0
2013-11-29 00:00:00,1244.13,1254.88,1240.79,1251.14,47696,0,0
2013-12-01 00:00:00,1249.65,1249.85,1247.65,1248.04,940,0,0
2013-12-02 00:00:00,1248.0,1248.99,1217.94,1223.08,93314,0,0
2013-12-03 00:00:00,1223.07,1226.27,1215.28,1224.64,81689,0,0
2013-12-04 00:00:00,1224.66,1251.64,1211.75,1238.04,115279,0,0
2013-12-05 00:00:00,1238.04,1241.55,1217.08,1226.18,116034,0,0
2013-12-06 00:00:00,1226.19,1244.58,1211.82,1228.74,117944,0,0
2013-12-08 00:00:00,1231.07,1232.06,1228.23,1228.23,831,0,0
2013-12-09 00:00:00,1228.14,1243.18,1225.3,1238.91,70376,0,0
2013-12-10 00:00:00,1238.87,1267.92,1238.01,1261.12,91659,0,0
2013-12-11 00:00:00,1261.12,1263.39,1251.13,1254.02,84343,0,0
2013-12-12 00:00:00,1254.12,1257.03,1223.83,1227.84,109079,0,0
2013-12-13 00:00:00,1227.84,1238.7,1220.48,1238.43,89400,0,0
2013-12-15 00:00:00,1237.7,1237.92,1236.05,1236.05,651,0,0
2013-12-16 00:00:00,1236.1,1252.05,1227.82,1240.21,93461,0,0
2013-12-17 00:00:00,1240.28,1248.11,1227.38,1233.88,100659,0,0
2013-12-18 00:00:00,1233.87,1244.62,1215.9,1219.2,117533,0,0
2013-12-19 00:00:00,1219.14,1226.63,1187.22,1191.63,142638,0,0
2013-12-20 00:00:00,1191.55,1207.59,1190.84,1203.06,95143,0,0
2013-12-22 00:00:00,1202.85,1205.58,1202.74,1203.94,1136,0,0
2013-12-23 00:00:00,1203.94,1206.25,1192.65,1198.41,65189,0,0
2013-12-24 00:00:00,1198.42,1205.64,1196.16,1203.96,37341,0,0
2013-12-25 00:00:00,1203.34,1204.08,1202.31,1202.31,764,0,0
2013-12-26 00:00:00,1202.39,1215.92,1201.06,1209.09,45614,0,0
2013-12-27 00:00:00,1209.15,1219.13,1208.97,1213.14,66183,0,0
2013-12-29 00:00:00,1215.24,1216.29,1213.32,1213.33,1081,0,0
2013-12-30 00:00:00,1213.32,1214.04,1194.63,1198.47,68252,0,0
2013-12-31 00:00:00,1198.53,1214.64,1182.39,1204.27,82351,0,0
2014-01-01 00:00:00,1204.11,1206.0,1203.54,1205.97,749,0,0
2014-01-02 00:00:00,1205.9,1230.87,1204.92,1223.73,96769,0,0
2014-01-03 00:00:00,1223.7,1240.26,1223.41,1236.18,85554,0,0
2014-01-05 00:00:00,1237.42,1238.45,1234.09,1234.15,1368,0,0
2014-01-06 00:00:00,1234.15,1248.51,1219.7,1237.69,99064,0,0
2014-01-07 00:00:00,1237.69,1245.36,1225.01,1229.39,90506,0,0
2014-01-08 00:00:00,1229.43,1232.02,1218.48,1226.2,102820,0,0
2014-01-09 00:00:00,1226.25,1231.59,1223.57,1228.94,76121,0,0
2014-01-10 00:00:00,1228.96,1248.93,1227.1,1247.84,100318,0,0
2014-01-12 00:00:00,1250.19,1250.37,1247.4,1248.71,1506,0,0
2014-01-13 00:00:00,1248.4,1255.11,1243.68,1254.18,71687,0,0
2014-01-14 00:00:00,1254.18,1255.37,1241.68,1243.39,80427,0,0
2014-01-15 00:00:00,1243.42,1244.04,1234.29,1241.1,74263,0,0
2014-01-16 00:00:00,1241.1,1245.28,1236.39,1242.08,65605,0,0
2014-01-17 00:00:00,1242.08,1254.94,1237.79,1253.9,74292,0,0
2014-01-19 00:00:00,1253.14,1262.31,1252.68,1256.23,4876,0,0
2014-01-20 00:00:00,1256.18,1258.31,1251.6,1255.3,43485,0,0
2014-01-21 00:00:00,1255.33,1255.5,1235.7,1242.99,118561,0,0
2014-01-22 00:00:00,1242.99,1243.62,1235.71,1237.02,76457,0,0
2014-01-23 00:00:00,1237.02,1265.54,1231.57,1262.66,100116,0,0
2014-01-24 00:00:00,1262.66,1272.66,1257.11,1269.26,92830,0,0
2014-01-26 00:00:00,1269.24,1278.9,1269.24,1275.56,4633,0,0
2014-01-27 00:00:00,1275.5,1276.62,1252.02,1258.14,143072,0,0
2014-01-28 00:00:00,1258.14,1262.08,1248.74,1252.65,113320,0,0
2014-01-29 00:00:00,1252.68,1270.23,1250.97,1266.72,142917,0,0
2014-01-30 00:00:00,1266.74,1267.82,1238.1,1244.75,146093,0,0
2014-01-31 00:00:00,1244.7,1254.99,1238.53,1244.36,132729,0,0
2014-02-02 00:00:00,1242.68,1244.27,1242.08,1243.85,1894,0,0
2014-02-03 00:00:00,1243.79,1266.36,1240.85,1259.77,133558,0,0
2014-02-04 00:00:00,1259.77,1261.01,1247.27,1253.09,114162,0,0
2014-02-05 00:00:00,1253.09,1274.49,1252.3,1258.99,138787,0,0
2014-02-06 00:00:00,1259.03,1267.05,1252.81,1256.6,113425,0,0
2014-02-07 00:00:00,1256.66,1272.03,1256.21,1267.16,138487,0,0
2014-02-09 00:00:00,1265.45,1269.82,1265.45,1267.38,2199,0,0
2014-02-10 00:00:00,1267.35,1277.94,1265.04,1273.89,108039,0,0
2014-02-11 00:00:00,1273.95,1293.9,1273.92,1286.86,156798,0,0
2014-02-12 00:00:00,1286.83,1296.39,1283.99,1291.86,119612,0,0
2014-02-13 00:00:00,1291.88,1302.96,1286.27,1300.49,59648,0,0
2014-02-14 00:00:00,1300.55,1321.28,1299.88,1318.37,68083,0,0
2014-02-17 00:00:00,1320.12,1329.88,1319.11,1328.78,39547,0,0
2014-02-18 00:00:00,1329.93,1332.12,1312.59,1321.44,65232,0,0
2014-02-19 00:00:00,1321.57,1322.85,1308.75,1311.32,63124,0,0
2014-02-20 00:00:00,1310.87,1325.1,1307.36,1322.65,67436,0,0
2014-02-21 00:00:00,1322.85,1328.6,1316.13,1324.19,54926,0,0
2014-02-24 00:00:00,1325.3,1338.99,1318.77,1336.89,65691,0,0
2014-02-25 00:00:00,1335.74,1343.68,1331.28,1340.49,61327,0,0
2014-02-26 00:00:00,1340.56,1345.41,1322.27,1330.98,71389,0,0
2014-02-27 00:00:00,1329.22,1336.17,1323.8,1331.0,64578,0,0
2014-02-28 00:00:00,1331.1,1333.31,1319.4,1326.28,76357,0,0
2014-03-03 00:00:00,1332.28,1354.75,1330.69,1350.04,50218,0,0
2014-03-04 00:00:00,1347.7,1352.51,1331.22,1332.6,46492,0,0
2014-03-05 00:00:00,1334.27,1341.79,1332.62,1336.59,37789,0,0
2014-03-06 00:00:00,1336.67,1353.59,1331.1,1350.13,38801,0,0
2014-03-07 00:00:00,1348.45,1352.87,1327.88,1339.5,46064,0,0
2014-03-10 00:00:00,1340.0,1344.65,1327.94,1339.51,43945,0,0
2014-03-11 00:00:00,1338.94,1352.58,1337.25,1348.74,45281,0,0
2014-03-12 00:00:00,1348.17,1370.85,1345.42,1366.46,54753,0,0
2014-03-13 00:00:00,1367.41,1374.98,1364.47,1368.15,51087,0,0
2014-03-14 00:00:00,1370.25,1387.88,1367.85,1381.05,50925,0,0
2014-03-17 00:00:00,1382.39,1392.03,1361.73,1366.71,55387,0,0
2014-03-18 00:00:00,1366.38,1367.5,1350.67,1355.46,48575,0,0
2014-03-19 00:00:00,1355.55,1359.71,1327.71,1329.23,57958,0,0
2014-03-20 00:00:00,1330.24,1334.52,1320.38,1327.39,54028,0,0
2014-03-21 00:00:00,1328.71,1342.44,1327.92,1333.62,42829,0,0
2014-03-24 00:00:00,1332.85,1334.87,1307.05,1307.05,50230,0,0
2014-03-25 00:00:00,1308.94,1317.31,1305.58,1310.71,45933,0,0
2014-03-26 00:00:00,1309.35,1316.34,1298.64,1304.09,47107,0,0
2014-03-27 00:00:00,1304.05,1306.79,1289.0,1290.86,45599,0,0
2014-03-28 00:00:00,1291.55,1298.71,1285.68,1294.34,42831,0,0
2014-03-31 00:00:00,1293.75,1298.48,1282.39,1282.4,46194,0,0
2014-04-01 00:00:00,1283.1,1287.96,1277.57,1277.92,40869,0,0
2014-04-02 00:00:00,1277.94,1294.45,1277.94,1288.78,37229,0,0
2014-04-03 00:00:00,1289.8,1293.85,1281.52,1285.69,35782,0,0
2014-04-04 00:00:00,1285.85,1306.66,1284.09,1301.86,38271,0,0
2014-04-07 00:00:00,1303.25,1304.08,1295.35,1295.35,31453,0,0
2014-04-08 00:00:00,1295.79,1314.33,1294.95,1307.63,37000,0,0
2014-04-09 00:00:00,1307.92,1315.02,1300.82,1310.77,38363,0,0
2014-04-10 00:00:00,1311.56,1324.42,1310.74,1317.1,41417,0,0
2014-04-11 00:00:00,1317.66,1323.77,1313.98,1316.45,37496,0,0
2014-04-14 00:00:00,1320.24,1331.05,1318.64,1327.02,37313,0,0
2014-04-15 00:00:00,1326.15,1328.14,1283.57,1300.75,50770,0,0
2014-04-16 00:00:00,1302.5,1306.95,1293.46,1301.54,43499,0,0
2014-04-17 00:00:00,1301.5,1304.08,1293.08,1293.83,34057,0,0
2014-04-21 00:00:00,1294.4,1302.25,1281.76,1289.46,43772,0,0
2014-04-22 00:00:00,1289.87,1292.72,1277.23,1283.62,36335,0,0
2014-04-23 00:00:00,1283.87,1288.91,1280.8,1283.5,32085,0,0
2014-04-24 00:00:00,1282.1,1298.45,1268.45,1293.01,45906,0,0
2014-04-25 00:00:00,1293.52,1304.94,1290.28,1302.64,38092,0,0
2014-04-28 00:00:00,1302.92,1306.42,1291.95,1296.37,35861,0,0
2014-04-29 00:00:00,1295.53,1301.42,1286.15,1295.59,33254,0,0
2014-04-30 00:00:00,1293.75,1298.03,1284.83,1291.21,39187,0,0
2014-05-01 00:00:00,1291.38,1292.79,1277.17,1283.96,36519,0,0
2014-05-02 00:00:00,1284.42,1304.57,1273.65,1298.77,38994,0,0
2014-05-05 00:00:00,1300.16,1315.49,1298.85,1309.97,36181,0,0
2014-05-06 00:00:00,1309.49,1313.96,1304.27,1307.72,30788,0,0
2014-05-07 00:00:00,1307.58,1314.42,1286.55,1289.67,40819,0,0
2014-05-08 00:00:00,1289.67,1295.26,1285.06,1289.16,34612,0,0
2014-05-09 00:00:00,1289.31,1294.3,1285.41,1287.79,30221,0,0
2014-05-12 00:00:00,1289.54,1303.77,1277.32,1294.82,37318,0,0
2014-05-13 00:00:00,1295.65,1298.54,1289.01,1293.24,34100,0,0
2014-05-14 00:00:00,1293.24,1308.9,1291.5,1305.65,34002,0,0
2014-05-15 00:00:00,1303.35,1307.08,1290.88,1295.91,36247,0,0
2014-05-16 00:00:00,1295.54,1298.15,1287.67,1292.73,31396,0,0
2014-05-19 00:00:00,1292.64,1305.35,1289.3,1292.72,39829,0,0
2014-05-20 00:00:00,1292.6,1296.84,1285.86,1294.08,44034,0,0
2014-05-21 00:00:00,1293.75,1296.14,1283.24,1291.75,44099,0,0
2014-05-22 00:00:00,1291.86,1303.59,1289.95,1293.84,39309,0,0
2014-05-23 00:00:00,1293.73,1295.46,1286.54,1292.32,32789,0,0
2014-05-26 00:00:00,1291.83,1294.1,1290.7,1292.56,15221,0,0
2014-05-27 00:00:00,1292.17,1293.27,1264.29,1264.5,54296,0,0
2014-05-28 00:00:00,1262.69,1267.15,1255.84,1257.78,44000,0,0
2014-05-29 00:00:00,1258.39,1260.46,1251.34,1255.47,41527,0,0
2014-05-30 00:00:00,1256.75,1260.27,1242.15,1249.4,44079,0,0
2014-06-02 00:00:00,1249.43,1250.7,1240.85,1243.54,35538,0,0
2014-06-03 00:00:00,1243.11,1247.57,1240.45,1244.72,35590,0,0
2014-06-04 00:00:00,1243.17,1248.94,1242.74,1243.62,29390,0,0
2014-06-05 00:00:00,1243.74,1257.47,1240.93,1253.34,37382,0,0
2014-06-06 00:00:00,1252.69,1257.71,1245.68,1252.93,36916,0,0
2014-06-09 00:00:00,1252.69,1256.98,1251.48,1252.01,27248,0,0
2014-06-10 00:00:00,1251.88,1263.52,1250.2,1259.56,33843,0,0
2014-06-11 00:00:00,1259.86,1265.34,1257.78,1260.79,46294,0,0
2014-06-12 00:00:00,1260.82,1274.77,1259.33,1273.12,39890,0,0
2014-06-13 00:00:00,1272.1,1277.87,1270.75,1276.71,35768,0,0
2014-06-16 00:00:00,1275.96,1284.84,1270.48,1271.71,42719,0,0
2014-06-17 00:00:00,1271.51,1273.27,1258.48,1270.36,39749,0,0
2014-06-18 00:00:00,1271.62,1278.43,1266.25,1277.5,36065,0,0
2014-06-19 00:00:00,1277.53,1321.56,1275.91,1319.87,110779,0,0
2014-06-20 00:00:00,1317.39,1321.99,1306.5,1314.41,98451,0,0
2014-06-23 00:00:00,1313.06,1318.44,1309.83,1317.2,54877,0,0
2014-06-24 00:00:00,1315.48,1325.81,1313.81,1318.06,39958,0,0
2014-06-25 00:00:00,1317.35,1324.91,1307.57,1318.81,50593,0,0
2014-06-26 00:00:00,1316.93,1319.76,1306.15,1316.19,40298,0,0
2014-06-27 00:00:00,1315.3,1322.25,1312.52,1315.94,39298,0,0
2014-06-30 00:00:00,1315.34,1329.39,1310.3,1327.07,45123,0,0
2014-07-01 00:00:00,1325.8,1332.65,1323.65,1326.09,42156,0,0
2014-07-02 00:00:00,1325.45,1332.01,1321.2,1326.57,37281,0,0
2014-07-03 00:00:00,1327.34,1327.48,1308.77,1319.44,42398,0,0
2014-07-04 00:00:00,1319.25,1323.12,1318.56,1320.38,15314,0,0
2014-07-07 00:00:00,1320.4,1320.78,1311.4,1319.88,27928,0,0
2014-07-08 00:00:00,1319.7,1324.85,1313.49,1319.18,33672,0,0
2014-07-09 00:00:00,1319.5,1332.31,1317.89,1327.77,37546,0,0
2014-07-10 00:00:00,1324.23,1345.33,1324.23,1335.76,42774,0,0
2014-07-11 00:00:00,1335.49,1339.26,1333.72,1338.72,26429,0,0
2014-07-14 00:00:00,1338.66,1339.66,1303.15,1307.2,47766,0,0
2014-07-15 00:00:00,1307.96,1313.82,1292.19,1294.0,44185,0,0
2014-07-16 00:00:00,1294.08,1303.78,1293.23,1299.15,30996,0,0
2014-07-17 00:00:00,1299.8,1323.98,1297.69,1319.1,46084,0,0
2014-07-18 00:00:00,1318.45,1324.74,1304.55,1310.74,36364,0,0
2014-07-21 00:00:00,1310.24,1318.45,1307.48,1312.5,28017,0,0
2014-07-22 00:00:00,1311.81,1315.93,1302.01,1306.45,36862,0,0
2014-07-23 00:00:00,1307.49,1311.35,1303.15,1304.65,27277,0,0
2014-07-24 00:00:00,1303.87,1305.24,1287.66,1293.7,41258,0,0
2014-07-25 00:00:00,1293.7,1308.64,1290.95,1307.09,31689,0,0
2014-07-28 00:00:00,1307.87,1309.27,1301.29,1304.05,28599,0,0
2014-07-29 00:00:00,1304.06,1312.26,1296.19,1299.05,35701,0,0
2014-07-30 00:00:00,1298.78,1303.77,1291.79,1296.33,33691,0,0
2014-07-31 00:00:00,1295.75,1297.34,1280.84,1282.6,35769,0,0
2014-08-01 00:00:00,1282.66,1297.34,1280.39,1293.76,37448,0,0
2014-08-04 00:00:00,1292.99,1295.42,1286.11,1288.2,24068,0,0
2014-08-05 00:00:00,1287.89,1294.06,1282.52,1288.7,33599,0,0
2014-08-06 00:00:00,1286.17,1309.61,1286.07,1305.85,36491,0,0
2014-08-07 00:00:00,1303.77,1314.62,1301.92,1312.55,38398,0,0
2014-08-08 00:00:00,1311.07,1322.75,1305.82,1309.69,44857,0,0
2014-08-11 00:00:00,1308.77,1311.54,1305.24,1308.4,26415,0,0
2014-08-12 00:00:00,1306.27,1317.92,1305.73,1309.35,30527,0,0
2014-08-13 00:00:00,1306.47,1315.11,1304.94,1312.9,32426,0,0
2014-08-14 00:00:00,1312.04,1319.49,1308.81,1313.55,47376,0,0
2014-08-15 00:00:00,1312.52,1315.2,1292.48,1304.63,71652,0,0
2014-08-18 00:00:00,1303.46,1303.71,1295.63,1298.35,39199,0,0
2014-08-19 00:00:00,1295.77,1302.37,1293.91,1295.72,37841,0,0
2014-08-20 00:00:00,1295.87,1298.01,1287.9,1291.96,42390,0,0
2014-08-21 00:00:00,1290.83,1291.16,1273.01,1276.65,54290,0,0
2014-08-22 00:00:00,1275.5,1283.0,1274.23,1280.87,45567,0,0
2014-08-25 00:00:00,1279.55,1281.27,1269.46,1276.81,31586,0,0
2014-08-26 00:00:00,1276.34,1291.02,1275.45,1281.15,46124,0,0
2014-08-27 00:00:00,1278.72,1287.41,1278.62,1282.56,30755,0,0
2014-08-28 00:00:00,1281.5,1296.58,1281.5,1289.65,47254,0,0
2014-08-29 00:00:00,1287.52,1291.43,1283.46,1287.35,33245,0,0
2014-09-01 00:00:00,1287.38,1289.95,1284.9,1287.05,16222,0,0
2014-09-02 00:00:00,1288.09,1288.09,1262.49,1265.32,56294,0,0
2014-09-03 00:00:00,1266.13,1271.53,1261.32,1269.37,43191,0,0
2014-09-04 00:00:00,1269.13,1277.29,1260.6,1261.69,60302,0,0
2014-09-05 00:00:00,1261.1,1273.74,1257.31,1268.78,42691,0,0
2014-09-08 00:00:00,1268.84,1271.85,1251.51,1255.39,40313,0,0
2014-09-09 00:00:00,1256.44,1258.2,1247.6,1255.44,44263,0,0
2014-09-10 00:00:00,1255.29,1257.8,1243.89,1249.74,45653,0,0
2014-09-11 00:00:00,1248.77,1250.22,1234.97,1240.78,49649,0,0
2014-09-12 00:00:00,1239.95,1241.73,1227.65,1229.68,46107,0,0
2014-09-15 00:00:00,1227.78,1238.61,1225.68,1233.24,34228,0,0
2014-09-16 00:00:00,1232.64,1242.13,1231.81,1235.63,42122,0,0
2014-09-17 00:00:00,1234.78,1239.61,1221.49,1223.5,47714,0,0
2014-09-18 00:00:00,1220.37,1227.97,1215.9,1225.2,49978,0,0
2014-09-19 00:00:00,1225.67,1228.66,1213.8,1215.64,62973,0,0
2014-09-22 00:00:00,1215.94,1220.46,1208.33,1215.02,48916,0,0
2014-09-23 00:00:00,1213.96,1235.51,1213.96,1223.35,53594,0,0
2014-09-24 00:00:00,1220.46,1226.15,1215.75,1217.05,46455,0,0
2014-09-25 00:00:00,1216.34,1224.55,1207.0,1221.57,56825,0,0
2014-09-26 00:00:00,1221.52,1231.35,1212.38,1218.23,45515,0,0
2014-09-29 00:00:00,1217.59,1223.33,1214.97,1215.8,41441,0,0
2014-09-30 00:00:00,1215.24,1220.21,1204.55,1208.11,59487,0,0
2014-10-01 00:00:00,1208.92,1219.49,1204.71,1213.85,63403,0,0
2014-10-02 00:00:00,1213.06,1222.55,1208.68,1214.37,75271,0,0
2014-10-03 00:00:00,1213.59,1215.38,1190.08,1191.31,75596,0,0
2014-10-06 00:00:00,1191.63,1209.07,1183.0,1207.26,77384,0,0
2014-10-07 00:00:00,1207.57,1213.56,1202.94,1208.98,81746,0,0
2014-10-08 00:00:00,1209.47,1224.24,1204.88,1220.99,98000,0,0
2014-10-09 00:00:00,1221.65,1233.34,1219.08,1224.3,96764,0,0
2014-10-10 00:00:00,1224.6,1225.49,1217.41,1223.25,73483,0,0
2014-10-13 00:00:00,1224.61,1237.8,1223.19,1235.7,61692,0,0
2014-10-14 00:00:00,1237.08,1238.24,1231.01,1232.55,43716,0,0
2014-10-15 00:00:00,1232.65,1249.75,1221.91,1241.95,89883,0,0
2014-10-16 00:00:00,1241.72,1245.28,1235.4,1238.85,81202,0,0
2014-10-17 00:00:00,1238.88,1241.77,1231.73,1238.22,50772,0,0
2014-10-20 00:00:00,1239.07,1248.85,1234.63,1246.8,42935,0,0
2014-10-21 00:00:00,1246.51,1255.25,1245.39,1248.55,59082,0,0
2014-10-22 00:00:00,1248.91,1249.82,1240.6,1241.15,49649,0,0
2014-10-23 00:00:00,1241.56,1244.69,1226.31,1231.8,61892,0,0
2014-10-24 00:00:00,1233.51,1234.28,1228.74,1230.98,47982,0,0
2014-10-27 00:00:00,1230.56,1232.05,1225.49,1226.4,37466,0,0
2014-10-28 00:00:00,1224.58,1235.65,1222.55,1228.44,54832,0,0
2014-10-29 00:00:00,1227.6,1230.61,1208.37,1212.15,55796,0,0
2014-10-30 00:00:00,1211.43,1216.71,1196.01,1198.7,83508,0,0
2014-10-31 00:00:00,1199.69,1202.81,1161.03,1172.96,118622,0,0
2014-11-03 00:00:00,1171.66,1173.86,1161.72,1165.55,86058,0,0
2014-11-04 00:00:00,1165.33,1174.93,1163.91,1168.24,122544,0,0
2014-11-05 00:00:00,1168.65,1169.8,1137.85,1140.45,114049,0,0
2014-11-06 00:00:00,1141.26,1149.66,1138.17,1141.85,101103,0,0
2014-11-07 00:00:00,1141.7,1178.81,1131.82,1177.96,148004,0,0
2014-11-10 00:00:00,1177.61,1178.06,1147.41,1150.25,65990,0,0
2014-11-11 00:00:00,1152.3,1173.31,1146.2,1164.3,69393,0,0
2014-11-12 00:00:00,1163.9,1170.17,1157.39,1162.7,65317,0,0
2014-11-13 00:00:00,1163.11,1168.12,1154.03,1162.45,63199,0,0
2014-11-14 00:00:00,1162.54,1193.64,1146.92,1188.74,84171,0,0
2014-11-17 00:00:00,1186.29,1194.31,1181.57,1186.6,72305,0,0
2014-11-18 00:00:00,1186.39,1204.73,1183.46,1196.95,61265,0,0
2014-11-19 00:00:00,1196.93,1202.24,1175.15,1182.6,87495,0,0
2014-11-20 00:00:00,1183.61,1197.18,1176.88,1193.55,77017,0,0
2014-11-21 00:00:00,1193.93,1207.88,1186.86,1201.37,71927,0,0
2014-11-24 00:00:00,1200.83,1204.33,1192.8,1197.23,65041,0,0
2014-11-25 00:00:00,1198.88,1203.0,1190.45,1200.85,59122,0,0
2014-11-26 00:00:00,1201.62,1201.86,1194.94,1197.89,43643,0,0
2014-11-27 00:00:00,1198.04,1199.71,1185.74,1190.91,48714,0,0
2014-11-28 00:00:00,1192.39,1194.45,1165.29,1167.2,66251,0,0
2014-12-01 00:00:00,1160.41,1221.25,1142.86,1212.05,138871,0,0
2014-12-02 00:00:00,1211.75,1212.96,1192.02,1198.24,82519,0,0
2014-12-03 00:00:00,1198.09,1215.14,1194.49,1209.41,59648,0,0
2014-12-04 00:00:00,1209.38,1213.43,1201.36,1205.27,64001,0,0
2014-12-05 00:00:00,1205.79,1207.64,1186.37,1192.27,68809,0,0
2014-12-08 00:00:00,1190.9,1209.01,1187.21,1203.47,52919,0,0
2014-12-09 00:00:00,1203.63,1238.32,1199.4,1230.92,90648,0,0
2014-12-10 00:00:00,1230.62,1238.27,1224.72,1226.52,85767,0,0
2014-12-11 00:00:00,1225.63,1232.75,1215.97,1227.54,83471,0,0
2014-12-12 00:00:00,1227.36,1228.26,1214.42,1222.52,75871,0,0
2014-12-15 00:00:00,1221.21,1224.29,1190.64,1193.19,83672,0,0
2014-12-16 00:00:00,1194.94,1223.51,1187.54,1196.92,108761,0,0
2014-12-17 00:00:00,1195.05,1202.99,1183.74,1189.59,89487,0,0
2014-12-18 00:00:00,1189.28,1213.92,1188.53,1198.67,72008,0,0
2014-12-19 00:00:00,1197.94,1201.35,1193.75,1195.8,50840,0,0
2014-12-22 00:00:00,1195.9,1203.38,1170.75,1176.37,59191,0,0
2014-12-23 00:00:00,1176.15,1185.03,1172.64,1176.54,51340,0,0
2014-12-24 00:00:00,1176.92,1181.19,1172.93,1175.18,25395,0,0
2014-12-26 00:00:00,1175.65,1199.16,1175.6,1196.06,38344,0,0
2014-12-29 00:00:00,1194.83,1197.54,1178.9,1183.24,46800,0,0
2014-12-30 00:00:00,1183.11,1210.73,1180.8,1200.51,66839,0,0
2014-12-31 00:00:00,1199.88,1203.86,1179.71,1183.87,42034,0,0
2015-01-02 00:00:00,1184.24,1195.02,1167.69,1188.7,63381,0,0
2015-01-05 00:00:00,1188.39,1207.51,1178.16,1204.8,70408,0,0
2015-01-06 00:00:00,1204.11,1223.21,1201.74,1218.44,71428,0,0
2015-01-07 00:00:00,1218.92,1219.19,1209.07,1211.44,64818,0,0
2015-01-08 00:00:00,1210.98,1216.68,1204.62,1208.75,51124,0,0
2015-01-09 00:00:00,1208.94,1224.07,1207.44,1223.14,62824,0,0
2015-01-12 00:00:00,1222.99,1235.92,1217.61,1233.23,56484,0,0
2015-01-13 00:00:00,1233.01,1244.25,1227.3,1230.73,71069,0,0
2015-01-14 00:00:00,1231.08,1244.45,1225.13,1228.64,87494,0,0
2015-01-15 00:00:00,1229.61,1266.84,1226.1,1262.61,113824,0,0
2015-01-16 00:00:00,1263.33,1282.12,1255.09,1280.55,86633,0,0
2015-01-19 00:00:00,1280.04,1281.65,1272.13,1276.15,41433,0,0
2015-01-20 00:00:00,1275.85,1297.21,1274.08,1295.2,97430,0,0
2015-01-21 00:00:00,1294.99,1305.25,1284.66,1293.14,96511,0,0
2015-01-22 00:00:00,1293.58,1307.55,1279.61,1302.11,90754,0,0
2015-01-23 00:00:00,1301.57,1302.67,1284.45,1294.33,65953,0,0
2015-01-26 00:00:00,1292.83,1299.26,1275.93,1281.27,76745,0,0
2015-01-27 00:00:00,1281.23,1297.6,1272.37,1292.28,75378,0,0
2015-01-28 00:00:00,1292.48,1293.76,1279.8,1284.45,66300,0,0
2015-01-29 00:00:00,1283.36,1285.99,1252.15,1257.26,90184,0,0
2015-01-30 00:00:00,1258.78,1284.84,1257.21,1283.63,72523,0,0
2015-02-02 00:00:00,1282.55,1283.41,1266.45,1274.38,67137,0,0
2015-02-03 00:00:00,1275.21,1285.82,1255.54,1260.35,70450,0,0
2015-02-04 00:00:00,1261.17,1272.6,1256.76,1269.13,70226,0,0
2015-02-05 00:00:00,1270.11,1274.21,1256.36,1264.7,64072,0,0
2015-02-06 00:00:00,1266.17,1268.84,1228.39,1233.98,72188,0,0
2015-02-09 00:00:00,1236.03,1243.68,1234.41,1239.0,44711,0,0
2015-02-10 00:00:00,1238.9,1245.95,1231.05,1233.41,51216,0,0
2015-02-11 00:00:00,1234.08,1238.79,1216.72,1219.06,49234,0,0
2015-02-12 00:00:00,1218.53,1233.01,1218.26,1221.82,54702,0,0
2015-02-13 00:00:00,1222.78,1235.01,1222.48,1229.7,44092,0,0
2015-02-16 00:00:00,1227.88,1236.72,1227.62,1230.92,25057,0,0
2015-02-17 00:00:00,1230.03,1234.01,1203.79,1209.6,52962,0,0
2015-02-18 00:00:00,1209.51,1213.55,1197.62,1212.27,51387,0,0
2015-02-19 00:00:00,1212.33,1223.0,1205.49,1206.59,64178,0,0
2015-02-20 00:00:00,1207.87,1215.36,1198.29,1201.87,60620,0,0
2015-02-23 00:00:00,1203.53,1210.4,1190.83,1201.66,45595,0,0
2015-02-24 00:00:00,1201.82,1204.56,1190.47,1200.36,54137,0,0
2015-02-25 00:00:00,1200.89,1211.88,1200.89,1204.87,44839,0,0
2015-02-26 00:00:00,1203.7,1220.01,1203.7,1209.32,55739,0,0
2015-02-27 00:00:00,1208.8,1219.44,1204.51,1213.06,51354,0,0
2015-03-02 00:00:00,1213.84,1223.25,1204.62,1206.72,56457,0,0
2015-03-03 00:00:00,1206.29,1214.81,1195.49,1203.57,55599,0,0
2015-03-04 00:00:00,1204.22,1209.07,1198.27,1200.22,48071,0,0
2015-03-05 00:00:00,1200.67,1209.5,1196.52,1198.24,47284,0,0
2015-03-06 00:00:00,1197.97,1200.75,1163.87,1167.16,69938,0,0
2015-03-09 00:00:00,1170.09,1175.38,1165.85,1167.03,39639,0,0
2015-03-10 00:00:00,1166.32,1170.54,1155.31,1161.69,59855,0,0
2015-03-11 00:00:00,1161.73,1165.22,1147.78,1155.21,54961,0,0
2015-03-12 00:00:00,1154.5,1166.56,1148.67,1153.58,57118,0,0
2015-03-13 00:00:00,1153.43,1161.77,1151.44,1158.34,46944,0,0
2015-03-16 00:00:00,1158.64,1164.11,1150.43,1154.68,42808,0,0
2015-03-17 00:00:00,1154.29,1159.85,1142.84,1149.37,52223,0,0
2015-03-18 00:00:00,1148.76,1175.61,1146.01,1167.39,62222,0,0
2015-03-19 00:00:00,1166.63,1177.85,1159.55,1171.04,69030,0,0
2015-03-20 00:00:00,1171.02,1188.0,1168.82,1182.42,57500,0,0
2015-03-23 00:00:00,1183.67,1191.68,1179.37,1189.31,57684,0,0
2015-03-24 00:00:00,1189.0,1195.04,1185.45,1193.23,51826,0,0
2015-03-25 00:00:00,1192.68,1199.72,1186.64,1195.4,48899,0,0
2015-03-26 00:00:00,1195.66,1219.76,1194.54,1204.67,59898,0,0
2015-03-27 00:00:00,1204.24,1206.18,1192.6,1198.56,48881,0,0
2015-03-30 00:00:00,1198.18,1199.48,1182.43,1185.84,39373,0,0
2015-03-31 00:00:00,1185.69,1190.75,1178.46,1183.31,44286,0,0
2015-04-01 00:00:00,1182.92,1208.64,1180.9,1203.85,49310,0,0
2015-04-02 00:00:00,1203.98,1207.39,1194.94,1202.47,45558,0,0
2015-04-06 00:00:00,1213.51,1224.26,1213.29,1214.64,46965,0,0
2015-04-07 00:00:00,1214.52,1215.79,1207.54,1209.06,38382,0,0
2015-04-08 00:00:00,1208.51,1212.38,1197.49,1202.43,50398,0,0
2015-04-09 00:00:00,1202.82,1203.41,1192.64,1194.76,44890,0,0
2015-04-10 00:00:00,1193.9,1210.74,1193.37,1207.47,42337,0,0
2015-04-13 00:00:00,1207.17,1209.54,1196.45,1198.74,43321,0,0
2015-04-14 00:00:00,1198.78,1201.53,1184.0,1192.59,56026,0,0
2015-04-15 00:00:00,1192.36,1204.65,1188.96,1202.31,50696,0,0
2015-04-16 00:00:00,1202.08,1209.21,1194.77,1198.46,58172,0,0
2015-04-17 00:00:00,1198.86,1207.79,1197.48,1204.14,46073,0,0
2015-04-20 00:00:00,1204.72,1209.14,1191.42,1195.7,49112,0,0
2015-04-21 00:00:00,1196.11,1204.34,1193.12,1202.27,37001,0,0
2015-04-22 00:00:00,1202.54,1204.81,1185.78,1187.08,46939,0,0
2015-04-23 00:00:00,1187.53,1198.12,1184.37,1193.8,44228,0,0
2015-04-24 00:00:00,1193.59,1196.0,1175.28,1179.35,46899,0,0
2015-04-27 00:00:00,1179.98,1207.25,1178.66,1201.86,50725,0,0
2015-04-28 00:00:00,1202.06,1215.09,1199.23,1211.97,51938,0,0
2015-04-29 00:00:00,1211.87,1214.06,1201.36,1204.47,56510,0,0
2015-04-30 00:00:00,1204.95,1207.32,1177.14,1184.33,62572,0,0
2015-05-01 00:00:00,1184.34,1185.31,1170.25,1178.35,44027,0,0
2015-05-04 00:00:00,1177.33,1192.88,1177.33,1188.11,39177,0,0
2015-05-05 00:00:00,1188.19,1199.92,1185.76,1193.2,41593,0,0
2015-05-06 00:00:00,1193.15,1197.65,1188.33,1192.13,48261,0,0
2015-05-07 00:00:00,1191.79,1192.95,1178.85,1184.39,46861,0,0
2015-05-08 00:00:00,1184.44,1193.55,1181.7,1188.3,50815,0,0
2015-05-11 00:00:00,1189.71,1191.81,1178.9,1183.86,35666,0,0
2015-05-12 00:00:00,1183.37,1197.2,1180.75,1193.71,44492,0,0
2015-05-13 00:00:00,1193.08,1218.89,1191.31,1215.5,56074,0,0
2015-05-14 00:00:00,1215.34,1227.5,1212.38,1221.09,54917,0,0
2015-05-15 00:00:00,1221.17,1226.22,1211.02,1223.92,48931,0,0
2015-05-18 00:00:00,1223.44,1232.37,1221.65,1225.35,42413,0,0
2015-05-19 00:00:00,1225.68,1225.7,1205.81,1207.77,55203,0,0
2015-05-20 00:00:00,1208.18,1213.4,1203.3,1209.67,50716,0,0
2015-05-21 00:00:00,1209.66,1212.82,1201.42,1206.24,40712,0,0
2015-05-22 00:00:00,1206.4,1214.94,1201.52,1206.14,41189,0,0
2015-05-25 00:00:00,1205.67,1208.69,1202.94,1207.12,18373,0,0
2015-05-26 00:00:00,1206.94,1207.6,1185.69,1187.18,48853,0,0
2015-05-27 00:00:00,1187.47,1190.97,1183.71,1187.81,43690,0,0
2015-05-28 00:00:00,1187.75,1192.24,1180.36,1188.27,44915,0,0
2015-05-29 00:00:00,1188.13,1193.89,1185.73,1190.39,36354,0,0
2015-06-01 00:00:00,1189.54,1204.33,1184.66,1189.06,47938,0,0
2015-06-02 00:00:00,1189.15,1196.35,1186.03,1192.93,44791,0,0
2015-06-03 00:00:00,1193.55,1195.55,1179.44,1185.05,45418,0,0
2015-06-04 00:00:00,1185.72,1186.34,1172.95,1176.71,51824,0,0
2015-06-05 00:00:00,1176.86,1178.62,1162.8,1171.75,45012,0,0
2015-06-08 00:00:00,1170.83,1177.71,1169.17,1174.0,45815,0,0
2015-06-09 00:00:00,1173.94,1182.96,1172.6,1176.76,38422,0,0
2015-06-10 00:00:00,1176.43,1192.36,1175.28,1185.94,48623,0,0
2015-06-11 00:00:00,1186.03,1188.05,1175.64,1181.86,40215,0,0
2015-06-12 00:00:00,1182.01,1184.4,1176.73,1181.54,35433,0,0
2015-06-15 00:00:00,1180.58,1190.49,1172.82,1186.21,40708,0,0
2015-06-16 00:00:00,1186.06,1187.97,1176.16,1181.93,32468,0,0
2015-06-17 00:00:00,1181.59,1189.24,1174.69,1185.46,39847,0,0
2015-06-18 00:00:00,1184.83,1205.78,1183.68,1201.89,47154,0,0
2015-06-19 00:00:00,1202.07,1204.21,1198.41,1200.15,32247,0,0
2015-06-22 00:00:00,1199.8,1201.13,1182.24,1185.79,35960,0,0
2015-06-23 00:00:00,1185.58,1188.14,1176.25,1178.53,37481,0,0
2015-06-24 00:00:00,1178.07,1180.32,1169.6,1175.33,37513,0,0
2015-06-25 00:00:00,1174.83,1178.19,1171.66,1173.1,33109,0,0
2015-06-26 00:00:00,1173.09,1178.72,1168.62,1175.38,38534,0,0
2015-06-29 00:00:00,1184.37,1188.16,1173.85,1179.69,58455,0,0
2015-06-30 00:00:00,1180.0,1180.6,1166.63,1172.24,56699,0,0
2015-07-01 00:00:00,1172.63,1175.08,1167.63,1168.75,36363,0,0
2015-07-02 00:00:00,1168.35,1169.84,1157.08,1166.06,43069,0,0
2015-07-03 00:00:00,1166.06,1170.25,1164.71,1168.76,21122,0,0
2015-07-06 00:00:00,1174.73,1174.94,1162.9,1170.09,54539,0,0
2015-07-07 00:00:00,1169.49,1170.63,1148.02,1155.19,77284,0,0
2015-07-08 00:00:00,1155.03,1164.71,1147.25,1158.03,82201,0,0
2015-07-09 00:00:00,1158.54,1167.77,1156.05,1159.12,61114,0,0
2015-07-10 00:00:00,1159.52,1165.44,1157.49,1163.43,48072,0,0
2015-07-13 00:00:00,1163.34,1164.88,1151.17,1157.82,49276,0,0
2015-07-14 00:00:00,1157.96,1159.8,1153.0,1155.84,39470,0,0
2015-07-15 00:00:00,1155.02,1156.87,1143.31,1149.39,47831,0,0
2015-07-16 00:00:00,1147.37,1149.48,1142.35,1145.28,45803,0,0
2015-07-17 00:00:00,1145.41,1145.8,1131.17,1134.42,49730,0,0
2015-07-20 00:00:00,1133.58,1133.72,1084.2,1096.48,84656,0,0
2015-07-21 00:00:00,1098.36,1109.93,1096.98,1101.05,50167,0,0
2015-07-22 00:00:00,1101.28,1103.48,1087.1,1094.08,54600,0,0
2015-07-23 00:00:00,1094.56,1105.82,1087.35,1090.51,55826,0,0
2015-07-24 00:00:00,1090.45,1101.64,1077.24,1099.09,81987,0,0
2015-07-27 00:00:00,1098.83,1105.08,1088.54,1093.78,84084,0,0
2015-07-28 00:00:00,1094.7,1099.06,1091.67,1095.32,66950,0,0
2015-07-29 00:00:00,1095.1,1101.98,1090.48,1096.7,75462,0,0
2015-07-30 00:00:00,1096.75,1098.7,1082.6,1088.43,64925,0,0
2015-07-31 00:00:00,1088.14,1103.48,1080.09,1095.47,79443,0,0
2015-08-03 00:00:00,1095.72,1097.77,1085.93,1086.64,66314,0,0
2015-08-04 00:00:00,1085.87,1094.78,1081.05,1087.67,66569,0,0
2015-08-05 00:00:00,1087.94,1092.61,1083.09,1084.92,63577,0,0
2015-08-06 00:00:00,1084.87,1094.1,1083.56,1089.49,57927,0,0
2015-08-07 00:00:00,1089.32,1099.56,1082.85,1093.97,79901,0,0
2015-08-10 00:00:00,1094.42,1108.98,1089.71,1104.41,64338,0,0
2015-08-11 00:00:00,1104.3,1119.43,1093.89,1108.86,90518,0,0
2015-08-12 00:00:00,1108.79,1125.89,1101.86,1124.38,93904,0,0
2015-08-13 00:00:00,1125.67,1126.78,1113.74,1115.04,70933,0,0
2015-08-14 00:00:00,1115.16,1121.09,1111.8,1115.04,61462,0,0
2015-08-17 00:00:00,1114.54,1122.88,1113.69,1117.5,55296,0,0
2015-08-18 00:00:00,1117.85,1121.21,1109.71,1117.64,70506,0,0
2015-08-19 00:00:00,1117.82,1134.65,1116.31,1133.85,79858,0,0
2015-08-20 00:00:00,1133.68,1154.07,1132.7,1152.08,78676,0,0
2015-08-21 00:00:00,1153.5,1168.36,1149.03,1160.89,89842,0,0
2015-08-24 00:00:00,1160.72,1170.11,1145.67,1155.02,149448,0,0
2015-08-25 00:00:00,1155.62,1156.69,1134.52,1140.49,107159,0,0
2015-08-26 00:00:00,1140.42,1146.53,1117.84,1125.04,126721,0,0
2015-08-27 00:00:00,1125.35,1129.35,1118.31,1124.82,103895,0,0
2015-08-28 00:00:00,1124.95,1140.91,1123.84,1133.55,99814,0,0
2015-08-31 00:00:00,1133.35,1136.78,1125.69,1134.81,69291,0,0
2015-09-01 00:00:00,1134.45,1147.99,1134.45,1140.11,84271,0,0
2015-09-02 00:00:00,1139.59,1142.49,1132.13,1133.86,79734,0,0
2015-09-03 00:00:00,1133.65,1134.36,1121.94,1125.36,92189,0,0
2015-09-04 00:00:00,1125.21,1132.81,1116.62,1121.65,78636,0,0
2015-09-07 00:00:00,1122.51,1124.87,1116.13,1119.12,44660,0,0
2015-09-08 00:00:00,1118.57,1126.78,1118.57,1121.4,71213,0,0
2015-09-09 00:00:00,1121.67,1125.46,1101.35,1107.66,89761,0,0
2015-09-10 00:00:00,1106.58,1115.05,1103.92,1110.68,76442,0,0
2015-09-11 00:00:00,1110.85,1112.91,1098.83,1107.68,79974,0,0
2015-09-14 00:00:00,1107.53,1110.57,1103.58,1108.91,50600,0,0
2015-09-15 00:00:00,1108.44,1109.41,1102.61,1105.16,48148,0,0
2015-09-16 00:00:00,1105.16,1124.22,1104.02,1119.38,71845,0,0
2015-09-17 00:00:00,1119.22,1135.78,1115.42,1131.38,90173,0,0
2015-09-18 00:00:00,1130.41,1141.76,1127.64,1139.12,95426,0,0
2015-09-21 00:00:00,1139.16,1139.96,1129.58,1133.27,51980,0,0
2015-09-22 00:00:00,1132.96,1136.66,1121.39,1124.6,65685,0,0
2015-09-23 00:00:00,1124.4,1134.28,1121.93,1130.25,51674,0,0
2015-09-24 00:00:00,1130.3,1156.73,1129.97,1153.79,67290,0,0
2015-09-25 00:00:00,1151.01,1151.49,1140.58,1146.23,57344,0,0
2015-09-28 00:00:00,1145.36,1148.3,1128.06,1131.78,66666,0,0
2015-09-29 00:00:00,1132.02,1134.8,1124.28,1127.25,76062,0,0
2015-09-30 00:00:00,1127.32,1128.21,1111.74,1114.89,69414,0,0
2015-10-01 00:00:00,1115.12,1119.25,1111.13,1113.63,41898,0,0
2015-10-02 00:00:00,1113.09,1141.33,1104.71,1138.33,89256,0,0
2015-10-05 00:00:00,1137.86,1142.06,1130.15,1135.6,78984,0,0
2015-10-06 00:00:00,1135.03,1151.32,1135.01,1147.05,76029,0,0
2015-10-07 00:00:00,1146.83,1153.71,1141.89,1145.42,61367,0,0
2015-10-08 00:00:00,1145.36,1151.34,1136.69,1138.97,77279,0,0
2015-10-09 00:00:00,1138.58,1159.71,1138.58,1155.78,73939,0,0
2015-10-12 00:00:00,1155.29,1169.07,1154.87,1163.68,54496,0,0
2015-10-13 00:00:00,1163.11,1168.84,1151.87,1168.68,82542,0,0
2015-10-14 00:00:00,1168.47,1189.84,1163.19,1184.03,90553,0,0
2015-10-15 00:00:00,1184.04,1191.66,1174.43,1183.02,94676,0,0
2015-10-16 00:00:00,1182.59,1184.51,1174.37,1176.67,66079,0,0
2015-10-19 00:00:00,1176.46,1178.21,1168.65,1170.63,66321,0,0
2015-10-20 00:00:00,1170.69,1180.8,1167.44,1176.01,65398,0,0
2015-10-21 00:00:00,1175.56,1179.27,1163.78,1167.16,76927,0,0
2015-10-22 00:00:00,1166.91,1171.85,1162.68,1166.01,69801,0,0
2015-10-23 00:00:00,1165.84,1179.44,1158.92,1164.2,89708,0,0
2015-10-26 00:00:00,1163.95,1169.74,1162.27,1163.0,59735,0,0
2015-10-27 00:00:00,1163.01,1168.84,1160.79,1166.74,60686,0,0
2015-10-28 00:00:00,1166.61,1183.05,1152.37,1156.15,85899,0,0
2015-10-29 00:00:00,1156.05,1162.74,1144.82,1145.86,85983,0,0
2015-10-30 00:00:00,1146.73,1150.14,1139.36,1142.16,73971,0,0
2015-11-02 00:00:00,1141.73,1143.08,1132.73,1133.62,58115,0,0
2015-11-03 00:00:00,1133.26,1138.38,1114.49,1117.64,77785,0,0
2015-11-04 00:00:00,1117.83,1122.91,1106.49,1107.74,69789,0,0
2015-11-05 00:00:00,1107.47,1111.7,1103.08,1103.84,58329,0,0
2015-11-06 00:00:00,1103.84,1110.53,1085.48,1089.65,69492,0,0
2015-11-09 00:00:00,1089.83,1095.81,1088.43,1092.18,62115,0,0
2015-11-10 00:00:00,1091.7,1094.97,1085.35,1089.61,59332,0,0
2015-11-11 00:00:00,1089.31,1094.08,1084.23,1086.24,63897,0,0
2015-11-12 00:00:00,1085.85,1089.69,1074.12,1085.1,82190,0,0
2015-11-13 00:00:00,1084.0,1088.73,1079.72,1083.72,69679,0,0
2015-11-16 00:00:00,1088.56,1098.18,1081.43,1082.85,64886,0,0
2015-11-17 00:00:00,1082.88,1085.2,1065.57,1070.25,69552,0,0
2015-11-18 00:00:00,1071.22,1075.55,1064.39,1070.62,68091,0,0
2015-11-19 00:00:00,1070.13,1087.44,1069.6,1082.16,67747,0,0
2015-11-20 00:00:00,1080.55,1088.17,1075.91,1077.9,60447,0,0
2015-11-23 00:00:00,1077.05,1077.25,1066.73,1069.14,56411,0,0
2015-11-24 00:00:00,1069.14,1081.27,1068.93,1075.43,60724,0,0
2015-11-25 00:00:00,1075.49,1080.85,1067.92,1071.2,67612,0,0
2015-11-26 00:00:00,1071.06,1074.96,1069.8,1071.97,37770,0,0
2015-11-27 00:00:00,1071.79,1073.92,1052.82,1057.31,64801,0,0
2015-11-30 00:00:00,1056.99,1069.8,1053.3,1064.58,65585,0,0
2015-12-01 00:00:00,1065.25,1074.73,1063.33,1069.05,78337,0,0
2015-12-02 00:00:00,1068.53,1071.55,1050.71,1053.5,84209,0,0
2015-12-03 00:00:00,1054.35,1065.5,1046.42,1061.94,124326,0,0
2015-12-04 00:00:00,1062.88,1088.87,1058.2,1086.23,116278,0,0
2015-12-07 00:00:00,1085.75,1086.7,1066.36,1071.33,102811,0,0
2015-12-08 00:00:00,1070.37,1079.17,1067.7,1074.75,103953,0,0
2015-12-09 00:00:00,1074.87,1085.46,1069.37,1072.7,94773,0,0
2015-12-10 00:00:00,1072.16,1076.55,1069.48,1071.46,68014,0,0
2015-12-11 00:00:00,1071.39,1079.66,1062.45,1074.49,91535,0,0
2015-12-14 00:00:00,1073.4,1077.61,1058.78,1060.01,83828,0,0
2015-12-15 00:00:00,1059.75,1068.75,1059.02,1061.08,81998,0,0
2015-12-16 00:00:00,1060.84,1078.46,1060.84,1072.36,78760,0,0
2015-12-17 00:00:00,1072.78,1073.32,1047.78,1051.07,90424,0,0
2015-12-18 00:00:00,1052.31,1071.59,1051.03,1066.14,80435,0,0
2015-12-21 00:00:00,1065.85,1081.77,1063.91,1078.11,75577,0,0
2015-12-22 00:00:00,1078.26,1080.84,1071.92,1072.38,57597,0,0
2015-12-23 00:00:00,1072.48,1075.58,1068.36,1070.26,51715,0,0
2015-12-24 00:00:00,1069.96,1076.92,1069.94,1076.81,41004,0,0
2015-12-28 00:00:00,1075.81,1077.01,1066.55,1069.11,66171,0,0
2015-12-29 00:00:00,1068.75,1075.39,1067.54,1068.87,69333,0,0
2015-12-30 00:00:00,1068.93,1072.28,1059.5,1061.32,61212,0,0
2015-12-31 00:00:00,1061.23,1063.61,1058.28,1062.18,45126,0,0
2016-01-04 00:00:00,1061.71,1083.55,1061.71,1074.49,86346,0,0
2016-01-05 00:00:00,1073.63,1082.03,1072.71,1077.53,71848,0,0
2016-01-06 00:00:00,1077.32,1095.25,1075.05,1093.48,97433,0,0
2016-01-07 00:00:00,1093.99,1110.19,1091.48,1108.92,122335,0,0
2016-01-08 00:00:00,1108.99,1113.15,1092.13,1104.23,114008,0,0
2016-01-11 00:00:00,1103.86,1108.61,1093.72,1094.21,120374,0,0
2016-01-12 00:00:00,1094.31,1099.3,1083.56,1086.37,100440,0,0
2016-01-13 00:00:00,1087.02,1095.59,1079.86,1093.5,106877,0,0
2016-01-14 00:00:00,1093.71,1095.46,1071.52,1078.25,109592,0,0
2016-01-15 00:00:00,1079.36,1097.46,1076.29,1088.61,119234,0,0
2016-01-18 00:00:00,1089.48,1093.37,1087.6,1088.94,53119,0,0
2016-01-19 00:00:00,1089.04,1094.66,1082.55,1087.25,95041,0,0
2016-01-20 00:00:00,1087.39,1109.66,1087.28,1100.7,102687,0,0
2016-01-21 00:00:00,1100.62,1104.58,1092.49,1101.15,134672,0,0
2016-01-22 00:00:00,1101.32,1103.05,1094.13,1097.67,83226,0,0
2016-01-25 00:00:00,1097.43,1109.0,1097.28,1107.85,71765,0,0
2016-01-26 00:00:00,1108.03,1122.96,1107.1,1119.77,88756,0,0
2016-01-27 00:00:00,1119.62,1128.11,1114.96,1124.94,85143,0,0
2016-01-28 00:00:00,1125.69,1125.89,1111.07,1115.16,90814,0,0
2016-01-29 00:00:00,1114.37,1118.6,1108.38,1118.19,89587,0,0
2016-02-01 00:00:00,1117.68,1129.79,1115.57,1128.36,72296,0,0
2016-02-02 00:00:00,1128.08,1131.08,1122.39,1128.99,71073,0,0
2016-02-03 00:00:00,1129.06,1145.54,1124.46,1142.44,121209,0,0
2016-02-04 00:00:00,1141.78,1157.39,1139.62,1155.36,123227,0,0
2016-02-05 00:00:00,1155.19,1174.59,1145.27,1173.72,122349,0,0
2016-02-08 00:00:00,1173.54,1200.91,1164.27,1189.0,132792,0,0
2016-02-09 00:00:00,1188.7,1198.98,1185.78,1188.94,142576,0,0
2016-02-10 00:00:00,1189.13,1197.78,1181.58,1197.04,135166,0,0
2016-02-11 00:00:00,1197.36,1263.4,1195.93,1246.57,203338,0,0
2016-02-12 00:00:00,1246.57,1248.33,1232.46,1237.84,142497,0,0
2016-02-15 00:00:00,1235.33,1235.42,1202.19,1208.46,92200,0,0
2016-02-16 00:00:00,1207.93,1217.09,1190.93,1200.32,142341,0,0
2016-02-17 00:00:00,1201.5,1213.85,1195.75,1208.4,123719,0,0
2016-02-18 00:00:00,1208.81,1240.0,1200.78,1230.78,121888,0,0
2016-02-19 00:00:00,1230.61,1234.56,1220.0,1225.99,131990,0,0
2016-02-22 00:00:00,1225.56,1226.27,1202.04,1208.65,119452,0,0
2016-02-23 00:00:00,1208.48,1228.33,1207.26,1225.58,127492,0,0
2016-02-24 00:00:00,1225.4,1253.35,1221.94,1228.68,161988,0,0
2016-02-25 00:00:00,1228.07,1242.93,1221.22,1232.94,164361,0,0
2016-02-26 00:00:00,1231.55,1240.36,1211.48,1222.72,148070,0,0
2016-02-29 00:00:00,1222.36,1241.16,1215.82,1238.49,140953,0,0
2016-03-01 00:00:00,1238.08,1248.58,1227.22,1232.05,124718,0,0
2016-03-02 00:00:00,1231.41,1244.09,1224.83,1239.91,125661,0,0
2016-03-03 00:00:00,1239.74,1268.39,1237.46,1264.13,140867,0,0
2016-03-04 00:00:00,1263.65,1279.85,1250.43,1259.18,166806,0,0
2016-03-07 00:00:00,1259.84,1273.19,1256.81,1267.2,119976,0,0
2016-03-08 00:00:00,1266.97,1278.14,1260.31,1261.53,123633,0,0
2016-03-09 00:00:00,1261.08,1265.04,1243.06,1253.14,117738,0,0
2016-03-10 00:00:00,1252.92,1273.41,1237.15,1272.14,145606,0,0
2016-03-11 00:00:00,1270.93,1283.3,1248.27,1250.62,124489,0,0
2016-03-14 00:00:00,1250.89,1261.14,1229.37,1235.21,89053,0,0
2016-03-15 00:00:00,1235.9,1238.13,1225.73,1232.48,99422,0,0
2016-03-16 00:00:00,1232.44,1263.92,1226.82,1262.4,103787,0,0
2016-03-17 00:00:00,1261.06,1270.93,1254.47,1257.83,143950,0,0
2016-03-18 00:00:00,1256.76,1266.94,1247.87,1255.24,103299,0,0
2016-03-21 00:00:00,1254.32,1256.07,1240.68,1243.7,84582,0,0
2016-03-22 00:00:00,1243.93,1260.25,1242.44,1248.33,101459,0,0
2016-03-23 00:00:00,1247.92,1249.51,1215.42,1219.98,102401,0,0
2016-03-24 00:00:00,1220.38,1223.9,1212.36,1216.95,87712,0,0
2016-03-28 00:00:00,1215.74,1223.07,1208.28,1221.55,67824,0,0
2016-03-29 00:00:00,1221.33,1243.01,1215.44,1242.1,111551,0,0
2016-03-30 00:00:00,1240.83,1244.23,1223.36,1224.88,114371,0,0
2016-03-31 00:00:00,1225.31,1240.44,1223.75,1232.57,108415,0,0
2016-04-01 00:00:00,1232.31,1235.43,1208.99,1222.15,107641,0,0
2016-04-04 00:00:00,1221.4,1222.68,1214.62,1215.55,86812,0,0
2016-04-05 00:00:00,1215.56,1236.79,1214.85,1231.21,113316,0,0
2016-04-06 00:00:00,1230.79,1232.27,1216.81,1222.44,108367,0,0
2016-04-07 00:00:00,1222.63,1243.27,1222.63,1240.31,138504,0,0
2016-04-08 00:00:00,1239.88,1242.79,1229.63,1239.34,103074,0,0
2016-04-11 00:00:00,1239.67,1258.74,1239.58,1257.78,125389,0,0
2016-04-12 00:00:00,1257.72,1262.69,1251.24,1255.42,114004,0,0
2016-04-13 00:00:00,1255.15,1256.76,1239.84,1242.38,111860,0,0
2016-04-14 00:00:00,1241.83,1244.12,1223.95,1227.77,124349,0,0
2016-04-15 00:00:00,1226.71,1235.93,1225.36,1233.87,93136,0,0
2016-04-18 00:00:00,1234.62,1241.65,1230.07,1232.48,93775,0,0
2016-04-19 00:00:00,1232.23,1256.68,1227.73,1250.19,124034,0,0
2016-04-20 00:00:00,1249.5,1258.04,1242.47,1244.2,110422,0,0
2016-04-21 00:00:00,1242.51,1270.27,1242.51,1247.99,139598,0,0
2016-04-22 00:00:00,1246.6,1252.63,1227.47,1232.5,116881,0,0
2016-04-25 00:00:00,1232.75,1242.29,1230.13,1237.86,97291,0,0
2016-04-26 00:00:00,1237.67,1244.88,1231.38,1243.28,90432,0,0
2016-04-27 00:00:00,1244.04,1252.76,1239.51,1245.76,104181,0,0
2016-04-28 00:00:00,1245.54,1269.65,1237.8,1266.15,134711,0,0
2016-04-29 00:00:00,1266.24,1296.72,1265.04,1293.04,124904,0,0
2016-05-02 00:00:00,1290.93,1303.78,1287.68,1291.56,121748,0,0
2016-05-03 00:00:00,1291.25,1301.78,1282.31,1286.58,134194,0,0
2016-05-04 00:00:00,1286.03,1289.8,1271.85,1279.58,123068,0,0
2016-05-05 00:00:00,1279.15,1286.47,1268.86,1277.66,117367,0,0
2016-05-06 00:00:00,1277.29,1295.59,1274.52,1287.61,127220,0,0
2016-05-09 00:00:00,1284.52,1287.57,1261.35,1263.81,121195,0,0
2016-05-10 00:00:00,1263.93,1269.73,1256.85,1265.73,112386,0,0
2016-05-11 00:00:00,1265.51,1279.1,1264.8,1277.32,120525,0,0
2016-05-12 00:00:00,1277.59,1280.93,1261.86,1263.71,114329,0,0
2016-05-13 00:00:00,1263.35,1276.35,1263.04,1272.84,108081,0,0
2016-05-16 00:00:00,1271.64,1288.74,1271.0,1274.18,93274,0,0
2016-05-17 00:00:00,1273.12,1282.29,1269.16,1278.82,99456,0,0
2016-05-18 00:00:00,1278.86,1281.64,1255.09,1258.45,111963,0,0
2016-05-19 00:00:00,1257.57,1261.34,1244.06,1254.53,106487,0,0
2016-05-20 00:00:00,1254.7,1260.25,1248.9,1252.17,84147,0,0
2016-05-23 00:00:00,1250.64,1256.12,1243.22,1248.94,87534,0,0
2016-05-24 00:00:00,1248.68,1252.25,1226.35,1227.12,94350,0,0
2016-05-25 00:00:00,1226.82,1230.21,1217.86,1224.14,93969,0,0
2016-05-26 00:00:00,1223.12,1234.26,1218.41,1219.76,95179,0,0
2016-05-27 00:00:00,1219.78,1223.58,1206.82,1212.82,85466,0,0
2016-05-30 00:00:00,1212.54,1213.48,1199.84,1206.3,60631,0,0
2016-05-31 00:00:00,1206.16,1218.24,1205.55,1215.33,85824,0,0
2016-06-01 00:00:00,1214.97,1220.47,1206.06,1212.91,82992,0,0
2016-06-02 00:00:00,1213.49,1217.69,1209.88,1211.04,78873,0,0
2016-06-03 00:00:00,1210.54,1244.76,1207.02,1244.17,97035,0,0
2016-06-06 00:00:00,1243.79,1248.76,1240.06,1245.19,90574,0,0
2016-06-07 00:00:00,1244.95,1246.63,1234.87,1243.76,72631,0,0
2016-06-08 00:00:00,1243.79,1264.42,1243.1,1262.62,79997,0,0
2016-06-09 00:00:00,1261.9,1271.75,1256.88,1269.65,76345,0,0
2016-06-10 00:00:00,1268.54,1278.18,1264.63,1273.6,78014,0,0
2016-06-13 00:00:00,1274.85,1287.21,1272.46,1283.74,88798,0,0
2016-06-14 00:00:00,1283.13,1289.85,1276.45,1285.51,85140,0,0
2016-06-15 00:00:00,1284.77,1296.87,1278.49,1291.73,87364,0,0
2016-06-16 00:00:00,1291.8,1315.62,1277.38,1278.58,141866,0,0
2016-06-17 00:00:00,1277.71,1299.66,1276.6,1298.58,96136,0,0
2016-06-20 00:00:00,1289.57,1292.29,1278.04,1289.76,87712,0,0
2016-06-21 00:00:00,1289.35,1294.26,1264.56,1268.04,94362,0,0
2016-06-22 00:00:00,1267.86,1270.73,1261.26,1266.11,78988,0,0
2016-06-23 00:00:00,1265.11,1271.96,1254.53,1256.73,87427,0,0
2016-06-24 00:00:00,1251.07,1358.37,1250.49,1315.5,241842,0,0
2016-06-27 00:00:00,1319.47,1335.65,1317.73,1324.35,159610,0,0
2016-06-28 00:00:00,1324.24,1326.22,1305.53,1311.75,118177,0,0
2016-06-29 00:00:00,1310.92,1327.87,1310.08,1319.03,90033,0,0
2016-06-30 00:00:00,1317.77,1324.2,1312.87,1322.21,93084,0,0
2016-07-01 00:00:00,1322.08,1344.58,1320.6,1340.98,99672,0,0
2016-07-04 00:00:00,1342.37,1357.54,1336.18,1351.5,84160,0,0
2016-07-05 00:00:00,1348.05,1357.63,1338.23,1355.75,117134,0,0
2016-07-06 00:00:00,1355.32,1375.17,1355.13,1363.35,108115,0,0
2016-07-07 00:00:00,1363.55,1370.75,1350.87,1360.23,116416,0,0
2016-07-08 00:00:00,1359.33,1370.41,1336.66,1366.02,117248,0,0
2016-07-11 00:00:00,1367.4,1375.16,1350.91,1354.98,135933,0,0
2016-07-12 00:00:00,1355.06,1357.7,1330.37,1333.15,123951,0,0
2016-07-13 00:00:00,1332.82,1345.31,1327.57,1342.64,114244,0,0
2016-07-14 00:00:00,1343.54,1347.16,1320.19,1335.08,138742,0,0
2016-07-15 00:00:00,1335.7,1338.82,1322.56,1336.99,114294,0,0
2016-07-18 00:00:00,1332.9,1335.49,1323.5,1328.76,99002,0,0
2016-07-19 00:00:00,1328.2,1335.08,1325.64,1331.91,86483,0,0
2016-07-20 00:00:00,1331.36,1338.31,1312.66,1315.78,93190,0,0
2016-07-21 00:00:00,1315.88,1333.93,1310.89,1330.7,115977,0,0
2016-07-22 00:00:00,1331.12,1333.8,1319.73,1322.04,87441,0,0
2016-07-25 00:00:00,1322.84,1323.78,1312.33,1315.45,78651,0,0
2016-07-26 00:00:00,1315.19,1324.48,1313.81,1320.2,88947,0,0
2016-07-27 00:00:00,1319.53,1342.43,1315.9,1339.77,88544,0,0
2016-07-28 00:00:00,1339.37,1345.66,1332.53,1335.65,91090,0,0
2016-07-29 00:00:00,1335.32,1355.02,1328.49,1350.71,108460,0,0
2016-08-01 00:00:00,1349.77,1354.88,1346.29,1352.99,60660,0,0
2016-08-02 00:00:00,1353.27,1367.25,1347.14,1363.5,73250,0,0
2016-08-03 00:00:00,1363.29,1366.47,1354.19,1358.15,64014,0,0
2016-08-04 00:00:00,1357.56,1365.0,1349.17,1360.92,76860,0,0
2016-08-05 00:00:00,1360.69,1364.57,1334.64,1335.41,79617,0,0
2016-08-08 00:00:00,1335.12,1338.22,1329.9,1335.17,65358,0,0
2016-08-09 00:00:00,1335.08,1342.6,1330.56,1340.54,52752,0,0
2016-08-10 00:00:00,1340.39,1357.21,1340.0,1346.56,75729,0,0
2016-08-11 00:00:00,1346.8,1353.32,1335.76,1338.66,68984,0,0
2016-08-12 00:00:00,1338.58,1356.23,1333.32,1335.86,99251,0,0
2016-08-15 00:00:00,1338.16,1343.82,1335.74,1338.4,63977,0,0
2016-08-16 00:00:00,1339.41,1358.05,1339.41,1345.86,82486,0,0
2016-08-17 00:00:00,1345.17,1351.66,1336.3,1348.49,69495,0,0
2016-08-18 00:00:00,1348.34,1356.04,1346.1,1352.11,81352,0,0
2016-08-19 00:00:00,1352.35,1352.84,1337.8,1341.62,76197,0,0
2016-08-22 00:00:00,1340.63,1341.22,1331.74,1338.91,92737,0,0
2016-08-23 00:00:00,1338.57,1344.72,1335.33,1337.41,68668,0,0
2016-08-24 00:00:00,1337.06,1340.11,1323.74,1324.01,76006,0,0
2016-08-25 00:00:00,1323.81,1327.02,1318.05,1321.81,64659,0,0
2016-08-26 00:00:00,1321.27,1342.16,1318.37,1321.08,82899,0,0
2016-08-29 00:00:00,1320.71,1325.1,1314.96,1323.34,78694,0,0
2016-08-30 00:00:00,1323.27,1325.46,1309.24,1311.01,68553,0,0
2016-08-31 00:00:00,1311.43,1316.13,1304.21,1308.78,65714,0,0
2016-09-01 00:00:00,1308.65,1315.1,1302.42,1313.64,71600,0,0
2016-09-02 00:00:00,1314.3,1330.05,1305.75,1324.82,86014,0,0
2016-09-05 00:00:00,1324.19,1328.56,1321.75,1326.93,49439,0,0
2016-09-06 00:00:00,1326.04,1352.51,1324.89,1349.73,76082,0,0
2016-09-07 00:00:00,1347.95,1352.57,1342.73,1345.05,63067,0,0
2016-09-08 00:00:00,1344.78,1349.28,1335.55,1338.28,73412,0,0
2016-09-09 00:00:00,1337.61,1339.55,1327.71,1328.06,62060,0,0
2016-09-12 00:00:00,1328.0,1330.28,1320.44,1327.46,79446,0,0
2016-09-13 00:00:00,1327.9,1331.96,1315.69,1318.94,96701,0,0
2016-09-14 00:00:00,1318.93,1325.88,1313.5,1322.73,84089,0,0
2016-09-15 00:00:00,1321.71,1327.85,1309.33,1314.63,78833,0,0
2016-09-16 00:00:00,1314.93,1318.07,1306.31,1310.22,60637,0,0
2016-09-19 00:00:00,1309.81,1318.31,1309.47,1313.07,51942,0,0
2016-09-20 00:00:00,1312.92,1317.92,1312.04,1314.69,44424,0,0
2016-09-21 00:00:00,1314.57,1337.09,1307.88,1334.81,102495,0,0
2016-09-22 00:00:00,1334.48,1343.66,1331.18,1336.99,75337,0,0
2016-09-23 00:00:00,1336.6,1340.64,1333.83,1337.62,50016,0,0
2016-09-26 00:00:00,1336.76,1342.1,1332.72,1337.85,66257,0,0
2016-09-27 00:00:00,1337.37,1339.49,1324.78,1327.2,78190,0,0
2016-09-28 00:00:00,1326.79,1327.53,1318.0,1321.29,61037,0,0
2016-09-29 00:00:00,1321.24,1325.79,1316.09,1320.15,75385,0,0
2016-09-30 00:00:00,1319.77,1328.06,1313.21,1315.87,88275,0,0
2016-10-03 00:00:00,1318.15,1319.6,1309.34,1311.56,58613,0,0
2016-10-04 00:00:00,1311.65,1312.97,1266.95,1268.04,100881,0,0
2016-10-05 00:00:00,1267.57,1277.13,1262.14,1266.32,71883,0,0
2016-10-06 00:00:00,1267.27,1269.39,1249.83,1253.83,64224,0,0
2016-10-07 00:00:00,1254.86,1265.34,1241.43,1256.82,81729,0,0
2016-10-10 00:00:00,1256.45,1264.89,1256.44,1259.14,51116,0,0
2016-10-11 00:00:00,1259.02,1262.17,1252.21,1252.21,68816,0,0
2016-10-12 00:00:00,1252.27,1258.9,1249.73,1254.78,60397,0,0
2016-10-13 00:00:00,1255.68,1262.28,1253.15,1257.65,67567,0,0
2016-10-14 00:00:00,1257.57,1259.51,1246.1,1250.62,78098,0,0
2016-10-17 00:00:00,1251.05,1257.2,1250.21,1255.33,49207,0,0
2016-10-18 00:00:00,1254.59,1264.71,1254.59,1261.92,51418,0,0
2016-10-19 00:00:00,1261.77,1273.3,1260.3,1268.84,44833,0,0
2016-10-20 00:00:00,1269.29,1274.55,1264.79,1265.18,47832,0,0
2016-10-21 00:00:00,1265.98,1267.98,1261.14,1265.85,48961,0,0
2016-10-24 00:00:00,1264.7,1271.87,1260.38,1263.97,64784,0,0
2016-10-25 00:00:00,1264.67,1276.63,1262.11,1273.42,81418,0,0
2016-10-26 00:00:00,1273.04,1276.47,1264.7,1266.69,64214,0,0
2016-10-27 00:00:00,1266.84,1272.77,1265.11,1268.06,70268,0,0
2016-10-28 00:00:00,1268.23,1284.24,1261.76,1275.44,68432,0,0
2016-10-31 00:00:00,1277.43,1279.51,1271.2,1276.65,40558,0,0
2016-11-01 00:00:00,1276.45,1291.87,1275.49,1287.76,77655,0,0
2016-11-02 00:00:00,1287.98,1308.03,1287.31,1296.48,103237,0,0
2016-11-03 00:00:00,1296.72,1306.67,1285.71,1302.21,103311,0,0
2016-11-04 00:00:00,1301.81,1307.18,1294.77,1304.36,79968,0,0
2016-11-07 00:00:00,1292.69,1295.82,1278.2,1280.61,142950,0,0
2016-11-08 00:00:00,1281.58,1290.65,1272.87,1275.32,131389,0,0
2016-11-09 00:00:00,1275.3,1337.31,1268.01,1277.25,344071,0,0
2016-11-10 00:00:00,1277.73,1292.24,1252.29,1257.81,174096,0,0
2016-11-11 00:00:00,1259.12,1265.38,1219.01,1226.4,196802,0,0
2016-11-14 00:00:00,1227.27,1231.21,1211.51,1220.95,158812,0,0
2016-11-15 00:00:00,1221.65,1231.51,1218.9,1228.48,160361,0,0
2016-11-16 00:00:00,1227.0,1233.02,1221.48,1224.01,149343,0,0
2016-11-17 00:00:00,1224.53,1231.42,1211.01,1215.33,162669,0,0
2016-11-18 00:00:00,1215.53,1217.74,1202.74,1207.39,154824,0,0
2016-11-21 00:00:00,1207.52,1217.62,1205.55,1213.09,112810,0,0
2016-11-22 00:00:00,1213.54,1221.0,1206.13,1211.39,136376,0,0
2016-11-23 00:00:00,1212.54,1214.98,1181.68,1187.62,137124,0,0
2016-11-24 00:00:00,1187.27,1190.76,1180.46,1184.14,96932,0,0
2016-11-25 00:00:00,1181.86,1193.24,1170.89,1183.88,138401,0,0
2016-11-28 00:00:00,1184.47,1197.61,1182.74,1192.98,160033,0,0
2016-11-29 00:00:00,1193.16,1195.05,1181.09,1187.9,154752,0,0
2016-11-30 00:00:00,1188.51,1194.91,1170.52,1172.22,164184,0,0
2016-12-01 00:00:00,1172.97,1176.71,1160.65,1170.85,157307,0,0
2016-12-02 00:00:00,1172.25,1178.03,1166.78,1177.24,129957,0,0
2016-12-05 00:00:00,1180.05,1188.04,1157.02,1170.02,198378,0,0
2016-12-06 00:00:00,1170.52,1175.27,1166.58,1169.56,138696,0,0
2016-12-07 00:00:00,1169.36,1180.28,1165.57,1173.48,119849,0,0
2016-12-08 00:00:00,1173.01,1178.66,1169.01,1169.89,131153,0,0
2016-12-09 00:00:00,1170.49,1172.03,1156.19,1159.56,119033,0,0
2016-12-12 00:00:00,1158.72,1165.82,1151.36,1161.18,130557,0,0
2016-12-13 00:00:00,1162.82,1164.98,1154.57,1157.46,134464,0,0
2016-12-14 00:00:00,1157.48,1165.25,1139.08,1142.2,152406,0,0
2016-12-15 00:00:00,1141.28,1144.41,1122.8,1127.5,172233,0,0
2016-12-16 00:00:00,1128.16,1141.3,1126.61,1133.8,136902,0,0
2016-12-19 00:00:00,1132.87,1142.36,1132.87,1137.48,116244,0,0
2016-12-20 00:00:00,1137.08,1139.69,1125.73,1131.55,141456,0,0
2016-12-21 00:00:00,1132.17,1137.14,1129.35,1130.8,98780,0,0
2016-12-22 00:00:00,1131.39,1134.1,1127.78,1128.02,82042,0,0
2016-12-23 00:00:00,1127.92,1135.78,1127.92,1132.21,43127,0,0
2016-12-27 00:00:00,1133.81,1150.76,1131.64,1137.66,71325,0,0
2016-12-28 00:00:00,1136.61,1144.43,1136.53,1140.66,76372,0,0
2016-12-29 00:00:00,1142.13,1159.47,1141.61,1157.08,82268,0,0
2016-12-30 00:00:00,1158.1,1163.22,1149.65,1151.14,85267,0,0
2017-01-03 00:00:00,1149.84,1164.23,1146.05,1157.89,154969,0,0
2017-01-04 00:00:00,1158.05,1167.92,1156.12,1162.76,153854,0,0
2017-01-05 00:00:00,1163.24,1184.97,1162.94,1179.73,194566,0,0
2017-01-06 00:00:00,1179.58,1181.83,1170.92,1172.23,162649,0,0
2017-01-09 00:00:00,1171.62,1186.11,1171.47,1180.87,164537,0,0
2017-01-10 00:00:00,1180.41,1190.5,1180.15,1186.73,147124,0,0
2017-01-11 00:00:00,1187.88,1198.26,1177.17,1191.54,176345,0,0
2017-01-12 00:00:00,1191.0,1206.94,1190.54,1195.34,175885,0,0
2017-01-13 00:00:00,1193.01,1201.07,1187.94,1197.26,146533,0,0
2017-01-16 00:00:00,1199.46,1208.61,1198.13,1202.9,88146,0,0
2017-01-17 00:00:00,1202.77,1218.81,1202.54,1216.99,170204,0,0
2017-01-18 00:00:00,1217.64,1217.7,1202.33,1204.01,88865,0,0
2017-01-19 00:00:00,1202.27,1206.47,1195.86,1204.64,112173,0,0
2017-01-20 00:00:00,1204.82,1214.93,1198.54,1208.82,105391,0,0
2017-01-23 00:00:00,1208.66,1219.48,1208.66,1217.89,102824,0,0
2017-01-24 00:00:00,1217.99,1220.07,1206.58,1208.8,107055,0,0
2017-01-25 00:00:00,1208.56,1209.77,1193.29,1200.53,131784,0,0
2017-01-26 00:00:00,1200.89,1202.57,1184.39,1188.51,126886,0,0
2017-01-27 00:00:00,1189.0,1191.68,1180.75,1191.3,123508,0,0
2017-01-30 00:00:00,1191.72,1199.4,1188.27,1195.43,136255,0,0
2017-01-31 00:00:00,1195.44,1215.09,1193.74,1210.61,160644,0,0
2017-02-01 00:00:00,1209.94,1213.21,1198.16,1209.69,168572,0,0
2017-02-02 00:00:00,1209.35,1225.3,1208.41,1215.77,159282,0,0
2017-02-03 00:00:00,1215.59,1221.37,1206.67,1220.15,133918,0,0
2017-02-06 00:00:00,1219.37,1235.66,1219.16,1235.39,112277,0,0
2017-02-07 00:00:00,1234.33,1235.79,1227.75,1233.85,103490,0,0
2017-02-08 00:00:00,1233.24,1244.56,1230.06,1241.41,124672,0,0
2017-02-09 00:00:00,1240.3,1244.52,1225.34,1228.29,116663,0,0
2017-02-10 00:00:00,1227.23,1237.12,1221.67,1233.6,158831,0,0
2017-02-13 00:00:00,1232.26,1232.87,1219.36,1225.16,158764,0,0
2017-02-14 00:00:00,1224.79,1234.56,1221.91,1228.15,182874,0,0
2017-02-15 00:00:00,1227.42,1233.38,1216.67,1232.41,146976,0,0
2017-02-16 00:00:00,1233.31,1242.39,1232.1,1238.97,179103,0,0
2017-02-17 00:00:00,1238.78,1243.8,1234.45,1234.73,153196,0,0
2017-02-20 00:00:00,1235.02,1238.97,1232.78,1237.48,78190,0,0
2017-02-21 00:00:00,1237.19,1238.85,1226.12,1235.59,153600,0,0
2017-02-22 00:00:00,1236.05,1240.66,1231.18,1237.36,157458,0,0
2017-02-23 00:00:00,1237.47,1251.1,1235.77,1249.37,158038,0,0
2017-02-24 00:00:00,1249.01,1260.1,1247.72,1256.9,101241,0,0
2017-02-27 00:00:00,1257.9,1263.84,1250.94,1252.72,103276,0,0
2017-02-28 00:00:00,1252.07,1258.36,1247.69,1248.09,110433,0,0
2017-03-01 00:00:00,1247.76,1250.61,1236.88,1249.34,165633,0,0
2017-03-02 00:00:00,1249.07,1249.91,1230.63,1230.65,100303,0,0
2017-03-03 00:00:00,1233.78,1236.27,1222.83,1234.45,118120,0,0
2017-03-06 00:00:00,1233.35,1236.82,1224.87,1225.26,85011,0,0
2017-03-07 00:00:00,1224.68,1227.15,1214.16,1215.74,89153,0,0
2017-03-08 00:00:00,1215.27,1218.56,1206.65,1208.11,77860,0,0
2017-03-09 00:00:00,1207.77,1208.99,1199.2,1201.06,95181,0,0
2017-03-10 00:00:00,1200.47,1206.32,1194.98,1204.66,92658,0,0
2017-03-13 00:00:00,1204.82,1211.18,1201.28,1201.66,69972,0,0
2017-03-14 00:00:00,1202.78,1207.66,1197.25,1197.96,81888,0,0
2017-03-15 00:00:00,1198.2,1222.04,1197.54,1217.69,82174,0,0
2017-03-16 00:00:00,1219.03,1233.8,1218.06,1226.16,93824,0,0
2017-03-17 00:00:00,1226.21,1231.68,1224.49,1229.0,64371,0,0
2017-03-20 00:00:00,1228.91,1235.51,1228.91,1233.23,56704,0,0
2017-03-21 00:00:00,1233.87,1247.57,1226.87,1242.64,86646,0,0
2017-03-22 00:00:00,1243.87,1251.32,1243.87,1248.03,93985,0,0
2017-03-23 00:00:00,1248.4,1253.29,1241.58,1242.08,89939,0,0
2017-03-24 00:00:00,1245.12,1251.85,1240.97,1244.87,76776,0,0
2017-03-27 00:00:00,1245.78,1261.04,1245.67,1253.56,77700,0,0
2017-03-28 00:00:00,1253.29,1258.39,1247.69,1251.21,84351,0,0
2017-03-29 00:00:00,1250.53,1254.65,1247.33,1252.57,87611,0,0
2017-03-30 00:00:00,1253.6,1253.81,1242.27,1242.27,66512,0,0
2017-03-31 00:00:00,1240.65,1250.54,1239.62,1248.89,67094,0,0
2017-04-03 00:00:00,1249.72,1253.71,1244.5,1253.31,54200,0,0
2017-04-04 00:00:00,1253.2,1261.3,1253.2,1254.47,56178,0,0
2017-04-05 00:00:00,1255.77,1257.33,1243.76,1254.52,72660,0,0
2017-04-06 00:00:00,1255.06,1258.89,1249.77,1250.79,71980,0,0
2017-04-07 00:00:00,1251.31,1270.99,1250.59,1253.89,114370,0,0
2017-04-10 00:00:00,1253.81,1257.1,1247.16,1253.6,66105,0,0
2017-04-11 00:00:00,1254.82,1275.14,1253.06,1273.0,80812,0,0
2017-04-12 00:00:00,1274.13,1286.72,1272.02,1285.81,77449,0,0
2017-04-13 00:00:00,1285.92,1288.57,1281.84,1286.44,70272,0,0
2017-04-17 00:00:00,1288.97,1292.76,1281.36,1284.09,35149,0,0
2017-04-18 00:00:00,1284.37,1292.34,1278.93,1288.88,54864,0,0
2017-04-19 00:00:00,1289.54,1290.7,1274.01,1279.22,52103,0,0
2017-04-20 00:00:00,1280.47,1283.43,1276.65,1281.03,64216,0,0
2017-04-21 00:00:00,1281.88,1288.29,1278.49,1283.94,81585,0,0
2017-04-24 00:00:00,1277.0,1277.4,1265.34,1275.32,121038,0,0
2017-04-25 00:00:00,1276.06,1278.14,1261.62,1263.33,130152,0,0
2017-04-26 00:00:00,1264.16,1270.57,1260.03,1268.7,122590,0,0
2017-04-27 00:00:00,1268.35,1269.65,1261.24,1263.84,89075,0,0
2017-04-28 00:00:00,1263.52,1268.5,1263.06,1268.07,69493,0,0
2017-05-01 00:00:00,1267.45,1271.16,1254.29,1256.26,61169,0,0
2017-05-02 00:00:00,1256.12,1257.8,1252.02,1256.59,71488,0,0
2017-05-03 00:00:00,1255.94,1257.0,1235.92,1237.75,86055,0,0
2017-05-04 00:00:00,1238.05,1241.29,1225.77,1227.72,99219,0,0
2017-05-05 00:00:00,1228.05,1235.58,1226.14,1227.55,101383,0,0
2017-05-08 00:00:00,1222.91,1236.54,1220.99,1226.0,84552,0,0
2017-05-09 00:00:00,1225.92,1228.65,1214.28,1221.01,84071,0,0
2017-05-10 00:00:00,1221.71,1225.67,1217.6,1218.9,75107,0,0
2017-05-11 00:00:00,1218.93,1227.67,1217.02,1224.75,73172,0,0
2017-05-12 00:00:00,1223.75,1231.76,1223.75,1228.25,81305,0,0
2017-05-15 00:00:00,1228.07,1237.35,1226.99,1230.3,104213,0,0
2017-05-16 00:00:00,1230.39,1239.12,1230.33,1236.75,103455,0,0
2017-05-17 00:00:00,1236.89,1261.31,1236.55,1260.91,174877,0,0
2017-05-18 00:00:00,1260.78,1265.07,1246.05,1246.83,214549,0,0
2017-05-19 00:00:00,1246.89,1256.44,1246.3,1255.41,146625,0,0
2017-05-22 00:00:00,1257.1,1262.66,1251.82,1260.28,108575,0,0
2017-05-23 00:00:00,1259.81,1263.82,1250.72,1250.83,134945,0,0
2017-05-24 00:00:00,1250.67,1258.97,1247.94,1258.45,128738,0,0
2017-05-25 00:00:00,1257.97,1259.68,1253.85,1255.33,122962,0,0
2017-05-26 00:00:00,1255.31,1269.5,1253.13,1266.87,109485,0,0
2017-05-29 00:00:00,1267.63,1269.13,1265.03,1266.65,34256,0,0
2017-05-30 00:00:00,1266.92,1270.51,1259.4,1262.88,110422,0,0
2017-05-31 00:00:00,1262.39,1274.13,1259.61,1268.69,133816,0,0
2017-06-01 00:00:00,1268.46,1270.35,1261.53,1265.81,125829,0,0
2017-06-02 00:00:00,1265.25,1279.49,1259.07,1278.58,131427,0,0
2017-06-05 00:00:00,1279.67,1283.48,1277.82,1279.35,105563,0,0
2017-06-06 00:00:00,1279.27,1296.16,1279.24,1293.88,146531,0,0
2017-06-07 00:00:00,1294.32,1294.96,1282.71,1286.83,143486,0,0
2017-06-08 00:00:00,1286.81,1288.94,1271.33,1277.85,159931,0,0
2017-06-09 00:00:00,1281.17,1281.68,1264.69,1266.54,178217,0,0
2017-06-12 00:00:00,1267.5,1270.32,1263.64,1265.66,154472,0,0
2017-06-13 00:00:00,1265.28,1268.98,1259.29,1266.33,129546,0,0
2017-06-14 00:00:00,1266.13,1281.18,1257.22,1260.53,178984,0,0
2017-06-15 00:00:00,1260.5,1266.74,1251.47,1253.7,175787,0,0
2017-06-16 00:00:00,1253.73,1257.25,1251.87,1253.53,127391,0,0
2017-06-19 00:00:00,1253.87,1255.71,1243.04,1243.54,134721,0,0
2017-06-20 00:00:00,1243.93,1248.13,1241.33,1242.78,143789,0,0
2017-06-21 00:00:00,1242.47,1247.86,1240.83,1246.18,149565,0,0
2017-06-22 00:00:00,1245.09,1254.79,1244.91,1250.13,147185,0,0
2017-06-23 00:00:00,1249.52,1258.88,1249.52,1256.7,118038,0,0
2017-06-26 00:00:00,1256.62,1258.12,1236.16,1244.2,135334,0,0
2017-06-27 00:00:00,1244.27,1253.14,1241.38,1246.68,168369,0,0
2017-06-28 00:00:00,1246.65,1254.91,1246.24,1248.98,162692,0,0
2017-06-29 00:00:00,1248.83,1253.29,1239.81,1244.74,188928,0,0
2017-06-30 00:00:00,1245.07,1248.29,1239.23,1241.38,170728,0,0
2017-07-03 00:00:00,1241.6,1242.75,1218.56,1219.86,145031,0,0
2017-07-04 00:00:00,1220.48,1226.56,1220.44,1223.41,89019,0,0
2017-07-05 00:00:00,1223.68,1228.87,1217.47,1226.78,157403,0,0
2017-07-06 00:00:00,1226.79,1229.2,1222.52,1224.64,132461,0,0
2017-07-07 00:00:00,1224.86,1228.44,1207.29,1212.8,132972,0,0
2017-07-10 00:00:00,1212.55,1215.66,1204.85,1214.06,115613,0,0
2017-07-11 00:00:00,1213.93,1217.43,1208.21,1217.31,121810,0,0
2017-07-12 00:00:00,1216.91,1225.8,1214.31,1220.22,128933,0,0
2017-07-13 00:00:00,1219.02,1224.44,1216.54,1217.22,121949,0,0
2017-07-14 00:00:00,1216.65,1232.87,1214.8,1228.72,117150,0,0
2017-07-17 00:00:00,1229.04,1236.07,1228.23,1233.62,105797,0,0
2017-07-18 00:00:00,1234.03,1244.56,1232.83,1242.23,125889,0,0
2017-07-19 00:00:00,1242.5,1244.07,1235.82,1240.97,109819,0,0
2017-07-20 00:00:00,1240.71,1247.58,1235.29,1244.37,136519,0,0
2017-07-21 00:00:00,1243.95,1255.78,1243.4,1254.88,123343,0,0
2017-07-24 00:00:00,1255.4,1258.85,1251.96,1254.88,124991,0,0
2017-07-25 00:00:00,1254.6,1257.77,1249.12,1249.74,135522,0,0
2017-07-26 00:00:00,1250.22,1263.56,1243.77,1260.42,144430,0,0
2017-07-27 00:00:00,1260.2,1265.35,1254.5,1258.59,142109,0,0
2017-07-28 00:00:00,1258.98,1270.92,1257.44,1269.25,147066,0,0
2017-07-31 00:00:00,1269.79,1271.12,1265.79,1269.08,105011,0,0
2017-08-01 00:00:00,1269.42,1274.04,1262.56,1268.5,116718,0,0
2017-08-02 00:00:00,1268.6,1272.82,1262.88,1266.45,119211,0,0
2017-08-03 00:00:00,1266.52,1270.87,1256.82,1268.11,131571,0,0
2017-08-04 00:00:00,1269.18,1270.17,1254.2,1258.89,126243,0,0
2017-08-07 00:00:00,1258.45,1259.93,1255.78,1257.26,86120,0,0
2017-08-08 00:00:00,1257.35,1265.22,1251.43,1260.52,119747,0,0
2017-08-09 00:00:00,1260.13,1278.73,1260.12,1277.01,141155,0,0
2017-08-10 00:00:00,1276.89,1287.85,1274.66,1285.74,139498,0,0
2017-08-11 00:00:00,1286.24,1291.68,1281.23,1289.06,128983,0,0
2017-08-14 00:00:00,1290.26,1290.28,1278.64,1281.4,132948,0,0
2017-08-15 00:00:00,1281.63,1282.05,1267.33,1270.99,130221,0,0
2017-08-16 00:00:00,1271.09,1283.84,1267.8,1282.79,120241,0,0
2017-08-17 00:00:00,1284.12,1290.18,1281.67,1287.71,112770,0,0
2017-08-18 00:00:00,1288.04,1300.82,1283.56,1284.38,112745,0,0
2017-08-21 00:00:00,1283.11,1293.86,1280.59,1291.67,93504,0,0
2017-08-22 00:00:00,1291.12,1292.55,1282.01,1284.73,83435,0,0
2017-08-23 00:00:00,1284.73,1291.48,1282.78,1290.29,90491,0,0
2017-08-24 00:00:00,1290.51,1291.21,1284.54,1286.03,95365,0,0
2017-08-25 00:00:00,1286.21,1294.52,1276.17,1291.13,101455,0,0
2017-08-28 00:00:00,1292.0,1312.14,1291.85,1309.72,96326,0,0
2017-08-29 00:00:00,1315.14,1325.98,1305.03,1309.16,164336,0,0
2017-08-30 00:00:00,1309.23,1313.71,1305.2,1308.29,114991,0,0
2017-08-31 00:00:00,1308.57,1323.65,1299.04,1321.07,116587,0,0
2017-09-01 00:00:00,1321.61,1328.87,1316.39,1325.19,101436,0,0
2017-09-04 00:00:00,1324.84,1339.74,1324.84,1333.86,69092,0,0
2017-09-05 00:00:00,1333.93,1344.36,1326.36,1339.52,131004,0,0
2017-09-06 00:00:00,1339.66,1342.48,1331.63,1334.03,107817,0,0
2017-09-07 00:00:00,1334.28,1349.87,1332.56,1349.06,126894,0,0
2017-09-08 00:00:00,1348.67,1357.52,1342.83,1346.46,123810,0,0
2017-09-11 00:00:00,1346.29,1346.29,1326.42,1327.38,115048,0,0
2017-09-12 00:00:00,1327.61,1332.13,1322.63,1331.71,121147,0,0
2017-09-13 00:00:00,1334.03,1334.64,1320.87,1322.85,110095,0,0
2017-09-14 00:00:00,1323.4,1330.69,1315.8,1329.5,115151,0,0
2017-09-15 00:00:00,1329.29,1334.36,1319.76,1320.28,130489,0,0
2017-09-18 00:00:00,1319.89,1319.98,1304.63,1307.36,98183,0,0
2017-09-19 00:00:00,1306.81,1311.7,1305.14,1310.86,109927,0,0
2017-09-20 00:00:00,1310.9,1316.06,1296.1,1300.78,104749,0,0
2017-09-21 00:00:00,1300.63,1301.82,1288.2,1291.01,122656,0,0
2017-09-22 00:00:00,1290.99,1298.72,1290.99,1297.15,93936,0,0
2017-09-25 00:00:00,1296.78,1312.06,1289.46,1310.46,127337,0,0
2017-09-26 00:00:00,1310.45,1313.66,1292.62,1293.43,122936,0,0
2017-09-27 00:00:00,1293.88,1296.26,1281.47,1282.36,126396,0,0
2017-09-28 00:00:00,1282.25,1288.84,1277.74,1287.1,118828,0,0
2017-09-29 00:00:00,1287.02,1290.33,1276.58,1278.86,108310,0,0
2017-10-02 00:00:00,1279.36,1280.01,1269.53,1270.62,98099,0,0
2017-10-03 00:00:00,1270.61,1274.64,1268.31,1271.41,77716,0,0
2017-10-04 00:00:00,1271.66,1282.22,1270.61,1274.31,87577,0,0
2017-10-05 00:00:00,1274.92,1279.03,1266.25,1268.09,79337,0,0
2017-10-06 00:00:00,1268.16,1276.47,1260.68,1276.36,100561,0,0
2017-10-09 00:00:00,1275.17,1285.49,1275.13,1283.79,77306,0,0
2017-10-10 00:00:00,1284.27,1294.25,1282.14,1287.33,113790,0,0
2017-10-11 00:00:00,1288.13,1293.54,1284.57,1291.32,106451,0,0
2017-10-12 00:00:00,1291.44,1297.53,1289.68,1293.32,81366,0,0
2017-10-13 00:00:00,1293.4,1303.77,1290.87,1303.57,84244,0,0
2017-10-16 00:00:00,1302.88,1306.06,1290.4,1294.58,49187,0,0
2017-10-17 00:00:00,1299.24,1299.24,1281.51,1284.72,50906,0,0
2017-10-18 00:00:00,1284.35,1288.91,1276.99,1280.66,62822,0,0
2017-10-19 00:00:00,1280.63,1290.47,1276.71,1289.52,95455,0,0
2017-10-20 00:00:00,1289.6,1291.1,1277.93,1280.67,97048,0,0
2017-10-23 00:00:00,1278.89,1283.33,1272.63,1281.68,75546,0,0
2017-10-24 00:00:00,1282.13,1283.67,1273.73,1276.2,73815,0,0
2017-10-25 00:00:00,1275.22,1280.01,1270.99,1277.05,88652,0,0
2017-10-26 00:00:00,1277.18,1282.55,1265.75,1266.87,102785,0,0
2017-10-27 00:00:00,1266.94,1274.02,1263.71,1273.88,98973,0,0
2017-10-30 00:00:00,1272.94,1278.84,1268.96,1275.99,69117,0,0
2017-10-31 00:00:00,1271.89,1278.17,1267.75,1270.76,61094,0,0
2017-11-01 00:00:00,1270.39,1280.87,1267.99,1274.25,84247,0,0
2017-11-02 00:00:00,1274.53,1284.13,1273.4,1275.68,85683,0,0
2017-11-03 00:00:00,1278.0,1280.18,1265.49,1269.66,70710,0,0
2017-11-06 00:00:00,1269.73,1282.97,1266.11,1281.4,83356,0,0
2017-11-07 00:00:00,1281.25,1282.3,1271.9,1274.95,73620,0,0
2017-11-08 00:00:00,1275.32,1287.25,1273.03,1281.22,75215,0,0
2017-11-09 00:00:00,1281.26,1288.43,1279.94,1284.65,84667,0,0
2017-11-10 00:00:00,1284.67,1287.1,1273.38,1275.58,76270,0,0
2017-11-13 00:00:00,1274.92,1279.85,1274.28,1278.09,73837,0,0
2017-11-14 00:00:00,1278.22,1283.63,1270.0,1279.76,78371,0,0
2017-11-15 00:00:00,1280.28,1289.51,1276.85,1277.67,97099,0,0
2017-11-16 00:00:00,1277.77,1281.78,1275.12,1278.2,76119,0,0
2017-11-17 00:00:00,1278.61,1296.94,1278.25,1294.13,80145,0,0
2017-11-20 00:00:00,1292.84,1294.84,1274.61,1276.54,90905,0,0
2017-11-21 00:00:00,1276.8,1284.78,1276.25,1280.26,77273,0,0
2017-11-22 00:00:00,1280.25,1294.69,1279.07,1291.63,78549,0,0
2017-11-23 00:00:00,1291.8,1293.57,1286.9,1290.46,36127,0,0
2017-11-24 00:00:00,1291.04,1293.29,1285.87,1287.94,52719,0,0
2017-11-27 00:00:00,1288.63,1299.24,1286.75,1293.95,78344,0,0
2017-11-28 00:00:00,1293.68,1297.45,1290.74,1293.69,84058,0,0
2017-11-29 00:00:00,1293.75,1296.72,1282.03,1283.18,91246,0,0
2017-11-30 00:00:00,1283.65,1285.31,1270.36,1274.4,91647,0,0
2017-12-01 00:00:00,1274.45,1289.29,1271.66,1280.5,102831,0,0
2017-12-04 00:00:00,1274.84,1277.17,1271.08,1275.68,92051,0,0
2017-12-05 00:00:00,1275.9,1277.07,1260.99,1265.53,82061,0,0
2017-12-06 00:00:00,1263.82,1269.26,1262.6,1262.76,95260,0,0
2017-12-07 00:00:00,1262.41,1264.48,1243.98,1246.66,92371,0,0
2017-12-08 00:00:00,1247.28,1252.38,1244.03,1248.23,92547,0,0
2017-12-11 00:00:00,1246.82,1251.56,1240.73,1241.75,108153,0,0
2017-12-12 00:00:00,1242.44,1246.26,1236.51,1244.07,98810,0,0
2017-12-13 00:00:00,1243.64,1257.12,1240.29,1255.21,125581,0,0
2017-12-14 00:00:00,1255.24,1259.11,1250.5,1252.56,158340,0,0
2017-12-15 00:00:00,1252.76,1261.9,1252.75,1255.13,160004,0,0
2017-12-18 00:00:00,1254.18,1263.97,1252.79,1261.84,142509,0,0
2017-12-19 00:00:00,1261.51,1265.31,1259.22,1261.48,141719,0,0
2017-12-20 00:00:00,1261.36,1267.88,1261.34,1265.36,145856,0,0
2017-12-21 00:00:00,1265.2,1268.98,1262.78,1266.37,122989,0,0
2017-12-22 00:00:00,1266.46,1276.25,1264.98,1275.2,122602,0,0
2017-12-26 00:00:00,1273.59,1283.82,1273.49,1282.63,84371,0,0
2017-12-27 00:00:00,1283.24,1288.98,1281.31,1286.71,119692,0,0
2017-12-28 00:00:00,1287.78,1295.23,1286.9,1294.61,123491,0,0
2017-12-29 00:00:00,1294.78,1307.58,1293.88,1302.66,120553,0,0
2018-01-02 00:00:00,1302.93,1318.92,1302.23,1317.23,121236,0,0
2018-01-03 00:00:00,1317.43,1321.52,1307.48,1312.9,157005,0,0
2018-01-04 00:00:00,1312.68,1326.09,1305.89,1322.68,131852,0,0
2018-01-05 00:00:00,1322.2,1323.47,1313.65,1319.24,118637,0,0
2018-01-08 00:00:00,1320.93,1322.15,1314.79,1320.19,107334,0,0
2018-01-09 00:00:00,1320.42,1320.45,1308.91,1312.6,139610,0,0
2018-01-10 00:00:00,1312.28,1327.7,1308.21,1316.38,189167,0,0
2018-01-11 00:00:00,1316.18,1324.02,1315.7,1322.18,158631,0,0
2018-01-12 00:00:00,1322.8,1339.35,1321.51,1337.63,154405,0,0
2018-01-15 00:00:00,1336.13,1344.75,1335.88,1339.42,131092,0,0
2018-01-16 00:00:00,1339.8,1342.3,1331.87,1338.22,167053,0,0
2018-01-17 00:00:00,1338.13,1343.99,1326.01,1326.78,209054,0,0
2018-01-18 00:00:00,1326.21,1333.17,1324.31,1326.81,186657,0,0
2018-01-19 00:00:00,1326.59,1338.06,1326.36,1331.4,190231,0,0
2018-01-22 00:00:00,1333.5,1335.68,1328.34,1333.82,157367,0,0
2018-01-23 00:00:00,1332.87,1341.83,1331.27,1340.97,162587,0,0
2018-01-24 00:00:00,1340.91,1362.14,1339.52,1357.94,202815,0,0
2018-01-25 00:00:00,1357.11,1366.08,1342.44,1348.07,212751,0,0
2018-01-26 00:00:00,1348.05,1357.15,1344.52,1350.19,237130,0,0
2018-01-29 00:00:00,1349.42,1352.43,1337.65,1339.99,255693,0,0
2018-01-30 00:00:00,1340.67,1348.92,1334.43,1338.22,376249,0,0
2018-01-31 00:00:00,1337.72,1347.53,1335.66,1344.79,329862,0,0
2018-02-01 00:00:00,1344.95,1351.03,1337.28,1348.47,315381,0,0
2018-02-02 00:00:00,1349.07,1350.08,1327.47,1332.82,402778,0,0
2018-02-05 00:00:00,1331.67,1340.89,1329.0,1340.28,313659,0,0
2018-02-06 00:00:00,1339.41,1346.01,1320.2,1323.9,475666,0,0
2018-02-07 00:00:00,1323.33,1332.31,1312.27,1318.05,451832,0,0
2018-02-08 00:00:00,1318.1,1321.76,1307.28,1318.55,335717,0,0
2018-02-09 00:00:00,1318.03,1322.74,1311.16,1316.1,368723,0,0
2018-02-12 00:00:00,1314.7,1326.89,1314.17,1322.37,280415,0,0
2018-02-13 00:00:00,1322.55,1331.11,1321.61,1329.17,359943,0,0
2018-02-14 00:00:00,1328.79,1355.57,1317.24,1350.12,417202,0,0
2018-02-15 00:00:00,1349.2,1357.19,1348.57,1353.09,271083,0,0
2018-02-16 00:00:00,1352.63,1361.74,1344.76,1347.21,369443,0,0
2018-02-19 00:00:00,1346.93,1351.41,1345.75,1346.3,61302,0,0
2018-02-20 00:00:00,1346.1,1348.23,1328.47,1329.1,115813,0,0
2018-02-21 00:00:00,1328.88,1336.12,1322.42,1324.27,121116,0,0
2018-02-22 00:00:00,1323.93,1332.11,1320.95,1331.82,113956,0,0
2018-02-23 00:00:00,1330.98,1332.17,1325.82,1328.28,97311,0,0
2018-02-26 00:00:00,1327.74,1341.04,1326.71,1333.0,105256,0,0
2018-02-27 00:00:00,1332.56,1336.72,1313.43,1318.23,105152,0,0
2018-02-28 00:00:00,1317.89,1322.52,1315.63,1317.85,98931,0,0
2018-03-01 00:00:00,1317.55,1321.09,1302.79,1316.74,124192,0,0
2018-03-02 00:00:00,1317.25,1325.47,1315.22,1322.26,116777,0,0
2018-03-05 00:00:00,1323.51,1327.71,1317.55,1320.23,81356,0,0
2018-03-06 00:00:00,1320.11,1338.49,1319.6,1334.27,105393,0,0
2018-03-07 00:00:00,1337.69,1340.52,1322.19,1325.13,109614,0,0
2018-03-08 00:00:00,1325.08,1329.03,1319.05,1321.8,92981,0,0
2018-03-09 00:00:00,1321.96,1325.15,1313.35,1323.15,94661,0,0
2018-03-12 00:00:00,1323.55,1324.29,1315.09,1322.7,67289,0,0
2018-03-13 00:00:00,1322.94,1328.31,1313.78,1326.01,82639,0,0
2018-03-14 00:00:00,1326.26,1330.03,1321.48,1324.3,74607,0,0
2018-03-15 00:00:00,1323.25,1327.93,1314.99,1315.91,79284,0,0
2018-03-16 00:00:00,1316.03,1321.75,1309.68,1313.6,77379,0,0
2018-03-19 00:00:00,1313.01,1319.67,1307.81,1316.51,84656,0,0
2018-03-20 00:00:00,1316.56,1318.28,1307.22,1310.96,78598,0,0
2018-03-21 00:00:00,1310.68,1336.67,1309.85,1331.75,76557,0,0
2018-03-22 00:00:00,1331.15,1334.89,1324.8,1328.72,114157,0,0
2018-03-23 00:00:00,1330.12,1350.23,1328.93,1346.98,125883,0,0
2018-03-26 00:00:00,1346.48,1355.94,1343.48,1353.51,151706,0,0
2018-03-27 00:00:00,1353.22,1356.88,1339.86,1344.69,56348,0,0
2018-03-28 00:00:00,1345.45,1347.0,1323.46,1324.56,45960,0,0
2018-03-29 00:00:00,1324.97,1328.33,1321.23,1324.95,40339,0,0
2018-04-02 00:00:00,1325.9,1344.84,1324.86,1340.92,38971,0,0
2018-04-03 00:00:00,1340.43,1342.51,1328.94,1332.43,44849,0,0
2018-04-04 00:00:00,1332.65,1348.07,1331.52,1332.8,46432,0,0
2018-04-05 00:00:00,1332.46,1334.91,1322.75,1326.28,41212,0,0
2018-04-06 00:00:00,1326.21,1335.36,1320.14,1333.05,48142,0,0
2018-04-09 00:00:00,1333.65,1337.96,1326.9,1335.88,42326,0,0
2018-04-10 00:00:00,1336.28,1342.58,1331.08,1339.22,45659,0,0
2018-04-11 00:00:00,1339.02,1365.27,1339.02,1353.0,44847,0,0
2018-04-12 00:00:00,1352.9,1353.2,1333.79,1334.56,46240,0,0
2018-04-13 00:00:00,1335.23,1347.15,1333.4,1345.2,43548,0,0
2018-04-16 00:00:00,1346.13,1350.5,1340.05,1345.42,41485,0,0
2018-04-17 00:00:00,1345.68,1349.4,1337.68,1347.17,41495,0,0
2018-04-18 00:00:00,1347.33,1355.68,1342.29,1349.06,42550,0,0
2018-04-19 00:00:00,1348.71,1354.7,1340.95,1345.24,43047,0,0
2018-04-20 00:00:00,1346.03,1346.12,1334.95,1335.23,28569,0,0
2018-04-23 00:00:00,1333.82,1335.43,1322.13,1324.52,30183,0,0
2018-04-24 00:00:00,1324.32,1332.66,1322.15,1329.94,31835,0,0
2018-04-25 00:00:00,1329.55,1332.04,1318.75,1322.83,33512,0,0
2018-04-26 00:00:00,1322.81,1326.58,1315.25,1316.36,35138,0,0
2018-04-27 00:00:00,1316.38,1325.21,1315.45,1323.1,32486,0,0
2018-04-30 00:00:00,1322.03,1324.95,1310.15,1314.92,31556,0,0
2018-05-01 00:00:00,1314.42,1316.3,1301.79,1303.25,30660,0,0
2018-05-02 00:00:00,1303.62,1313.41,1303.62,1304.4,38267,0,0
2018-05-03 00:00:00,1304.14,1318.09,1304.14,1311.56,40384,0,0
2018-05-04 00:00:00,1311.81,1315.33,1307.95,1314.64,33096,0,0
2018-05-07 00:00:00,1311.25,1318.88,1310.2,1313.65,30230,0,0
2018-05-08 00:00:00,1313.02,1317.82,1306.06,1313.93,37795,0,0
2018-05-09 00:00:00,1314.34,1317.44,1304.29,1312.08,37217,0,0
2018-05-10 00:00:00,1312.11,1322.68,1310.81,1320.86,37348,0,0
2018-05-11 00:00:00,1320.76,1325.95,1317.39,1317.79,33934,0,0
2018-05-14 00:00:00,1318.24,1322.38,1312.95,1312.95,33908,0,0
2018-05-15 00:00:00,1312.42,1314.84,1288.68,1290.19,38783,0,0
2018-05-16 00:00:00,1289.51,1296.93,1286.41,1290.2,39100,0,0
2018-05-17 00:00:00,1290.21,1294.38,1285.23,1290.23,37398,0,0
2018-05-18 00:00:00,1290.42,1294.25,1286.1,1292.74,32658,0,0
2018-05-21 00:00:00,1290.74,1293.13,1282.1,1291.93,34742,0,0
2018-05-22 00:00:00,1292.32,1296.13,1287.99,1290.68,37015,0,0
2018-05-23 00:00:00,1290.84,1298.09,1287.89,1292.92,43637,0,0
2018-05-24 00:00:00,1293.62,1306.65,1292.73,1304.07,38513,0,0
2018-05-25 00:00:00,1304.01,1307.79,1299.89,1301.16,36850,0,0
2018-05-28 00:00:00,1300.08,1300.28,1295.47,1298.09,27364,0,0
2018-05-29 00:00:00,1297.78,1306.48,1293.06,1298.16,49905,0,0
2018-05-30 00:00:00,1298.65,1304.34,1295.86,1300.92,45649,0,0
2018-05-31 00:00:00,1301.2,1306.47,1297.4,1298.24,37521,0,0
2018-06-01 00:00:00,1298.89,1300.56,1289.37,1293.05,30283,0,0
2018-06-04 00:00:00,1292.53,1298.04,1290.27,1291.66,31964,0,0
2018-06-05 00:00:00,1291.99,1300.55,1289.92,1295.94,32231,0,0
2018-06-06 00:00:00,1296.15,1301.8,1293.78,1296.1,31530,0,0
2018-06-07 00:00:00,1296.2,1303.14,1294.89,1296.79,35225,0,0
2018-06-08 00:00:00,1296.55,1300.59,1293.26,1298.83,34404,0,0
2018-06-11 00:00:00,1299.79,1302.18,1294.16,1299.92,29790,0,0
2018-06-12 00:00:00,1299.75,1300.55,1293.11,1295.59,34915,0,0
2018-06-13 00:00:00,1295.52,1301.23,1292.38,1298.93,41583,0,0
2018-06-14 00:00:00,1299.23,1309.29,1297.58,1301.83,46570,0,0
2018-06-15 00:00:00,1301.96,1303.14,1275.41,1279.52,49153,0,0
2018-06-18 00:00:00,1277.93,1282.45,1277.08,1277.93,40020,0,0
2018-06-19 00:00:00,1277.86,1284.07,1270.46,1274.26,48391,0,0
2018-06-20 00:00:00,1274.84,1276.43,1267.37,1267.37,42972,0,0
2018-06-21 00:00:00,1267.49,1270.12,1261.39,1266.57,46979,0,0
2018-06-22 00:00:00,1266.77,1271.1,1266.77,1269.22,42385,0,0
2018-06-25 00:00:00,1270.04,1272.59,1264.54,1265.09,46022,0,0
2018-06-26 00:00:00,1265.32,1267.69,1254.82,1258.6,46074,0,0
2018-06-27 00:00:00,1258.24,1260.05,1250.82,1251.97,50327,0,0
2018-06-28 00:00:00,1251.75,1254.28,1245.97,1247.9,47403,0,0
2018-06-29 00:00:00,1247.74,1255.64,1246.29,1252.72,48716,0,0
2018-07-02 00:00:00,1251.54,1254.21,1239.71,1241.7,44437,0,0
2018-07-03 00:00:00,1242.05,1256.91,1237.97,1252.36,45435,0,0
2018-07-04 00:00:00,1251.97,1261.14,1251.97,1256.56,35284,0,0
2018-07-05 00:00:00,1256.4,1259.74,1251.32,1257.21,45090,0,0
2018-07-06 00:00:00,1257.34,1258.91,1252.84,1254.97,42878,0,0
2018-07-09 00:00:00,1254.66,1265.88,1254.66,1257.2,39278,0,0
2018-07-10 00:00:00,1257.22,1260.34,1247.43,1255.05,42614,0,0
2018-07-11 00:00:00,1255.75,1256.91,1241.57,1241.95,49367,0,0
2018-07-12 00:00:00,1241.83,1248.57,1241.32,1246.77,42538,0,0
2018-07-13 00:00:00,1246.95,1248.08,1236.71,1241.63,41494,0,0
2018-07-16 00:00:00,1240.34,1245.56,1238.38,1240.52,38448,0,0
2018-07-17 00:00:00,1240.29,1244.97,1226.14,1227.21,44689,0,0
2018-07-18 00:00:00,1227.35,1229.13,1221.14,1227.1,43392,0,0
2018-07-19 00:00:00,1227.23,1228.86,1211.65,1222.46,49766,0,0
2018-07-20 00:00:00,1223.05,1232.29,1215.75,1231.66,52369,0,0
2018-07-23 00:00:00,1231.12,1235.09,1222.37,1224.13,48003,0,0
2018-07-24 00:00:00,1224.28,1229.47,1218.5,1224.2,46429,0,0
2018-07-25 00:00:00,1223.84,1234.17,1223.28,1231.34,47652,0,0
2018-07-26 00:00:00,1231.11,1235.25,1222.25,1222.25,45462,0,0
2018-07-27 00:00:00,1222.67,1227.35,1217.61,1222.64,42954,0,0
2018-07-30 00:00:00,1221.7,1225.09,1219.06,1221.08,37899,0,0
2018-07-31 00:00:00,1221.64,1228.58,1214.01,1223.71,44406,0,0
2018-08-01 00:00:00,1223.83,1224.85,1215.62,1215.62,43202,0,0
2018-08-02 00:00:00,1215.63,1221.12,1207.15,1207.57,43289,0,0
2018-08-03 00:00:00,1207.09,1220.06,1204.55,1213.45,42750,0,0
2018-08-06 00:00:00,1213.34,1217.88,1206.67,1206.86,38866,0,0
2018-08-07 00:00:00,1207.15,1216.15,1207.15,1210.61,39096,0,0
2018-08-08 00:00:00,1210.71,1215.78,1206.61,1213.35,40172,0,0
2018-08-09 00:00:00,1214.02,1217.3,1210.83,1211.99,41372,0,0
2018-08-10 00:00:00,1212.62,1217.08,1206.31,1211.15,48816,0,0
2018-08-13 00:00:00,1210.62,1213.85,1191.76,1193.42,52336,0,0
2018-08-14 00:00:00,1194.09,1198.66,1192.15,1193.66,44735,0,0
2018-08-15 00:00:00,1194.04,1194.68,1173.13,1174.42,52689,0,0
2018-08-16 00:00:00,1175.43,1182.02,1160.15,1173.67,56490,0,0
2018-08-17 00:00:00,1173.87,1184.98,1171.94,1184.94,50189,0,0
2018-08-20 00:00:00,1183.14,1190.86,1182.82,1190.06,43614,0,0
2018-08-21 00:00:00,1190.47,1197.0,1187.7,1195.57,48119,0,0
2018-08-22 00:00:00,1196.28,1201.6,1192.59,1195.21,45801,0,0
2018-08-23 00:00:00,1195.61,1196.63,1183.92,1185.01,45016,0,0
2018-08-24 00:00:00,1185.1,1208.48,1183.16,1205.88,48294,0,0
2018-08-27 00:00:00,1207.39,1212.4,1203.17,1210.81,42367,0,0
2018-08-28 00:00:00,1211.23,1214.31,1199.7,1200.71,46786,0,0
2018-08-29 00:00:00,1200.5,1207.29,1200.5,1206.26,46466,0,0
2018-08-30 00:00:00,1206.21,1207.86,1196.32,1199.36,46686,0,0
2018-08-31 00:00:00,1200.07,1208.85,1198.28,1201.02,48765,0,0
2018-09-03 00:00:00,1199.89,1203.86,1195.75,1200.87,34001,0,0
2018-09-04 00:00:00,1201.3,1202.04,1189.69,1191.03,47646,0,0
2018-09-05 00:00:00,1191.31,1198.39,1190.98,1196.25,44343,0,0
2018-09-06 00:00:00,1196.59,1207.0,1195.86,1199.71,48940,0,0
2018-09-07 00:00:00,1199.77,1203.53,1193.47,1195.82,52006,0,0
2018-09-10 00:00:00,1194.83,1198.49,1191.63,1195.41,46144,0,0
2018-09-11 00:00:00,1195.05,1199.4,1187.77,1197.97,46172,0,0
2018-09-12 00:00:00,1198.05,1208.5,1192.76,1205.65,49723,0,0
2018-09-13 00:00:00,1207.13,1212.66,1200.22,1201.07,48760,0,0
2018-09-14 00:00:00,1201.31,1208.58,1193.01,1193.34,47726,0,0
2018-09-17 00:00:00,1194.24,1204.82,1192.84,1201.12,45430,0,0
2018-09-18 00:00:00,1201.44,1203.54,1195.91,1198.25,51922,0,0
2018-09-19 00:00:00,1198.21,1206.22,1197.68,1203.93,45953,0,0
2018-09-20 00:00:00,1204.03,1208.41,1201.4,1206.86,46650,0,0
2018-09-21 00:00:00,1207.33,1211.06,1191.91,1199.6,48027,0,0
2018-09-24 00:00:00,1199.36,1204.14,1194.47,1198.42,41051,0,0
2018-09-25 00:00:00,1198.61,1203.34,1197.12,1200.73,41770,0,0
2018-09-26 00:00:00,1200.95,1202.46,1190.57,1194.18,44291,0,0
2018-09-27 00:00:00,1194.93,1198.63,1181.93,1182.61,47676,0,0
2018-09-28 00:00:00,1182.94,1193.73,1180.78,1192.01,46677,0,0
2018-10-01 00:00:00,1191.91,1192.41,1184.63,1188.62,45447,0,0
2018-10-02 00:00:00,1188.36,1208.23,1188.36,1202.95,46824,0,0
2018-10-03 00:00:00,1203.67,1208.29,1196.67,1197.05,49773,0,0
2018-10-04 00:00:00,1197.59,1206.78,1196.01,1199.87,50258,0,0
2018-10-05 00:00:00,1199.83,1205.78,1197.28,1202.77,47510,0,0
2018-10-08 00:00:00,1202.58,1204.1,1183.07,1187.49,45655,0,0
2018-10-09 00:00:00,1188.93,1191.91,1183.35,1189.28,48343,0,0
2018-10-10 00:00:00,1189.51,1194.81,1185.37,1194.45,47166,0,0
2018-10-11 00:00:00,1194.59,1226.33,1191.3,1223.94,60433,0,0
2018-10-12 00:00:00,1224.23,1224.23,1215.86,1217.94,53824,0,0
2018-10-15 00:00:00,1217.16,1233.29,1216.99,1226.53,48555,0,0
2018-10-16 00:00:00,1226.95,1232.4,1223.58,1224.63,46623,0,0
2018-10-17 00:00:00,1224.57,1229.53,1220.67,1221.94,48849,0,0
2018-10-18 00:00:00,1222.05,1230.15,1218.72,1225.53,50109,0,0
2018-10-19 00:00:00,1225.55,1230.8,1223.19,1226.18,46251,0,0
2018-10-22 00:00:00,1227.03,1229.57,1220.16,1221.72,42962,0,0
2018-10-23 00:00:00,1221.85,1239.77,1221.76,1229.72,47786,0,0
2018-10-24 00:00:00,1230.67,1234.08,1225.67,1233.29,48001,0,0
2018-10-25 00:00:00,1234.13,1239.19,1228.13,1231.78,48971,0,0
2018-10-26 00:00:00,1232.09,1243.43,1230.08,1233.45,55614,0,0
2018-10-29 00:00:00,1233.43,1235.4,1224.38,1229.33,52344,0,0
2018-10-30 00:00:00,1230.05,1230.62,1219.94,1222.91,49747,0,0
2018-10-31 00:00:00,1222.71,1223.32,1212.02,1214.64,47291,0,0
2018-11-01 00:00:00,1214.92,1237.38,1214.75,1233.36,50531,0,0
2018-11-02 00:00:00,1233.85,1236.45,1229.8,1232.87,53027,0,0
2018-11-05 00:00:00,1232.86,1235.18,1226.92,1231.34,44472,0,0
2018-11-06 00:00:00,1231.53,1235.92,1223.51,1226.49,45219,0,0
2018-11-07 00:00:00,1227.05,1236.2,1223.05,1226.39,54510,0,0
2018-11-08 00:00:00,1226.37,1227.14,1220.17,1223.13,49595,0,0
2018-11-09 00:00:00,1223.37,1223.66,1206.78,1209.51,46837,0,0
2018-11-12 00:00:00,1209.71,1211.5,1200.07,1200.07,43982,0,0
2018-11-13 00:00:00,1200.45,1205.24,1196.39,1201.92,50161,0,0
2018-11-14 00:00:00,1202.14,1216.52,1197.74,1210.52,52057,0,0
2018-11-15 00:00:00,1210.92,1216.42,1208.08,1212.95,52903,0,0
2018-11-16 00:00:00,1213.75,1225.32,1213.17,1221.39,44662,0,0
2018-11-19 00:00:00,1221.88,1225.2,1218.03,1223.92,44384,0,0
2018-11-20 00:00:00,1223.98,1228.78,1219.99,1221.55,47162,0,0
2018-11-21 00:00:00,1221.61,1230.06,1219.83,1225.63,42972,0,0
2018-11-22 00:00:00,1225.92,1229.07,1224.9,1227.05,28184,0,0
2018-11-23 00:00:00,1227.09,1228.55,1220.39,1223.01,33946,0,0
2018-11-26 00:00:00,1223.42,1228.07,1221.78,1221.86,41407,0,0
2018-11-27 00:00:00,1222.05,1225.28,1211.94,1214.62,43927,0,0
2018-11-28 00:00:00,1214.75,1226.53,1211.28,1220.63,42963,0,0
2018-11-29 00:00:00,1220.32,1228.99,1220.22,1224.02,47475,0,0
2018-11-30 00:00:00,1224.27,1225.59,1216.71,1222.15,40560,0,0
2018-12-03 00:00:00,1225.15,1234.93,1221.33,1230.26,49355,0,0
2018-12-04 00:00:00,1230.87,1241.96,1230.54,1238.27,51963,0,0
2018-12-05 00:00:00,1239.0,1239.28,1233.35,1236.86,38498,0,0
2018-12-06 00:00:00,1237.7,1244.35,1234.8,1237.41,55093,0,0
2018-12-07 00:00:00,1237.57,1250.06,1237.33,1248.46,49645,0,0
2018-12-10 00:00:00,1249.54,1250.9,1241.66,1244.16,48167,0,0
2018-12-11 00:00:00,1244.39,1249.52,1241.08,1242.74,47217,0,0
2018-12-12 00:00:00,1243.03,1247.24,1242.05,1244.77,45711,0,0
2018-12-13 00:00:00,1245.76,1246.75,1240.19,1241.09,42161,0,0
2018-12-14 00:00:00,1241.75,1243.06,1232.95,1238.49,74393,0,0
2018-12-17 00:00:00,1238.59,1248.13,1235.83,1245.01,41234,0,0
2018-12-18 00:00:00,1245.85,1250.27,1245.1,1248.6,45900,0,0
2018-12-19 00:00:00,1250.11,1258.05,1241.72,1242.49,50785,0,0
2018-12-20 00:00:00,1243.36,1266.47,1242.77,1259.43,60358,0,0
2018-12-21 00:00:00,1260.41,1262.77,1253.95,1255.35,52859,0,0
2018-12-24 00:00:00,1257.13,1270.02,1257.13,1268.8,40726,0,0
2018-12-26 00:00:00,1267.81,1279.03,1264.3,1266.76,48824,0,0
2018-12-27 00:00:00,1266.52,1278.93,1266.19,1275.09,57105,0,0
2018-12-28 00:00:00,1275.16,1282.12,1274.34,1280.51,51622,0,0
2018-12-31 00:00:00,1280.07,1284.08,1277.46,1280.31,35442,0,0
2019-01-02 00:00:00,1281.47,1288.78,1278.74,1284.51,378889,0,0
2019-01-03 00:00:00,1285.48,1295.0,1284.55,1294.19,462407,0,0
2019-01-04 00:00:00,1294.18,1298.61,1276.66,1284.91,461168,0,0
2019-01-07 00:00:00,1284.89,1295.1,1282.71,1289.23,349321,0,0
2019-01-08 00:00:00,1288.9,1290.25,1279.43,1285.27,347840,0,0
2019-01-09 00:00:00,1284.91,1293.9,1280.13,1293.25,314292,0,0
2019-01-10 00:00:00,1293.78,1297.09,1286.19,1286.5,153111,2,0
2019-01-11 00:00:00,1286.72,1295.18,1286.51,1287.47,145331,2,0
2019-01-14 00:00:00,1287.64,1295.9,1287.41,1291.54,124847,2,0
2019-01-15 00:00:00,1291.92,1294.73,1286.76,1289.35,147116,2,0
2019-01-16 00:00:00,1289.51,1295.0,1287.91,1293.49,127352,2,0
2019-01-17 00:00:00,1294.05,1295.35,1288.77,1291.95,165869,0,0
2019-01-18 00:00:00,1292.09,1292.51,1280.67,1281.52,121538,2,0
2019-01-21 00:00:00,1281.61,1283.59,1276.82,1280.17,54285,0,0
2019-01-22 00:00:00,1279.65,1285.52,1277.46,1285.04,110003,2,0
2019-01-23 00:00:00,1284.88,1286.55,1278.7,1282.69,111564,2,0
2019-01-24 00:00:00,1282.77,1284.85,1276.81,1281.09,138936,2,0
2019-01-25 00:00:00,1280.74,1304.07,1279.96,1302.51,131389,2,0
2019-01-28 00:00:00,1302.95,1304.45,1297.71,1303.18,110767,2,0
2019-01-29 00:00:00,1302.3,1311.99,1302.26,1311.46,117390,2,0
2019-01-30 00:00:00,1311.75,1323.39,1309.08,1319.66,146059,2,0
2019-01-31 00:00:00,1320.33,1326.3,1317.51,1321.35,147621,2,0
2019-02-01 00:00:00,1321.1,1323.61,1316.18,1317.69,141053,2,0
2019-02-04 00:00:00,1318.07,1319.09,1308.66,1312.12,109384,2,0
2019-02-05 00:00:00,1312.09,1316.91,1310.76,1315.25,115431,2,0
2019-02-06 00:00:00,1315.08,1315.85,1305.73,1306.51,114082,2,0
2019-02-07 00:00:00,1305.9,1311.98,1302.81,1310.1,127802,2,0
2019-02-08 00:00:00,1310.18,1315.67,1307.82,1314.11,104673,2,0
2019-02-11 00:00:00,1313.98,1314.89,1303.72,1308.14,99530,2,0
2019-02-12 00:00:00,1307.99,1314.82,1306.54,1310.76,109795,2,0
2019-02-13 00:00:00,1309.9,1318.22,1305.07,1306.14,117490,2,0
2019-02-14 00:00:00,1306.3,1314.42,1302.37,1312.41,144420,2,0
2019-02-15 00:00:00,1312.46,1322.63,1311.43,1321.28,112513,2,0
2019-02-18 00:00:00,1321.23,1327.65,1320.68,1326.41,72396,2,0
2019-02-19 00:00:00,1326.39,1341.87,1322.9,1341.06,140990,2,0
2019-02-20 00:00:00,1340.48,1346.76,1336.87,1338.49,146171,2,0
2019-02-21 00:00:00,1338.7,1341.53,1321.08,1323.28,182446,2,0
2019-02-22 00:00:00,1322.51,1333.13,1321.54,1327.85,148659,2,0
2019-02-25 00:00:00,1328.97,1332.64,1325.19,1327.4,134518,2,0
2019-02-26 00:00:00,1327.57,1330.19,1323.55,1328.94,132219,2,0
2019-02-27 00:00:00,1328.81,1329.92,1316.96,1319.76,126743,2,0
2019-02-28 00:00:00,1318.77,1327.31,1312.65,1313.14,147087,2,0
2019-03-01 00:00:00,1313.16,1315.25,1290.22,1293.55,168314,2,0
2019-03-04 00:00:00,1293.51,1297.08,1282.85,1286.63,122818,2,0
2019-03-05 00:00:00,1286.54,1289.64,1281.19,1287.8,114493,2,0
2019-03-06 00:00:00,1286.93,1290.96,1283.65,1286.4,113820,2,0
2019-03-07 00:00:00,1286.39,1289.03,1280.9,1285.53,120763,2,0
2019-03-08 00:00:00,1285.8,1300.76,1285.21,1298.23,135113,2,0
2019-03-11 00:00:00,1297.95,1299.14,1290.49,1293.4,96565,2,0
2019-03-12 00:00:00,1292.79,1302.24,1292.08,1301.43,114127,0,0
2019-03-13 00:00:00,1300.46,1311.29,1300.46,1309.07,96717,0,0
2019-03-14 00:00:00,1308.47,1310.38,1292.86,1296.11,88332,0,0
2019-03-15 00:00:00,1295.84,1306.41,1294.04,1302.05,106025,2,0
2019-03-18 00:00:00,1301.99,1306.75,1298.23,1303.6,80109,2,0
2019-03-19 00:00:00,1303.49,1310.91,1302.35,1306.44,84647,2,0
2019-03-20 00:00:00,1306.18,1316.98,1298.71,1312.52,120910,2,0
2019-03-21 00:00:00,1312.44,1320.39,1303.31,1309.39,113150,2,0
2019-03-22 00:00:00,1309.24,1314.97,1306.86,1313.29,134793,2,0
2019-03-25 00:00:00,1313.56,1324.54,1311.02,1321.84,103017,2,0
2019-03-26 00:00:00,1321.56,1323.29,1312.73,1315.6,108903,2,0
2019-03-27 00:00:00,1315.64,1319.31,1308.17,1309.35,113729,2,0
2019-03-28 00:00:00,1308.09,1312.36,1288.53,1290.29,131846,2,0
2019-03-29 00:00:00,1289.9,1299.83,1286.8,1292.0,122155,2,0
2019-04-01 00:00:00,1292.28,1297.05,1286.52,1287.63,104485,2,0
2019-04-02 00:00:00,1287.39,1292.6,1285.32,1292.41,87137,2,0
2019-04-03 00:00:00,1292.21,1294.61,1288.42,1289.83,92322,2,0
2019-04-04 00:00:00,1289.79,1294.42,1280.9,1292.21,82271,2,0
2019-04-05 00:00:00,1292.24,1293.64,1284.44,1291.5,95860,2,0
2019-04-08 00:00:00,1291.68,1303.74,1291.45,1297.41,82439,2,0
2019-04-09 00:00:00,1297.39,1306.2,1296.61,1304.06,85347,2,0
2019-04-10 00:00:00,1303.94,1310.62,1300.96,1308.03,88182,2,0
2019-04-11 00:00:00,1307.99,1309.22,1289.68,1292.6,90808,2,0
2019-04-12 00:00:00,1292.22,1295.79,1290.06,1290.42,86251,2,0
2019-04-15 00:00:00,1291.16,1292.03,1282.56,1287.88,80888,2,0
2019-04-16 00:00:00,1287.66,1288.76,1272.99,1276.79,92063,2,0
2019-04-17 00:00:00,1276.57,1279.81,1273.09,1273.99,86405,2,0
2019-04-18 00:00:00,1273.18,1277.69,1271.18,1275.46,84865,2,0
2019-04-22 00:00:00,1275.78,1279.84,1273.85,1274.87,60359,2,0
2019-04-23 00:00:00,1274.99,1276.53,1266.34,1272.19,78334,2,0
2019-04-24 00:00:00,1272.08,1278.6,1268.79,1275.61,94099,2,0
2019-04-25 00:00:00,1275.76,1282.6,1273.4,1277.18,92700,2,0
2019-04-26 00:00:00,1277.03,1288.72,1274.5,1285.92,104106,2,0
2019-04-29 00:00:00,1286.45,1286.89,1278.09,1279.79,71867,2,0
2019-04-30 00:00:00,1279.87,1286.25,1279.75,1283.44,102675,2,0
2019-05-01 00:00:00,1283.16,1287.24,1272.97,1276.63,93095,2,0
2019-05-02 00:00:00,1276.52,1278.05,1266.31,1270.46,91867,2,0
2019-05-03 00:00:00,1270.55,1282.59,1268.51,1278.93,99939,2,0
2019-05-06 00:00:00,1280.75,1285.79,1277.05,1280.38,99313,2,0
2019-05-07 00:00:00,1281.11,1286.11,1278.25,1284.36,94214,2,0
2019-05-08 00:00:00,1284.04,1291.51,1279.39,1280.79,92800,2,0
2019-05-09 00:00:00,1280.29,1288.25,1279.64,1283.89,108241,2,0
2019-05-10 00:00:00,1283.96,1289.42,1283.19,1285.75,101997,2,0
2019-05-13 00:00:00,1287.58,1301.28,1282.02,1299.78,100574,2,0
2019-05-14 00:00:00,1299.87,1303.33,1293.75,1296.91,72765,2,0
2019-05-15 00:00:00,1296.5,1300.9,1293.07,1296.48,86785,2,0
2019-05-16 00:00:00,1297.04,1298.75,1284.14,1286.61,75975,2,0
2019-05-17 00:00:00,1286.69,1288.95,1274.87,1277.71,87413,2,0
2019-05-20 00:00:00,1277.55,1279.06,1273.69,1277.73,81340,2,0
2019-05-21 00:00:00,1277.36,1277.95,1269.55,1274.73,71304,2,0
2019-05-22 00:00:00,1274.47,1277.33,1272.52,1273.33,68867,2,0
2019-05-23 00:00:00,1271.75,1287.31,1271.68,1283.4,95576,2,0
2019-05-24 00:00:00,1282.85,1285.27,1280.76,1284.82,70957,2,0
2019-05-27 00:00:00,1284.77,1287.42,1283.81,1285.03,33615,2,0
2019-05-28 00:00:00,1285.5,1286.66,1276.14,1279.38,84411,2,0
2019-05-29 00:00:00,1279.35,1285.58,1279.11,1279.84,98025,2,0
2019-05-30 00:00:00,1280.03,1289.2,1275.06,1288.42,83278,2,0
2019-05-31 00:00:00,1288.14,1306.96,1287.89,1305.55,129360,2,0
2019-06-03 00:00:00,1306.98,1327.99,1305.95,1324.71,127076,2,0
2019-06-04 00:00:00,1323.24,1329.09,1320.03,1325.4,114195,2,0
2019-06-05 00:00:00,1325.3,1344.1,1324.55,1330.24,141920,2,0
2019-06-06 00:00:00,1330.49,1339.81,1327.26,1335.5,121905,2,0
2019-06-07 00:00:00,1335.0,1348.26,1330.31,1340.38,111147,2,0
2019-06-10 00:00:00,1336.48,1337.76,1325.12,1327.99,96791,2,0
2019-06-11 00:00:00,1327.02,1329.9,1319.92,1326.79,98523,2,0
2019-06-12 00:00:00,1326.41,1338.4,1326.03,1333.36,109466,2,0
2019-06-13 00:00:00,1333.98,1343.17,1332.42,1341.89,101828,2,0
2019-06-14 00:00:00,1342.14,1358.2,1337.86,1341.33,137221,2,0
2019-06-17 00:00:00,1341.82,1343.55,1333.04,1339.61,103840,2,0
2019-06-18 00:00:00,1339.6,1354.69,1338.65,1346.55,139242,2,0
2019-06-19 00:00:00,1346.41,1362.56,1341.38,1360.23,135052,2,0
2019-06-20 00:00:00,1360.44,1394.01,1357.73,1388.44,204620,2,0
2019-06-21 00:00:00,1387.29,1411.78,1382.39,1398.96,205063,2,0
2019-06-24 00:00:00,1400.19,1421.47,1399.84,1419.32,160441,2,0
2019-06-25 00:00:00,1419.47,1439.12,1411.98,1423.42,222447,2,0
2019-06-26 00:00:00,1423.54,1424.49,1401.79,1408.79,189197,2,0
2019-06-27 00:00:00,1409.13,1412.14,1398.68,1409.38,151030,2,0
2019-06-28 00:00:00,1409.74,1424.7,1405.7,1409.46,148150,2,0
2019-07-01 00:00:00,1398.45,1398.45,1381.8,1383.61,171209,2,0
2019-07-02 00:00:00,1383.14,1421.02,1383.14,1418.26,160198,2,0
2019-07-03 00:00:00,1421.32,1437.72,1412.09,1418.65,187138,2,0
2019-07-04 00:00:00,1418.78,1421.71,1410.27,1415.35,74244,0,0
2019-07-05 00:00:00,1415.41,1424.2,1386.78,1398.68,168846,0,0
2019-07-08 00:00:00,1398.13,1407.66,1391.78,1395.47,132051,2,0
2019-07-09 00:00:00,1395.74,1400.1,1385.86,1397.38,117012,2,0
2019-07-10 00:00:00,1397.56,1418.67,1389.96,1418.53,156058,2,0
2019-07-11 00:00:00,1418.75,1427.17,1400.78,1403.5,161381,2,0
2019-07-12 00:00:00,1404.37,1416.92,1403.0,1415.25,142163,2,0
2019-07-15 00:00:00,1415.36,1419.75,1407.77,1413.77,114433,2,0
2019-07-16 00:00:00,1414.44,1418.27,1401.0,1405.75,139813,2,0
2019-07-17 00:00:00,1406.21,1426.79,1400.14,1426.39,137412,2,0
2019-07-18 00:00:00,1426.45,1448.13,1414.6,1445.76,179796,2,0
2019-07-19 00:00:00,1446.69,1452.98,1420.23,1425.01,186880,2,0
2019-07-22 00:00:00,1427.54,1430.02,1422.28,1424.67,128564,2,0
2019-07-23 00:00:00,1425.33,1430.19,1414.27,1417.45,148221,2,0
2019-07-24 00:00:00,1418.0,1429.52,1416.35,1425.15,125563,2,0
2019-07-25 00:00:00,1426.27,1433.83,1411.05,1414.25,146683,2,0
2019-07-26 00:00:00,1414.97,1424.84,1413.53,1418.27,117355,2,0
2019-07-29 00:00:00,1418.55,1428.14,1414.81,1426.74,90441,2,0
2019-07-30 00:00:00,1426.61,1433.26,1422.32,1430.66,117221,2,0
2019-07-31 00:00:00,1431.09,1434.21,1410.56,1411.66,146563,2,0
2019-08-01 00:00:00,1413.35,1446.08,1400.56,1444.54,211516,2,0
2019-08-02 00:00:00,1445.22,1449.11,1430.32,1440.76,237900,2,0
2019-08-05 00:00:00,1440.75,1469.77,1436.8,1463.94,240644,2,0
2019-08-06 00:00:00,1468.64,1474.93,1456.45,1474.17,191609,2,0
2019-08-07 00:00:00,1474.43,1510.41,1472.22,1501.52,227256,2,0
2019-08-08 00:00:00,1500.25,1509.55,1490.07,1500.8,170607,2,0
2019-08-09 00:00:00,1504.08,1509.19,1494.81,1496.98,148729,2,0
2019-08-12 00:00:00,1497.63,1519.87,1487.41,1511.6,143626,2,0
2019-08-13 00:00:00,1510.79,1535.04,1479.92,1501.29,198967,0,0
2019-08-14 00:00:00,1501.99,1524.06,1494.2,1516.26,217685,2,0
2019-08-15 00:00:00,1515.94,1527.01,1507.92,1523.35,214777,2,0
2019-08-16 00:00:00,1523.05,1528.05,1503.77,1512.31,147608,2,0
2019-08-19 00:00:00,1512.22,1512.97,1493.28,1495.75,129255,2,0
2019-08-20 00:00:00,1496.0,1508.56,1492.88,1507.39,111838,2,0
2019-08-21 00:00:00,1507.7,1508.08,1496.57,1502.52,103384,0,0
2019-08-22 00:00:00,1502.38,1504.58,1492.53,1498.15,98708,2,0
2019-08-23 00:00:00,1498.41,1530.24,1493.58,1526.8,171340,2,0
2019-08-26 00:00:00,1535.09,1555.03,1525.08,1527.37,194106,2,0
2019-08-27 00:00:00,1527.26,1544.68,1525.71,1542.62,131613,2,0
2019-08-28 00:00:00,1542.08,1546.89,1531.89,1541.16,139993,2,0
2019-08-29 00:00:00,1539.21,1550.41,1519.8,1527.31,165807,2,0
2019-08-30 00:00:00,1527.83,1533.15,1516.95,1520.55,147119,2,0
2019-09-02 00:00:00,1525.31,1533.99,1519.39,1529.01,76002,0,0
2019-09-03 00:00:00,1529.35,1549.74,1521.66,1547.47,155466,2,0
2019-09-04 00:00:00,1546.91,1557.06,1533.9,1552.6,167195,2,0
2019-09-05 00:00:00,1552.26,1553.03,1506.36,1518.91,182416,2,0
2019-09-06 00:00:00,1517.19,1527.92,1502.59,1505.84,206144,2,0
2019-09-09 00:00:00,1507.41,1515.5,1497.64,1498.92,151009,2,0
2019-09-10 00:00:00,1498.85,1501.0,1484.52,1486.14,185985,2,0
2019-09-11 00:00:00,1485.91,1498.28,1485.17,1496.66,165059,2,0
2019-09-12 00:00:00,1497.1,1524.2,1489.28,1499.03,204686,2,0
2019-09-13 00:00:00,1498.7,1509.05,1485.82,1488.35,162522,2,0
2019-09-16 00:00:00,1505.34,1512.17,1495.93,1498.45,205341,2,0
2019-09-17 00:00:00,1498.92,1507.12,1493.46,1501.37,168110,2,0
2019-09-18 00:00:00,1501.32,1511.56,1483.45,1493.67,145768,2,0
2019-09-19 00:00:00,1493.99,1504.53,1489.01,1498.64,176139,2,0
2019-09-20 00:00:00,1499.13,1517.07,1497.97,1516.49,145923,2,0
2019-09-23 00:00:00,1513.73,1526.84,1510.63,1522.12,176959,2,0
2019-09-24 00:00:00,1522.38,1535.7,1515.64,1531.45,191814,2,0
2019-09-25 00:00:00,1532.07,1535.15,1500.4,1503.67,192336,2,0
2019-09-26 00:00:00,1503.87,1512.35,1500.29,1504.44,181295,2,0
2019-09-27 00:00:00,1504.67,1507.44,1486.84,1496.86,201087,2,0
2019-09-30 00:00:00,1494.81,1500.55,1464.53,1472.55,189600,2,0
2019-10-01 00:00:00,1471.89,1487.28,1459.1,1479.25,218965,2,0
2019-10-02 00:00:00,1478.83,1505.12,1474.54,1499.85,209019,2,0
2019-10-03 00:00:00,1499.22,1519.64,1495.81,1504.8,206286,2,0
2019-10-04 00:00:00,1505.53,1514.7,1495.81,1504.64,172314,2,0
2019-10-07 00:00:00,1512.65,1512.65,1488.06,1493.38,149415,2,0
2019-10-08 00:00:00,1493.35,1509.74,1486.89,1505.61,223965,2,0
2019-10-09 00:00:00,1505.18,1512.18,1499.92,1505.6,165546,2,0
2019-10-10 00:00:00,1505.36,1517.07,1491.14,1493.39,213776,2,0
2019-10-11 00:00:00,1493.75,1503.2,1474.05,1488.59,207985,2,0
2019-10-14 00:00:00,1487.38,1497.16,1482.85,1493.07,141464,2,0
2019-10-15 00:00:00,1493.51,1498.43,1477.24,1481.15,156282,2,0
2019-10-16 00:00:00,1481.04,1491.61,1477.08,1489.63,190632,2,0
2019-10-17 00:00:00,1490.29,1497.36,1483.48,1491.84,173488,2,0
2019-10-18 00:00:00,1491.81,1494.11,1484.93,1490.17,136760,2,0
2019-10-21 00:00:00,1491.63,1495.23,1481.54,1484.17,124614,2,0
2019-10-22 00:00:00,1484.18,1489.01,1480.88,1487.69,128562,2,0
2019-10-23 00:00:00,1487.83,1496.31,1487.64,1491.85,131475,2,0
2019-10-24 00:00:00,1491.94,1504.04,1488.02,1503.24,132137,2,0
2019-10-25 00:00:00,1503.53,1517.98,1500.64,1504.39,144226,2,0
2019-10-28 00:00:00,1504.46,1508.24,1490.05,1492.68,122498,2,0
2019-10-29 00:00:00,1491.83,1494.81,1483.66,1487.91,129575,2,0
2019-10-30 00:00:00,1488.0,1496.64,1481.19,1495.88,151376,2,0
2019-10-31 00:00:00,1496.23,1514.23,1493.8,1512.48,175993,2,0
2019-11-01 00:00:00,1512.62,1516.17,1503.28,1513.82,130401,0,0
2019-11-04 00:00:00,1514.17,1514.84,1504.46,1509.62,110736,2,0
2019-11-05 00:00:00,1509.48,1509.69,1479.4,1483.52,142399,2,0
2019-11-06 00:00:00,1483.36,1494.21,1482.46,1490.41,143985,2,0
2019-11-07 00:00:00,1490.43,1492.2,1460.62,1468.62,173119,2,0
2019-11-08 00:00:00,1467.86,1472.99,1456.25,1459.06,176039,2,0
2019-11-11 00:00:00,1459.37,1466.47,1448.21,1456.01,109919,0,0
2019-11-12 00:00:00,1454.93,1460.43,1445.62,1456.43,167269,2,0
2019-11-13 00:00:00,1455.91,1467.13,1455.82,1463.24,159569,2,0
2019-11-14 00:00:00,1463.46,1474.67,1461.15,1470.88,153358,2,0
2019-11-15 00:00:00,1471.12,1471.39,1462.46,1467.67,119397,2,0
2019-11-18 00:00:00,1467.11,1473.99,1456.42,1470.99,133994,2,0
2019-11-19 00:00:00,1471.37,1475.36,1464.84,1472.46,134990,2,0
2019-11-20 00:00:00,1472.29,1478.89,1465.94,1471.32,150872,2,0
2019-11-21 00:00:00,1475.02,1475.68,1462.4,1464.42,154951,2,0
2019-11-22 00:00:00,1464.04,1473.23,1461.39,1462.08,129770,2,0
2019-11-25 00:00:00,1460.79,1462.16,1454.09,1454.91,86404,2,0
2019-11-26 00:00:00,1455.1,1462.94,1450.08,1461.35,90359,2,0
2019-11-27 00:00:00,1461.35,1461.94,1452.56,1454.19,73662,2,0
2019-11-28 00:00:00,1454.4,1458.28,1454.23,1455.99,45729,0,0
2019-11-29 00:00:00,1455.32,1466.56,1453.08,1463.97,82935,0,0
2019-12-02 00:00:00,1464.19,1465.08,1453.99,1462.42,114505,2,0
2019-12-03 00:00:00,1461.1,1481.76,1459.86,1477.33,134764,2,0
2019-12-04 00:00:00,1477.45,1484.09,1471.48,1474.44,127109,2,0
2019-12-05 00:00:00,1474.7,1480.35,1472.91,1475.8,112729,2,0
2019-12-06 00:00:00,1475.67,1479.53,1458.73,1459.77,97284,2,0
2019-12-09 00:00:00,1459.59,1465.41,1458.76,1461.88,70043,2,0
2019-12-10 00:00:00,1461.71,1469.18,1460.11,1464.46,95331,2,0
2019-12-11 00:00:00,1463.85,1478.91,1462.75,1474.86,104736,2,0
2019-12-12 00:00:00,1474.67,1486.74,1463.95,1469.79,128647,2,0
2019-12-13 00:00:00,1466.06,1478.08,1461.97,1475.35,164788,2,0
2019-12-16 00:00:00,1475.78,1479.89,1473.17,1476.1,76158,2,0
2019-12-17 00:00:00,1475.93,1480.56,1474.24,1476.13,73964,2,0
2019-12-18 00:00:00,1476.04,1479.32,1470.49,1475.5,82392,2,0
2019-12-19 00:00:00,1475.61,1481.69,1473.28,1478.75,84549,2,0
2019-12-20 00:00:00,1478.84,1480.97,1475.88,1478.1,73572,2,0
2019-12-23 00:00:00,1478.25,1486.15,1477.54,1485.52,72654,2,0
2019-12-24 00:00:00,1485.42,1500.52,1484.4,1499.55,64064,2,0
2019-12-26 00:00:00,1499.4,1512.61,1497.4,1510.81,95970,2,0
2019-12-27 00:00:00,1510.87,1515.33,1507.36,1510.75,102341,2,0
2019-12-30 00:00:00,1511.44,1516.12,1510.8,1515.01,85395,2,0
2019-12-31 00:00:00,1514.54,1525.32,1514.53,1520.3,89375,0,0
2020-01-02 00:00:00,1517.97,1531.39,1517.23,1528.81,117976,2,0
2020-01-03 00:00:00,1527.43,1553.57,1527.43,1551.64,176676,2,0
2020-01-06 00:00:00,1558.55,1588.0,1558.55,1565.78,179638,2,0
2020-01-07 00:00:00,1564.34,1577.33,1555.34,1573.41,159798,2,0
2020-01-08 00:00:00,1576.72,1611.39,1552.26,1555.94,251766,2,0
2020-01-09 00:00:00,1556.99,1561.34,1540.27,1552.18,149275,2,0
2020-01-10 00:00:00,1552.45,1563.18,1545.75,1562.3,120258,2,0
2020-01-13 00:00:00,1559.33,1561.49,1546.58,1547.96,97541,2,0
2020-01-14 00:00:00,1547.72,1548.89,1535.95,1546.23,128493,2,0
2020-01-15 00:00:00,1546.27,1558.19,1545.98,1556.3,116001,2,0
2020-01-16 00:00:00,1556.38,1558.11,1548.04,1552.42,93428,2,0
2020-01-17 00:00:00,1552.63,1561.28,1549.42,1557.12,90815,2,0
2020-01-20 00:00:00,1557.23,1562.76,1556.37,1560.7,43676,2,0
2020-01-21 00:00:00,1560.85,1568.63,1546.38,1558.17,124295,2,0
2020-01-22 00:00:00,1558.79,1559.28,1550.2,1558.79,89764,2,0
2020-01-23 00:00:00,1558.63,1567.97,1551.94,1562.79,124840,2,0
2020-01-24 00:00:00,1562.49,1575.83,1556.56,1571.42,115473,2,0
2020-01-27 00:00:00,1581.21,1588.51,1575.9,1581.86,161369,2,0
2020-01-28 00:00:00,1581.58,1583.07,1565.57,1567.88,126782,2,0
2020-01-29 00:00:00,1566.89,1578.04,1563.4,1576.76,111605,2,0
2020-01-30 00:00:00,1576.07,1585.99,1572.3,1573.89,163998,2,0
2020-01-31 00:00:00,1574.27,1590.44,1570.98,1589.17,161424,2,0
2020-02-03 00:00:00,1593.12,1593.63,1569.7,1576.67,156669,2,0
2020-02-04 00:00:00,1577.23,1579.68,1549.08,1552.7,132552,2,0
2020-02-05 00:00:00,1552.59,1562.42,1547.51,1556.61,153605,2,0
2020-02-06 00:00:00,1556.07,1568.28,1552.54,1566.61,128638,2,0
2020-02-07 00:00:00,1566.43,1574.05,1561.17,1570.25,138997,2,0
2020-02-10 00:00:00,1572.04,1577.03,1568.0,1572.06,127690,2,0
2020-02-11 00:00:00,1571.83,1574.05,1562.16,1567.79,105885,2,0
2020-02-12 00:00:00,1567.59,1570.48,1561.81,1565.8,97150,2,0
2020-02-13 00:00:00,1566.15,1578.28,1565.59,1575.94,138683,2,0
2020-02-14 00:00:00,1575.96,1584.99,1573.08,1583.98,106363,2,0
2020-02-17 00:00:00,1582.46,1583.79,1578.9,1581.15,46957,0,0
2020-02-18 00:00:00,1584.48,1605.13,1582.43,1601.41,126991,2,0
2020-02-19 00:00:00,1601.51,1612.95,1599.53,1611.6,124855,2,0
2020-02-20 00:00:00,1612.22,1623.75,1603.92,1619.25,187055,2,0
2020-02-21 00:00:00,1619.81,1649.27,1618.98,1643.32,201597,2,0
2020-02-24 00:00:00,1653.32,1689.35,1650.9,1658.63,274238,0,0
2020-02-25 00:00:00,1659.09,1663.9,1625.17,1635.19,305295,2,0
2020-02-26 00:00:00,1635.24,1655.02,1624.89,1640.6,262048,2,0
2020-02-27 00:00:00,1640.97,1660.37,1635.27,1643.92,283656,2,0
2020-02-28 00:00:00,1643.34,1649.5,1562.89,1585.67,300886,2,0
2020-03-02 00:00:00,1591.59,1611.04,1575.41,1589.58,308209,2,0
2020-03-03 00:00:00,1585.29,1649.28,1584.83,1640.88,240598,2,0
2020-03-04 00:00:00,1639.88,1652.6,1631.89,1636.49,206415,2,0
2020-03-05 00:00:00,1637.52,1674.62,1634.97,1672.48,218596,2,0
2020-03-06 00:00:00,1672.49,1692.16,1642.41,1674.25,294403,2,0
2020-03-09 00:00:00,1691.8,1703.29,1657.35,1678.95,227496,2,0
2020-03-10 00:00:00,1679.71,1680.35,1641.77,1649.18,257696,2,0
2020-03-11 00:00:00,1649.26,1671.25,1633.02,1635.91,205642,2,0
2020-03-12 00:00:00,1634.1,1650.37,1560.76,1578.14,234848,2,0
2020-03-13 00:00:00,1578.53,1597.96,1504.52,1528.79,229314,2,0
2020-03-16 00:00:00,1563.8,1575.33,1451.22,1510.21,270219,2,0
2020-03-17 00:00:00,1512.0,1554.02,1465.49,1528.56,243265,2,0
2020-03-18 00:00:00,1527.41,1546.3,1472.88,1485.28,218659,2,0
2020-03-19 00:00:00,1484.88,1500.74,1464.08,1472.22,198784,2,0
2020-03-20 00:00:00,1469.61,1515.97,1454.94,1496.77,186413,2,0
2020-03-23 00:00:00,1502.5,1561.19,1482.35,1552.59,212517,2,0
2020-03-24 00:00:00,1554.26,1632.64,1552.45,1626.73,96151,2,0
2020-03-25 00:00:00,1628.63,1639.34,1592.62,1616.7,75268,0,0
2020-03-26 00:00:00,1613.39,1644.02,1595.29,1628.98,69348,0,0
2020-03-27 00:00:00,1631.14,1635.27,1613.78,1621.61,76915,2,0
2020-03-30 00:00:00,1628.16,1632.98,1610.4,1620.27,72794,2,0
2020-03-31 00:00:00,1621.99,1623.41,1574.32,1576.22,93985,2,0
2020-04-01 00:00:00,1575.06,1600.39,1567.84,1591.02,95203,2,0
2020-04-02 00:00:00,1589.14,1619.82,1582.84,1611.64,112286,0,0
2020-04-03 00:00:00,1613.23,1625.3,1605.87,1615.72,89698,2,0
2020-04-06 00:00:00,1615.04,1668.62,1608.77,1657.68,95796,2,0
2020-04-07 00:00:00,1660.98,1674.02,1642.29,1648.12,98656,0,0
2020-04-08 00:00:00,1645.17,1656.48,1640.45,1645.81,79178,2,0
2020-04-09 00:00:00,1644.45,1690.27,1642.83,1683.04,114840,0,0
2020-04-13 00:00:00,1685.54,1722.59,1671.74,1713.29,97237,2,0
2020-04-14 00:00:00,1712.81,1747.81,1708.69,1726.96,142750,0,0
2020-04-15 00:00:00,1727.82,1731.2,1707.52,1716.59,121129,2,0
2020-04-16 00:00:00,1717.2,1738.76,1707.65,1718.77,136753,2,0
2020-04-17 00:00:00,1719.4,1719.4,1679.49,1681.46,142681,2,0
2020-04-20 00:00:00,1678.93,1702.47,1671.49,1694.77,134557,2,0
2020-04-21 00:00:00,1694.54,1697.82,1659.45,1683.43,131103,2,0
2020-04-22 00:00:00,1686.23,1718.63,1680.28,1714.65,147206,2,0
2020-04-23 00:00:00,1713.09,1738.68,1706.93,1730.39,150369,2,0
2020-04-24 00:00:00,1730.61,1736.29,1710.35,1726.58,130635,2,0
2020-04-27 00:00:00,1726.08,1727.27,1706.07,1715.13,140784,2,0
2020-04-28 00:00:00,1713.34,1716.53,1691.74,1708.52,162292,2,0
2020-04-29 00:00:00,1706.5,1717.3,1697.85,1712.81,138066,2,0
2020-04-30 00:00:00,1711.95,1721.76,1681.41,1687.0,147171,2,0
2020-05-01 00:00:00,1685.18,1705.47,1670.32,1699.2,201101,2,0
2020-05-04 00:00:00,1697.67,1713.49,1691.6,1701.44,105463,2,0
2020-05-05 00:00:00,1701.43,1711.67,1689.92,1705.55,104362,2,0
2020-05-06 00:00:00,1705.49,1708.14,1682.05,1685.52,105061,2,0
2020-05-07 00:00:00,1682.01,1722.01,1681.47,1716.19,115335,2,0
2020-05-08 00:00:00,1715.12,1723.35,1701.0,1701.5,121500,2,0
2020-05-11 00:00:00,1701.09,1712.15,1691.99,1697.49,117361,2,0
2020-05-12 00:00:00,1696.14,1711.01,1693.75,1701.95,121442,2,0
2020-05-13 00:00:00,1701.98,1718.02,1699.09,1715.87,149586,2,0
2020-05-14 00:00:00,1716.02,1736.47,1710.87,1730.12,129666,2,0
2020-05-15 00:00:00,1729.35,1751.63,1728.51,1742.73,145733,2,0
2020-05-18 00:00:00,1744.29,1765.31,1727.38,1732.25,149754,2,0
2020-05-19 00:00:00,1730.69,1747.86,1725.74,1744.61,146206,2,0
2020-05-20 00:00:00,1744.64,1753.87,1742.42,1747.78,138564,2,0
2020-05-21 00:00:00,1746.99,1748.81,1717.12,1727.03,139807,2,0
2020-05-22 00:00:00,1725.7,1740.17,1724.36,1735.41,109665,2,0
2020-05-25 00:00:00,1731.74,1734.85,1721.39,1727.65,55366,2,0
2020-05-26 00:00:00,1727.16,1735.5,1708.7,1709.68,115993,2,0
2020-05-27 00:00:00,1709.03,1716.02,1693.7,1709.22,116474,2,0
2020-05-28 00:00:00,1710.46,1727.52,1704.36,1718.86,120590,2,0
2020-05-29 00:00:00,1716.81,1737.72,1712.67,1729.81,113717,2,0
2020-06-01 00:00:00,1735.05,1744.6,1727.15,1739.79,116651,2,0
2020-06-02 00:00:00,1738.93,1745.17,1721.33,1727.44,113364,2,0
2020-06-03 00:00:00,1726.05,1731.8,1689.42,1698.46,143793,2,0
2020-06-04 00:00:00,1698.54,1721.86,1696.71,1713.35,129546,2,0
2020-06-05 00:00:00,1712.71,1716.24,1670.72,1684.27,150067,2,0
2020-06-08 00:00:00,1682.73,1700.68,1677.37,1698.2,130457,2,0
2020-06-09 00:00:00,1696.99,1720.85,1692.26,1714.27,146636,2,0
2020-06-10 00:00:00,1712.72,1739.76,1707.89,1738.19,136191,2,0
2020-06-11 00:00:00,1736.97,1744.67,1721.57,1726.96,154843,2,0
2020-06-12 00:00:00,1727.19,1743.04,1722.23,1729.83,138935,2,0
2020-06-15 00:00:00,1726.8,1734.49,1704.22,1724.7,154235,0,0
2020-06-16 00:00:00,1724.63,1732.81,1716.77,1727.44,148100,2,0
2020-06-17 00:00:00,1726.37,1730.32,1712.65,1726.54,114070,2,0
2020-06-18 00:00:00,1725.6,1737.5,1717.54,1722.12,121501,2,0
2020-06-19 00:00:00,1720.97,1745.19,1720.97,1743.08,114722,2,0
2020-06-22 00:00:00,1753.02,1763.07,1742.78,1754.7,141855,2,0
2020-06-23 00:00:00,1753.74,1770.99,1747.37,1766.97,133495,2,0
2020-06-24 00:00:00,1767.21,1779.22,1760.62,1761.4,149757,2,0
2020-06-25 00:00:00,1760.31,1768.86,1753.34,1764.05,127602,2,0
2020-06-26 00:00:00,1763.3,1771.84,1747.43,1770.38,123640,2,0
2020-06-29 00:00:00,1775.42,1775.42,1765.57,1772.94,111632,2,0
2020-06-30 00:00:00,1771.13,1786.12,1764.67,1780.44,100989,2,0
2020-07-01 00:00:00,1780.2,1789.08,1759.07,1770.12,125717,2,0
2020-07-02 00:00:00,1769.86,1779.5,1757.44,1775.32,102912,2,0
2020-07-03 00:00:00,1774.25,1777.11,1772.58,1773.64,40750,2,0
2020-07-06 00:00:00,1773.42,1786.99,1770.0,1784.2,92301,2,0
2020-07-07 00:00:00,1783.23,1797.37,1773.52,1794.74,102932,2,0
2020-07-08 00:00:00,1794.78,1817.97,1791.48,1808.61,103118,2,0
2020-07-09 00:00:00,1808.05,1815.95,1795.48,1802.86,113514,2,0
2020-07-10 00:00:00,1801.07,1810.56,1794.07,1798.51,97246,2,0
2020-07-13 00:00:00,1795.97,1813.31,1795.97,1802.49,111207,2,0
2020-07-14 00:00:00,1802.08,1810.86,1790.6,1809.31,121908,2,0
2020-07-15 00:00:00,1807.95,1815.06,1802.46,1810.25,97085,2,0
2020-07-16 00:00:00,1810.01,1813.26,1794.92,1796.49,92404,2,0
2020-07-17 00:00:00,1796.85,1811.99,1795.82,1809.38,78152,2,0
2020-07-20 00:00:00,1808.99,1820.57,1805.71,1817.24,100165,2,0
2020-07-21 00:00:00,1817.64,1843.48,1815.84,1841.49,121245,2,0
2020-07-22 00:00:00,1839.61,1872.0,1839.61,1871.91,183463,2,0
2020-07-23 00:00:00,1870.91,1898.38,1863.71,1887.01,194046,2,0
2020-07-24 00:00:00,1886.44,1906.54,1881.37,1901.48,146128,2,0
2020-07-27 00:00:00,1901.38,1945.64,1899.57,1941.54,208209,2,0
2020-07-28 00:00:00,1941.3,1981.14,1906.62,1960.85,221070,2,0
2020-07-29 00:00:00,1955.45,1980.91,1941.45,1970.38,150203,2,0
2020-07-30 00:00:00,1969.58,1971.58,1939.52,1957.0,165911,2,0
2020-07-31 00:00:00,1954.75,1983.07,1954.75,1975.24,174498,2,0
2020-08-03 00:00:00,1978.48,1987.68,1960.49,1976.76,136443,2,0
2020-08-04 00:00:00,1976.35,2019.95,1967.41,2018.53,141510,2,0
2020-08-05 00:00:00,2018.77,2055.58,2009.51,2038.14,189414,2,0
2020-08-06 00:00:00,2038.47,2069.67,2034.52,2063.14,170363,2,0
2020-08-07 00:00:00,2063.46,2075.24,2015.49,2034.72,208750,2,0
2020-08-10 00:00:00,2033.77,2049.91,2018.99,2027.82,157659,2,0
2020-08-11 00:00:00,2026.82,2030.01,1901.32,1911.83,240979,2,0
2020-08-12 00:00:00,1911.48,1949.3,1862.6,1916.36,234729,2,0
2020-08-13 00:00:00,1915.19,1966.3,1912.81,1953.24,194558,2,0
2020-08-14 00:00:00,1952.66,1962.19,1932.17,1943.98,166392,2,0
2020-08-17 00:00:00,1946.27,1990.69,1929.39,1984.25,160212,2,0
2020-08-18 00:00:00,1984.54,2015.7,1976.01,2001.8,179025,2,0
2020-08-19 00:00:00,2002.01,2006.45,1924.69,1928.4,206432,2,0
2020-08-20 00:00:00,1928.62,1955.23,1924.77,1945.62,201190,2,0
2020-08-21 00:00:00,1946.87,1955.88,1911.47,1940.27,178053,2,0
2020-08-24 00:00:00,1940.19,1961.77,1923.71,1928.72,152299,2,0
2020-08-25 00:00:00,1928.84,1937.51,1914.27,1928.09,150521,2,0
2020-08-26 00:00:00,1931.97,1954.84,1902.78,1953.47,153435,2,0
2020-08-27 00:00:00,1954.21,1976.71,1909.93,1929.03,177890,2,0
2020-08-28 00:00:00,1929.03,1973.83,1923.14,1963.99,170229,2,0
2020-08-31 00:00:00,1965.47,1976.64,1954.24,1967.63,144631,2,0
2020-09-01 00:00:00,1967.06,1992.41,1963.12,1970.88,159751,2,0
2020-09-02 00:00:00,1969.3,1973.25,1932.6,1943.51,162673,2,0
2020-09-03 00:00:00,1942.15,1951.03,1921.71,1930.7,165906,2,0
2020-09-04 00:00:00,1931.34,1947.67,1916.36,1933.06,162870,2,0
2020-09-07 00:00:00,1929.84,1941.32,1924.3,1928.21,76998,2,0
2020-09-08 00:00:00,1929.15,1940.89,1906.41,1931.4,155803,2,0
2020-09-09 00:00:00,1932.16,1950.86,1920.04,1946.97,122115,2,0
2020-09-10 00:00:00,1946.38,1966.6,1941.39,1946.11,142461,2,0
2020-09-11 00:00:00,1944.79,1954.76,1937.19,1940.2,127178,2,0
2020-09-14 00:00:00,1940.43,1962.75,1936.52,1956.46,106720,2,0
2020-09-15 00:00:00,1956.74,1972.17,1948.36,1953.66,120781,2,0
2020-09-16 00:00:00,1952.82,1973.58,1949.85,1959.86,136896,2,0
2020-09-17 00:00:00,1958.94,1960.95,1932.84,1944.29,150225,2,0
2020-09-18 00:00:00,1944.09,1960.06,1943.64,1950.04,116790,2,0
2020-09-21 00:00:00,1949.45,1955.58,1882.19,1912.4,173317,2,0
2020-09-22 00:00:00,1912.36,1920.03,1894.57,1900.39,169798,2,0
2020-09-23 00:00:00,1900.03,1905.31,1855.78,1863.4,199318,2,0
2020-09-24 00:00:00,1863.22,1877.08,1848.73,1868.41,200379,2,0
2020-09-25 00:00:00,1868.06,1875.17,1852.41,1860.28,160629,2,0
2020-09-28 00:00:00,1857.97,1883.05,1848.41,1881.78,146722,2,0
2020-09-29 00:00:00,1880.94,1899.16,1875.44,1897.02,136679,2,0
2020-09-30 00:00:00,1898.0,1902.26,1881.36,1885.55,152262,2,0
2020-10-01 00:00:00,1885.26,1911.97,1884.69,1904.96,155264,2,0
2020-10-02 00:00:00,1905.15,1917.07,1889.76,1899.24,137236,2,0
2020-10-05 00:00:00,1904.97,1918.81,1887.01,1913.35,113045,2,0
2020-10-06 00:00:00,1912.67,1921.02,1874.61,1875.0,129730,2,0
2020-10-07 00:00:00,1878.44,1898.05,1872.86,1887.93,145954,2,0
2020-10-08 00:00:00,1886.93,1900.68,1881.92,1893.53,130500,2,0
2020-10-09 00:00:00,1893.54,1930.44,1893.54,1930.16,142560,2,0
2020-10-12 00:00:00,1928.75,1933.19,1918.35,1922.48,149564,2,0
2020-10-13 00:00:00,1922.7,1925.44,1886.51,1891.28,175634,2,0
2020-10-14 00:00:00,1891.69,1912.94,1882.5,1900.9,156905,2,0
2020-10-15 00:00:00,1901.65,1908.95,1889.6,1908.02,171351,2,0
2020-10-16 00:00:00,1908.39,1913.94,1897.8,1898.62,140822,2,0
2020-10-19 00:00:00,1899.67,1918.48,1897.0,1903.79,148727,2,0
2020-10-20 00:00:00,1903.35,1914.1,1894.6,1907.45,138585,2,0
2020-10-21 00:00:00,1907.72,1931.38,1907.72,1924.42,142686,2,0
2020-10-22 00:00:00,1923.87,1926.0,1894.62,1903.83,135651,2,0
2020-10-23 00:00:00,1903.84,1914.2,1894.28,1901.67,105781,2,0
2020-10-26 00:00:00,1902.64,1908.62,1891.24,1902.2,127334,2,0
2020-10-27 00:00:00,1901.77,1911.36,1897.81,1907.58,102093,2,0
2020-10-28 00:00:00,1907.9,1910.88,1869.25,1877.37,148979,2,0
2020-10-29 00:00:00,1876.72,1884.97,1859.94,1867.73,149156,2,0
2020-10-30 00:00:00,1867.13,1889.81,1864.38,1878.38,157403,2,0
2020-11-02 00:00:00,1877.02,1896.04,1873.44,1895.68,136688,2,0
2020-11-03 00:00:00,1895.29,1910.57,1886.95,1909.57,115154,2,0
2020-11-04 00:00:00,1908.85,1916.43,1883.03,1903.0,198042,2,0
2020-11-05 00:00:00,1903.05,1952.76,1902.2,1949.46,171284,2,0
2020-11-06 00:00:00,1948.39,1960.36,1935.61,1951.23,155791,2,0
2020-11-09 00:00:00,1954.98,1965.51,1850.53,1862.13,208444,2,0
2020-11-10 00:00:00,1863.71,1890.39,1860.31,1877.24,172452,2,0
2020-11-11 00:00:00,1876.93,1884.47,1856.45,1865.25,127584,2,0
2020-11-12 00:00:00,1865.52,1883.87,1862.69,1876.85,129993,2,0
2020-11-13 00:00:00,1877.01,1896.82,1874.03,1889.44,112770,2,0
2020-11-16 00:00:00,1888.53,1899.06,1864.5,1888.83,141439,2,0
2020-11-17 00:00:00,1888.97,1893.44,1876.85,1880.21,117712,2,0
2020-11-18 00:00:00,1880.45,1884.84,1863.76,1872.31,113698,2,0
2020-11-19 00:00:00,1872.6,1874.08,1852.72,1866.02,112661,2,0
2020-11-20 00:00:00,1865.55,1879.73,1860.86,1870.91,91535,2,0
2020-11-23 00:00:00,1870.51,1876.12,1830.97,1837.83,115022,0,0
2020-11-24 00:00:00,1837.89,1839.0,1800.21,1807.37,155012,0,0
2020-11-25 00:00:00,1807.22,1817.73,1801.62,1807.74,104758,0,0
2020-11-26 00:00:00,1807.71,1818.24,1805.78,1810.26,61652,0,0
2020-11-27 00:00:00,1810.37,1813.83,1774.33,1786.71,100861,0,0
2020-11-30 00:00:00,1786.22,1789.89,1764.23,1776.72,137410,0,0
2020-12-01 00:00:00,1776.81,1817.3,1775.74,1815.04,110865,0,0
2020-12-02 00:00:00,1815.12,1832.41,1807.46,1830.51,105658,0,0
2020-12-03 00:00:00,1830.51,1843.95,1823.76,1840.92,110030,0,0
2020-12-04 00:00:00,1839.84,1848.23,1829.16,1838.84,91152,0,0
2020-12-07 00:00:00,1837.31,1868.54,1822.07,1862.19,106675,0,0
2020-12-08 00:00:00,1861.61,1875.29,1860.23,1870.24,102039,0,0
2020-12-09 00:00:00,1870.6,1870.9,1825.41,1839.87,147847,0,0
2020-12-10 00:00:00,1839.41,1850.01,1828.65,1836.64,143478,0,0
2020-12-11 00:00:00,1835.66,1847.71,1824.01,1839.55,127705,0,0
2020-12-14 00:00:00,1840.78,1841.3,1819.51,1827.0,118287,0,0
2020-12-15 00:00:00,1827.16,1855.39,1825.5,1853.27,122194,0,0
2020-12-16 00:00:00,1853.09,1865.76,1844.74,1864.55,148046,0,0
2020-12-17 00:00:00,1864.2,1896.21,1862.0,1885.42,146142,0,0
2020-12-18 00:00:00,1885.34,1889.65,1877.42,1880.89,123373,0,0
2020-12-21 00:00:00,1885.23,1906.74,1855.04,1876.52,193195,0,0
2020-12-22 00:00:00,1876.88,1884.28,1858.93,1859.92,161844,0,0
2020-12-23 00:00:00,1859.9,1878.51,1857.02,1873.15,142318,0,0
2020-12-24 00:00:00,1872.71,1883.15,1869.53,1879.51,83576,0,0
2020-12-28 00:00:00,1882.99,1900.24,1869.17,1873.46,186181,0,0
2020-12-29 00:00:00,1872.24,1886.38,1871.52,1878.27,103878,0,0
2020-12-30 00:00:00,1877.93,1894.51,1876.07,1894.47,97160,0,0
2020-12-31 00:00:00,1894.11,1900.41,1885.3,1893.7,97368,0,0
2021-01-04 00:00:00,1903.2,1944.44,1903.2,1942.85,163456,0,0
2021-01-05 00:00:00,1941.06,1953.03,1934.33,1950.0,147546,0,0
2021-01-06 00:00:00,1950.15,1959.35,1900.8,1918.8,203811,0,0
2021-01-07 00:00:00,1919.04,1927.67,1906.82,1913.57,154390,0,0
2021-01-08 00:00:00,1915.0,1917.51,1828.2,1849.02,220408,0,0
2021-01-11 00:00:00,1847.96,1856.59,1816.86,1843.37,183353,0,0
2021-01-12 00:00:00,1843.52,1863.8,1836.63,1854.61,157400,0,0
2021-01-13 00:00:00,1854.85,1863.04,1841.87,1844.95,129530,0,0
2021-01-14 00:00:00,1845.15,1857.53,1829.45,1846.07,158659,0,0
2021-01-15 00:00:00,1846.44,1857.02,1823.27,1827.42,171879,0,0
2021-01-18 00:00:00,1828.13,1840.79,1803.58,1837.58,115481,0,0
2021-01-19 00:00:00,1837.64,1845.5,1832.99,1840.03,136031,0,0
2021-01-20 00:00:00,1839.67,1871.73,1832.45,1871.4,152700,0,0
2021-01-21 00:00:00,1871.47,1875.13,1858.34,1869.61,149560,0,0
2021-01-22 00:00:00,1869.81,1870.82,1837.31,1856.11,163942,0,0
2021-01-25 00:00:00,1854.54,1867.88,1847.12,1855.93,168906,0,0
2021-01-26 00:00:00,1855.3,1861.71,1848.38,1850.67,131048,0,0
2021-01-27 00:00:00,1850.25,1853.13,1831.37,1844.1,161381,0,0
2021-01-28 00:00:00,1843.93,1864.05,1834.01,1842.54,198912,0,0
2021-01-29 00:00:00,1842.53,1875.66,1839.58,1848.69,228449,0,0
2021-02-01 00:00:00,1864.32,1871.82,1849.13,1860.58,258030,0,0
2021-02-02 00:00:00,1860.13,1864.08,1829.54,1837.97,207986,0,0
2021-02-03 00:00:00,1836.51,1844.98,1829.75,1834.08,148997,0,0
2021-02-04 00:00:00,1832.12,1834.76,1785.03,1793.95,182915,0,0
2021-02-05 00:00:00,1793.81,1815.17,1792.01,1813.68,149312,0,0
2021-02-08 00:00:00,1814.83,1839.13,1807.75,1830.53,153242,0,0
2021-02-09 00:00:00,1830.04,1848.59,1828.86,1838.44,144173,0,0
2021-02-10 00:00:00,1837.85,1855.39,1834.06,1843.27,150400,0,0
2021-02-11 00:00:00,1843.06,1847.55,1821.18,1825.54,128543,0,0
2021-02-12 00:00:00,1825.9,1830.7,1810.53,1824.5,135662,0,0
2021-02-15 00:00:00,1824.53,1827.02,1816.06,1818.81,82219,0,0
2021-02-16 00:00:00,1819.13,1826.45,1789.45,1794.36,181294,0,0
2021-02-17 00:00:00,1793.21,1795.16,1769.54,1776.16,200985,0,0
2021-02-18 00:00:00,1776.77,1789.66,1768.39,1775.73,196048,0,0
2021-02-19 00:00:00,1776.35,1791.63,1760.64,1783.36,203800,0,0
2021-02-22 00:00:00,1781.23,1812.66,1780.66,1809.69,211159,0,0
2021-02-23 00:00:00,1809.7,1815.99,1795.59,1805.53,190630,0,0
2021-02-24 00:00:00,1805.6,1813.85,1783.62,1804.8,209862,0,0
2021-02-25 00:00:00,1805.06,1805.06,1765.48,1769.94,281565,0,0
2021-02-26 00:00:00,1771.38,1775.78,1717.22,1734.28,300565,0,0
2021-03-01 00:00:00,1732.99,1759.83,1719.71,1724.6,226203,0,0
2021-03-02 00:00:00,1724.35,1739.14,1707.21,1738.14,214468,0,0
2021-03-03 00:00:00,1737.37,1740.55,1701.93,1710.78,206188,0,0
2021-03-04 00:00:00,1706.65,1723.23,1690.59,1697.78,250207,0,0
2021-03-05 00:00:00,1697.29,1707.71,1687.28,1700.44,231926,0,0
2021-03-08 00:00:00,1701.71,1714.3,1676.81,1683.35,234149,0,0
2021-03-09 00:00:00,1680.69,1720.66,1680.11,1715.73,200301,0,0
2021-03-10 00:00:00,1715.97,1726.78,1708.19,1726.67,183060,0,0
2021-03-11 00:00:00,1726.5,1739.86,1719.26,1722.59,174959,0,0
2021-03-12 00:00:00,1722.23,1729.26,1699.22,1728.03,188009,0,0
2021-03-15 00:00:00,1727.08,1734.57,1721.68,1731.74,157018,0,0
2021-03-16 00:00:00,1731.27,1741.22,1726.15,1731.57,150980,0,0
2021-03-17 00:00:00,1731.44,1751.63,1724.02,1745.18,165906,0,0
2021-03-18 00:00:00,1744.56,1755.51,1719.23,1736.44,202803,0,0
2021-03-19 00:00:00,1733.41,1746.72,1728.4,1745.36,168879,0,0
2021-03-22 00:00:00,1745.71,1746.99,1727.35,1738.9,158613,0,0
2021-03-23 00:00:00,1738.66,1742.56,1724.69,1726.96,155103,0,0
2021-03-24 00:00:00,1725.69,1738.52,1724.01,1734.14,137114,0,0
2021-03-25 00:00:00,1733.75,1745.5,1721.77,1726.53,160462,0,0
2021-03-26 00:00:00,1727.08,1736.75,1721.55,1732.47,132504,0,0
2021-03-29 00:00:00,1729.11,1733.18,1705.75,1711.92,133696,0,0
2021-03-30 00:00:00,1712.31,1714.43,1678.77,1684.85,167722,0,0
2021-03-31 00:00:00,1685.25,1715.31,1677.89,1707.39,157100,0,0
2021-04-01 00:00:00,1707.31,1730.5,1705.76,1729.77,143295,0,0
2021-04-05 00:00:00,1727.73,1733.56,1721.31,1728.27,105616,0,0
2021-04-06 00:00:00,1728.14,1745.5,1727.17,1743.36,128730,0,0
2021-04-07 00:00:00,1742.78,1744.34,1730.62,1737.61,122266,0,0
2021-04-08 00:00:00,1737.46,1758.7,1733.15,1755.48,122230,0,0
2021-04-09 00:00:00,1755.2,1757.35,1731.23,1743.86,129064,0,0
2021-04-12 00:00:00,1741.02,1745.08,1727.39,1732.81,123436,0,0
2021-04-13 00:00:00,1732.33,1748.95,1723.73,1745.39,136730,0,0
2021-04-14 00:00:00,1745.5,1749.38,1732.61,1736.34,122458,0,0
2021-04-15 00:00:00,1736.1,1769.68,1734.35,1763.63,130487,0,0
2021-04-16 00:00:00,1763.49,1783.87,1759.81,1776.93,133699,0,0
2021-04-19 00:00:00,1774.78,1790.06,1766.75,1771.38,118857,0,0
2021-04-20 00:00:00,1770.81,1780.47,1763.65,1778.75,102177,0,0
2021-04-21 00:00:00,1776.35,1797.68,1776.24,1793.69,88103,0,0
2021-04-22 00:00:00,1793.45,1797.85,1777.41,1784.1,93126,0,0
2021-04-23 00:00:00,1782.16,1796.03,1769.99,1776.56,88390,0,0
2021-04-26 00:00:00,1772.95,1783.54,1768.72,1781.33,85046,0,0
2021-04-27 00:00:00,1781.1,1785.56,1773.72,1776.57,81845,0,0
2021-04-28 00:00:00,1776.55,1782.59,1762.6,1781.73,92102,0,0
2021-04-29 00:00:00,1781.54,1789.97,1756.09,1771.96,88507,0,0
2021-04-30 00:00:00,1772.49,1773.63,1764.25,1768.88,85334,0,0
2021-05-03 00:00:00,1768.33,1797.92,1766.04,1793.0,78604,0,0
2021-05-04 00:00:00,1792.55,1799.11,1770.89,1778.71,93988,0,0
2021-05-05 00:00:00,1778.3,1788.0,1770.36,1786.91,74950,0,0
2021-05-06 00:00:00,1786.9,1818.11,1781.98,1814.91,91127,0,0
2021-05-07 00:00:00,1814.35,1843.29,1812.84,1831.38,99722,0,0
2021-05-10 00:00:00,1833.26,1845.54,1830.02,1835.7,100466,0,0
2021-05-11 00:00:00,1835.7,1841.86,1818.12,1837.42,108421,0,0
2021-05-12 00:00:00,1837.06,1843.71,1813.25,1815.42,116014,0,0
2021-05-13 00:00:00,1815.26,1828.77,1808.75,1826.46,107320,0,0
2021-05-14 00:00:00,1826.33,1845.74,1819.74,1843.34,89117,0,0
2021-05-17 00:00:00,1842.74,1868.48,1840.5,1866.8,91505,0,0
2021-05-18 00:00:00,1866.4,1875.02,1863.26,1869.52,86658,0,0
2021-05-19 00:00:00,1869.46,1890.04,1852.23,1869.35,114611,0,0
2021-05-20 00:00:00,1869.53,1883.84,1863.83,1877.05,101550,0,0
2021-05-21 00:00:00,1877.42,1889.45,1870.09,1881.34,94841,0,0
2021-05-24 00:00:00,1882.09,1887.03,1875.25,1880.83,83161,0,0
2021-05-25 00:00:00,1880.47,1900.28,1872.74,1899.15,89272,0,0
2021-05-26 00:00:00,1898.79,1912.75,1890.69,1896.64,94996,0,0
2021-05-27 00:00:00,1896.26,1903.65,1888.29,1896.54,91723,0,0
2021-05-28 00:00:00,1896.7,1905.91,1882.23,1903.83,92298,0,0
2021-05-31 00:00:00,1903.08,1910.64,1902.07,1906.64,53109,0,0
2021-06-01 00:00:00,1907.09,1916.6,1892.38,1900.37,89285,0,0
2021-06-02 00:00:00,1899.16,1909.02,1894.4,1908.29,77644,0,0
2021-06-03 00:00:00,1907.53,1909.61,1865.36,1870.5,92912,0,0
2021-06-04 00:00:00,1870.78,1896.21,1855.86,1891.5,85623,0,0
2021-06-07 00:00:00,1891.36,1900.13,1881.56,1899.0,74123,0,0
2021-06-08 00:00:00,1898.18,1903.64,1883.77,1892.86,73052,0,0
2021-06-09 00:00:00,1891.79,1898.92,1887.35,1888.6,70550,0,0
2021-06-10 00:00:00,1888.68,1899.88,1869.87,1898.44,84804,0,0
2021-06-11 00:00:00,1898.54,1903.04,1874.51,1876.19,83639,0,0
2021-06-14 00:00:00,1876.28,1877.7,1844.76,1866.09,85066,0,0
2021-06-15 00:00:00,1865.63,1869.16,1851.65,1858.75,76233,0,0
2021-06-16 00:00:00,1858.94,1863.03,1803.47,1811.95,84736,0,0
2021-06-17 00:00:00,1811.56,1825.3,1767.19,1773.15,134848,0,0
2021-06-18 00:00:00,1772.19,1797.13,1760.87,1764.2,117361,0,0
2021-06-21 00:00:00,1763.38,1786.54,1763.38,1782.97,110016,0,0
2021-06-22 00:00:00,1782.0,1790.1,1772.44,1778.76,92643,0,0
2021-06-23 00:00:00,1778.35,1794.94,1773.32,1778.86,84579,0,0
2021-06-24 00:00:00,1778.18,1788.06,1772.9,1774.95,81783,0,0
2021-06-25 00:00:00,1775.41,1790.43,1773.7,1781.26,75404,0,0
2021-06-28 00:00:00,1781.09,1785.84,1770.64,1778.08,81388,0,0
2021-06-29 00:00:00,1778.01,1778.92,1750.67,1761.12,82236,0,0
2021-06-30 00:00:00,1761.48,1774.37,1753.38,1770.37,79972,0,0
2021-07-01 00:00:00,1769.65,1782.85,1765.73,1776.73,79019,0,0
2021-07-02 00:00:00,1776.79,1795.08,1774.29,1787.47,74721,0,0
2021-07-05 00:00:00,1786.5,1794.44,1784.48,1791.76,39627,0,0
2021-07-06 00:00:00,1791.3,1815.0,1790.1,1797.13,86109,0,0
2021-07-07 00:00:00,1796.24,1809.84,1793.86,1803.66,90929,0,0
2021-07-08 00:00:00,1803.58,1818.34,1794.68,1802.36,109798,0,0
2021-07-09 00:00:00,1802.72,1812.37,1796.67,1808.28,84875,0,0
2021-07-12 00:00:00,1807.3,1810.82,1791.68,1806.12,80881,0,0
2021-07-13 00:00:00,1805.85,1817.05,1798.68,1807.6,80668,0,0
2021-07-14 00:00:00,1807.33,1829.75,1804.56,1827.42,90163,0,0
2021-07-15 00:00:00,1827.09,1834.14,1820.29,1829.5,95965,0,0
2021-07-16 00:00:00,1828.95,1832.06,1808.43,1811.55,83881,0,0
2021-07-19 00:00:00,1810.7,1817.28,1795.0,1812.76,98404,0,0
2021-07-20 00:00:00,1812.61,1824.89,1805.07,1810.33,88447,0,0
2021-07-21 00:00:00,1809.3,1813.75,1794.68,1803.41,84114,0,0
2021-07-22 00:00:00,1803.13,1808.05,1792.77,1806.62,78600,0,0
2021-07-23 00:00:00,1807.02,1810.31,1790.11,1802.04,72770,0,0
2021-07-26 00:00:00,1802.08,1811.49,1796.41,1797.47,78637,0,0
2021-07-27 00:00:00,1797.31,1805.27,1793.68,1798.92,85686,0,0
2021-07-28 00:00:00,1798.21,1809.79,1792.44,1806.96,82434,0,0
2021-07-29 00:00:00,1806.87,1832.65,1806.7,1827.97,78262,0,0
2021-07-30 00:00:00,1828.1,1831.28,1810.29,1814.06,67238,0,0
2021-08-02 00:00:00,1813.41,1819.55,1805.8,1813.13,70986,0,0
2021-08-03 00:00:00,1812.85,1815.02,1807.06,1810.27,65370,0,0
2021-08-04 00:00:00,1810.33,1831.67,1806.49,1811.68,76392,0,0
2021-08-05 00:00:00,1811.77,1814.87,1797.84,1803.83,70783,0,0
2021-08-06 00:00:00,1802.99,1804.84,1758.74,1763.39,82268,0,0
2021-08-09 00:00:00,1762.37,1764.57,1682.2,1729.47,122968,0,0
2021-08-10 00:00:00,1729.02,1738.3,1717.74,1728.86,76232,0,0
2021-08-11 00:00:00,1729.17,1754.43,1724.13,1751.38,81658,0,0
2021-08-12 00:00:00,1751.0,1758.18,1741.6,1752.97,77158,0,0
2021-08-13 00:00:00,1752.41,1779.89,1751.74,1779.4,69382,0,0
2021-08-16 00:00:00,1777.93,1789.28,1770.84,1787.14,74644,0,0
2021-08-17 00:00:00,1786.21,1795.55,1780.59,1786.1,77582,0,0
2021-08-18 00:00:00,1785.61,1793.82,1777.39,1787.4,77883,0,0
2021-08-19 00:00:00,1787.21,1792.43,1774.53,1780.09,84745,0,0
2021-08-20 00:00:00,1779.0,1788.39,1778.41,1780.96,70047,0,0
2021-08-23 00:00:00,1779.9,1806.42,1776.47,1805.42,71353,0,0
2021-08-24 00:00:00,1805.21,1809.56,1800.71,1802.83,63725,0,0
2021-08-25 00:00:00,1802.62,1803.03,1782.56,1790.25,66975,0,0
2021-08-26 00:00:00,1790.33,1798.2,1780.11,1791.77,69942,0,0
2021-08-27 00:00:00,1791.98,1819.19,1784.01,1818.11,80676,0,0
2021-08-30 00:00:00,1817.66,1823.24,1807.76,1810.02,57278,0,0
2021-08-31 00:00:00,1808.76,1819.16,1801.7,1814.28,73297,0,0
2021-09-01 00:00:00,1811.84,1820.03,1808.72,1813.86,69297,0,0
2021-09-02 00:00:00,1812.2,1817.15,1804.86,1809.44,52652,0,0
2021-09-03 00:00:00,1808.81,1833.97,1808.81,1827.49,69464,0,0
2021-09-06 00:00:00,1829.34,1830.24,1821.42,1823.2,31737,0,0
2021-09-07 00:00:00,1823.71,1827.32,1792.36,1793.81,68620,0,0
2021-09-08 00:00:00,1793.35,1802.19,1782.43,1789.14,79148,0,0
2021-09-09 00:00:00,1788.78,1800.94,1783.88,1794.36,76994,0,0
2021-09-10 00:00:00,1793.85,1803.86,1787.24,1787.62,74066,0,0
2021-09-13 00:00:00,1786.63,1798.43,1783.75,1793.38,63831,0,0
2021-09-14 00:00:00,1793.08,1808.62,1780.36,1804.59,68791,0,0
2021-09-15 00:00:00,1804.01,1806.94,1790.75,1793.68,65231,0,0
2021-09-16 00:00:00,1794.09,1796.18,1745.21,1753.02,85592,0,0
2021-09-17 00:00:00,1753.34,1767.51,1747.4,1754.08,78235,0,0
2021-09-20 00:00:00,1754.05,1767.07,1742.25,1764.54,78586,0,0
2021-09-21 00:00:00,1763.82,1781.77,1757.95,1773.96,78277,0,0
2021-09-22 00:00:00,1773.56,1787.23,1764.7,1767.98,100213,0,0
2021-09-23 00:00:00,1768.38,1776.56,1737.67,1742.02,89245,0,0
2021-09-24 00:00:00,1743.2,1757.7,1740.46,1750.64,79054,0,0
2021-09-27 00:00:00,1750.42,1760.84,1744.86,1750.06,76537,0,0
2021-09-28 00:00:00,1749.76,1754.46,1728.1,1733.49,98822,0,0
2021-09-29 00:00:00,1733.56,1745.53,1721.66,1726.3,92923,0,0
2021-09-30 00:00:00,1727.18,1764.17,1722.22,1757.2,93146,0,0
2021-10-01 00:00:00,1756.42,1764.29,1749.79,1760.5,90223,0,0
2021-10-04 00:00:00,1761.9,1770.47,1747.76,1769.36,87794,0,0
2021-10-05 00:00:00,1770.04,1770.04,1748.64,1759.89,83298,0,0
2021-10-06 00:00:00,1759.28,1765.09,1745.93,1762.79,94045,0,0
2021-10-07 00:00:00,1762.22,1766.96,1751.97,1755.06,73616,0,0
2021-10-08 00:00:00,1756.14,1781.33,1753.42,1756.66,78263,0,0
2021-10-11 00:00:00,1756.86,1760.94,1750.14,1753.91,60212,0,0
2021-10-12 00:00:00,1753.39,1769.31,1750.79,1760.26,69638,0,0
2021-10-13 00:00:00,1759.99,1796.16,1757.94,1792.88,82390,0,0
2021-10-14 00:00:00,1792.46,1800.55,1786.73,1796.01,63496,0,0
2021-10-15 00:00:00,1795.58,1796.45,1764.91,1767.61,72450,0,0
2021-10-18 00:00:00,1765.99,1772.08,1760.28,1764.49,80886,0,0
2021-10-19 00:00:00,1764.06,1785.11,1763.0,1769.26,76608,0,0
2021-10-20 00:00:00,1769.85,1788.42,1766.88,1781.69,74929,0,0
2021-10-21 00:00:00,1781.2,1789.43,1776.5,1783.18,80378,0,0
2021-10-22 00:00:00,1782.68,1813.81,1782.68,1792.47,87607,0,0
2021-10-25 00:00:00,1792.86,1809.99,1792.27,1807.73,74848,0,0
2021-10-26 00:00:00,1807.02,1808.4,1782.43,1792.9,82655,0,0
2021-10-27 00:00:00,1792.19,1799.06,1783.52,1796.93,91533,0,0
2021-10-28 00:00:00,1796.67,1810.4,1792.34,1798.79,105212,0,0
2021-10-29 00:00:00,1799.08,1801.19,1772.01,1782.94,110999,0,0
2021-11-01 00:00:00,1782.66,1795.81,1779.13,1793.25,79528,0,0
2021-11-02 00:00:00,1793.08,1796.37,1786.38,1787.92,75809,0,0
2021-11-03 00:00:00,1787.58,1788.21,1758.81,1769.45,81957,0,0
2021-11-04 00:00:00,1768.88,1798.92,1768.83,1791.91,76569,0,0
2021-11-05 00:00:00,1791.16,1818.2,1785.11,1817.86,87327,0,0
2021-11-08 00:00:00,1818.04,1826.44,1812.43,1824.14,71248,0,0
2021-11-09 00:00:00,1824.65,1832.69,1819.2,1831.7,73251,0,0
2021-11-10 00:00:00,1831.91,1868.53,1821.45,1849.0,91938,0,0
2021-11-11 00:00:00,1849.29,1865.97,1842.86,1861.77,67381,0,0
2021-11-12 00:00:00,1861.7,1868.64,1845.19,1864.63,76310,0,0
2021-11-15 00:00:00,1868.75,1870.36,1856.36,1862.79,68446,0,0
2021-11-16 00:00:00,1862.32,1877.25,1849.67,1850.14,85759,0,0
2021-11-17 00:00:00,1849.66,1868.05,1849.36,1867.43,73442,0,0
2021-11-18 00:00:00,1866.79,1870.95,1855.05,1858.78,72549,0,0
2021-11-19 00:00:00,1858.98,1865.7,1842.98,1845.88,88091,0,0
2021-11-22 00:00:00,1846.56,1849.13,1802.28,1804.54,96235,0,0
2021-11-23 00:00:00,1806.09,1812.43,1781.98,1789.18,93743,0,0
2021-11-24 00:00:00,1789.07,1796.32,1778.52,1788.83,88450,0,0
2021-11-25 00:00:00,1788.42,1795.02,1786.01,1788.4,39119,0,0
2021-11-26 00:00:00,1789.43,1815.5,1780.39,1790.51,92129,0,0
2021-11-29 00:00:00,1789.17,1799.37,1774.35,1784.66,78707,0,0
2021-11-30 00:00:00,1784.08,1808.68,1769.85,1774.14,114460,0,0
2021-12-01 00:00:00,1775.1,1794.39,1772.17,1781.86,101805,0,0
2021-12-02 00:00:00,1780.36,1783.38,1761.96,1768.18,99492,0,0
2021-12-03 00:00:00,1767.76,1786.08,1766.14,1783.38,99821,0,0
2021-12-06 00:00:00,1784.55,1787.71,1775.73,1778.28,82098,0,0
2021-12-07 00:00:00,1777.97,1787.7,1772.34,1784.04,73060,0,0
2021-12-08 00:00:00,1784.13,1793.13,1779.66,1782.55,75676,0,0
2021-12-09 00:00:00,1782.83,1787.66,1773.3,1774.93,74144,0,0
2021-12-10 00:00:00,1775.37,1789.46,1770.08,1782.84,71349,0,0
2021-12-13 00:00:00,1782.24,1791.55,1781.5,1786.86,64002,0,0
2021-12-14 00:00:00,1785.68,1789.51,1766.54,1770.43,70615,0,0
2021-12-15 00:00:00,1771.08,1780.83,1752.94,1777.18,85094,0,0
2021-12-16 00:00:00,1776.52,1799.51,1775.59,1799.48,87975,0,0
2021-12-17 00:00:00,1799.96,1814.26,1795.89,1797.47,80265,0,0
2021-12-20 00:00:00,1799.42,1804.2,1788.3,1790.36,82654,0,0
2021-12-21 00:00:00,1790.16,1800.55,1784.98,1788.7,71475,0,0
2021-12-22 00:00:00,1788.94,1804.98,1785.85,1803.46,64941,0,0
2021-12-23 00:00:00,1803.79,1810.65,1798.9,1808.19,60317,0,0
2021-12-27 00:00:00,1807.65,1813.47,1802.95,1811.9,57577,0,0
2021-12-28 00:00:00,1811.35,1820.15,1805.08,1805.95,58815,0,0
2021-12-29 00:00:00,1805.65,1807.71,1789.47,1803.82,68463,0,0
2021-12-30 00:00:00,1804.34,1817.21,1796.12,1815.06,62188,0,0
2021-12-31 00:00:00,1815.09,1828.57,1814.2,1828.29,54568,0,0
2022-01-03 00:00:00,1828.95,1831.82,1798.32,1801.19,74576,0,0
2022-01-04 00:00:00,1800.98,1816.74,1798.59,1814.52,84507,0,0
2022-01-05 00:00:00,1814.61,1829.6,1808.32,1809.98,79414,0,0
2022-01-06 00:00:00,1809.19,1811.58,1786.5,1790.46,100336,0,0
2022-01-07 00:00:00,1790.84,1798.63,1782.71,1796.59,82076,0,0
2022-01-10 00:00:00,1794.13,1802.32,1790.35,1801.64,84755,0,0
2022-01-11 00:00:00,1801.08,1823.26,1800.03,1821.73,84033,0,0
2022-01-12 00:00:00,1820.8,1828.05,1814.72,1826.24,76640,0,0
2022-01-13 00:00:00,1823.95,1828.13,1812.42,1822.91,76640,0,0
2022-01-14 00:00:00,1819.44,1829.17,1814.7,1817.34,87217,0,0
2022-01-17 00:00:00,1818.43,1823.18,1813.19,1819.1,44287,0,0
2022-01-18 00:00:00,1818.44,1822.77,1805.78,1813.68,102625,0,0
2022-01-19 00:00:00,1812.34,1843.42,1810.26,1840.69,108624,0,0
2022-01-20 00:00:00,1839.77,1847.93,1835.94,1839.44,100987,0,0
2022-01-21 00:00:00,1839.54,1843.25,1828.51,1834.37,106733,0,0
2022-01-24 00:00:00,1834.08,1844.37,1829.7,1843.19,115245,0,0
2022-01-25 00:00:00,1842.32,1853.88,1834.93,1848.03,102238,0,0
2022-01-26 00:00:00,1846.87,1850.06,1815.0,1819.45,101735,0,0
2022-01-27 00:00:00,1819.08,1822.12,1791.83,1796.85,122593,0,0
2022-01-28 00:00:00,1796.67,1799.43,1780.3,1791.77,101747,0,0
2022-01-31 00:00:00,1789.65,1799.87,1785.59,1797.13,87969,0,0
2022-02-01 00:00:00,1795.12,1808.78,1795.12,1800.91,91221,0,0
2022-02-02 00:00:00,1799.72,1810.79,1794.5,1806.78,83610,0,0
2022-02-03 00:00:00,1806.12,1808.98,1788.67,1805.05,97989,0,0
2022-02-04 00:00:00,1804.42,1814.89,1792.19,1808.17,103770,0,0
2022-02-07 00:00:00,1807.88,1823.53,1807.84,1820.37,77954,0,0
2022-02-08 00:00:00,1820.76,1828.74,1815.42,1826.17,67842,0,0
2022-02-09 00:00:00,1825.86,1835.83,1824.72,1833.09,80733,0,0
2022-02-10 00:00:00,1832.96,1841.95,1821.72,1826.57,114970,0,0
2022-02-11 00:00:00,1826.44,1865.45,1821.03,1858.97,134569,0,0
2022-02-14 00:00:00,1859.76,1874.15,1850.82,1871.96,123695,0,0
2022-02-15 00:00:00,1870.98,1879.51,1844.53,1853.36,109277,0,0
2022-02-16 00:00:00,1853.32,1872.57,1850.34,1869.5,101198,0,0
2022-02-17 00:00:00,1869.79,1901.11,1867.82,1898.16,132129,0,0
2022-02-18 00:00:00,1898.4,1902.52,1886.63,1897.41,111096,0,0
2022-02-21 00:00:00,1900.48,1908.27,1887.61,1903.45,79997,0,0
2022-02-22 00:00:00,1909.76,1914.08,1891.4,1898.46,144371,0,0
2022-02-23 00:00:00,1898.34,1910.53,1889.64,1908.19,96994,0,0
2022-02-24 00:00:00,1909.05,1974.47,1878.16,1903.93,196104,0,0
2022-02-25 00:00:00,1902.23,1921.5,1882.99,1888.72,144174,0,0
2022-02-28 00:00:00,1916.45,1930.57,1890.91,1909.4,155808,0,0
2022-03-01 00:00:00,1906.54,1950.18,1901.4,1944.98,155226,0,0
2022-03-02 00:00:00,1944.02,1947.91,1913.91,1928.52,149310,0,0
2022-03-03 00:00:00,1928.52,1941.3,1922.07,1936.62,130972,0,0
2022-03-04 00:00:00,1934.84,1970.6,1929.66,1970.43,149121,0,0
2022-03-07 00:00:00,1973.84,2002.59,1961.02,1997.26,191348,0,0
2022-03-08 00:00:00,1996.68,2070.57,1981.07,2049.87,203760,0,0
2022-03-09 00:00:00,2050.04,2059.22,1976.1,1991.89,180231,0,0
2022-03-10 00:00:00,1990.23,2009.09,1970.66,1995.85,149596,0,0
2022-03-11 00:00:00,1995.09,1998.97,1958.58,1987.43,106490,0,0
2022-03-14 00:00:00,1982.79,1990.23,1949.67,1950.83,122425,0,0
2022-03-15 00:00:00,1951.29,1954.62,1907.05,1917.56,131934,0,0
2022-03-16 00:00:00,1918.78,1929.46,1895.03,1925.67,118539,0,0
2022-03-17 00:00:00,1926.52,1949.78,1923.35,1942.25,110347,0,0
2022-03-18 00:00:00,1941.27,1945.36,1917.93,1920.24,93444,0,0
2022-03-21 00:00:00,1921.54,1941.43,1917.95,1935.48,89550,0,0
2022-03-22 00:00:00,1935.62,1938.34,1910.68,1921.04,93120,0,0
2022-03-23 00:00:00,1921.11,1948.38,1915.56,1944.56,83238,0,0
2022-03-24 00:00:00,1942.04,1966.14,1937.53,1957.86,94422,0,0
2022-03-25 00:00:00,1957.34,1964.35,1943.17,1957.83,88264,0,0
2022-03-28 00:00:00,1958.45,1959.22,1917.0,1922.38,124057,0,0
2022-03-29 00:00:00,1921.74,1929.35,1890.04,1919.37,121017,0,0
2022-03-30 00:00:00,1918.55,1938.56,1915.94,1932.67,104794,0,0
2022-03-31 00:00:00,1932.65,1949.81,1919.11,1937.13,109217,0,0
2022-04-01 00:00:00,1936.12,1939.57,1918.04,1924.41,98572,0,0
2022-04-04 00:00:00,1923.88,1936.89,1915.49,1932.6,89718,0,0
2022-04-05 00:00:00,1932.64,1944.58,1917.93,1923.69,92877,0,0
2022-04-06 00:00:00,1923.04,1933.42,1915.09,1925.5,112035,0,0
2022-04-07 00:00:00,1923.78,1937.8,1920.45,1931.15,96276,0,0
2022-04-08 00:00:00,1931.25,1948.19,1927.63,1946.05,91824,0,0
2022-04-11 00:00:00,1946.23,1969.71,1939.94,1954.65,112558,0,0
2022-04-12 00:00:00,1953.98,1978.64,1949.76,1966.03,107751,0,0
2022-04-13 00:00:00,1966.2,1981.6,1962.83,1977.74,95303,0,0
2022-04-14 00:00:00,1977.63,1980.32,1960.53,1973.35,102031,0,0
2022-04-18 00:00:00,1972.68,1998.4,1971.12,1978.35,103217,0,0
2022-04-19 00:00:00,1977.55,1981.97,1943.7,1949.31,112610,0,0
2022-04-20 00:00:00,1949.5,1958.29,1939.31,1957.88,115418,0,0
2022-04-21 00:00:00,1957.35,1957.64,1936.8,1951.48,114769,0,0
2022-04-22 00:00:00,1951.29,1955.6,1926.65,1931.12,118821,0,0
2022-04-25 00:00:00,1931.35,1934.39,1891.44,1897.38,136186,0,0
2022-04-26 00:00:00,1897.93,1911.22,1895.74,1905.49,116324,0,0
2022-04-27 00:00:00,1903.71,1907.03,1881.37,1885.68,118004,0,0
2022-04-28 00:00:00,1885.26,1896.7,1871.98,1894.29,117646,0,0
2022-04-29 00:00:00,1895.09,1919.8,1892.6,1896.26,112711,0,0
2022-05-02 00:00:00,1895.67,1899.89,1854.49,1862.76,98125,0,0
2022-05-03 00:00:00,1863.35,1878.1,1850.41,1868.31,103100,0,0
2022-05-04 00:00:00,1865.47,1889.67,1861.39,1881.26,98002,0,0
2022-05-05 00:00:00,1880.25,1909.74,1872.5,1876.98,133541,0,0
2022-05-06 00:00:00,1875.21,1892.54,1866.17,1882.46,120633,0,0
2022-05-09 00:00:00,1883.09,1885.67,1851.73,1853.57,123591,0,0
2022-05-10 00:00:00,1853.85,1865.37,1835.46,1838.13,126862,0,0
2022-05-11 00:00:00,1834.43,1858.12,1831.96,1852.12,119049,0,0
2022-05-12 00:00:00,1850.55,1858.74,1821.38,1821.98,131059,0,0
2022-05-13 00:00:00,1821.85,1828.75,1799.09,1811.17,108182,0,0
2022-05-16 00:00:00,1809.82,1826.95,1786.84,1824.99,96784,0,0
2022-05-17 00:00:00,1823.91,1836.07,1812.89,1814.56,98404,0,0
2022-05-18 00:00:00,1812.78,1824.7,1807.4,1816.86,97198,0,0
2022-05-19 00:00:00,1816.03,1849.16,1810.95,1841.93,110031,0,0
2022-05-20 00:00:00,1838.44,1849.4,1832.36,1846.18,89541,0,0
2022-05-23 00:00:00,1845.45,1865.36,1843.53,1853.54,83792,0,0
2022-05-24 00:00:00,1852.23,1869.68,1849.37,1866.12,73447,0,0
2022-05-25 00:00:00,1866.38,1868.02,1842.07,1853.18,72722,0,0
2022-05-26 00:00:00,1851.8,1854.3,1841.02,1850.77,83185,0,0
2022-05-27 00:00:00,1850.45,1861.97,1847.93,1852.86,67119,0,0
2022-05-30 00:00:00,1852.69,1863.92,1848.29,1854.45,43235,0,0
2022-05-31 00:00:00,1855.81,1857.07,1835.1,1837.59,78339,0,0
2022-06-01 00:00:00,1836.84,1849.99,1828.47,1846.53,79281,0,0
2022-06-02 00:00:00,1844.71,1870.38,1844.1,1868.25,65088,0,0
2022-06-03 00:00:00,1867.36,1874.06,1847.35,1850.93,60943,0,0
2022-06-06 00:00:00,1849.28,1857.8,1840.7,1842.09,63143,0,0
2022-06-07 00:00:00,1838.39,1855.52,1837.04,1851.71,62962,0,0
2022-06-08 00:00:00,1852.24,1859.67,1844.62,1852.64,62258,0,0
2022-06-09 00:00:00,1851.2,1855.3,1840.03,1847.94,67613,0,0
2022-06-10 00:00:00,1847.46,1875.97,1825.12,1871.39,92146,0,0
2022-06-13 00:00:00,1874.04,1878.88,1818.98,1819.09,113352,0,0
2022-06-14 00:00:00,1819.88,1831.54,1805.14,1808.39,107181,0,0
2022-06-15 00:00:00,1807.52,1841.85,1807.34,1834.07,123092,0,0
2022-06-16 00:00:00,1832.97,1857.54,1815.4,1857.49,113325,0,0
2022-06-17 00:00:00,1857.28,1857.36,1833.91,1840.05,92454,0,0
2022-06-20 00:00:00,1835.62,1846.12,1834.62,1838.38,54520,0,0
2022-06-21 00:00:00,1838.07,1843.68,1828.64,1833.14,73233,0,0
2022-06-22 00:00:00,1831.96,1847.84,1823.47,1837.81,89147,0,0
2022-06-23 00:00:00,1836.86,1846.05,1822.56,1822.97,85917,0,0
2022-06-24 00:00:00,1823.26,1831.74,1816.93,1827.16,83229,0,0
2022-06-27 00:00:00,1837.44,1841.01,1820.79,1822.76,85099,0,0
2022-06-28 00:00:00,1821.94,1829.46,1818.39,1820.79,71867,0,0
2022-06-29 00:00:00,1818.68,1833.01,1812.14,1818.05,72905,0,0
2022-06-30 00:00:00,1817.06,1825.07,1802.72,1807.29,82000,0,0
2022-07-01 00:00:00,1807.26,1809.28,1784.47,1809.03,103652,0,0
2022-07-04 00:00:00,1812.24,1814.26,1803.97,1807.52,51964,0,0
2022-07-05 00:00:00,1807.45,1812.1,1763.93,1765.35,94813,0,0
2022-07-06 00:00:00,1762.53,1772.84,1732.24,1739.38,108174,0,0
2022-07-07 00:00:00,1737.42,1749.1,1736.48,1740.09,86202,0,0
2022-07-08 00:00:00,1738.19,1752.49,1732.99,1742.38,80381,0,0
2022-07-11 00:00:00,1742.51,1744.51,1731.34,1733.86,78443,0,0
2022-07-12 00:00:00,1732.22,1744.25,1723.2,1726.35,90712,0,0
2022-07-13 00:00:00,1724.42,1745.39,1707.28,1735.48,108433,0,0
2022-07-14 00:00:00,1733.59,1736.28,1697.58,1709.86,122276,0,0
2022-07-15 00:00:00,1709.81,1716.6,1699.08,1707.18,95476,0,0
2022-07-18 00:00:00,1707.47,1723.9,1705.85,1709.05,93101,0,0
2022-07-19 00:00:00,1707.51,1718.39,1705.36,1711.22,85248,0,0
2022-07-20 00:00:00,1709.83,1714.47,1692.46,1696.7,83599,0,0
2022-07-21 00:00:00,1695.56,1720.32,1680.85,1719.42,91045,0,0
2022-07-22 00:00:00,1717.68,1739.28,1712.87,1727.15,94417,0,0
2022-07-25 00:00:00,1727.32,1736.24,1714.74,1719.66,89308,0,0
2022-07-26 00:00:00,1718.87,1728.19,1713.63,1717.16,80808,0,0
2022-07-27 00:00:00,1716.19,1740.26,1711.53,1734.65,85687,0,0
2022-07-28 00:00:00,1733.07,1757.11,1733.07,1756.12,107577,0,0
2022-07-29 00:00:00,1755.56,1767.9,1752.07,1766.06,105273,0,0
2022-08-01 00:00:00,1763.91,1775.26,1758.34,1771.97,93586,0,0
2022-08-02 00:00:00,1771.26,1788.03,1760.52,1760.9,104507,0,0
2022-08-03 00:00:00,1760.49,1772.73,1754.31,1765.75,81750,0,0
2022-08-04 00:00:00,1763.94,1794.94,1763.29,1790.79,71432,0,0
2022-08-05 00:00:00,1789.7,1794.85,1764.96,1775.23,96153,0,0
2022-08-08 00:00:00,1772.97,1789.98,1770.67,1789.39,75602,0,0
2022-08-09 00:00:00,1787.82,1800.44,1783.2,1794.6,73116,0,0
2022-08-10 00:00:00,1793.55,1807.84,1787.59,1792.16,88962,0,0
2022-08-11 00:00:00,1792.19,1799.27,1783.56,1789.42,89609,0,0
2022-08-12 00:00:00,1789.59,1802.08,1784.88,1801.53,81970,0,0
2022-08-15 00:00:00,1801.68,1802.1,1772.95,1779.22,87678,0,0
2022-08-16 00:00:00,1779.37,1783.08,1771.46,1775.78,77688,0,0
2022-08-17 00:00:00,1775.88,1782.31,1759.77,1762.35,96408,0,0
2022-08-18 00:00:00,1761.42,1772.38,1755.45,1758.33,88086,0,0
2022-08-19 00:00:00,1759.1,1759.35,1745.51,1747.18,89509,0,0
2022-08-22 00:00:00,1746.08,1749.03,1727.72,1735.99,89373,0,0
2022-08-23 00:00:00,1736.3,1754.08,1730.79,1748.05,90155,0,0
2022-08-24 00:00:00,1747.61,1755.87,1742.44,1751.65,86376,0,0
2022-08-25 00:00:00,1750.3,1765.47,1749.95,1758.27,86843,0,0
2022-08-26 00:00:00,1758.07,1758.89,1734.17,1738.03,101814,0,0
2022-08-29 00:00:00,1735.54,1745.49,1720.28,1737.67,94579,0,0
2022-08-30 00:00:00,1736.47,1740.52,1721.17,1724.39,94104,0,0
2022-08-31 00:00:00,1722.71,1726.49,1709.57,1710.71,102259,0,0
2022-09-01 00:00:00,1710.86,1711.39,1688.74,1697.23,105522,0,0
2022-09-02 00:00:00,1696.31,1717.94,1694.99,1712.7,95697,0,0
2022-09-05 00:00:00,1712.86,1715.73,1707.71,1710.06,56580,0,0
2022-09-06 00:00:00,1708.84,1726.74,1699.82,1701.67,104678,0,0
2022-09-07 00:00:00,1701.57,1719.39,1691.29,1719.02,105367,0,0
2022-09-08 00:00:00,1717.74,1728.15,1703.96,1708.66,112521,0,0
2022-09-09 00:00:00,1708.31,1729.4,1708.31,1716.88,95268,0,0
2022-09-12 00:00:00,1715.52,1735.09,1711.92,1724.5,94979,0,0
2022-09-13 00:00:00,1724.28,1731.76,1697.09,1702.01,105715,0,0
2022-09-14 00:00:00,1701.11,1707.06,1693.64,1697.28,108830,0,0
2022-09-15 00:00:00,1697.27,1698.21,1660.33,1664.4,101572,0,0
2022-09-16 00:00:00,1664.79,1680.3,1654.12,1674.83,101212,0,0
2022-09-19 00:00:00,1674.87,1680.0,1659.64,1675.49,86487,0,0
2022-09-20 00:00:00,1675.58,1679.4,1659.96,1664.85,93074,0,0
2022-09-21 00:00:00,1664.16,1687.99,1653.83,1673.62,112529,0,0
2022-09-22 00:00:00,1672.98,1684.87,1655.66,1671.24,133750,0,0
2022-09-23 00:00:00,1671.07,1675.91,1639.77,1644.78,126615,0,0
2022-09-26 00:00:00,1643.62,1649.73,1621.17,1623.57,145030,0,0
2022-09-27 00:00:00,1622.08,1642.4,1621.69,1629.14,121379,0,0
2022-09-28 00:00:00,1627.68,1662.66,1614.83,1659.7,143428,0,0
2022-09-29 00:00:00,1659.74,1664.84,1641.5,1660.68,135424,0,0
2022-09-30 00:00:00,1660.65,1675.4,1659.21,1660.93,121892,0,0
2022-10-03 00:00:00,1661.45,1701.46,1659.66,1699.73,121580,0,0
2022-10-04 00:00:00,1698.88,1729.48,1695.2,1726.44,121828,0,0
2022-10-05 00:00:00,1725.72,1727.78,1700.42,1716.34,115882,0,0
2022-10-06 00:00:00,1716.14,1725.55,1706.93,1712.62,111131,0,0
2022-10-07 00:00:00,1712.59,1714.79,1690.65,1694.84,108677,0,0
2022-10-10 00:00:00,1695.96,1699.82,1665.67,1668.28,104291,0,0
2022-10-11 00:00:00,1667.68,1683.94,1660.99,1666.0,119798,0,0
2022-10-12 00:00:00,1666.24,1678.34,1661.36,1673.17,115611,0,0
2022-10-13 00:00:00,1673.03,1682.42,1642.4,1666.01,121471,0,0
2022-10-14 00:00:00,1665.94,1671.75,1640.17,1644.29,126853,0,0
2022-10-17 00:00:00,1643.65,1668.41,1643.07,1650.68,106970,0,0
2022-10-18 00:00:00,1649.96,1660.9,1645.88,1651.57,109896,0,0
2022-10-19 00:00:00,1651.56,1654.5,1627.67,1629.06,107908,0,0
2022-10-20 00:00:00,1629.16,1645.6,1622.37,1627.84,115147,0,0
2022-10-21 00:00:00,1627.57,1657.77,1617.27,1657.27,142165,0,0
2022-10-24 00:00:00,1657.7,1670.67,1643.99,1649.56,136800,0,0
2022-10-25 00:00:00,1649.8,1662.39,1638.3,1652.83,115947,0,0
2022-10-26 00:00:00,1653.0,1674.89,1649.76,1665.24,124355,0,0
2022-10-27 00:00:00,1664.31,1670.8,1654.86,1663.24,130801,0,0
2022-10-28 00:00:00,1661.85,1667.0,1638.04,1644.69,123422,0,0
2022-10-31 00:00:00,1643.36,1645.62,1631.77,1633.68,96413,0,0
2022-11-01 00:00:00,1633.14,1657.01,1630.66,1647.79,119153,0,0
2022-11-02 00:00:00,1647.87,1669.41,1634.85,1635.01,115392,0,0
2022-11-03 00:00:00,1635.31,1640.98,1616.71,1629.44,123944,0,0
2022-11-04 00:00:00,1629.45,1681.7,1628.52,1680.73,137480,0,0
2022-11-07 00:00:00,1674.1,1681.86,1666.87,1675.38,119052,0,0
2022-11-08 00:00:00,1675.11,1716.86,1664.69,1712.26,113339,0,0
2022-11-09 00:00:00,1711.27,1722.36,1702.19,1706.59,116957,0,0
2022-11-10 00:00:00,1706.5,1757.19,1703.75,1755.59,125070,0,0
2022-11-11 00:00:00,1755.14,1772.63,1747.28,1770.08,123701,0,0
2022-11-14 00:00:00,1766.47,1775.04,1753.29,1771.46,119170,0,0
2022-11-15 00:00:00,1770.17,1786.48,1767.08,1778.63,164972,0,0
2022-11-16 00:00:00,1778.93,1785.03,1770.33,1773.66,141176,0,0
2022-11-17 00:00:00,1772.13,1774.86,1754.5,1760.54,123403,0,0
2022-11-18 00:00:00,1758.85,1767.69,1747.59,1750.93,107132,0,0
2022-11-21 00:00:00,1748.48,1752.96,1732.52,1738.32,115063,0,0
2022-11-22 00:00:00,1736.66,1749.71,1736.66,1739.93,102745,0,0
2022-11-23 00:00:00,1739.67,1753.26,1721.32,1749.5,112328,0,0
2022-11-24 00:00:00,1749.58,1758.6,1748.99,1754.78,72473,0,0
2022-11-25 00:00:00,1754.75,1761.22,1746.04,1754.51,85095,0,0
2022-11-28 00:00:00,1753.91,1763.75,1739.65,1741.64,108440,0,0
2022-11-29 00:00:00,1740.17,1759.02,1739.51,1749.59,121894,0,0
2022-11-30 00:00:00,1749.71,1769.97,1744.86,1768.2,138676,0,0
2022-12-01 00:00:00,1768.1,1804.21,1768.02,1802.89,147485,0,0
2022-12-02 00:00:00,1802.96,1804.53,1778.62,1798.63,131559,0,0
2022-12-05 00:00:00,1796.12,1810.01,1765.83,1768.6,126677,0,0
2022-12-06 00:00:00,1768.24,1780.86,1767.27,1770.98,113440,0,0
2022-12-07 00:00:00,1770.87,1790.52,1768.73,1786.08,122781,0,0
2022-12-08 00:00:00,1784.65,1794.87,1781.46,1789.12,103714,0,0
2022-12-09 00:00:00,1789.17,1806.12,1788.45,1797.23,105352,0,0
2022-12-12 00:00:00,1795.97,1797.15,1777.62,1781.49,102499,0,0
2022-12-13 00:00:00,1780.19,1824.48,1780.19,1810.53,132287,0,0
2022-12-14 00:00:00,1810.48,1814.16,1795.39,1807.4,132202,0,0
2022-12-15 00:00:00,1807.13,1808.61,1773.83,1776.7,138879,0,0
2022-12-16 00:00:00,1776.18,1794.29,1774.31,1792.95,116323,0,0
2022-12-19 00:00:00,1792.19,1798.73,1783.86,1787.55,103668,0,0
2022-12-20 00:00:00,1787.29,1821.15,1784.62,1817.74,148977,0,0
2022-12-21 00:00:00,1817.82,1823.81,1811.88,1814.48,104244,0,0
2022-12-22 00:00:00,1813.57,1820.4,1784.78,1792.49,111029,0,0
2022-12-23 00:00:00,1793.14,1803.27,1791.17,1798.48,94403,0,0
2022-12-27 00:00:00,1799.87,1833.24,1799.76,1813.73,89834,0,0
2022-12-28 00:00:00,1813.45,1814.6,1797.02,1804.25,87564,0,0
2022-12-29 00:00:00,1803.97,1820.21,1803.66,1814.68,86086,0,0
2022-12-30 00:00:00,1814.74,1826.03,1813.36,1823.93,96247,0,0
2023-01-03 00:00:00,1825.18,1849.96,1824.03,1839.85,131844,0,0
2023-01-04 00:00:00,1839.0,1865.1,1836.24,1854.48,130033,0,0
2023-01-05 00:00:00,1854.28,1859.01,1825.11,1832.81,120654,0,0
2023-01-06 00:00:00,1830.95,1869.81,1830.07,1865.91,113814,0,0
2023-01-09 00:00:00,1867.57,1881.51,1864.43,1871.53,111686,0,0
2023-01-10 00:00:00,1871.24,1880.73,1867.8,1876.91,111682,0,0
2023-01-11 00:00:00,1876.85,1886.65,1867.18,1875.84,106088,0,0
2023-01-12 00:00:00,1875.52,1901.59,1871.95,1896.82,130796,0,0
2023-01-13 00:00:00,1896.14,1921.9,1892.33,1920.4,128518,0,0
2023-01-16 00:00:00,1920.15,1928.93,1910.85,1915.46,77013,0,0
2023-01-17 00:00:00,1914.6,1919.04,1903.81,1908.63,114968,0,0
2023-01-18 00:00:00,1907.86,1925.9,1896.59,1904.06,142747,0,0
2023-01-19 00:00:00,1904.19,1935.19,1900.97,1932.13,129135,0,0
2023-01-20 00:00:00,1931.86,1937.51,1920.68,1926.52,112459,0,0
2023-01-23 00:00:00,1925.32,1935.56,1911.39,1931.25,116014,0,0
2023-01-24 00:00:00,1930.47,1942.5,1917.21,1937.32,112195,0,0
2023-01-25 00:00:00,1936.86,1948.03,1919.87,1946.35,116914,0,0
2023-01-26 00:00:00,1945.94,1949.16,1918.67,1928.93,114802,0,0
2023-01-27 00:00:00,1928.31,1934.99,1916.66,1928.38,99102,0,0
2023-01-30 00:00:00,1929.09,1934.47,1920.68,1923.08,117907,0,0
2023-01-31 00:00:00,1921.03,1931.12,1900.81,1928.05,124559,0,0
2023-02-01 00:00:00,1928.28,1954.53,1920.61,1950.21,130155,0,0
2023-02-02 00:00:00,1950.26,1959.68,1911.29,1912.68,148677,0,0
2023-02-03 00:00:00,1911.62,1918.57,1861.45,1865.73,144577,0,0
2023-02-06 00:00:00,1863.88,1881.36,1859.84,1867.8,130059,0,0
2023-02-07 00:00:00,1866.99,1884.41,1864.99,1867.5,135648,0,0
2023-02-08 00:00:00,1872.26,1886.35,1869.06,1875.6,108834,0,0
2023-02-09 00:00:00,1874.46,1890.26,1858.95,1861.2,113654,0,0
2023-02-10 00:00:00,1860.92,1872.22,1852.81,1865.42,122180,0,0
2023-02-13 00:00:00,1865.19,1866.54,1850.48,1853.91,96051,0,0
2023-02-14 00:00:00,1853.18,1870.54,1843.36,1854.29,123352,0,0
2023-02-15 00:00:00,1853.9,1860.07,1830.4,1836.33,111871,0,0
2023-02-16 00:00:00,1835.63,1845.28,1827.66,1836.59,115374,0,0
2023-02-17 00:00:00,1836.29,1843.52,1818.9,1842.12,113580,0,0
2023-02-20 00:00:00,1840.65,1847.47,1837.3,1841.17,61546,0,0
2023-02-21 00:00:00,1841.49,1843.85,1830.27,1834.98,109836,0,0
2023-02-22 00:00:00,1834.17,1846.0,1823.55,1825.45,112957,0,0
2023-02-23 00:00:00,1825.07,1833.77,1817.54,1822.42,106665,0,0
2023-02-24 00:00:00,1819.94,1827.81,1808.95,1810.79,114329,0,0
2023-02-27 00:00:00,1811.23,1820.13,1806.75,1817.06,106091,0,0
2023-02-28 00:00:00,1816.25,1831.16,1804.81,1826.89,110069,0,0
2023-03-01 00:00:00,1825.96,1844.51,1823.08,1836.7,117999,0,0
2023-03-02 00:00:00,1834.85,1838.95,1830.0,1835.91,109822,0,0
2023-03-03 00:00:00,1835.5,1856.28,1835.5,1855.21,105258,0,0
2023-03-06 00:00:00,1853.45,1858.22,1845.11,1847.07,100038,0,0
2023-03-07 00:00:00,1845.64,1851.6,1812.72,1813.42,119842,0,0
2023-03-08 00:00:00,1813.5,1824.23,1809.4,1813.77,111934,0,0
2023-03-09 00:00:00,1812.09,1835.63,1811.93,1830.86,110803,0,0
2023-03-10 00:00:00,1830.8,1870.13,1827.73,1867.27,162213,0,0
2023-03-13 00:00:00,1873.21,1914.59,1871.56,1913.53,216117,0,0
2023-03-14 00:00:00,1911.05,1914.15,1895.41,1903.84,167691,0,0
2023-03-15 00:00:00,1903.09,1937.31,1885.75,1918.0,184547,0,0
2023-03-16 00:00:00,1918.58,1933.47,1907.56,1919.22,171200,0,0
2023-03-17 00:00:00,1919.34,1987.99,1918.27,1987.65,159086,0,0
2023-03-20 00:00:00,1984.34,2009.75,1965.94,1978.89,187258,0,0
2023-03-21 00:00:00,1978.14,1985.14,1935.43,1940.26,136321,0,0
2023-03-22 00:00:00,1939.22,1978.8,1934.29,1969.15,145212,0,0
2023-03-23 00:00:00,1971.27,2003.29,1964.62,1993.1,168099,0,0
2023-03-24 00:00:00,1992.02,2002.94,1975.23,1978.43,167416,0,0
2023-03-27 00:00:00,1978.72,1980.12,1944.03,1956.13,129431,0,0
2023-03-28 00:00:00,1955.59,1975.26,1949.17,1973.94,123082,0,0
2023-03-29 00:00:00,1972.66,1974.32,1958.71,1964.39,110885,0,0
2023-03-30 00:00:00,1962.18,1984.31,1955.39,1980.42,115306,0,0
2023-03-31 00:00:00,1979.52,1987.58,1966.93,1969.23,119819,0,0
2023-04-03 00:00:00,1972.32,1990.48,1949.76,1984.09,131383,0,0
2023-04-04 00:00:00,1983.89,2024.97,1977.04,2020.3,125543,0,0
2023-04-05 00:00:00,2018.52,2032.05,2009.99,2020.24,126967,0,0
2023-04-06 00:00:00,2020.18,2021.39,2000.86,2007.62,119810,0,0
2023-04-10 00:00:00,1989.02,2006.37,1981.71,1991.25,100610,0,0
2023-04-11 00:00:00,1989.81,2007.42,1988.8,2003.53,106979,0,0
2023-04-12 00:00:00,2003.11,2028.3,2001.4,2014.74,135292,0,0
2023-04-13 00:00:00,2014.41,2048.64,2013.67,2040.38,127681,0,0
2023-04-14 00:00:00,2039.78,2047.43,1992.41,2004.3,146251,0,0
2023-04-17 00:00:00,1999.24,2015.04,1981.18,1995.15,126802,0,0
2023-04-18 00:00:00,1994.51,2011.87,1991.33,2004.91,115853,0,0
2023-04-19 00:00:00,2004.78,2008.15,1969.25,1994.7,136432,0,0
2023-04-20 00:00:00,1993.41,2012.35,1990.51,2004.71,131905,0,0
2023-04-21 00:00:00,2002.47,2005.51,1971.64,1982.84,133939,0,0
2023-04-24 00:00:00,1980.73,1990.79,1974.12,1988.99,123781,0,0
2023-04-25 00:00:00,1988.81,2003.81,1976.11,1996.8,144995,0,0
2023-04-26 00:00:00,1996.41,2009.31,1983.35,1989.07,144981,0,0
2023-04-27 00:00:00,1989.46,2003.38,1974.15,1987.93,114685,1,0
2023-04-28 00:00:00,1987.49,1995.01,1976.09,1989.72,120470,1,0
2023-05-01 00:00:00,1990.44,2006.0,1977.11,1982.3,90353,1,0
2023-05-02 00:00:00,1979.26,2019.37,1978.46,2016.38,109133,1,0
2023-05-03 00:00:00,2014.96,2040.2,2007.01,2039.82,119563,0,0
2023-05-04 00:00:00,2042.24,2079.55,2030.39,2050.23,190472,0,0
2023-05-05 00:00:00,2048.52,2052.96,1999.55,2016.45,144359,0,0
2023-05-08 00:00:00,2015.05,2029.38,2014.16,2021.26,112582,0,0
2023-05-09 00:00:00,2019.83,2037.57,2019.48,2034.45,115681,0,0
2023-05-10 00:00:00,2033.71,2048.15,2021.56,2029.88,134384,0,0
2023-05-11 00:00:00,2028.52,2041.19,2011.13,2014.91,146571,0,0
2023-05-12 00:00:00,2014.85,2022.52,2000.9,2010.9,127625,0,0
2023-05-15 00:00:00,2007.71,2022.14,2007.02,2016.19,109514,0,0
2023-05-16 00:00:00,2014.02,2018.27,1985.48,1988.93,128126,0,0
2023-05-17 00:00:00,1988.18,1993.0,1975.03,1981.87,117883,0,0
2023-05-18 00:00:00,1980.51,1985.98,1951.96,1957.53,118440,0,0
2023-05-19 00:00:00,1957.42,1984.19,1954.04,1977.46,134441,0,0
2023-05-22 00:00:00,1976.9,1982.58,1968.91,1971.62,113526,0,0
2023-05-23 00:00:00,1970.03,1977.73,1954.25,1975.19,131223,0,0
2023-05-24 00:00:00,1974.62,1985.24,1956.73,1957.24,133460,0,0
2023-05-25 00:00:00,1956.66,1964.77,1938.83,1940.42,131527,0,0
2023-05-26 00:00:00,1939.98,1957.26,1936.76,1946.69,126718,0,0
2023-05-29 00:00:00,1940.67,1949.71,1940.21,1942.96,58588,0,0
2023-05-30 00:00:00,1943.85,1963.5,1932.02,1959.53,122464,0,0
2023-05-31 00:00:00,1958.55,1974.72,1953.67,1963.06,125509,0,0
2023-06-01 00:00:00,1962.32,1983.06,1953.4,1977.54,123414,0,0
2023-06-02 00:00:00,1976.82,1983.44,1947.5,1947.58,118862,0,0
2023-06-05 00:00:00,1947.78,1964.01,1938.15,1961.59,116937,0,0
2023-06-06 00:00:00,1960.77,1966.4,1954.39,1963.08,97031,0,0
2023-06-07 00:00:00,1962.68,1970.17,1939.84,1940.1,95814,0,0
2023-06-08 00:00:00,1938.4,1970.51,1938.4,1965.35,89935,1,0
2023-06-09 00:00:00,1963.46,1972.95,1956.61,1960.56,74274,1,0
2023-06-12 00:00:00,1959.55,1966.95,1949.1,1957.66,83480,1,0
2023-06-13 00:00:00,1957.21,1970.9,1940.04,1943.31,109479,0,0
2023-06-14 00:00:00,1943.13,1960.28,1939.66,1940.19,120146,0,0
2023-06-15 00:00:00,1942.09,1960.22,1924.89,1957.86,137404,0,0
2023-06-16 00:00:00,1953.02,1967.9,1953.02,1957.36,123071,0,0
2023-06-19 00:00:00,1957.89,1958.69,1947.81,1950.41,75974,0,0
2023-06-20 00:00:00,1949.77,1956.77,1929.77,1935.92,131889,0,0
2023-06-21 00:00:00,1934.67,1939.47,1919.19,1932.39,133212,0,0
2023-06-22 00:00:00,1931.71,1934.81,1912.37,1913.36,114763,0,0
2023-06-23 00:00:00,1913.55,1937.14,1910.11,1920.81,123858,0,0
2023-06-26 00:00:00,1925.33,1933.32,1921.51,1923.15,117969,0,0
2023-06-27 00:00:00,1922.86,1930.65,1911.0,1913.38,116975,0,0
2023-06-28 00:00:00,1913.2,1917.23,1902.84,1907.35,114732,0,0
2023-06-29 00:00:00,1907.53,1913.11,1892.97,1908.21,118434,0,0
2023-06-30 00:00:00,1907.83,1922.74,1900.55,1919.06,118478,0,0
2023-07-03 00:00:00,1918.92,1930.91,1910.02,1921.4,101060,0,0
2023-07-04 00:00:00,1918.99,1930.69,1918.99,1925.77,64620,0,0
2023-07-05 00:00:00,1925.78,1934.98,1914.76,1914.94,110360,0,0
2023-07-06 00:00:00,1914.63,1927.57,1902.63,1910.82,120331,0,0
2023-07-07 00:00:00,1910.31,1934.92,1909.51,1925.29,115883,0,0
2023-07-10 00:00:00,1924.98,1928.1,1912.68,1925.23,103642,0,0
2023-07-11 00:00:00,1924.59,1938.42,1924.36,1932.33,106360,0,0
2023-07-12 00:00:00,1932.07,1959.65,1932.07,1957.5,118566,0,0
2023-07-13 00:00:00,1956.38,1963.53,1952.44,1960.49,119890,0,0
2023-07-14 00:00:00,1958.99,1963.72,1950.99,1955.13,117857,0,0
2023-07-17 00:00:00,1953.63,1959.83,1945.78,1954.84,97645,0,0
2023-07-18 00:00:00,1953.83,1984.33,1953.83,1978.76,120497,0,0
2023-07-19 00:00:00,1978.47,1980.89,1969.74,1977.08,107339,0,0
2023-07-20 00:00:00,1976.17,1987.46,1965.36,1969.42,114902,0,0
2023-07-21 00:00:00,1969.23,1973.75,1956.83,1961.63,104144,0,0
2023-07-24 00:00:00,1960.41,1967.83,1953.45,1954.55,102705,0,0
2023-07-25 00:00:00,1954.3,1965.63,1951.75,1964.57,99961,0,0
2023-07-26 00:00:00,1964.42,1978.24,1961.99,1972.13,113662,0,0
2023-07-27 00:00:00,1970.95,1982.19,1942.58,1944.63,124539,0,0
2023-07-28 00:00:00,1945.98,1963.51,1945.43,1959.03,125891,0,0
2023-07-31 00:00:00,1959.11,1972.36,1951.23,1965.64,100483,0,0
2023-08-01 00:00:00,1965.25,1965.97,1941.25,1944.11,101919,0,0
2023-08-02 00:00:00,1950.67,1954.81,1933.05,1934.55,109733,0,0
2023-08-03 00:00:00,1934.4,1938.84,1929.56,1934.17,105840,0,0
2023-08-04 00:00:00,1933.69,1946.95,1925.09,1942.55,100012,0,0
2023-08-07 00:00:00,1942.13,1946.66,1931.48,1936.3,81897,0,0
2023-08-08 00:00:00,1936.53,1938.09,1922.75,1925.05,96660,0,0
2023-08-09 00:00:00,1924.82,1932.34,1914.07,1914.43,85095,0,0
2023-08-10 00:00:00,1914.69,1930.07,1912.1,1912.37,102365,0,0
2023-08-11 00:00:00,1911.84,1920.98,1910.86,1913.58,85894,0,0
2023-08-14 00:00:00,1912.96,1916.21,1902.69,1907.25,87651,0,0
2023-08-15 00:00:00,1906.95,1911.63,1896.44,1901.48,110323,0,0
2023-08-16 00:00:00,1900.93,1907.18,1891.82,1892.28,93998,0,0
2023-08-17 00:00:00,1892.0,1903.45,1885.07,1889.11,104625,0,0
2023-08-18 00:00:00,1889.49,1896.84,1886.76,1889.33,86449,0,0
2023-08-21 00:00:00,1888.96,1898.71,1884.83,1894.71,96146,0,0
2023-08-22 00:00:00,1894.56,1904.46,1889.15,1897.47,87202,0,0
2023-08-23 00:00:00,1897.21,1920.35,1897.13,1915.46,97314,0,0
2023-08-24 00:00:00,1914.76,1923.34,1911.82,1916.68,92388,0,0
2023-08-25 00:00:00,1916.23,1922.35,1903.81,1914.17,94181,0,0
2023-08-28 00:00:00,1915.68,1926.04,1912.81,1920.08,77389,0,0
2023-08-29 00:00:00,1919.86,1938.17,1914.47,1937.42,90748,0,0
2023-08-30 00:00:00,1937.1,1949.02,1935.02,1942.28,93990,0,0
2023-08-31 00:00:00,1942.3,1947.86,1939.11,1939.73,83973,0,0
2023-09-01 00:00:00,1939.89,1952.91,1934.5,1939.81,93193,0,0
2023-09-04 00:00:00,1939.96,1946.25,1936.75,1938.37,50982,0,0
2023-09-05 00:00:00,1937.38,1938.97,1925.36,1926.02,88946,0,0
2023-09-06 00:00:00,1925.59,1929.14,1915.31,1916.25,87323,0,0
2023-09-07 00:00:00,1916.3,1923.57,1916.25,1919.51,79503,0,0
2023-09-08 00:00:00,1919.03,1929.67,1917.37,1919.08,77535,0,0
2023-09-11 00:00:00,1919.86,1930.73,1916.76,1922.25,85544,0,0
2023-09-12 00:00:00,1922.46,1924.49,1907.63,1913.5,79850,0,0
2023-09-13 00:00:00,1911.84,1915.75,1905.58,1908.22,83161,0,0
2023-09-14 00:00:00,1908.4,1912.9,1901.03,1910.63,93396,0,0
2023-09-15 00:00:00,1910.41,1930.44,1909.77,1923.74,86513,0,0
2023-09-18 00:00:00,1923.88,1934.21,1922.54,1933.67,71476,0,0
2023-09-19 00:00:00,1933.27,1937.37,1929.8,1931.22,66880,0,0
2023-09-20 00:00:00,1932.17,1947.4,1927.97,1930.04,89358,0,0
2023-09-21 00:00:00,1930.72,1931.59,1913.95,1920.04,94792,0,0
2023-09-22 00:00:00,1919.09,1929.09,1919.05,1925.21,77580,0,0
2023-09-25 00:00:00,1924.38,1927.22,1915.14,1915.95,70284,0,0
2023-09-26 00:00:00,1915.41,1916.8,1899.14,1900.57,75942,0,0
2023-09-27 00:00:00,1900.25,1903.99,1872.54,1874.87,86560,0,0
2023-09-28 00:00:00,1875.61,1879.55,1857.67,1864.96,100856,0,0
2023-09-29 00:00:00,1865.42,1879.87,1846.32,1848.8,98190,0,0
2023-10-02 00:00:00,1847.45,1849.6,1827.18,1827.99,102670,0,0
2023-10-03 00:00:00,1828.38,1833.38,1815.24,1822.8,115384,0,0
2023-10-04 00:00:00,1822.35,1830.58,1816.64,1821.24,118192,0,0
2023-10-05 00:00:00,1821.05,1829.18,1813.1,1820.3,95133,0,0
2023-10-06 00:00:00,1819.89,1834.9,1810.46,1831.75,110328,0,0
2023-10-09 00:00:00,1845.14,1863.51,1844.21,1861.67,97634,0,0
2023-10-10 00:00:00,1860.65,1865.37,1853.01,1860.09,110550,0,0
2023-10-11 00:00:00,1859.45,1877.21,1858.6,1874.07,108346,0,0
2023-10-12 00:00:00,1874.38,1885.0,1867.9,1868.74,103997,0,0
2023-10-13 00:00:00,1865.25,1932.39,1865.25,1932.39,118819,0,0
2023-10-16 00:00:00,1928.09,1929.33,1908.2,1919.91,104550,0,0
2023-10-17 00:00:00,1919.67,1931.61,1912.4,1923.14,105579,0,0
2023-10-18 00:00:00,1922.97,1962.66,1922.72,1947.53,121426,0,0
2023-10-19 00:00:00,1947.83,1977.72,1945.23,1974.03,126945,0,0
2023-10-20 00:00:00,1974.96,1997.17,1972.03,1980.85,127430,0,0
2023-10-23 00:00:00,1961.93,1982.8,1961.93,1972.73,112680,0,0
2023-10-24 00:00:00,1971.07,1980.84,1953.62,1970.91,108846,0,0
2023-10-25 00:00:00,1971.28,1987.28,1963.11,1979.76,106343,0,0
2023-10-26 00:00:00,1980.07,1993.46,1971.78,1984.5,118804,0,0
2023-10-27 00:00:00,1984.24,2009.38,1976.87,2005.91,112281,0,0
2023-10-30 00:00:00,2003.79,2006.74,1990.97,1996.25,105277,0,0
2023-10-31 00:00:00,1995.16,2007.95,1978.83,1983.73,109558,0,0
2023-11-01 00:00:00,1983.55,1992.05,1969.87,1982.49,113616,0,0
2023-11-02 00:00:00,1980.89,1991.07,1978.85,1985.66,101347,0,0
2023-11-03 00:00:00,1985.47,2004.08,1983.26,1992.48,108621,0,0
2023-11-06 00:00:00,1991.38,1993.13,1977.41,1978.06,94422,0,0
2023-11-07 00:00:00,1977.48,1978.27,1956.71,1968.96,107512,0,0
2023-11-08 00:00:00,1968.76,1971.0,1947.43,1950.16,114108,0,0
2023-11-09 00:00:00,1949.52,1965.59,1944.76,1958.25,119828,0,0
2023-11-10 00:00:00,1958.45,1960.79,1933.05,1938.59,113250,0,0
2023-11-13 00:00:00,1938.05,1949.21,1925.56,1945.97,101536,0,0
2023-11-14 00:00:00,1946.15,1970.88,1941.5,1963.05,97073,0,0
2023-11-15 00:00:00,1962.21,1975.24,1955.43,1959.5,111461,0,0
2023-11-16 00:00:00,1959.85,1987.96,1956.44,1981.15,108986,0,0
2023-11-17 00:00:00,1980.25,1993.4,1978.6,1980.48,105344,0,0
2023-11-20 00:00:00,1978.11,1985.17,1965.44,1977.96,120875,0,0
2023-11-21 00:00:00,1977.76,2007.57,1977.67,1998.49,134272,0,0
2023-11-22 00:00:00,1998.96,2006.4,1986.92,1990.03,123035,0,0
2023-11-23 00:00:00,1987.92,1998.55,1987.92,1992.23,62793,0,0
2023-11-24 00:00:00,1991.13,2003.62,1991.13,2002.0,82004,0,0
2023-11-27 00:00:00,2000.31,2018.09,2000.26,2014.06,120965,0,0
2023-11-28 00:00:00,2013.13,2043.01,2011.69,2040.91,110338,0,0
2023-11-29 00:00:00,2040.82,2052.04,2035.45,2044.12,138518,0,0
2023-11-30 00:00:00,2045.02,2047.25,2031.43,2036.35,124466,0,0
2023-12-01 00:00:00,2035.93,2075.4,2033.93,2071.61,135392,0,0
2023-12-04 00:00:00,2069.88,2145.17,2020.18,2028.87,168259,0,0
2023-12-05 00:00:00,2028.72,2041.24,2009.9,2019.25,138753,0,0
2023-12-06 00:00:00,2018.12,2035.84,2017.24,2025.38,126648,0,0
2023-12-07 00:00:00,2025.56,2039.96,2020.2,2028.46,125102,0,0
2023-12-08 00:00:00,2027.76,2034.01,1994.68,2004.19,140856,0,0
2023-12-11 00:00:00,2003.42,2007.79,1975.91,1981.74,118034,0,0
2023-12-12 00:00:00,1981.92,1996.78,1977.21,1979.41,109921,0,0
2023-12-13 00:00:00,1979.72,2027.48,1973.01,2027.35,111657,0,0
2023-12-14 00:00:00,2026.76,2047.9,2022.26,2036.15,163839,0,0
2023-12-15 00:00:00,2036.32,2044.88,2015.57,2019.15,120885,0,0
2023-12-18 00:00:00,2018.59,2033.71,2015.9,2027.13,99668,0,0
2023-12-19 00:00:00,2026.22,2046.96,2021.73,2040.25,102745,0,0
2023-12-20 00:00:00,2040.16,2043.46,2027.44,2031.8,112082,0,0
2023-12-21 00:00:00,2032.04,2046.03,2031.47,2045.95,109529,0,0
2023-12-22 00:00:00,2047.15,2070.62,2046.73,2052.8,122430,0,0
2023-12-26 00:00:00,2053.23,2069.07,2052.32,2067.26,62569,0,0
2023-12-27 00:00:00,2068.0,2084.44,2061.49,2077.17,99529,0,0
2023-12-28 00:00:00,2075.3,2088.45,2064.57,2065.31,106313,0,0
2023-12-29 00:00:00,2065.94,2074.78,2058.21,2063.0,99413,0,0
2024-01-02 00:00:00,2062.89,2078.89,2056.0,2058.69,108449,0,0
2024-01-03 00:00:00,2058.82,2065.97,2030.64,2041.52,131881,0,0
2024-01-04 00:00:00,2040.47,2050.98,2036.25,2043.19,118427,0,0
2024-01-05 00:00:00,2043.38,2063.97,2024.49,2045.26,127256,0,0
2024-01-08 00:00:00,2044.36,2046.59,2016.76,2027.9,127258,0,0
2024-01-09 00:00:00,2026.96,2042.03,2026.06,2030.07,101273,0,0
2024-01-10 00:00:00,2028.96,2040.29,2020.49,2024.2,104522,0,0
2024-01-11 00:00:00,2022.39,2039.59,2013.3,2028.72,126864,0,0
2024-01-12 00:00:00,2027.9,2062.28,2027.9,2048.93,140907,0,0
2024-01-15 00:00:00,2048.58,2058.65,2045.82,2054.48,78975,0,0
2024-01-16 00:00:00,2054.28,2055.42,2024.26,2028.3,131722,0,0
2024-01-17 00:00:00,2027.29,2032.95,2001.84,2006.16,122127,0,0
2024-01-18 00:00:00,2004.63,2023.25,2004.63,2022.97,116963,0,0
2024-01-19 00:00:00,2022.88,2039.41,2020.41,2029.37,106944,0,0
2024-01-22 00:00:00,2029.82,2032.09,2016.59,2021.37,116726,0,0
2024-01-23 00:00:00,2020.57,2037.93,2019.59,2028.97,115956,0,0
2024-01-24 00:00:00,2028.51,2036.71,2011.21,2014.44,124400,0,0
2024-01-25 00:00:00,2012.68,2025.28,2009.27,2020.7,107713,0,0
2024-01-26 00:00:00,2019.85,2026.81,2015.97,2018.46,101120,0,0
2024-01-29 00:00:00,2021.46,2037.6,2019.32,2032.31,102911,0,0
2024-01-30 00:00:00,2032.86,2048.66,2029.05,2036.63,105070,0,0
2024-01-31 00:00:00,2034.96,2056.04,2030.87,2038.54,132990,0,0
2024-02-01 00:00:00,2038.82,2065.47,2030.08,2054.88,140966,0,0
2024-02-02 00:00:00,2053.32,2057.69,2027.93,2039.53,120987,0,0
2024-02-05 00:00:00,2039.25,2042.19,2014.9,2024.76,125828,0,0
2024-02-06 00:00:00,2023.32,2038.9,2022.92,2035.78,112119,0,0
2024-02-07 00:00:00,2035.03,2044.56,2030.61,2034.92,90420,0,0
2024-02-08 00:00:00,2033.74,2038.72,2020.21,2033.94,105720,0,0
2024-02-09 00:00:00,2033.62,2037.2,2020.33,2024.2,94566,0,0
2024-02-12 00:00:00,2023.3,2027.62,2011.91,2019.91,91814,0,0
2024-02-13 00:00:00,2019.01,2032.37,1990.11,1993.07,96590,0,0
2024-02-14 00:00:00,1992.27,1996.15,1984.27,1992.19,101711,0,0
2024-02-15 00:00:00,1991.5,2008.28,1990.19,2004.27,91543,0,0
2024-02-16 00:00:00,2003.45,2015.18,1995.11,2013.12,101958,0,0
2024-02-19 00:00:00,2014.0,2022.94,2008.92,2017.66,66801,0,0
2024-02-20 00:00:00,2017.69,2030.88,2015.01,2024.06,95356,0,0
2024-02-21 00:00:00,2023.7,2032.27,2020.07,2025.96,104649,0,0
2024-02-22 00:00:00,2024.58,2034.89,2019.67,2024.72,111553,0,0
2024-02-23 00:00:00,2023.46,2041.36,2016.02,2035.45,108600,0,0
2024-02-26 00:00:00,2033.04,2037.06,2025.06,2031.19,92902,0,0
2024-02-27 00:00:00,2029.63,2039.48,2028.75,2030.33,94569,0,0
2024-02-28 00:00:00,2029.73,2037.89,2024.45,2033.71,102310,0,0
2024-02-29 00:00:00,2033.55,2050.69,2028.1,2043.77,107375,0,0
2024-03-01 00:00:00,2043.11,2088.31,2039.04,2083.2,115452,0,0
2024-03-04 00:00:00,2082.02,2119.89,2079.45,2114.42,109559,0,0
2024-03-05 00:00:00,2112.64,2141.76,2110.47,2127.82,124498,0,0
2024-03-06 00:00:00,2126.98,2152.18,2123.69,2148.1,113345,0,0
2024-03-07 00:00:00,2148.33,2164.67,2144.26,2159.63,103197,0,0
2024-03-08 00:00:00,2159.08,2195.13,2154.02,2178.49,117318,0,0
2024-03-11 00:00:00,2177.89,2189.0,2174.81,2182.77,88280,0,0
2024-03-12 00:00:00,2180.87,2184.74,2150.57,2158.43,99470,0,0
2024-03-13 00:00:00,2157.55,2179.84,2155.74,2174.58,91749,0,0
2024-03-14 00:00:00,2173.09,2176.98,2152.79,2161.85,94024,0,0
2024-03-15 00:00:00,2161.64,2172.72,2155.19,2155.6,85815,0,0
2024-03-18 00:00:00,2154.91,2163.57,2146.07,2160.13,86268,0,0
2024-03-19 00:00:00,2159.48,2162.82,2147.15,2157.57,89702,0,0
2024-03-20 00:00:00,2157.59,2188.79,2149.63,2185.96,97712,0,0
2024-03-21 00:00:00,2186.28,2222.65,2166.39,2180.88,135293,0,0
2024-03-22 00:00:00,2180.42,2186.09,2157.1,2165.22,112135,0,0
2024-03-25 00:00:00,2165.48,2181.35,2163.6,2171.33,93717,0,0
2024-03-26 00:00:00,2170.82,2200.1,2167.63,2177.89,97544,0,0
2024-03-27 00:00:00,2177.61,2197.59,2173.37,2194.72,83748,0,0
2024-03-28 00:00:00,2193.73,2236.18,2187.36,2232.76,112266,0,0
2024-04-01 00:00:00,2239.36,2265.71,2228.51,2250.57,103931,0,0
2024-04-02 00:00:00,2250.95,2281.01,2246.67,2280.21,120525,0,0
2024-04-03 00:00:00,2280.48,2301.14,2265.52,2299.85,129591,0,0
2024-04-04 00:00:00,2298.8,2305.59,2280.01,2290.62,114780,0,0
2024-04-05 00:00:00,2289.83,2330.44,2267.76,2329.24,135731,0,0
2024-04-08 00:00:00,2322.24,2353.89,2302.94,2339.03,159615,0,0
2024-04-09 00:00:00,2338.31,2365.29,2336.88,2352.84,142293,0,0
2024-04-10 00:00:00,2352.97,2360.11,2319.43,2332.76,140566,0,0
2024-04-11 00:00:00,2332.47,2377.68,2325.8,2373.33,138401,0,0
2024-04-12 00:00:00,2371.54,2431.47,2333.87,2344.17,181032,0,0
2024-04-15 00:00:00,2352.98,2387.58,2324.25,2382.75,194060,0,0
2024-04-16 00:00:00,2382.53,2398.24,2362.95,2382.27,192335,0,0
2024-04-17 00:00:00,2378.45,2395.56,2354.44,2360.76,163793,0,0
2024-04-18 00:00:00,2360.56,2392.77,2360.22,2377.42,150763,0,0
2024-04-19 00:00:00,2378.44,2417.81,2372.91,2390.57,187103,0,0
2024-04-22 00:00:00,2387.9,2388.42,2325.13,2325.38,150245,0,0
2024-04-23 00:00:00,2327.01,2334.41,2291.35,2321.76,169226,0,0
2024-04-24 00:00:00,2321.08,2337.29,2311.8,2315.78,136971,0,0
2024-04-25 00:00:00,2314.58,2344.87,2305.08,2331.83,137703,0,0
2024-04-26 00:00:00,2330.65,2352.52,2326.3,2337.72,124385,0,0
2024-04-29 00:00:00,2335.57,2346.76,2319.97,2335.8,142063,0,0
2024-04-30 00:00:00,2334.61,2336.27,2285.09,2285.25,133609,0,0
2024-05-01 00:00:00,2286.58,2328.23,2281.63,2317.16,136452,0,0
2024-05-02 00:00:00,2317.05,2326.4,2285.46,2303.36,159277,0,0
2024-05-03 00:00:00,2303.28,2320.63,2277.11,2302.11,225353,0,0
2024-05-06 00:00:00,2302.93,2332.01,2291.84,2324.01,220296,0,0
2024-05-07 00:00:00,2323.38,2329.97,2309.99,2313.69,195553,0,0
2024-05-08 00:00:00,2312.89,2321.4,2303.71,2308.87,205653,0,0
2024-05-09 00:00:00,2307.85,2347.21,2306.58,2345.94,206032,0,0
2024-05-10 00:00:00,2345.45,2378.45,2344.47,2359.98,228302,0,0
2024-05-13 00:00:00,2360.89,2364.52,2331.82,2336.6,205029,0,0
2024-05-14 00:00:00,2335.48,2359.63,2334.13,2357.75,216291,0,0
2024-05-15 00:00:00,2357.22,2390.28,2351.84,2385.97,235308,0,0
2024-05-16 00:00:00,2384.46,2397.35,2370.98,2376.68,227886,0,0
2024-05-17 00:00:00,2376.0,2422.72,2373.97,2413.41,217928,0,0
2024-05-20 00:00:00,2417.01,2450.06,2407.29,2425.23,298460,0,0
2024-05-21 00:00:00,2425.75,2433.94,2406.2,2420.81,251219,0,0
2024-05-22 00:00:00,2420.15,2426.58,2375.04,2378.0,232285,0,0
2024-05-23 00:00:00,2377.47,2383.68,2326.9,2328.45,205619,0,0
2024-05-24 00:00:00,2328.01,2347.44,2325.4,2333.78,127548,0,0
2024-05-27 00:00:00,2333.42,2358.5,2332.19,2350.43,94700,0,0
2024-05-28 00:00:00,2351.14,2364.11,2340.28,2361.04,139961,0,0
2024-05-29 00:00:00,2361.19,2362.01,2334.54,2338.23,131549,0,0
2024-05-30 00:00:00,2338.11,2351.8,2322.66,2343.01,158394,0,0
2024-05-31 00:00:00,2342.9,2359.79,2320.6,2327.63,161999,0,0
2024-06-03 00:00:00,2326.31,2354.71,2314.79,2350.56,156745,0,0
2024-06-04 00:00:00,2350.3,2352.81,2315.62,2326.84,157320,0,0
2024-06-05 00:00:00,2326.7,2357.45,2325.91,2355.0,139973,0,0
2024-06-06 00:00:00,2354.71,2378.53,2353.54,2375.92,145407,0,0
2024-06-07 00:00:00,2375.89,2387.75,2286.67,2293.32,173824,0,0
2024-06-10 00:00:00,2293.56,2313.79,2287.75,2310.79,114738,0,0
2024-06-11 00:00:00,2311.99,2319.93,2297.76,2316.73,161275,0,0
2024-06-12 00:00:00,2316.5,2341.7,2310.73,2324.36,174624,0,0
2024-06-13 00:00:00,2324.11,2326.63,2295.58,2304.01,166950,1,0
2024-06-14 00:00:00,2303.67,2336.66,2300.27,2332.6,160120,1,0
2024-06-17 00:00:00,2329.19,2332.5,2310.03,2318.99,136643,1,0
2024-06-18 00:00:00,2318.65,2333.1,2306.59,2329.28,141600,1,0
2024-06-19 00:00:00,2329.14,2335.07,2323.84,2327.91,104406,1,0
2024-06-20 00:00:00,2326.77,2365.54,2324.91,2359.43,166079,1,0
2024-06-21 00:00:00,2359.98,2368.77,2316.74,2321.41,193780,1,0
2024-06-24 00:00:00,2319.91,2334.7,2317.59,2333.74,176133,1,0
2024-06-25 00:00:00,2331.86,2337.15,2315.55,2319.31,176868,2,0
2024-06-26 00:00:00,2319.58,2323.86,2293.71,2298.22,198161,6,0
2024-06-27 00:00:00,2298.23,2330.91,2296.56,2327.8,182216,6,0
2024-06-28 00:00:00,2327.17,2339.78,2319.06,2326.44,187058,6,0
2024-07-01 00:00:00,2326.24,2338.56,2318.52,2331.84,184365,6,0
2024-07-02 00:00:00,2330.9,2336.81,2319.13,2329.52,168537,6,0
2024-07-03 00:00:00,2329.37,2364.98,2326.92,2356.03,178286,6,0
2024-07-04 00:00:00,2356.66,2362.55,2350.56,2356.63,101618,6,0
2024-07-05 00:00:00,2357.46,2392.94,2349.95,2391.08,171399,6,0
2024-07-08 00:00:00,2385.74,2391.09,2351.11,2358.83,155700,0,0
2024-07-09 00:00:00,2358.27,2371.53,2349.45,2363.87,146283,0,0
2024-07-10 00:00:00,2363.78,2386.63,2361.76,2371.43,111531,0,0
2024-07-11 00:00:00,2368.96,2424.59,2368.96,2414.78,158281,6,0
2024-07-12 00:00:00,2415.54,2418.26,2391.44,2411.59,176215,6,0
2024-07-15 00:00:00,2413.82,2439.75,2401.35,2421.84,174716,6,0
2024-07-16 00:00:00,2421.42,2469.73,2420.04,2468.47,181028,6,0
2024-07-17 00:00:00,2467.42,2483.71,2451.49,2459.11,213634,6,0
2024-07-18 00:00:00,2458.16,2474.91,2440.31,2445.07,185062,6,0
2024-07-19 00:00:00,2444.65,2445.81,2393.79,2400.39,193447,6,0
2024-07-22 00:00:00,2400.52,2412.22,2383.95,2396.26,169368,6,0
2024-07-23 00:00:00,2396.3,2412.08,2388.24,2409.38,168021,6,0
2024-07-24 00:00:00,2408.88,2432.0,2397.11,2397.64,180108,6,0
2024-07-25 00:00:00,2397.04,2401.22,2353.15,2364.63,233520,6,0
2024-07-26 00:00:00,2364.27,2390.8,2355.85,2387.32,178901,6,0
2024-07-29 00:00:00,2387.54,2403.13,2369.6,2383.59,175461,6,0
2024-07-30 00:00:00,2382.76,2412.79,2376.52,2411.26,177106,6,0
2024-07-31 00:00:00,2410.49,2450.96,2403.92,2447.86,194544,6,0
2024-08-01 00:00:00,2448.72,2462.26,2430.26,2446.84,222133,6,0
2024-08-02 00:00:00,2446.22,2477.62,2410.77,2441.36,231890,6,0
2024-08-05 00:00:00,2441.25,2458.86,2364.25,2409.34,285699,6,0
2024-08-06 00:00:00,2408.29,2418.32,2381.68,2389.24,242846,6,0
2024-08-07 00:00:00,2391.44,2407.08,2379.03,2382.64,203709,6,0
2024-08-08 00:00:00,2381.75,2427.71,2380.86,2426.85,206225,6,0
2024-08-09 00:00:00,2426.11,2437.07,2416.96,2431.05,186078,6,0
2024-08-12 00:00:00,2429.41,2473.15,2423.85,2473.11,156623,6,0
2024-08-13 00:00:00,2472.3,2476.98,2458.51,2464.75,170161,6,0
2024-08-14 00:00:00,2463.92,2479.96,2438.11,2447.76,185853,6,0
2024-08-15 00:00:00,2445.16,2470.13,2432.22,2456.37,181921,6,0
2024-08-16 00:00:00,2456.3,2509.75,2450.77,2507.35,176150,6,0
2024-08-19 00:00:00,2510.37,2510.37,2485.71,2504.2,187473,6,0
2024-08-20 00:00:00,2502.53,2531.74,2497.35,2514.1,179473,6,0
2024-08-21 00:00:00,2510.41,2519.91,2493.52,2511.85,173574,6,0
2024-08-22 00:00:00,2511.99,2514.68,2470.81,2484.26,185380,6,0
2024-08-23 00:00:00,2482.93,2518.35,2482.93,2511.91,183090,6,0
2024-08-26 00:00:00,2508.61,2526.88,2508.61,2518.21,174192,6,0
2024-08-27 00:00:00,2516.6,2525.97,2503.58,2524.48,167267,6,0
2024-08-28 00:00:00,2520.67,2529.05,2493.59,2504.5,183728,6,0
2024-08-29 00:00:00,2504.57,2528.73,2503.66,2521.25,186474,6,0
2024-08-30 00:00:00,2520.63,2526.91,2494.22,2503.34,186763,6,0
2024-09-02 00:00:00,2502.52,2507.29,2490.08,2499.31,115770,6,0
2024-09-03 00:00:00,2498.25,2506.29,2473.53,2492.9,201388,6,0
2024-09-04 00:00:00,2492.52,2500.28,2471.89,2496.09,184971,6,0
2024-09-05 00:00:00,2495.5,2523.55,2493.84,2516.13,182351,6,0
2024-09-06 00:00:00,2516.12,2529.28,2485.09,2497.54,211006,6,0
2024-09-09 00:00:00,2496.77,2507.19,2485.59,2506.27,189164,6,0
2024-09-10 00:00:00,2506.26,2518.49,2500.18,2516.57,179424,6,0
2024-09-11 00:00:00,2516.13,2529.08,2500.96,2511.62,209835,6,0
2024-09-12 00:00:00,2512.1,2560.09,2511.04,2558.46,200643,6,0
2024-09-13 00:00:00,2557.79,2586.11,2556.72,2578.35,201502,6,0
2024-09-16 00:00:00,2577.77,2589.68,2575.29,2582.97,160749,6,0
2024-09-17 00:00:00,2581.92,2586.98,2560.85,2569.85,171898,6,0
2024-09-18 00:00:00,2568.21,2600.11,2546.78,2559.2,205586,6,0
2024-09-19 00:00:00,2558.75,2594.9,2551.17,2586.81,232280,6,0
2024-09-20 00:00:00,2585.47,2625.75,2584.75,2622.26,206962,6,0
2024-09-23 00:00:00,2620.57,2634.86,2613.88,2628.36,193655,6,0
2024-09-24 00:00:00,2628.03,2664.36,2622.66,2657.02,228931,6,0
2024-09-25 00:00:00,2657.32,2670.6,2649.77,2657.14,209617,6,0
2024-09-26 00:00:00,2656.34,2685.59,2654.8,2672.23,220207,6,0
2024-09-27 00:00:00,2671.56,2674.31,2643.13,2659.79,230917,6,0
2024-09-30 00:00:00,2657.37,2666.06,2624.76,2635.09,216989,6,0
2024-10-01 00:00:00,2634.08,2673.11,2632.35,2663.72,187729,6,0
2024-10-02 00:00:00,2661.13,2663.36,2641.15,2659.01,198365,6,0
2024-10-03 00:00:00,2657.99,2662.98,2637.33,2656.08,205565,6,0
2024-10-04 00:00:00,2654.83,2670.19,2632.15,2653.55,196245,6,0
2024-10-07 00:00:00,2650.77,2659.65,2637.76,2642.83,206714,6,0
2024-10-08 00:00:00,2642.13,2652.98,2604.75,2621.93,251851,6,0
2024-10-09 00:00:00,2621.12,2624.36,2605.13,2608.01,210507,6,0
2024-10-10 00:00:00,2606.84,2631.52,2603.1,2629.26,216433,6,0
2024-10-11 00:00:00,2629.68,2661.44,2628.07,2656.33,183304,6,0
2024-10-14 00:00:00,2655.57,2666.82,2643.22,2648.07,175187,6,0
2024-10-15 00:00:00,2646.36,2668.96,2638.12,2662.61,197450,6,0
2024-10-16 00:00:00,2662.1,2685.33,2658.75,2673.77,220184,6,0
2024-10-17 00:00:00,2674.41,2696.78,2672.69,2692.83,234523,6,0
2024-10-18 00:00:00,2691.83,2722.52,2691.83,2721.88,224558,6,0
2024-10-21 00:00:00,2721.08,2740.57,2714.28,2719.11,250977,6,0
2024-10-22 00:00:00,2719.5,2748.87,2718.86,2748.45,215649,6,0
2024-10-23 00:00:00,2747.14,2758.45,2708.79,2715.86,235902,6,0
2024-10-24 00:00:00,2715.32,2743.29,2715.05,2735.87,222881,6,0
2024-10-25 00:00:00,2734.58,2747.61,2717.04,2747.33,212226,6,0
2024-10-28 00:00:00,2735.56,2745.95,2724.74,2742.14,220002,6,0
2024-10-29 00:00:00,2741.54,2774.81,2739.74,2774.66,234821,6,0
2024-10-30 00:00:00,2774.03,2790.02,2770.95,2786.89,227022,6,0
2024-10-31 00:00:00,2786.99,2790.07,2731.6,2743.78,227942,6,0
2024-11-01 00:00:00,2743.22,2762.25,2733.21,2735.88,237873,6,0
2024-11-04 00:00:00,2732.97,2748.16,2730.05,2735.55,223947,6,0
2024-11-05 00:00:00,2736.02,2749.98,2724.78,2743.86,214588,6,0
2024-11-06 00:00:00,2743.2,2749.66,2652.46,2659.28,331888,6,0
2024-11-07 00:00:00,2658.78,2710.2,2643.26,2707.18,259672,6,0
2024-11-08 00:00:00,2705.02,2710.38,2680.38,2684.13,234229,6,0
2024-11-11 00:00:00,2679.81,2686.15,2610.64,2619.46,231995,6,0
2024-11-12 00:00:00,2618.74,2627.14,2589.73,2598.28,242660,6,0
2024-11-13 00:00:00,2597.63,2618.87,2572.83,2573.06,232253,6,0
2024-11-14 00:00:00,2572.2,2581.43,2536.89,2565.39,257998,6,0
2024-11-15 00:00:00,2563.77,2576.05,2554.43,2561.58,239190,6,0
2024-11-18 00:00:00,2561.28,2615.09,2560.51,2612.17,224722,6,0
2024-11-19 00:00:00,2611.02,2639.48,2610.34,2632.54,236437,6,0
2024-11-20 00:00:00,2629.3,2655.41,2618.9,2649.84,210075,6,0
2024-11-21 00:00:00,2652.02,2673.54,2648.86,2669.62,215924,6,0
2024-11-22 00:00:00,2669.15,2715.63,2668.12,2715.42,258878,6,0
2024-11-25 00:00:00,2713.57,2721.41,2615.66,2625.49,251241,6,0
2024-11-26 00:00:00,2624.16,2641.97,2605.22,2632.91,221248,6,0
2024-11-27 00:00:00,2632.51,2658.27,2627.13,2635.46,205340,6,0
2024-11-28 00:00:00,2637.0,2649.65,2620.98,2637.6,137669,6,0
2024-11-29 00:00:00,2636.97,2666.38,2634.07,2650.3,208660,6,0
2024-12-02 00:00:00,2652.98,2653.32,2621.91,2639.02,223581,6,0
2024-12-03 00:00:00,2636.1,2655.63,2634.14,2643.71,210350,6,0
2024-12-04 00:00:00,2642.29,2657.16,2632.45,2649.8,214160,6,0
2024-12-05 00:00:00,2651.07,2655.56,2623.57,2631.96,201252,6,0
2024-12-06 00:00:00,2630.51,2645.68,2612.78,2632.62,204000,6,0
2024-12-09 00:00:00,2645.95,2676.44,2627.59,2659.76,223291,6,0
2024-12-10 00:00:00,2659.23,2695.59,2658.0,2693.74,204184,6,0
2024-12-11 00:00:00,2692.45,2721.23,2675.12,2718.16,341895,6,0
2024-12-12 00:00:00,2716.43,2726.23,2675.02,2680.56,370813,6,0
2024-12-13 00:00:00,2680.49,2692.78,2645.74,2648.72,344624,6,0
2024-12-16 00:00:00,2649.49,2664.32,2643.5,2652.78,232086,6,0
2024-12-17 00:00:00,2652.93,2658.6,2633.06,2645.87,264598,6,0
2024-12-18 00:00:00,2644.55,2651.74,2583.57,2585.36,246621,6,0
2024-12-19 00:00:00,2582.24,2626.45,2582.22,2594.11,277704,6,0
2024-12-20 00:00:00,2592.65,2631.85,2589.67,2623.02,253493,6,0
2024-12-23 00:00:00,2618.91,2633.25,2608.14,2613.44,219149,6,0
2024-12-24 00:00:00,2612.0,2621.49,2610.04,2616.27,145945,6,0
2024-12-26 00:00:00,2618.38,2639.18,2613.29,2633.31,171112,6,0
2024-12-27 00:00:00,2632.92,2638.37,2611.69,2621.38,188557,6,0
2024-12-30 00:00:00,2618.96,2628.2,2596.07,2606.33,194648,6,0
2024-12-31 00:00:00,2604.86,2627.63,2602.59,2623.86,183747,6,0
2025-01-02 00:00:00,2625.84,2660.53,2621.51,2657.32,256314,6,0
2025-01-03 00:00:00,2656.84,2665.19,2636.58,2640.33,220044,6,0
2025-01-06 00:00:00,2635.39,2649.48,2614.32,2635.97,258403,6,0
2025-01-07 00:00:00,2634.97,2664.39,2632.93,2648.54,238249,6,0
2025-01-08 00:00:00,2647.23,2669.96,2645.24,2661.38,225763,6,0
2025-01-09 00:00:00,2660.83,2678.26,2655.51,2670.27,159061,6,0
2025-01-10 00:00:00,2669.84,2698.0,2663.74,2689.17,205084,6,0
2025-01-13 00:00:00,2689.25,2693.27,2656.81,2663.72,202552,6,0
2025-01-14 00:00:00,2661.24,2678.12,2659.87,2677.09,190622,6,0
2025-01-15 00:00:00,2677.7,2697.47,2669.43,2696.33,184435,6,0
2025-01-16 00:00:00,2694.3,2724.74,2689.98,2714.29,199902,6,0
2025-01-17 00:00:00,2714.72,2717.3,2698.98,2702.63,189625,6,0
2025-01-20 00:00:00,2700.45,2713.8,2689.45,2706.09,160027,6,0
2025-01-21 00:00:00,2707.03,2746.07,2702.81,2744.62,221543,6,0
2025-01-22 00:00:00,2742.98,2763.45,2741.88,2756.14,196335,6,0
2025-01-23 00:00:00,2755.78,2758.95,2735.85,2754.54,209082,6,0
2025-01-24 00:00:00,2752.45,2785.97,2752.45,2771.39,215518,6,0
2025-01-27 00:00:00,2769.92,2772.57,2730.49,2740.57,247388,6,0
2025-01-28 00:00:00,2739.75,2765.09,2734.93,2763.52,192049,6,0
2025-01-29 00:00:00,2761.35,2766.23,2744.77,2759.31,191918,6,0
2025-01-30 00:00:00,2756.47,2798.55,2756.47,2793.35,190384,6,0
2025-01-31 00:00:00,2794.16,2817.2,2791.12,2799.26,209053,6,0
2025-02-03 00:00:00,2804.8,2830.57,2772.22,2814.44,252948,6,0
2025-02-04 00:00:00,2813.63,2845.41,2807.33,2841.93,225306,6,0
2025-02-05 00:00:00,2840.58,2882.4,2839.78,2866.97,211585,6,0
2025-02-06 00:00:00,2866.52,2873.27,2834.19,2856.45,207267,6,0
2025-02-07 00:00:00,2852.56,2886.77,2852.56,2861.13,198580,6,0
2025-02-10 00:00:00,2858.09,2911.71,2854.51,2908.08,188479,6,0
2025-02-11 00:00:00,2907.44,2942.59,2881.77,2897.72,225399,6,0
2025-02-12 00:00:00,2895.7,2909.24,2864.0,2904.11,195538,6,0
2025-02-13 00:00:00,2900.99,2929.47,2900.45,2928.28,179177,6,0
2025-02-14 00:00:00,2925.18,2940.05,2876.93,2882.69,210245,6,0
2025-02-17 00:00:00,2881.82,2906.37,2878.43,2898.72,132710,6,0
2025-02-18 00:00:00,2898.55,2936.92,2892.09,2935.48,141769,6,0
2025-02-19 00:00:00,2930.05,2947.03,2918.65,2933.51,169644,6,0
2025-02-20 00:00:00,2932.15,2954.92,2924.15,2939.37,168770,6,0
2025-02-21 00:00:00,2937.54,2949.8,2916.86,2935.86,166125,6,0
2025-02-24 00:00:00,2935.15,2956.17,2921.43,2952.33,173382,6,0
2025-02-25 00:00:00,2948.56,2953.58,2888.5,2915.58,197316,6,0
2025-02-26 00:00:00,2914.15,2930.18,2890.84,2916.57,160907,6,0
2025-02-27 00:00:00,2915.61,2920.8,2867.86,2876.93,199847,6,0
2025-02-28 00:00:00,2875.49,2885.07,2832.71,2858.99,204705,6,0
2025-03-03 00:00:00,2853.35,2895.14,2850.98,2893.14,174795,6,0
2025-03-04 00:00:00,2892.21,2927.81,2881.98,2917.54,175641,6,0
2025-03-05 00:00:00,2917.57,2929.91,2894.4,2919.37,202447,6,0
2025-03-06 00:00:00,2918.32,2926.57,2891.41,2911.27,204397,6,0
2025-03-07 00:00:00,2911.95,2930.27,2896.26,2911.94,217074,6,0
2025-03-10 00:00:00,2912.16,2918.32,2880.33,2888.59,221130,6,0
2025-03-11 00:00:00,2888.04,2922.24,2880.33,2916.2,180022,6,0
2025-03-12 00:00:00,2913.57,2940.51,2906.14,2933.7,189855,6,0
2025-03-13 00:00:00,2934.47,2989.19,2933.05,2988.5,188008,6,0
2025-03-14 00:00:00,2988.37,3004.9,2978.57,2986.21,198547,6,0
2025-03-17 00:00:00,2984.58,3001.9,2982.31,3001.13,160721,6,0
2025-03-18 00:00:00,3001.24,3038.28,2999.49,3033.87,177971,6,0
2025-03-19 00:00:00,3032.97,3051.99,3022.87,3047.3,172766,6,0
2025-03-20 00:00:00,3047.02,3057.49,3025.79,3044.64,221157,6,0
2025-03-21 00:00:00,3044.25,3047.49,2999.56,3022.88,194476,6,0
2025-03-24 00:00:00,3020.55,3033.25,3002.59,3012.24,197981,6,0
2025-03-25 00:00:00,3010.17,3035.95,3007.66,3020.44,160702,6,0
2025-03-26 00:00:00,3018.77,3032.06,3012.43,3019.07,171348,6,0
2025-03-27 00:00:00,3017.58,3059.74,3017.49,3056.32,201507,6,0
2025-03-28 00:00:00,3056.74,3086.89,3054.03,3084.47,190342,6,0
2025-03-31 00:00:00,3082.46,3127.92,3076.87,3124.11,209316,6,0
2025-04-01 00:00:00,3122.65,3148.96,3100.94,3113.54,197218,6,0
2025-04-02 00:00:00,3112.82,3142.64,3104.96,3131.07,187723,6,0
2025-04-03 00:00:00,3139.29,3167.71,3054.24,3113.54,285117,6,0
2025-04-04 00:00:00,3114.07,3136.58,3015.86,3036.16,255465,6,0
2025-04-07 00:00:00,3006.81,3055.81,2956.62,2983.77,299367,0,0
2025-04-08 00:00:00,2981.15,3022.66,2974.79,2982.29,217961,6,0
2025-04-09 00:00:00,2982.68,3099.61,2970.11,3080.0,294011,6,0
2025-04-10 00:00:00,3083.49,3176.49,3071.37,3176.04,283619,6,0
2025-04-11 00:00:00,3175.67,3245.36,3175.61,3238.04,312969,6,0
2025-04-14 00:00:00,3229.76,3245.74,3193.66,3210.55,253583,6,0
2025-04-15 00:00:00,3210.84,3233.7,3210.09,3230.36,196127,6,0
2025-04-16 00:00:00,3231.56,3342.63,3229.98,3341.98,264693,6,0
2025-04-17 00:00:00,3342.76,3357.72,3283.99,3328.01,247086,6,0
2025-04-21 00:00:00,3331.85,3430.55,3328.17,3424.56,204766,6,0
2025-04-22 00:00:00,3422.74,3500.05,3366.63,3381.06,278927,6,0
2025-04-23 00:00:00,3355.96,3386.68,3260.06,3288.46,281567,0,0
2025-04-24 00:00:00,3287.03,3367.44,3287.03,3349.5,230579,6,0
2025-04-25 00:00:00,3349.18,3370.76,3265.11,3318.65,214576,6,0
2025-04-28 00:00:00,3322.55,3352.84,3268.05,3343.88,223268,6,0
2025-04-29 00:00:00,3343.31,3348.47,3299.71,3317.04,202558,6,0
2025-04-30 00:00:00,3313.08,3328.1,3266.94,3289.22,214079,6,0
2025-05-01 00:00:00,3288.24,3289.72,3202.03,3237.38,212182,6,0
2025-05-02 00:00:00,3238.02,3269.26,3222.85,3239.77,213177,6,0
2025-05-05 00:00:00,3238.75,3337.51,3237.31,3334.23,180286,6,0
2025-05-06 00:00:00,3335.78,3434.8,3323.03,3431.28,229709,6,0
2025-05-07 00:00:00,3435.34,3438.18,3360.19,3363.78,233954,6,0
2025-05-08 00:00:00,3363.79,3414.87,3288.8,3306.87,229508,6,0
2025-05-09 00:00:00,3305.28,3347.59,3274.75,3326.41,211628,6,0
2025-05-12 00:00:00,3287.02,3292.05,3207.8,3234.35,250300,0,0
2025-05-13 00:00:00,3235.35,3265.62,3215.86,3250.66,193303,7,0
2025-05-14 00:00:00,3249.55,3256.94,3167.92,3177.39,219373,6,0
2025-05-15 00:00:00,3176.37,3240.36,3120.73,3240.24,216230,6,0
2025-05-16 00:00:00,3239.61,3251.98,3154.45,3200.89,214944,6,0
2025-05-19 00:00:00,3206.88,3249.85,3205.54,3229.69,201060,6,0
2025-05-20 00:00:00,3228.99,3295.57,3204.62,3289.93,197089,6,0
2025-05-21 00:00:00,3289.35,3324.9,3285.44,3315.47,217604,6,0
2025-05-22 00:00:00,3316.99,3345.5,3279.44,3294.33,235261,6,0
2025-05-23 00:00:00,3294.62,3365.96,3287.07,3357.55,215741,6,0
2025-05-26 00:00:00,3354.58,3356.86,3323.92,3342.19,114904,6,0
2025-05-27 00:00:00,3342.83,3350.09,3285.1,3300.04,200845,6,0
2025-05-28 00:00:00,3299.39,3325.52,3275.78,3285.77,190034,6,0
2025-05-29 00:00:00,3287.52,3331.01,3245.55,3317.77,206870,6,0
2025-05-30 00:00:00,3318.21,3322.8,3271.68,3288.46,200534,6,0
2025-06-02 00:00:00,3298.54,3382.67,3295.22,3381.85,199760,0,0
2025-06-03 00:00:00,3383.61,3391.95,3333.22,3353.36,195516,0,0
2025-06-04 00:00:00,3352.96,3384.74,3343.87,3373.24,183669,0,0
2025-06-05 00:00:00,3374.51,3403.42,3339.49,3352.73,207898,0,0
2025-06-06 00:00:00,3353.0,3375.7,3307.0,3311.98,193465,1,0
2025-06-09 00:00:00,3311.0,3338.22,3293.6,3325.12,165865,0,0
2025-06-10 00:00:00,3324.16,3349.18,3301.94,3322.55,174777,0,0
2025-06-11 00:00:00,3322.36,3360.75,3315.32,3354.62,186628,0,0
2025-06-12 00:00:00,3357.64,3398.91,3338.65,3386.51,209669,0,0
2025-06-13 00:00:00,3383.87,3446.82,3379.62,3433.94,233921,0,0
2025-06-16 00:00:00,3431.92,3451.32,3382.91,3384.53,192007,4,0
2025-06-17 00:00:00,3385.8,3403.34,3366.23,3388.8,191968,0,0
2025-06-18 00:00:00,3389.68,3400.05,3362.36,3368.87,188506,2,0
2025-06-19 00:00:00,3367.82,3387.91,3347.59,3370.74,162335,6,0
2025-06-20 00:00:00,3368.92,3374.52,3340.35,3368.48,176073,0,0
2025-06-23 00:00:00,3385.28,3395.15,3347.08,3368.8,193357,0,0
2025-06-24 00:00:00,3367.64,3369.33,3295.39,3323.49,199451,0,0
2025-06-25 00:00:00,3322.73,3337.12,3312.0,3332.26,143006,7,0
2025-06-26 00:00:00,3331.32,3350.39,3309.99,3327.64,163971,0,0
2025-06-27 00:00:00,3324.69,3327.86,3255.9,3274.67,206686,0,0
2025-06-30 00:00:00,3271.84,3309.4,3246.73,3303.0,179697,0,0
2025-07-01 00:00:00,3303.84,3357.93,3302.07,3338.74,194680,0,0
2025-07-02 00:00:00,3337.52,3359.94,3327.71,3357.04,194795,0,0
2025-07-03 00:00:00,3356.56,3365.9,3311.6,3325.37,173880,0,0
2025-07-04 00:00:00,3324.54,3345.1,3323.41,3337.21,113922,7,0
2025-07-07 00:00:00,3333.12,3342.4,3296.45,3337.01,211528,6,0
2025-07-08 00:00:00,3337.94,3345.66,3287.19,3301.61,185536,0,0
2025-07-09 00:00:00,3301.58,3316.88,3282.81,3313.85,173329,0,0
2025-07-10 00:00:00,3312.32,3330.31,3310.23,3324.01,152307,4,0
2025-07-11 00:00:00,3322.3,3368.72,3321.65,3355.19,179873,0,0
2025-07-14 00:00:00,3361.18,3374.98,3341.05,3342.68,186840,0,0
2025-07-15 00:00:00,3343.02,3366.35,3320.31,3325.18,156835,7,0
2025-07-16 00:00:00,3321.8,3377.46,3319.76,3346.83,169682,0,0
2025-07-17 00:00:00,3347.4,3352.02,3309.96,3338.41,149970,4,0
2025-07-18 00:00:00,3338.78,3361.24,3331.91,3349.96,137195,0,0
2025-07-21 00:00:00,3349.95,3401.38,3344.89,3397.12,162608,0,0
2025-07-22 00:00:00,3395.95,3433.46,3383.37,3430.67,174321,0,0
2025-07-23 00:00:00,3430.72,3439.02,3381.55,3387.84,186389,0,0
2025-07-24 00:00:00,3386.34,3393.42,3351.46,3368.23,159265,0,0
2025-07-25 00:00:00,3367.61,3373.55,3325.05,3336.74,138969,0,0
2025-07-28 00:00:00,3319.04,3345.4,3301.89,3314.55,156176,0,0
2025-07-29 00:00:00,3313.5,3334.14,3308.15,3325.76,147256,0,0
2025-07-30 00:00:00,3326.88,3334.05,3268.1,3275.43,158001,3,0
2025-07-31 00:00:00,3275.38,3314.86,3273.56,3289.77,162354,0,0
2025-08-01 00:00:00,3289.76,3363.32,3281.66,3362.19,166862,1,0
2025-08-04 00:00:00,3364.35,3385.4,3345.12,3373.42,129608,0,0
2025-08-05 00:00:00,3371.24,3390.43,3349.9,3380.17,117631,0,0
2025-08-06 00:00:00,3379.93,3385.35,3358.3,3368.6,121962,0,0
2025-08-07 00:00:00,3369.03,3401.81,3365.31,3395.86,214640,0,0
2025-08-08 00:00:00,3401.15,3408.39,3376.0,3396.71,334180,0,0
2025-08-11 00:00:00,3396.3,3404.88,3341.34,3342.82,223895,0,0
2025-08-12 00:00:00,3342.0,3359.18,3331.09,3347.58,182977,0,0
2025-08-13 00:00:00,3348.18,3370.84,3342.75,3355.77,132910,7,0
2025-08-14 00:00:00,3356.3,3374.83,3329.87,3335.39,166265,7,0
2025-08-15 00:00:00,3334.8,3348.75,3332.09,3335.65,117320,0,0
2025-08-18 00:00:00,3335.98,3358.43,3323.39,3332.87,123867,7,0
2025-08-19 00:00:00,3332.19,3345.33,3314.91,3315.52,120422,7,0
2025-08-20 00:00:00,3313.91,3350.27,3311.54,3348.24,119094,0,0
2025-08-21 00:00:00,3348.25,3351.98,3325.24,3338.02,116137,0,0
2025-08-22 00:00:00,3337.77,3378.85,3321.48,3372.05,132443,6,0
2025-08-25 00:00:00,3370.23,3376.27,3359.84,3365.89,94612,0,0
2025-08-26 00:00:00,3365.55,3393.36,3351.27,3393.12,152204,8,0
2025-08-27 00:00:00,3393.68,3398.81,3373.88,3397.88,131654,8,0
2025-08-28 00:00:00,3395.77,3423.21,3384.59,3416.99,164327,8,0
2025-08-29 00:00:00,3414.95,3454.01,3404.44,3448.77,185687,8,0
2025-09-01 00:00:00,3444.99,3489.85,3437.06,3476.45,170110,8,0
2025-09-02 00:00:00,3475.37,3540.03,3470.29,3534.75,275257,8,0
2025-09-03 00:00:00,3532.44,3578.48,3526.17,3559.92,253249,8,0
2025-09-04 00:00:00,3560.7,3564.24,3510.82,3545.18,238218,8,0
2025-09-05 00:00:00,3545.2,3600.13,3540.02,3586.63,252692,8,0
2025-09-08 00:00:00,3579.26,3646.37,3577.17,3635.81,245182,8,0
2025-09-09 00:00:00,3635.04,3674.22,3626.7,3626.91,246239,8,0
2025-09-10 00:00:00,3619.73,3657.46,3617.6,3640.51,215311,8,0
2025-09-11 00:00:00,3642.1,3649.18,3612.69,3633.22,210579,8,0
2025-09-12 00:00:00,3632.1,3656.64,3630.52,3642.65,184325,8,0
2025-09-15 00:00:00,3642.66,3685.66,3626.64,3678.92,197186,8,0
2025-09-16 00:00:00,3680.27,3703.05,3674.81,3689.86,203168,8,0
2025-09-17 00:00:00,3688.68,3707.56,3646.15,3659.4,231833,8,0
2025-09-18 00:00:00,3657.5,3673.02,3627.96,3644.68,233922,8,0
2025-09-19 00:00:00,3642.15,3685.3,3632.36,3684.57,213396,8,0
2025-09-22 00:00:00,3687.63,3748.86,3683.46,3746.47,222935,8,0
2025-09-23 00:00:00,3744.95,3791.07,3736.9,3764.7,256917,5,0
2025-09-24 00:00:00,3763.61,3779.27,3717.51,3737.07,210846,5,0
2025-09-25 00:00:00,3735.81,3761.59,3722.12,3750.05,239714,5,0
2025-09-26 00:00:00,3749.24,3783.78,3734.54,3760.42,225649,5,0
2025-09-29 00:00:00,3756.46,3833.99,3755.99,3833.63,267392,5,0
2025-09-30 00:00:00,3832.4,3871.67,3793.21,3859.36,249172,5,0
2025-10-01 00:00:00,3859.05,3895.25,3853.5,3864.01,250990,7,0
2025-10-02 00:00:00,3867.66,3897.26,3819.47,3855.01,228743,7,0
2025-10-03 00:00:00,3855.19,3891.65,3838.15,3886.76,223056,7,0
2025-10-06 00:00:00,3888.14,3970.07,3884.18,3960.95,285778,7,0
2025-10-07 00:00:00,3957.95,3991.0,3940.93,3984.67,290329,7,0
2025-10-08 00:00:00,3983.27,4059.28,3982.74,4040.93,282605,7,0
2025-10-09 00:00:00,4041.26,4057.88,3944.61,3975.9,338692,7,0
2025-10-10 00:00:00,3974.04,4022.82,3946.94,4012.22,333474,7,0
2025-10-13 00:00:00,4002.01,4117.16,4000.16,4111.22,283093,7,0
2025-10-14 00:00:00,4110.72,4179.76,4090.43,4143.57,348126,7,0
2025-10-15 00:00:00,4142.77,4218.24,4140.64,4207.36,295572,7,0
2025-10-16 00:00:00,4206.8,4330.62,4199.58,4326.63,304059,7,0
2025-10-17 00:00:00,4331.5,4379.56,4186.01,4251.8,382856,7,0
2025-10-20 00:00:00,4248.16,4381.66,4218.84,4356.34,311186,7,0
2025-10-21 00:00:00,4354.86,4375.36,4079.13,4126.42,368717,5,0
2025-10-22 00:00:00,4125.06,4161.41,4004.12,4099.65,374395,5,0
2025-10-23 00:00:00,4095.31,4154.68,4066.19,4125.06,319776,5,0
2025-10-24 00:00:00,4124.39,4144.36,4044.4,4112.28,302797,5,0
2025-10-27 00:00:00,4076.61,4109.14,3971.54,3981.69,327033,5,0
2025-10-28 00:00:00,3987.05,4019.73,3886.66,3951.34,307557,6,0
2025-10-29 00:00:00,3951.86,4030.4,3916.26,3929.67,319752,0,0
2025-10-30 00:00:00,3924.75,4027.13,3915.51,4025.94,348229,6,0
2025-10-31 00:00:00,4024.06,4046.3,3972.47,4001.68,338610,6,0
2025-11-03 00:00:00,3989.88,4030.54,3962.61,4000.31,308205,6,0
2025-11-04 00:00:00,4001.39,4005.62,3928.82,3931.95,312034,6,0
2025-11-05 00:00:00,3932.96,3990.49,3929.8,3978.57,272646,6,0
2025-11-06 00:00:00,3974.89,4019.58,3964.5,3977.25,269635,6,0
2025-11-07 00:00:00,3977.56,4027.47,3974.24,4000.4,235999,6,0
2025-11-10 00:00:00,3997.86,4116.63,3997.44,4115.66,260809,6,0
2025-11-11 00:00:00,4114.05,4149.05,4097.24,4127.41,248052,6,0
2025-11-12 00:00:00,4127.56,4211.72,4098.91,4194.39,298215,6,0
2025-11-13 00:00:00,4198.79,4245.16,4145.5,4172.88,326688,6,0
2025-11-14 00:00:00,4171.27,4211.39,4032.2,4084.59,329056,6,0
2025-11-17 00:00:00,4082.9,4106.84,4006.89,4045.5,300186,6,0
2025-11-18 00:00:00,4046.85,4082.18,3998.02,4066.75,294612,6,0
2025-11-19 00:00:00,4068.16,4132.81,4055.65,4078.03,300099,6,0
2025-11-20 00:00:00,4076.54,4110.13,4038.92,4077.51,330122,6,0
2025-11-21 00:00:00,4075.92,4101.15,4022.56,4064.96,339895,6,0
2025-11-24 00:00:00,4070.83,4140.04,4040.18,4135.32,272075,6,0
2025-11-25 00:00:00,4133.44,4159.5,4109.65,4129.68,282469,6,0
2025-11-26 00:00:00,4131.21,4173.48,4129.75,4164.02,245441,6,0
2025-11-27 00:00:00,4163.4,4168.81,4142.69,4157.46,175265,6,0
2025-11-28 00:00:00,4159.7,4227.06,4155.0,4219.13,192622,6,0
2025-12-01 00:00:00,4222.98,4264.58,4205.42,4232.51,483804,7,0
2025-12-02 00:00:00,4230.04,4236.08,4163.58,4205.86,406014,7,0
2025-12-03 00:00:00,4204.53,4241.57,4194.56,4204.42,414675,7,0
2025-12-04 00:00:00,4203.55,4219.49,4174.88,4208.45,419643,7,0
2025-12-05 00:00:00,4207.7,4259.35,4192.08,4199.08,376073,7,0
2025-12-08 00:00:00,4196.38,4218.96,4176.35,4189.58,364549,7,0
2025-12-09 00:00:00,4189.2,4221.54,4170.07,4208.13,395283,7,0
2025-12-10 00:00:00,4204.42,4238.71,4181.64,4226.89,414399,7,0
2025-12-11 00:00:00,4225.61,4285.94,4204.27,4279.76,410357,7,0
2025-12-12 00:00:00,4280.35,4353.5,4257.41,4300.14,463426,7,0
2025-12-15 00:00:00,4299.31,4350.35,4285.33,4305.87,417053,7,0
2025-12-16 00:00:00,4305.58,4335.69,4271.72,4302.13,422186,7,0
2025-12-17 00:00:00,4302.12,4349.26,4301.59,4338.9,423144,7,0
2025-12-18 00:00:00,4336.33,4374.64,4308.62,4332.57,407451,7,0
2025-12-19 00:00:00,4330.98,4356.62,4309.28,4338.8,348554,7,0
2025-12-22 00:00:00,4339.4,4449.28,4337.99,4443.77,330102,7,0
2025-12-23 00:00:00,4447.32,4500.07,4430.46,4485.46,381455,7,0
2025-12-24 00:00:00,4486.59,4525.91,4448.39,4478.68,355198,7,0
2025-12-26 00:00:00,4491.97,4549.83,4482.01,4531.08,313902,7,0
2025-12-29 00:00:00,4534.67,4550.03,4302.45,4331.07,386194,7,0
2025-12-30 00:00:00,4331.98,4404.23,4323.58,4336.8,340693,7,0
2025-12-31 00:00:00,4338.1,4373.18,4274.68,4311.57,289570,7,0
2026-01-02 00:00:00,4324.62,4402.4,4310.06,4332.95,273435,7,0
2026-01-05 00:00:00,4350.4,4455.75,4345.12,4448.72,325175,7,0
2026-01-06 00:00:00,4446.93,4497.45,4427.96,4494.33,285601,7,0
2026-01-07 00:00:00,4494.11,4500.47,4423.51,4455.09,304961,7,0
2026-01-08 00:00:00,4458.05,4479.61,4407.81,4476.76,308108,7,0
2026-01-09 00:00:00,4479.32,4517.26,4452.99,4509.48,283096,7,0
2026-01-12 00:00:00,4520.15,4630.18,4511.47,4595.37,339419,7,0
2026-01-13 00:00:00,4600.81,4634.52,4569.32,4586.91,316584,7,0
2026-01-14 00:00:00,4587.12,4642.9,4586.99,4625.88,335868,7,0
2026-01-15 00:00:00,4629.24,4632.65,4581.21,4615.4,339687,8,0
2026-01-16 00:00:00,4616.41,4620.94,4536.75,4595.85,376571,8,0
2026-01-19 00:00:00,4626.7,4690.52,4618.74,4670.39,271743,8,0
2026-01-20 00:00:00,4672.04,4766.25,4659.57,4762.82,416196,8,0
2026-01-21 00:00:00,4765.14,4888.41,4755.31,4829.93,492846,8,0
2026-01-22 00:00:00,4832.68,4940.81,4772.23,4939.29,413842,8,0
2026-01-23 00:00:00,4938.21,4989.83,4899.66,4988.03,392243,9,0
2026-01-26 00:00:00,5002.85,5110.88,4989.92,5008.13,571963,9,0
2026-01-27 00:00:00,5011.64,5190.52,5011.64,5178.68,536346,9,0
2026-01-28 00:00:00,5178.88,5415.79,5157.16,5414.84,625475,9,0
2026-01-29 00:00:00,5419.37,5597.41,5101.29,5376.86,537805,9,0
2026-01-30 00:00:00,5381.67,5450.95,4686.64,4885.72,544246,10,0
2026-02-02 00:00:00,4831.45,4885.04,4402.33,4656.11,641072,10,0
2026-02-03 00:00:00,4663.72,4993.88,4663.6,4943.58,560466,10,0
2026-02-04 00:00:00,4945.58,5092.03,4851.98,4965.11,474134,10,0
2026-02-05 00:00:00,4965.59,5023.72,4759.93,4776.38,559900,10,0
2026-02-06 00:00:00,4789.86,4971.47,4655.24,4966.57,349226,10,0
2026-02-09 00:00:00,4985.97,5086.6,4964.88,5062.32,327148,10,0
2026-02-10 00:00:00,5055.89,5078.67,4987.42,5022.78,306951,10,0
2026-02-11 00:00:00,5021.24,5119.22,5018.34,5082.03,312874,10,0
2026-02-12 00:00:00,5083.59,5100.25,4878.56,4922.31,317415,10,0
2026-02-13 00:00:00,4924.97,5046.11,4884.22,5043.32,327708,10,0
2026-02-16 00:00:00,5034.92,5035.43,4965.59,4993.31,180073,10,0
2026-02-17 00:00:00,4994.9,5000.66,4841.7,4877.26,286033,8,0
2026-02-18 00:00:00,4877.26,5011.02,4854.11,4976.98,230537,8,0
2026-02-19 00:00:00,4976.57,5022.31,4959.18,4995.51,225263,8,0
2026-02-20 00:00:00,4997.77,5108.29,4981.87,5107.9,259201,8,0
2026-02-23 00:00:00,5104.19,5238.01,5097.72,5229.44,278612,8,0
2026-02-24 00:00:00,5228.86,5249.73,5094.4,5144.9,298329,8,0
2026-02-25 00:00:00,5139.18,5217.63,5126.42,5169.11,270574,8,0
2026-02-26 00:00:00,5162.86,5205.59,5130.23,5185.89,296224,8,0
2026-02-27 00:00:00,5184.08,5281.09,5166.96,5280.18,286916,8,0
2026-03-02 00:00:00,5277.67,5419.08,5261.1,5324.03,381160,8,0
2026-03-03 00:00:00,5321.14,5379.93,4996.09,5090.59,424717,8,0
2026-03-04 00:00:00,5103.18,5206.14,5081.61,5140.81,378693,8,0
2026-03-05 00:00:00,5138.17,5195.07,5051.21,5084.0,369954,8,0
2026-03-06 00:00:00,5085.87,5174.84,5062.9,5174.53,337064,8,0
2026-03-09 00:00:00,5177.36,5198.04,5014.78,5136.98,372233,0,0
2026-03-10 00:00:00,5148.27,5238.57,5117.18,5193.42,320527,8,0
2026-03-11 00:00:00,5191.37,5223.15,5149.42,5177.59,300985,8,0
2026-03-12 00:00:00,5177.29,5191.75,5055.21,5077.56,309263,8,0
2026-03-13 00:00:00,5078.01,5128.52,5009.67,5018.54,321051,8,0
2026-03-16 00:00:00,4998.58,5038.11,4967.55,5007.42,343214,8,0
2026-03-17 00:00:00,5007.97,5044.49,4973.56,5002.23,260558,8,0
2026-03-18 00:00:00,5005.64,5016.3,4807.0,4817.76,302792,8,0
2026-03-19 00:00:00,4822.69,4866.88,4502.77,4656.24,426121,8,0
2026-03-20 00:00:00,4649.61,4735.69,4477.23,4498.09,384831,8,0
2026-03-23 00:00:00,4485.55,4536.2,4098.69,4405.69,515515,8,0
2026-03-24 00:00:00,4408.99,4484.27,4306.18,4475.47,483530,8,0
2026-03-25 00:00:00,4476.12,4602.47,4456.02,4505.75,365105,8,0
2026-03-26 00:00:00,4508.89,4544.22,4351.18,4380.77,425233,8,0
2026-03-27 00:00:00,4378.73,4555.9,4375.52,4495.42,366869,8,0
2026-03-30 00:00:00,4492.57,4581.14,4419.6,4510.02,373778,8,0
2026-03-31 00:00:00,4514.6,4687.66,4483.13,4667.72,375770,8,0
2026-04-01 00:00:00,4674.62,4793.45,4662.19,4757.37,338361,8,0
2026-04-02 00:00:00,4756.52,4800.79,4554.53,4674.03,398689,0,0
2026-04-06 00:00:00,4665.15,4707.18,4601.25,4652.31,320762,8,0
2026-04-07 00:00:00,4650.28,4719.21,4608.03,4711.91,381023,8,0
2026-04-08 00:00:00,4720.69,4858.04,4699.99,4720.61,387970,8,0
2026-04-09 00:00:00,4719.11,4801.61,4699.08,4767.15,328163,8,0
2026-04-10 00:00:00,4766.43,4795.6,4731.47,4749.6,309926,8,0
2026-04-13 00:00:00,4684.67,4750.57,4644.22,4741.44,342285,8,0
2026-04-14 00:00:00,4742.56,4846.85,4741.28,4842.36,370999,8,0
2026-04-15 00:00:00,4840.45,4871.87,4786.84,4790.93,389771,8,0
2026-04-16 00:00:00,4793.82,4838.85,4773.67,4790.07,347824,8,0
2026-04-17 00:00:00,4793.43,4889.98,4768.26,4832.75,307170,8,0
2026-04-20 00:00:00,4770.5,4827.99,4737.62,4821.61,314124,8,0
2026-04-21 00:00:00,4821.46,4833.45,4668.95,4718.56,347688,8,0
2026-04-22 00:00:00,4721.74,4772.64,4715.88,4739.85,287373,8,0
2026-04-23 00:00:00,4742.08,4753.75,4664.71,4692.96,361437,8,0
2026-04-24 00:00:00,4698.85,4740.58,4658.37,4707.82,332595,8,0
2026-04-27 00:00:00,4700.2,4730.33,4667.38,4679.19,282007,8,0
2026-04-28 00:00:00,4682.87,4701.5,4555.17,4595.78,318965,8,0
2026-04-29 00:00:00,4594.75,4610.63,4510.42,4543.45,336171,8,0
2026-04-30 00:00:00,4545.21,4647.21,4539.54,4621.77,316952,8,0
2026-05-01 00:00:00,4623.74,4660.48,4560.55,4615.81,260801,8,0
2026-05-04 00:00:00,4635.98,4635.98,4500.93,4522.08,305952,8,0
2026-05-05 00:00:00,4523.64,4586.77,4513.84,4556.96,253241,8,0
2026-05-06 00:00:00,4558.29,4723.15,4546.61,4691.9,296831,8,0
2026-05-07 00:00:00,4692.77,4765.15,4685.54,4688.89,327785,8,0
2026-05-08 00:00:00,4680.27,4749.85,4676.54,4715.76,281742,8,0
2026-05-11 00:00:00,4694.07,4748.8,4647.99,4735.07,272372,8,0
2026-05-12 00:00:00,4738.07,4773.67,4638.69,4714.62,300222,8,0
2026-05-13 00:00:00,4715.71,4727.21,4669.72,4689.04,282168,8,0
2026-05-14 00:00:00,4689.88,4718.9,4644.55,4651.44,289998,8,0
2026-05-15 00:00:00,4651.55,4665.4,4512.02,4539.02,369361,8,0
2026-05-18 00:00:00,4535.04,4584.38,4480.42,4565.33,361681,8,0
2026-05-19 00:00:00,4568.23,4589.45,4465.05,4484.08,312725,8,0
2026-05-20 00:00:00,4485.23,4552.81,4453.78,4543.24,320634,8,0
2026-05-21 00:00:00,4544.91,4570.69,4488.48,4542.02,328139,8,0
2026-05-22 00:00:00,4541.34,4545.81,4491.57,4508.06,280137,8,0
2026-05-25 00:00:00,4541.13,4579.81,4530.39,4570.78,195119,8,0
2026-05-26 00:00:00,4569.69,4580.08,4482.51,4506.0,264954,8,0
2026-05-27 00:00:00,4503.46,4527.61,4401.4,4455.44,258362,8,0
2026-05-28 00:00:00,4461.17,4516.4,4366.52,4495.44,284239,8,0
2026-05-29 00:00:00,4495.41,4595.12,4489.18,4540.81,265996,8,0
2026-06-01 00:00:00,4514.65,4545.95,4447.66,4483.51,241789,8,0
2026-06-02 00:00:00,4484.04,4541.4,4462.9,4487.91,231999,8,0
2026-06-03 00:00:00,4487.54,4496.58,4426.28,4433.55,263302,8,0
2026-06-04 00:00:00,4431.76,4515.25,4423.9,4474.85,301136,8,0
2026-06-05 00:00:00,4474.89,4481.19,4311.71,4327.46,340905,8,0
2026-06-08 00:00:00,4333.09,4353.13,4268.33,4329.82,377701,8,0
2026-06-09 00:00:00,4328.64,4363.52,4236.7,4260.11,331672,8,0
2026-06-10 00:00:00,4252.9,4257.36,4066.98,4069.84,397097,8,0
2026-06-11 00:00:00,4069.58,4219.81,4023.48,4210.7,427921,8,0
2026-06-12 00:00:00,4206.47,4246.21,4170.09,4218.27,363626,8,0
2026-06-15 00:00:00,4273.77,4369.29,4257.65,4307.69,289152,8,0
2026-06-16 00:00:00,4309.4,4354.79,4306.06,4331.1,265077,8,0
2026-06-17 00:00:00,4324.83,4382.04,4218.83,4257.62,284384,8,0
2026-06-18 00:00:00,4253.94,4329.73,4201.34,4208.52,331172,8,0
2026-06-19 00:00:00,4206.19,4212.68,4121.67,4155.42,228565,8,0
2026-06-22 00:00:00,4142.91,4220.57,4136.45,4192.09,310245,8,0
2026-06-23 00:00:00,4191.8,4198.36,4090.94,4109.28,331897,8,0
2026-06-24 00:00:00,4111.05,4115.1,3959.26,3998.46,387762,8,0
2026-06-25 00:00:00,3998.09,4044.1,3963.43,4026.07,349340,8,0
2026-06-26 00:00:00,4026.01,4096.05,3983.12,4087.42,328303,8,0
2026-06-29 00:00:00,4081.6,4086.27,4000.7,4016.72,305874,8,0
2026-06-30 00:00:00,4012.24,4063.4,3942.45,4007.26,299430,8,0
2026-07-01 00:00:00,4009.32,4115.76,3960.16,4030.37,298372,8,0
2026-07-02 00:00:00,4030.58,4143.95,4030.38,4122.38,315508,8,0
2026-07-03 00:00:00,4122.5,4195.45,4121.22,4174.87,191817,8,0
2026-07-06 00:00:00,4178.03,4202.91,4128.5,4164.01,257137,8,0
2026-07-07 00:00:00,4164.99,4180.39,4092.27,4105.0,289016,8,0
2026-07-08 00:00:00,4096.57,4134.0,4021.77,4077.67,357319,8,0
2026-07-09 00:00:00,4071.23,4138.12,4054.33,4123.53,261360,8,0
2026-07-10 00:00:00,4122.58,4134.81,4073.03,4119.63,221701,8,0
2026-07-13 00:00:00,4083.43,4102.65,3986.57,4001.11,330181,8,0
2026-07-14 00:00:00,4000.03,4102.75,3983.55,4052.71,302770,8,0
2026-07-15 00:00:00,4051.23,4081.16,4017.44,4060.37,297501,8,0
2026-07-16 00:00:00,4063.38,4066.25,3969.34,3974.92,307914,8,0
2026-07-17 00:00:00,3972.96,4023.88,3959.74,4018.27,316839,8,0
2026-07-20 00:00:00,4001.54,4040.76,3982.68,4007.82,284054,8,0
2026-07-21 00:00:00,4008.46,4086.6,3999.9,4077.45,257509,8,0
2026-07-22 00:00:00,4078.66,4166.02,4076.77,4130.04,270393,8,0
2026-07-23 00:00:00,4122.88,4141.13,4040.15,4048.77,293651,8,0
2026-07-24 00:00:00,4046.19,4082.03,4022.07,4052.8,231407,8,0
2026-07-27 00:00:00,4095.45,4116.21,4065.46,4076.78,262328,8,0
2026-07-28 00:00:00,4078.14,4081.63,4011.72,4028.9,270641,8,0
2026-07-29 00:00:00,4024.72,4116.35,3996.07,4066.94,304892,8,0
2026-07-30 00:00:00,4062.91,4120.25,4028.48,4102.81,352897,8,0
2026-07-31 00:00:00,4094.71,4111.78,4021.14,4043.77,269250,8,0
2026-08-03 00:00:00,4072.68,4079.12,4019.17,4054.85,263598,8,0
2026-08-04 00:00:00,4053.6,4106.17,4042.68,4077.68,235033,8,0
2026-08-05 00:00:00,4078.35,4267.71,4065.56,4244.74,286936,8,0
2026-08-06 00:00:00,4244.28,4304.09,4223.5,4239.89,294158,8,0
2026-08-07 00:00:00,4239.66,4371.91,4228.24,4341.25,298339,8,0
